{
"type": "FeatureCollection",
"name": "CCTV_RENCANA",
"crs": { "type": "name", "properties": { "name": "urn:ogc:def:crs:OGC:1.3:CRS84" } },
"features": [
{ "type": "Feature", "properties": { "OID_": 0, "Name": "Jl.Demak 1", "FolderPath": "Data CCTV Usulan + 50 Jalur + Rencana 2026.kmz/Rencana 2026/Surabaya Utara.kmz/Wilayah Surabaya Utara Hendy/Kecamatan Krembangan", "Jenis": "Rencana 2026", "SubJenis": "Surabaya Utara", "POINT_X": 112.72051227199999, "POINT_Y": -7.240492306, "POINT_Z": 0.0 }, "geometry": { "type": "Point", "coordinates": [ 112.720512272000065, -7.240492305999965, 0.0 ] } },
{ "type": "Feature", "properties": { "OID_": 0, "Name": "Jl.Demak 2", "FolderPath": "Data CCTV Usulan + 50 Jalur + Rencana 2026.kmz/Rencana 2026/Surabaya Utara.kmz/Wilayah Surabaya Utara Hendy/Kecamatan Krembangan", "Jenis": "Rencana 2026", "SubJenis": "Surabaya Utara", "POINT_X": 112.72054411400001, "POINT_Y": -7.235667224, "POINT_Z": 0.0 }, "geometry": { "type": "Point", "coordinates": [ 112.720544114000063, -7.23566722399994, 0.0 ] } },
{ "type": "Feature", "properties": { "OID_": 0, "Name": "Jl.Gresik 1", "FolderPath": "Data CCTV Usulan + 50 Jalur + Rencana 2026.kmz/Rencana 2026/Surabaya Utara.kmz/Wilayah Surabaya Utara Hendy/Kecamatan Krembangan", "Jenis": "Rencana 2026", "SubJenis": "Surabaya Utara", "POINT_X": 112.719254466, "POINT_Y": -7.232011256, "POINT_Z": 0.0 }, "geometry": { "type": "Point", "coordinates": [ 112.719254466000052, -7.232011255999964, 0.0 ] } },
{ "type": "Feature", "properties": { "OID_": 0, "Name": "Jl.Gresik - Tambak Asri", "FolderPath": "Data CCTV Usulan + 50 Jalur + Rencana 2026.kmz/Rencana 2026/Surabaya Utara.kmz/Wilayah Surabaya Utara Hendy/Kecamatan Krembangan", "Jenis": "Rencana 2026", "SubJenis": "Surabaya Utara", "POINT_X": 112.712164745, "POINT_Y": -7.230431751, "POINT_Z": 0.0 }, "geometry": { "type": "Point", "coordinates": [ 112.712164745000109, -7.230431750999969, 0.0 ] } },
{ "type": "Feature", "properties": { "OID_": 0, "Name": "Jl.Gresik 5", "FolderPath": "Data CCTV Usulan + 50 Jalur + Rencana 2026.kmz/Rencana 2026/Surabaya Utara.kmz/Wilayah Surabaya Utara Hendy/Kecamatan Krembangan", "Jenis": "Rencana 2026", "SubJenis": "Surabaya Utara", "POINT_X": 112.72277926300001, "POINT_Y": -7.232720762, "POINT_Z": 0.0 }, "geometry": { "type": "Point", "coordinates": [ 112.722779263, -7.232720761999929, 0.0 ] } },
{ "type": "Feature", "properties": { "OID_": 0, "Name": "Persimpangan Jl.Gresik - Ikan Dorang", "FolderPath": "Data CCTV Usulan + 50 Jalur + Rencana 2026.kmz/Rencana 2026/Surabaya Utara.kmz/Wilayah Surabaya Utara Hendy/Kecamatan Krembangan", "Jenis": "Rencana 2026", "SubJenis": "Surabaya Utara", "POINT_X": 112.726441115, "POINT_Y": -7.233271223, "POINT_Z": 0.0 }, "geometry": { "type": "Point", "coordinates": [ 112.726441115000057, -7.233271222999974, 0.0 ] } },
{ "type": "Feature", "properties": { "OID_": 0, "Name": "Pertigaan Jl.Ikan Kakap - Tj.Perak", "FolderPath": "Data CCTV Usulan + 50 Jalur + Rencana 2026.kmz/Rencana 2026/Surabaya Utara.kmz/Wilayah Surabaya Utara Hendy/Kecamatan Krembangan", "Jenis": "Rencana 2026", "SubJenis": "Surabaya Utara", "POINT_X": 112.728116789, "POINT_Y": -7.23193213, "POINT_Z": 0.0 }, "geometry": { "type": "Point", "coordinates": [ 112.728116789000069, -7.231932129999961, 0.0 ] } },
{ "type": "Feature", "properties": { "OID_": 0, "Name": "Jl.Tj Perak Putar Balik 1", "FolderPath": "Data CCTV Usulan + 50 Jalur + Rencana 2026.kmz/Rencana 2026/Surabaya Utara.kmz/Wilayah Surabaya Utara Hendy/Kecamatan Krembangan", "Jenis": "Rencana 2026", "SubJenis": "Surabaya Utara", "POINT_X": 112.729382867, "POINT_Y": -7.229754484, "POINT_Z": 0.0 }, "geometry": { "type": "Point", "coordinates": [ 112.729382867000027, -7.229754483999955, 0.0 ] } },
{ "type": "Feature", "properties": { "OID_": 0, "Name": "Jl. Laksda Moh. Nazir 1", "FolderPath": "Data CCTV Usulan + 50 Jalur + Rencana 2026.kmz/Rencana 2026/Surabaya Utara.kmz/Wilayah Surabaya Utara Hendy/Kecamatan Krembangan", "Jenis": "Rencana 2026", "SubJenis": "Surabaya Utara", "POINT_X": 112.730516948, "POINT_Y": -7.220482328, "POINT_Z": 0.0 }, "geometry": { "type": "Point", "coordinates": [ 112.730516948000059, -7.220482327999946, 0.0 ] } },
{ "type": "Feature", "properties": { "OID_": 0, "Name": "Jl.Laksda Moh. Nazir 2", "FolderPath": "Data CCTV Usulan + 50 Jalur + Rencana 2026.kmz/Rencana 2026/Surabaya Utara.kmz/Wilayah Surabaya Utara Hendy/Kecamatan Krembangan", "Jenis": "Rencana 2026", "SubJenis": "Surabaya Utara", "POINT_X": 112.72918955, "POINT_Y": -7.218953285, "POINT_Z": 0.0 }, "geometry": { "type": "Point", "coordinates": [ 112.729189550000115, -7.218953284999941, 0.0 ] } },
{ "type": "Feature", "properties": { "OID_": 0, "Name": "Jl.Tanjung Perak 2 PB", "FolderPath": "Data CCTV Usulan + 50 Jalur + Rencana 2026.kmz/Rencana 2026/Surabaya Utara.kmz/Wilayah Surabaya Utara Hendy/Kecamatan Pabean Cantikan", "Jenis": "Rencana 2026", "SubJenis": "Surabaya Utara", "POINT_X": 112.733052113, "POINT_Y": -7.215216602, "POINT_Z": 0.0 }, "geometry": { "type": "Point", "coordinates": [ 112.733052113000099, -7.215216601999941, 0.0 ] } },
{ "type": "Feature", "properties": { "OID_": 0, "Name": "Jl.Tanjung Perak 3 PB", "FolderPath": "Data CCTV Usulan + 50 Jalur + Rencana 2026.kmz/Rencana 2026/Surabaya Utara.kmz/Wilayah Surabaya Utara Hendy/Kecamatan Pabean Cantikan", "Jenis": "Rencana 2026", "SubJenis": "Surabaya Utara", "POINT_X": 112.733363217, "POINT_Y": -7.201540434, "POINT_Z": 0.0 }, "geometry": { "type": "Point", "coordinates": [ 112.733363217000033, -7.20154043399998, 0.0 ] } },
{ "type": "Feature", "properties": { "OID_": 0, "Name": "Jl.Tj Perak - Prapat Kurung Selatan", "FolderPath": "Data CCTV Usulan + 50 Jalur + Rencana 2026.kmz/Rencana 2026/Surabaya Utara.kmz/Wilayah Surabaya Utara Hendy/Kecamatan Pabean Cantikan", "Jenis": "Rencana 2026", "SubJenis": "Surabaya Utara", "POINT_X": 112.73433997, "POINT_Y": -7.209075908, "POINT_Z": 0.0 }, "geometry": { "type": "Point", "coordinates": [ 112.734339970000065, -7.209075907999932, 0.0 ] } },
{ "type": "Feature", "properties": { "OID_": 0, "Name": "Jl.Tanjung Perak - Prapat Kurung Utara", "FolderPath": "Data CCTV Usulan + 50 Jalur + Rencana 2026.kmz/Rencana 2026/Surabaya Utara.kmz/Wilayah Surabaya Utara Hendy/Kecamatan Pabean Cantikan", "Jenis": "Rencana 2026", "SubJenis": "Surabaya Utara", "POINT_X": 112.734191407, "POINT_Y": -7.208765905, "POINT_Z": 0.0 }, "geometry": { "type": "Point", "coordinates": [ 112.734191407000026, -7.20876590499995, 0.0 ] } },
{ "type": "Feature", "properties": { "OID_": 0, "Name": "Jl.Tanjung Perak 4 PB", "FolderPath": "Data CCTV Usulan + 50 Jalur + Rencana 2026.kmz/Rencana 2026/Surabaya Utara.kmz/Wilayah Surabaya Utara Hendy/Kecamatan Pabean Cantikan", "Jenis": "Rencana 2026", "SubJenis": "Surabaya Utara", "POINT_X": 112.733415063, "POINT_Y": -7.203653828, "POINT_Z": 0.0 }, "geometry": { "type": "Point", "coordinates": [ 112.733415063000052, -7.203653827999972, 0.0 ] } },
{ "type": "Feature", "properties": { "OID_": 0, "Name": "Jl.Stasiun Kota", "FolderPath": "Data CCTV Usulan + 50 Jalur + Rencana 2026.kmz/Rencana 2026/Surabaya Utara.kmz/Wilayah Surabaya Utara Hendy/Kecamatan Pabean Cantikan", "Jenis": "Rencana 2026", "SubJenis": "Surabaya Utara", "POINT_X": 112.740255668, "POINT_Y": -7.242373698, "POINT_Z": 0.0 }, "geometry": { "type": "Point", "coordinates": [ 112.740255668000032, -7.242373697999938, 0.0 ] } },
{ "type": "Feature", "properties": { "OID_": 0, "Name": "Jl.Stasiun Kota - Siaga 1", "FolderPath": "Data CCTV Usulan + 50 Jalur + Rencana 2026.kmz/Rencana 2026/Surabaya Utara.kmz/Wilayah Surabaya Utara Hendy/Kecamatan Pabean Cantikan", "Jenis": "Rencana 2026", "SubJenis": "Surabaya Utara", "POINT_X": 112.74236144, "POINT_Y": -7.242461057, "POINT_Z": 0.0 }, "geometry": { "type": "Point", "coordinates": [ 112.742361440000082, -7.242461056999957, 0.0 ] } },
{ "type": "Feature", "properties": { "OID_": 0, "Name": "Jl.Stasiun Kota - Siaga 2", "FolderPath": "Data CCTV Usulan + 50 Jalur + Rencana 2026.kmz/Rencana 2026/Surabaya Utara.kmz/Wilayah Surabaya Utara Hendy/Kecamatan Pabean Cantikan", "Jenis": "Rencana 2026", "SubJenis": "Surabaya Utara", "POINT_X": 112.742741094, "POINT_Y": -7.242640918, "POINT_Z": 0.0 }, "geometry": { "type": "Point", "coordinates": [ 112.742741094000053, -7.24264091799995, 0.0 ] } },
{ "type": "Feature", "properties": { "OID_": 0, "Name": "Jl.Waspada", "FolderPath": "Data CCTV Usulan + 50 Jalur + Rencana 2026.kmz/Rencana 2026/Surabaya Utara.kmz/Wilayah Surabaya Utara Hendy/Kecamatan Pabean Cantikan", "Jenis": "Rencana 2026", "SubJenis": "Surabaya Utara", "POINT_X": 112.74336097699999, "POINT_Y": -7.24086196, "POINT_Z": 0.0 }, "geometry": { "type": "Point", "coordinates": [ 112.743360977000066, -7.240861959999961, 0.0 ] } },
{ "type": "Feature", "properties": { "OID_": 0, "Name": "Jl.Pegirian PB", "FolderPath": "Data CCTV Usulan + 50 Jalur + Rencana 2026.kmz/Rencana 2026/Surabaya Utara.kmz/Wilayah Surabaya Utara Hendy/Kecamatan Semampir", "Jenis": "Rencana 2026", "SubJenis": "Surabaya Utara", "POINT_X": 112.743924424, "POINT_Y": -7.232477085, "POINT_Z": 0.0 }, "geometry": { "type": "Point", "coordinates": [ 112.743924424000056, -7.232477084999971, 0.0 ] } },
{ "type": "Feature", "properties": { "OID_": 0, "Name": "Jl.KH Mas MAnsyur -Pegirian", "FolderPath": "Data CCTV Usulan + 50 Jalur + Rencana 2026.kmz/Rencana 2026/Surabaya Utara.kmz/Wilayah Surabaya Utara Hendy/Kecamatan Semampir", "Jenis": "Rencana 2026", "SubJenis": "Surabaya Utara", "POINT_X": 112.742605251, "POINT_Y": -7.234069695, "POINT_Z": 0.0 }, "geometry": { "type": "Point", "coordinates": [ 112.7426052510001, -7.23406969499996, 0.0 ] } },
{ "type": "Feature", "properties": { "OID_": 0, "Name": "Jl.Pegirian - Kertopaten", "FolderPath": "Data CCTV Usulan + 50 Jalur + Rencana 2026.kmz/Rencana 2026/Surabaya Utara.kmz/Wilayah Surabaya Utara Hendy/Kecamatan Semampir", "Jenis": "Rencana 2026", "SubJenis": "Surabaya Utara", "POINT_X": 112.743186947, "POINT_Y": -7.234381965, "POINT_Z": 0.0 }, "geometry": { "type": "Point", "coordinates": [ 112.743186947000027, -7.234381964999955, 0.0 ] } },
{ "type": "Feature", "properties": { "OID_": 0, "Name": "JL.Nyamplungan 1 PB", "FolderPath": "Data CCTV Usulan + 50 Jalur + Rencana 2026.kmz/Rencana 2026/Surabaya Utara.kmz/Wilayah Surabaya Utara Hendy/Kecamatan Semampir", "Jenis": "Rencana 2026", "SubJenis": "Surabaya Utara", "POINT_X": 112.745565504, "POINT_Y": -7.227781571, "POINT_Z": 0.0 }, "geometry": { "type": "Point", "coordinates": [ 112.745565504000069, -7.22778157099998, 0.0 ] } },
{ "type": "Feature", "properties": { "OID_": 0, "Name": "Jl.Sidorame", "FolderPath": "Data CCTV Usulan + 50 Jalur + Rencana 2026.kmz/Rencana 2026/Surabaya Utara.kmz/Wilayah Surabaya Utara Hendy/Kecamatan Semampir", "Jenis": "Rencana 2026", "SubJenis": "Surabaya Utara", "POINT_X": 112.754357834, "POINT_Y": -7.234182431, "POINT_Z": 0.0 }, "geometry": { "type": "Point", "coordinates": [ 112.754357834000075, -7.234182430999965, 0.0 ] } },
{ "type": "Feature", "properties": { "OID_": 0, "Name": "Perempatan Jl.Kenjeran", "FolderPath": "Data CCTV Usulan + 50 Jalur + Rencana 2026.kmz/Rencana 2026/Surabaya Utara.kmz/Wilayah Surabaya Utara Hendy/Kecamatan Kenjeran", "Jenis": "Rencana 2026", "SubJenis": "Surabaya Utara", "POINT_X": 112.76924006500001, "POINT_Y": -7.245232108, "POINT_Z": 0.0 }, "geometry": { "type": "Point", "coordinates": [ 112.769240065000076, -7.245232107999925, 0.0 ] } },
{ "type": "Feature", "properties": { "OID_": 0, "Name": "Jl.Kedung Cowek", "FolderPath": "Data CCTV Usulan + 50 Jalur + Rencana 2026.kmz/Rencana 2026/Surabaya Utara.kmz/Wilayah Surabaya Utara Hendy/Kecamatan Kenjeran", "Jenis": "Rencana 2026", "SubJenis": "Surabaya Utara", "POINT_X": 112.777653847, "POINT_Y": -7.216662543, "POINT_Z": 0.0 }, "geometry": { "type": "Point", "coordinates": [ 112.777653847000011, -7.216662542999927, 0.0 ] } },
{ "type": "Feature", "properties": { "OID_": 0, "Name": "Jl.Kenjeran - Sidotopo Wetan", "FolderPath": "Data CCTV Usulan + 50 Jalur + Rencana 2026.kmz/Rencana 2026/Surabaya Utara.kmz/Wilayah Surabaya Utara Hendy/Kecamatan Kenjeran", "Jenis": "Rencana 2026", "SubJenis": "Surabaya Utara", "POINT_X": 112.757609096, "POINT_Y": -7.242036195, "POINT_Z": 0.0 }, "geometry": { "type": "Point", "coordinates": [ 112.75760909600001, -7.242036194999969, 0.0 ] } },
{ "type": "Feature", "properties": { "OID_": 0, "Name": "Jl.Kenjeran PB 4", "FolderPath": "Data CCTV Usulan + 50 Jalur + Rencana 2026.kmz/Rencana 2026/Surabaya Utara.kmz/Wilayah Surabaya Utara Hendy/Kecamatan Kenjeran", "Jenis": "Rencana 2026", "SubJenis": "Surabaya Utara", "POINT_X": 112.754715891, "POINT_Y": -7.241402117, "POINT_Z": 0.0 }, "geometry": { "type": "Point", "coordinates": [ 112.754715891000046, -7.24140211699995, 0.0 ] } },
{ "type": "Feature", "properties": { "OID_": 0, "Name": "Jl.Kenjeran PB 3", "FolderPath": "Data CCTV Usulan + 50 Jalur + Rencana 2026.kmz/Rencana 2026/Surabaya Utara.kmz/Wilayah Surabaya Utara Hendy/Kecamatan Kenjeran", "Jenis": "Rencana 2026", "SubJenis": "Surabaya Utara", "POINT_X": 112.76507014400001, "POINT_Y": -7.244122816, "POINT_Z": 0.0 }, "geometry": { "type": "Point", "coordinates": [ 112.765070144000106, -7.244122815999958, 0.0 ] } },
{ "type": "Feature", "properties": { "OID_": 0, "Name": "Jl.Kedung Cowek 2 PB", "FolderPath": "Data CCTV Usulan + 50 Jalur + Rencana 2026.kmz/Rencana 2026/Surabaya Utara.kmz/Wilayah Surabaya Utara Hendy/Kecamatan Kenjeran", "Jenis": "Rencana 2026", "SubJenis": "Surabaya Utara", "POINT_X": 112.773803739, "POINT_Y": -7.229986005, "POINT_Z": 0.0 }, "geometry": { "type": "Point", "coordinates": [ 112.773803739000073, -7.229986004999944, 0.0 ] } },
{ "type": "Feature", "properties": { "OID_": 0, "Name": "Jl.Kedung Cowek 1 PB", "FolderPath": "Data CCTV Usulan + 50 Jalur + Rencana 2026.kmz/Rencana 2026/Surabaya Utara.kmz/Wilayah Surabaya Utara Hendy/Kecamatan Kenjeran", "Jenis": "Rencana 2026", "SubJenis": "Surabaya Utara", "POINT_X": 112.770018041, "POINT_Y": -7.239393561, "POINT_Z": 0.0 }, "geometry": { "type": "Point", "coordinates": [ 112.770018041000071, -7.239393560999929, 0.0 ] } },
{ "type": "Feature", "properties": { "OID_": 0, "Name": "Perempatan Jl. Sidotopo - Kenjeran", "FolderPath": "Data CCTV Usulan + 50 Jalur + Rencana 2026.kmz/Rencana 2026/Surabaya Utara.kmz/Wilayah Surabaya Utara Hendy/Kecamatan Bulak", "Jenis": "Rencana 2026", "SubJenis": "Surabaya Utara", "POINT_X": 112.7530399, "POINT_Y": -7.240920303, "POINT_Z": 0.0 }, "geometry": { "type": "Point", "coordinates": [ 112.75303990000009, -7.240920302999939, 0.0 ] } },
{ "type": "Feature", "properties": { "OID_": 0, "Name": "Jl.Kedung Cowek 3 PB", "FolderPath": "Data CCTV Usulan + 50 Jalur + Rencana 2026.kmz/Rencana 2026/Surabaya Utara.kmz/Wilayah Surabaya Utara Hendy/Kecamatan Bulak", "Jenis": "Rencana 2026", "SubJenis": "Surabaya Utara", "POINT_X": 112.77733218, "POINT_Y": -7.220018334, "POINT_Z": 0.0 }, "geometry": { "type": "Point", "coordinates": [ 112.77733218000003, -7.220018333999974, 0.0 ] } },
{ "type": "Feature", "properties": { "OID_": 0, "Name": "Jl.Kenjeran 1", "FolderPath": "Data CCTV Usulan + 50 Jalur + Rencana 2026.kmz/Rencana 2026/Surabaya Utara.kmz/Wilayah Surabaya Utara Hendy/Kecamatan Bulak", "Jenis": "Rencana 2026", "SubJenis": "Surabaya Utara", "POINT_X": 112.792635628, "POINT_Y": -7.251922426, "POINT_Z": 0.0 }, "geometry": { "type": "Point", "coordinates": [ 112.792635628000085, -7.251922425999965, 0.0 ] } },
{ "type": "Feature", "properties": { "OID_": 0, "Name": "Jl.Kenjeran 1 PB Bulak", "FolderPath": "Data CCTV Usulan + 50 Jalur + Rencana 2026.kmz/Rencana 2026/Surabaya Utara.kmz/Wilayah Surabaya Utara Hendy/Kecamatan Bulak", "Jenis": "Rencana 2026", "SubJenis": "Surabaya Utara", "POINT_X": 112.79133240100001, "POINT_Y": -7.251684736, "POINT_Z": 0.0 }, "geometry": { "type": "Point", "coordinates": [ 112.791332401000091, -7.251684735999959, 0.0 ] } },
{ "type": "Feature", "properties": { "OID_": 0, "Name": "Jl. Abdul Latif", "FolderPath": "Data CCTV Usulan + 50 Jalur + Rencana 2026.kmz/Rencana 2026/Surabaya Utara.kmz/Wilayah Surabaya Utara Hendy/Kecamatan Bulak", "Jenis": "Rencana 2026", "SubJenis": "Surabaya Utara", "POINT_X": 112.795160321, "POINT_Y": -7.241023954, "POINT_Z": 0.0 }, "geometry": { "type": "Point", "coordinates": [ 112.795160321000026, -7.241023953999957, 0.0 ] } },
{ "type": "Feature", "properties": { "OID_": 0, "Name": "Depan THP Kenjeran", "FolderPath": "Data CCTV Usulan + 50 Jalur + Rencana 2026.kmz/Rencana 2026/Surabaya Utara.kmz/Wilayah Surabaya Utara Hendy/Kecamatan Bulak", "Jenis": "Rencana 2026", "SubJenis": "Surabaya Utara", "POINT_X": 112.795210293, "POINT_Y": -7.238234561, "POINT_Z": 0.0 }, "geometry": { "type": "Point", "coordinates": [ 112.795210293000082, -7.238234560999956, 0.0 ] } },
{ "type": "Feature", "properties": { "OID_": 0, "Name": "Jl.Nambangan - Cumpat", "FolderPath": "Data CCTV Usulan + 50 Jalur + Rencana 2026.kmz/Rencana 2026/Surabaya Utara.kmz/Wilayah Surabaya Utara Hendy", "Jenis": "Rencana 2026", "SubJenis": "Surabaya Utara", "POINT_X": 112.787345618, "POINT_Y": -7.222538317, "POINT_Z": 0.0 }, "geometry": { "type": "Point", "coordinates": [ 112.787345618000018, -7.22253831699993, 0.0 ] } },
{ "type": "Feature", "properties": { "OID_": 0, "Name": "Jl.Pantai Kenjeran Depan PA.Bulak", "FolderPath": "Data CCTV Usulan + 50 Jalur + Rencana 2026.kmz/Rencana 2026/Surabaya Utara.kmz/Wilayah Surabaya Utara Hendy", "Jenis": "Rencana 2026", "SubJenis": "Surabaya Utara", "POINT_X": 112.78917126100001, "POINT_Y": -7.226267896, "POINT_Z": 0.0 }, "geometry": { "type": "Point", "coordinates": [ 112.789171261000092, -7.226267895999968, 0.0 ] } },
{ "type": "Feature", "properties": { "OID_": 0, "Name": "Jl.Pantai Kenjeran 6", "FolderPath": "Data CCTV Usulan + 50 Jalur + Rencana 2026.kmz/Rencana 2026/Surabaya Utara.kmz/Wilayah Surabaya Utara Hendy", "Jenis": "Rencana 2026", "SubJenis": "Surabaya Utara", "POINT_X": 112.792674975, "POINT_Y": -7.230544386, "POINT_Z": 0.0 }, "geometry": { "type": "Point", "coordinates": [ 112.792674975000068, -7.230544385999963, 0.0 ] } },
{ "type": "Feature", "properties": { "OID_": 0, "Name": "Jl.Kenjeran PB 2", "FolderPath": "Data CCTV Usulan + 50 Jalur + Rencana 2026.kmz/Rencana 2026/Surabaya Utara.kmz/Wilayah Surabaya Utara Hendy", "Jenis": "Rencana 2026", "SubJenis": "Surabaya Utara", "POINT_X": 112.778165104, "POINT_Y": -7.248099372, "POINT_Z": 0.0 }, "geometry": { "type": "Point", "coordinates": [ 112.778165104000095, -7.248099371999956, 0.0 ] } },
{ "type": "Feature", "properties": { "OID_": 0, "Name": "Jl.Gresik- Tanjung Sadari", "FolderPath": "Data CCTV Usulan + 50 Jalur + Rencana 2026.kmz/Rencana 2026/Surabaya Utara.kmz/Wilayah Surabaya Utara Hendy", "Jenis": "Rencana 2026", "SubJenis": "Surabaya Utara", "POINT_X": 112.72220999300001, "POINT_Y": -7.232475085, "POINT_Z": 0.0 }, "geometry": { "type": "Point", "coordinates": [ 112.722209993000092, -7.232475084999976, 0.0 ] } },
{ "type": "Feature", "properties": { "OID_": 0, "Name": "Perempatan Jl.Gresik 1", "FolderPath": "Data CCTV Usulan + 50 Jalur + Rencana 2026.kmz/Rencana 2026/Surabaya Utara.kmz/Wilayah Surabaya Utara Hendy", "Jenis": "Rencana 2026", "SubJenis": "Surabaya Utara", "POINT_X": 112.721463298, "POINT_Y": -7.232555608, "POINT_Z": 0.0 }, "geometry": { "type": "Point", "coordinates": [ 112.721463298000117, -7.232555607999927, 0.0 ] } },
{ "type": "Feature", "properties": { "OID_": 0, "Name": "Jl.Gresik 4", "FolderPath": "Data CCTV Usulan + 50 Jalur + Rencana 2026.kmz/Rencana 2026/Surabaya Utara.kmz/Wilayah Surabaya Utara Hendy", "Jenis": "Rencana 2026", "SubJenis": "Surabaya Utara", "POINT_X": 112.71723541, "POINT_Y": -7.231457589, "POINT_Z": 0.0 }, "geometry": { "type": "Point", "coordinates": [ 112.717235410000058, -7.231457588999945, 0.0 ] } },
{ "type": "Feature", "properties": { "OID_": 0, "Name": "Jl.Ikan Dorang", "FolderPath": "Data CCTV Usulan + 50 Jalur + Rencana 2026.kmz/Rencana 2026/Surabaya Utara.kmz/Wilayah Surabaya Utara Hendy", "Jenis": "Rencana 2026", "SubJenis": "Surabaya Utara", "POINT_X": 112.726311893, "POINT_Y": -7.23111016, "POINT_Z": 0.0 }, "geometry": { "type": "Point", "coordinates": [ 112.726311893000116, -7.231110159999957, 0.0 ] } },
{ "type": "Feature", "properties": { "OID_": 0, "Name": "Jl.Gresik - Jepara", "FolderPath": "Data CCTV Usulan + 50 Jalur + Rencana 2026.kmz/Rencana 2026/Surabaya Utara.kmz/Wilayah Surabaya Utara Hendy", "Jenis": "Rencana 2026", "SubJenis": "Surabaya Utara", "POINT_X": 112.726492347, "POINT_Y": -7.233268676, "POINT_Z": 0.0 }, "geometry": { "type": "Point", "coordinates": [ 112.726492347000089, -7.233268675999966, 0.0 ] } },
{ "type": "Feature", "properties": { "OID_": 0, "Name": "Perematan Jl.Gresik 2", "FolderPath": "Data CCTV Usulan + 50 Jalur + Rencana 2026.kmz/Rencana 2026/Surabaya Utara.kmz/Wilayah Surabaya Utara Hendy", "Jenis": "Rencana 2026", "SubJenis": "Surabaya Utara", "POINT_X": 112.72145303800001, "POINT_Y": -7.232326739, "POINT_Z": 0.0 }, "geometry": { "type": "Point", "coordinates": [ 112.72145303800005, -7.232326738999973, 0.0 ] } },
{ "type": "Feature", "properties": { "OID_": 0, "Name": "Jl. Gresik Gadukan 1", "FolderPath": "Data CCTV Usulan + 50 Jalur + Rencana 2026.kmz/Rencana 2026/Surabaya Utara.kmz/Wilayah Surabaya Utara Hendy", "Jenis": "Rencana 2026", "SubJenis": "Surabaya Utara", "POINT_X": 112.713855338, "POINT_Y": -7.230763147, "POINT_Z": 0.0 }, "geometry": { "type": "Point", "coordinates": [ 112.71385533800003, -7.230763146999948, 0.0 ] } },
{ "type": "Feature", "properties": { "OID_": 0, "Name": "Jl.Gresik Gadukan 2", "FolderPath": "Data CCTV Usulan + 50 Jalur + Rencana 2026.kmz/Rencana 2026/Surabaya Utara.kmz/Wilayah Surabaya Utara Hendy", "Jenis": "Rencana 2026", "SubJenis": "Surabaya Utara", "POINT_X": 112.71360535399999, "POINT_Y": -7.230833472, "POINT_Z": 0.0 }, "geometry": { "type": "Point", "coordinates": [ 112.713605354000038, -7.230833471999972, 0.0 ] } },
{ "type": "Feature", "properties": { "OID_": 0, "Name": "Jl.Gresik - Kecamatan Krembangan", "FolderPath": "Data CCTV Usulan + 50 Jalur + Rencana 2026.kmz/Rencana 2026/Surabaya Utara.kmz/Wilayah Surabaya Utara Hendy", "Jenis": "Rencana 2026", "SubJenis": "Surabaya Utara", "POINT_X": 112.72412327799999, "POINT_Y": -7.232884052, "POINT_Z": 0.0 }, "geometry": { "type": "Point", "coordinates": [ 112.724123278000093, -7.232884051999974, 0.0 ] } },
{ "type": "Feature", "properties": { "OID_": 0, "Name": "Jl.TJ Perak - Gresik", "FolderPath": "Data CCTV Usulan + 50 Jalur + Rencana 2026.kmz/Rencana 2026/Surabaya Utara.kmz/Wilayah Surabaya Utara Hendy", "Jenis": "Rencana 2026", "SubJenis": "Surabaya Utara", "POINT_X": 112.728306532, "POINT_Y": -7.232352072, "POINT_Z": 0.0 }, "geometry": { "type": "Point", "coordinates": [ 112.728306532000033, -7.232352071999969, 0.0 ] } },
{ "type": "Feature", "properties": { "OID_": 0, "Name": "Jl.Gresik - Rajawali", "FolderPath": "Data CCTV Usulan + 50 Jalur + Rencana 2026.kmz/Rencana 2026/Surabaya Utara.kmz/Wilayah Surabaya Utara Hendy", "Jenis": "Rencana 2026", "SubJenis": "Surabaya Utara", "POINT_X": 112.727697526, "POINT_Y": -7.232804249, "POINT_Z": 0.0 }, "geometry": { "type": "Point", "coordinates": [ 112.727697526000043, -7.232804248999969, 0.0 ] } },
{ "type": "Feature", "properties": { "OID_": 0, "Name": "Jl.Rajawali", "FolderPath": "Data CCTV Usulan + 50 Jalur + Rencana 2026.kmz/Rencana 2026/Surabaya Utara.kmz/Wilayah Surabaya Utara Hendy", "Jenis": "Rencana 2026", "SubJenis": "Surabaya Utara", "POINT_X": 112.729686106, "POINT_Y": -7.233340517, "POINT_Z": 0.0 }, "geometry": { "type": "Point", "coordinates": [ 112.729686106000031, -7.233340516999931, 0.0 ] } },
{ "type": "Feature", "properties": { "OID_": 0, "Name": "Jl.Perak Timur 1", "FolderPath": "Data CCTV Usulan + 50 Jalur + Rencana 2026.kmz/Rencana 2026/Surabaya Utara.kmz/Wilayah Surabaya Utara Hendy", "Jenis": "Rencana 2026", "SubJenis": "Surabaya Utara", "POINT_X": 112.729658911, "POINT_Y": -7.23003814, "POINT_Z": 0.0 }, "geometry": { "type": "Point", "coordinates": [ 112.729658911000115, -7.230038139999976, 0.0 ] } },
{ "type": "Feature", "properties": { "OID_": 0, "Name": "Jl. Perak Timur 2", "FolderPath": "Data CCTV Usulan + 50 Jalur + Rencana 2026.kmz/Rencana 2026/Surabaya Utara.kmz/Wilayah Surabaya Utara Hendy", "Jenis": "Rencana 2026", "SubJenis": "Surabaya Utara", "POINT_X": 112.73133358699999, "POINT_Y": -7.226504243, "POINT_Z": 0.0 }, "geometry": { "type": "Point", "coordinates": [ 112.731333587000108, -7.226504242999965, 0.0 ] } },
{ "type": "Feature", "properties": { "OID_": 0, "Name": "Jl.Perak Barat 1", "FolderPath": "Data CCTV Usulan + 50 Jalur + Rencana 2026.kmz/Rencana 2026/Surabaya Utara.kmz/Wilayah Surabaya Utara Hendy", "Jenis": "Rencana 2026", "SubJenis": "Surabaya Utara", "POINT_X": 112.731224705, "POINT_Y": -7.225766457, "POINT_Z": 0.0 }, "geometry": { "type": "Point", "coordinates": [ 112.731224705000045, -7.225766456999963, 0.0 ] } },
{ "type": "Feature", "properties": { "OID_": 0, "Name": "Jl.Perak Timur 3", "FolderPath": "Data CCTV Usulan + 50 Jalur + Rencana 2026.kmz/Rencana 2026/Surabaya Utara.kmz/Wilayah Surabaya Utara Hendy", "Jenis": "Rencana 2026", "SubJenis": "Surabaya Utara", "POINT_X": 112.733197492, "POINT_Y": -7.216589576, "POINT_Z": 0.0 }, "geometry": { "type": "Point", "coordinates": [ 112.733197492000045, -7.216589575999933, 0.0 ] } },
{ "type": "Feature", "properties": { "OID_": 0, "Name": "Jl.Tj Perak - Teluk Kumai Timur", "FolderPath": "Data CCTV Usulan + 50 Jalur + Rencana 2026.kmz/Rencana 2026/Surabaya Utara.kmz/Wilayah Surabaya Utara Hendy", "Jenis": "Rencana 2026", "SubJenis": "Surabaya Utara", "POINT_X": 112.73395743099999, "POINT_Y": -7.212275903, "POINT_Z": 0.0 }, "geometry": { "type": "Point", "coordinates": [ 112.733957431000022, -7.212275902999977, 0.0 ] } },
{ "type": "Feature", "properties": { "OID_": 0, "Name": "Jl.Perak Barat 2", "FolderPath": "Data CCTV Usulan + 50 Jalur + Rencana 2026.kmz/Rencana 2026/Surabaya Utara.kmz/Wilayah Surabaya Utara Hendy", "Jenis": "Rencana 2026", "SubJenis": "Surabaya Utara", "POINT_X": 112.733850942, "POINT_Y": -7.211069714, "POINT_Z": 0.0 }, "geometry": { "type": "Point", "coordinates": [ 112.733850942000117, -7.211069713999962, 0.0 ] } },
{ "type": "Feature", "properties": { "OID_": 0, "Name": "Pertigaan Kalimas Baru 1", "FolderPath": "Data CCTV Usulan + 50 Jalur + Rencana 2026.kmz/Rencana 2026/Surabaya Utara.kmz/Wilayah Surabaya Utara Hendy", "Jenis": "Rencana 2026", "SubJenis": "Surabaya Utara", "POINT_X": 112.73610173100001, "POINT_Y": -7.208606395, "POINT_Z": 0.0 }, "geometry": { "type": "Point", "coordinates": [ 112.736101731000076, -7.208606394999947, 0.0 ] } },
{ "type": "Feature", "properties": { "OID_": 0, "Name": "Pertigaan Kalimas Baru 2", "FolderPath": "Data CCTV Usulan + 50 Jalur + Rencana 2026.kmz/Rencana 2026/Surabaya Utara.kmz/Wilayah Surabaya Utara Hendy", "Jenis": "Rencana 2026", "SubJenis": "Surabaya Utara", "POINT_X": 112.73623486699999, "POINT_Y": -7.208382663, "POINT_Z": 0.0 }, "geometry": { "type": "Point", "coordinates": [ 112.736234867, -7.208382662999952, 0.0 ] } },
{ "type": "Feature", "properties": { "OID_": 0, "Name": "Jl.Kalimas Baru 1", "FolderPath": "Data CCTV Usulan + 50 Jalur + Rencana 2026.kmz/Rencana 2026/Surabaya Utara.kmz/Wilayah Surabaya Utara Hendy", "Jenis": "Rencana 2026", "SubJenis": "Surabaya Utara", "POINT_X": 112.736798693, "POINT_Y": -7.214077447, "POINT_Z": 0.0 }, "geometry": { "type": "Point", "coordinates": [ 112.736798693000082, -7.214077446999966, 0.0 ] } },
{ "type": "Feature", "properties": { "OID_": 0, "Name": "Jl.Kalimas Baru 2", "FolderPath": "Data CCTV Usulan + 50 Jalur + Rencana 2026.kmz/Rencana 2026/Surabaya Utara.kmz/Wilayah Surabaya Utara Hendy", "Jenis": "Rencana 2026", "SubJenis": "Surabaya Utara", "POINT_X": 112.736639496, "POINT_Y": -7.213857764, "POINT_Z": 0.0 }, "geometry": { "type": "Point", "coordinates": [ 112.736639496000066, -7.213857763999954, 0.0 ] } },
{ "type": "Feature", "properties": { "OID_": 0, "Name": "Jl. Kalimas Baru 3", "FolderPath": "Data CCTV Usulan + 50 Jalur + Rencana 2026.kmz/Rencana 2026/Surabaya Utara.kmz/Wilayah Surabaya Utara Hendy", "Jenis": "Rencana 2026", "SubJenis": "Surabaya Utara", "POINT_X": 112.73674848, "POINT_Y": -7.217634711, "POINT_Z": 0.0 }, "geometry": { "type": "Point", "coordinates": [ 112.736748480000074, -7.21763471099996, 0.0 ] } },
{ "type": "Feature", "properties": { "OID_": 0, "Name": "Jl,Kaimas Baru 4", "FolderPath": "Data CCTV Usulan + 50 Jalur + Rencana 2026.kmz/Rencana 2026/Surabaya Utara.kmz/Wilayah Surabaya Utara Hendy", "Jenis": "Rencana 2026", "SubJenis": "Surabaya Utara", "POINT_X": 112.736589493, "POINT_Y": -7.217887782, "POINT_Z": 0.0 }, "geometry": { "type": "Point", "coordinates": [ 112.73658949300011, -7.217887781999934, 0.0 ] } },
{ "type": "Feature", "properties": { "OID_": 0, "Name": "Jl.Raya Hangtuah 1", "FolderPath": "Data CCTV Usulan + 50 Jalur + Rencana 2026.kmz/Rencana 2026/Surabaya Utara.kmz/Wilayah Surabaya Utara Hendy", "Jenis": "Rencana 2026", "SubJenis": "Surabaya Utara", "POINT_X": 112.74074696, "POINT_Y": -7.222409034, "POINT_Z": 0.0 }, "geometry": { "type": "Point", "coordinates": [ 112.740746960000024, -7.222409033999952, 0.0 ] } },
{ "type": "Feature", "properties": { "OID_": 0, "Name": "Jl.Raya Hangtuah 2", "FolderPath": "Data CCTV Usulan + 50 Jalur + Rencana 2026.kmz/Rencana 2026/Surabaya Utara.kmz/Wilayah Surabaya Utara Hendy", "Jenis": "Rencana 2026", "SubJenis": "Surabaya Utara", "POINT_X": 112.740502304, "POINT_Y": -7.222448905, "POINT_Z": 0.0 }, "geometry": { "type": "Point", "coordinates": [ 112.740502304000074, -7.222448904999965, 0.0 ] } },
{ "type": "Feature", "properties": { "OID_": 0, "Name": "Jl.Hang Tuah-Benteng", "FolderPath": "Data CCTV Usulan + 50 Jalur + Rencana 2026.kmz/Rencana 2026/Surabaya Utara.kmz/Wilayah Surabaya Utara Hendy", "Jenis": "Rencana 2026", "SubJenis": "Surabaya Utara", "POINT_X": 112.740688891, "POINT_Y": -7.225132212, "POINT_Z": 0.0 }, "geometry": { "type": "Point", "coordinates": [ 112.740688891000104, -7.225132211999949, 0.0 ] } },
{ "type": "Feature", "properties": { "OID_": 0, "Name": "Jl.Hangtuah-Iskandar Muda", "FolderPath": "Data CCTV Usulan + 50 Jalur + Rencana 2026.kmz/Rencana 2026/Surabaya Utara.kmz/Wilayah Surabaya Utara Hendy", "Jenis": "Rencana 2026", "SubJenis": "Surabaya Utara", "POINT_X": 112.74126667100001, "POINT_Y": -7.225263905, "POINT_Z": 0.0 }, "geometry": { "type": "Point", "coordinates": [ 112.741266671000062, -7.225263904999963, 0.0 ] } },
{ "type": "Feature", "properties": { "OID_": 0, "Name": "Jl.Iskandar Muda", "FolderPath": "Data CCTV Usulan + 50 Jalur + Rencana 2026.kmz/Rencana 2026/Surabaya Utara.kmz/Wilayah Surabaya Utara Hendy", "Jenis": "Rencana 2026", "SubJenis": "Surabaya Utara", "POINT_X": 112.7436781, "POINT_Y": -7.225600191, "POINT_Z": 0.0 }, "geometry": { "type": "Point", "coordinates": [ 112.743678100000011, -7.225600190999955, 0.0 ] } },
{ "type": "Feature", "properties": { "OID_": 0, "Name": "Jl.Sasak", "FolderPath": "Data CCTV Usulan + 50 Jalur + Rencana 2026.kmz/Rencana 2026/Surabaya Utara.kmz/Wilayah Surabaya Utara Hendy", "Jenis": "Rencana 2026", "SubJenis": "Surabaya Utara", "POINT_X": 112.74097623199999, "POINT_Y": -7.232965338, "POINT_Z": 0.0 }, "geometry": { "type": "Point", "coordinates": [ 112.740976232000094, -7.232965337999929, 0.0 ] } },
{ "type": "Feature", "properties": { "OID_": 0, "Name": "Jl. KH Mas Mansyur", "FolderPath": "Data CCTV Usulan + 50 Jalur + Rencana 2026.kmz/Rencana 2026/Surabaya Utara.kmz/Wilayah Surabaya Utara Hendy", "Jenis": "Rencana 2026", "SubJenis": "Surabaya Utara", "POINT_X": 112.740786413, "POINT_Y": -7.229929703, "POINT_Z": 0.0 }, "geometry": { "type": "Point", "coordinates": [ 112.740786413000023, -7.229929702999925, 0.0 ] } },
{ "type": "Feature", "properties": { "OID_": 0, "Name": "Jl. KH Mas Mansyur 2", "FolderPath": "Data CCTV Usulan + 50 Jalur + Rencana 2026.kmz/Rencana 2026/Surabaya Utara.kmz/Wilayah Surabaya Utara Hendy", "Jenis": "Rencana 2026", "SubJenis": "Surabaya Utara", "POINT_X": 112.740889839, "POINT_Y": -7.227243873, "POINT_Z": 0.0 }, "geometry": { "type": "Point", "coordinates": [ 112.740889839000033, -7.227243872999964, 0.0 ] } },
{ "type": "Feature", "properties": { "OID_": 0, "Name": "Jl.Sidorame", "FolderPath": "Data CCTV Usulan + 50 Jalur + Rencana 2026.kmz/Rencana 2026/Surabaya Utara.kmz/Wilayah Surabaya Utara Hendy", "Jenis": "Rencana 2026", "SubJenis": "Surabaya Utara", "POINT_X": 112.746339831, "POINT_Y": -7.226554896, "POINT_Z": 0.0 }, "geometry": { "type": "Point", "coordinates": [ 112.746339831000114, -7.226554895999925, 0.0 ] } },
{ "type": "Feature", "properties": { "OID_": 0, "Name": "Jl.Sultan Iskandar Muda", "FolderPath": "Data CCTV Usulan + 50 Jalur + Rencana 2026.kmz/Rencana 2026/Surabaya Utara.kmz/Wilayah Surabaya Utara Hendy", "Jenis": "Rencana 2026", "SubJenis": "Surabaya Utara", "POINT_X": 112.745774969, "POINT_Y": -7.226250946, "POINT_Z": 0.0 }, "geometry": { "type": "Point", "coordinates": [ 112.745774969000081, -7.226250945999936, 0.0 ] } },
{ "type": "Feature", "properties": { "OID_": 0, "Name": "Jl.Wonosari", "FolderPath": "Data CCTV Usulan + 50 Jalur + Rencana 2026.kmz/Rencana 2026/Surabaya Utara.kmz/Wilayah Surabaya Utara Hendy", "Jenis": "Rencana 2026", "SubJenis": "Surabaya Utara", "POINT_X": 112.747315551, "POINT_Y": -7.224808953, "POINT_Z": 0.0 }, "geometry": { "type": "Point", "coordinates": [ 112.747315551000042, -7.224808952999979, 0.0 ] } },
{ "type": "Feature", "properties": { "OID_": 0, "Name": "Jl.Karang Tembok", "FolderPath": "Data CCTV Usulan + 50 Jalur + Rencana 2026.kmz/Rencana 2026/Surabaya Utara.kmz/Wilayah Surabaya Utara Hendy", "Jenis": "Rencana 2026", "SubJenis": "Surabaya Utara", "POINT_X": 112.74724892899999, "POINT_Y": -7.224729898, "POINT_Z": 0.0 }, "geometry": { "type": "Point", "coordinates": [ 112.747248929000079, -7.224729897999964, 0.0 ] } },
{ "type": "Feature", "properties": { "OID_": 0, "Name": "Jl. Wonokusumo - Wonosari", "FolderPath": "Data CCTV Usulan + 50 Jalur + Rencana 2026.kmz/Rencana 2026/Surabaya Utara.kmz/Wilayah Surabaya Utara Hendy", "Jenis": "Rencana 2026", "SubJenis": "Surabaya Utara", "POINT_X": 112.749885198, "POINT_Y": -7.222658562, "POINT_Z": 0.0 }, "geometry": { "type": "Point", "coordinates": [ 112.749885198000015, -7.222658561999936, 0.0 ] } },
{ "type": "Feature", "properties": { "OID_": 0, "Name": "Jl. Wonokusumo", "FolderPath": "Data CCTV Usulan + 50 Jalur + Rencana 2026.kmz/Rencana 2026/Surabaya Utara.kmz/Wilayah Surabaya Utara Hendy", "Jenis": "Rencana 2026", "SubJenis": "Surabaya Utara", "POINT_X": 112.75132977, "POINT_Y": -7.223216223, "POINT_Z": 0.0 }, "geometry": { "type": "Point", "coordinates": [ 112.751329770000098, -7.223216222999952, 0.0 ] } },
{ "type": "Feature", "properties": { "OID_": 0, "Name": "Jl. Tambak Wedi", "FolderPath": "Data CCTV Usulan + 50 Jalur + Rencana 2026.kmz/Rencana 2026/Surabaya Utara.kmz/Wilayah Surabaya Utara Hendy", "Jenis": "Rencana 2026", "SubJenis": "Surabaya Utara", "POINT_X": 112.77194009599999, "POINT_Y": -7.206429097, "POINT_Z": 0.0 }, "geometry": { "type": "Point", "coordinates": [ 112.771940096000094, -7.206429096999955, 0.0 ] } },
{ "type": "Feature", "properties": { "OID_": 0, "Name": "Jl.Tambak Wedi Barat", "FolderPath": "Data CCTV Usulan + 50 Jalur + Rencana 2026.kmz/Rencana 2026/Surabaya Utara.kmz/Wilayah Surabaya Utara Hendy", "Jenis": "Rencana 2026", "SubJenis": "Surabaya Utara", "POINT_X": 112.77125512800001, "POINT_Y": -7.208904682, "POINT_Z": 0.0 }, "geometry": { "type": "Point", "coordinates": [ 112.771255128, -7.208904681999968, 0.0 ] } },
{ "type": "Feature", "properties": { "OID_": 0, "Name": "Jl. Tambak Wedi - Jembatan", "FolderPath": "Data CCTV Usulan + 50 Jalur + Rencana 2026.kmz/Rencana 2026/Surabaya Utara.kmz/Wilayah Surabaya Utara Hendy", "Jenis": "Rencana 2026", "SubJenis": "Surabaya Utara", "POINT_X": 112.769070489, "POINT_Y": -7.218568436, "POINT_Z": 0.0 }, "geometry": { "type": "Point", "coordinates": [ 112.769070489000114, -7.218568435999941, 0.0 ] } },
{ "type": "Feature", "properties": { "OID_": 0, "Name": "Jl.Dukuh Bulak Banteng", "FolderPath": "Data CCTV Usulan + 50 Jalur + Rencana 2026.kmz/Rencana 2026/Surabaya Utara.kmz/Wilayah Surabaya Utara Hendy", "Jenis": "Rencana 2026", "SubJenis": "Surabaya Utara", "POINT_X": 112.76867762800001, "POINT_Y": -7.21811781, "POINT_Z": 0.0 }, "geometry": { "type": "Point", "coordinates": [ 112.768677628000091, -7.218117809999967, 0.0 ] } },
{ "type": "Feature", "properties": { "OID_": 0, "Name": "Jl.Kedinding Lor", "FolderPath": "Data CCTV Usulan + 50 Jalur + Rencana 2026.kmz/Rencana 2026/Surabaya Utara.kmz/Wilayah Surabaya Utara Hendy", "Jenis": "Rencana 2026", "SubJenis": "Surabaya Utara", "POINT_X": 112.768161081, "POINT_Y": -7.221791535, "POINT_Z": 0.0 }, "geometry": { "type": "Point", "coordinates": [ 112.768161081000017, -7.221791534999966, 0.0 ] } },
{ "type": "Feature", "properties": { "OID_": 0, "Name": "Jl.Platuk Donomulyo", "FolderPath": "Data CCTV Usulan + 50 Jalur + Rencana 2026.kmz/Rencana 2026/Surabaya Utara.kmz/Wilayah Surabaya Utara Hendy", "Jenis": "Rencana 2026", "SubJenis": "Surabaya Utara", "POINT_X": 112.76796618900001, "POINT_Y": -7.225265511, "POINT_Z": 0.0 }, "geometry": { "type": "Point", "coordinates": [ 112.767966189000049, -7.225265510999975, 0.0 ] } },
{ "type": "Feature", "properties": { "OID_": 0, "Name": "Jembatan Tanah Kali Kedinding 2", "FolderPath": "Data CCTV Usulan + 50 Jalur + Rencana 2026.kmz/Rencana 2026/Surabaya Utara.kmz/Wilayah Surabaya Utara Hendy", "Jenis": "Rencana 2026", "SubJenis": "Surabaya Utara", "POINT_X": 112.76597092199999, "POINT_Y": -7.232328786, "POINT_Z": 0.0 }, "geometry": { "type": "Point", "coordinates": [ 112.765970922000065, -7.232328785999925, 0.0 ] } },
{ "type": "Feature", "properties": { "OID_": 0, "Name": "Jembatan Tanah Kali Kedinding", "FolderPath": "Data CCTV Usulan + 50 Jalur + Rencana 2026.kmz/Rencana 2026/Surabaya Utara.kmz/Wilayah Surabaya Utara Hendy", "Jenis": "Rencana 2026", "SubJenis": "Surabaya Utara", "POINT_X": 112.765811454, "POINT_Y": -7.232142654, "POINT_Z": 0.0 }, "geometry": { "type": "Point", "coordinates": [ 112.765811454000072, -7.232142653999972, 0.0 ] } },
{ "type": "Feature", "properties": { "OID_": 0, "Name": "Jl.Kedung Cowek", "FolderPath": "Data CCTV Usulan + 50 Jalur + Rencana 2026.kmz/Rencana 2026/Surabaya Utara.kmz/Wilayah Surabaya Utara Hendy", "Jenis": "Rencana 2026", "SubJenis": "Surabaya Utara", "POINT_X": 112.772610511, "POINT_Y": -7.233107237, "POINT_Z": 0.0 }, "geometry": { "type": "Point", "coordinates": [ 112.772610511000039, -7.233107236999956, 0.0 ] } },
{ "type": "Feature", "properties": { "OID_": 0, "Name": "Jl.Tambak Wedi Baru", "FolderPath": "Data CCTV Usulan + 50 Jalur + Rencana 2026.kmz/Rencana 2026/Surabaya Utara.kmz/Wilayah Surabaya Utara Hendy", "Jenis": "Rencana 2026", "SubJenis": "Surabaya Utara", "POINT_X": 112.778834256, "POINT_Y": -7.21104129, "POINT_Z": 0.0 }, "geometry": { "type": "Point", "coordinates": [ 112.778834256000096, -7.211041289999969, 0.0 ] } },
{ "type": "Feature", "properties": { "OID_": 0, "Name": "Jl.Kali Kedinding", "FolderPath": "Data CCTV Usulan + 50 Jalur + Rencana 2026.kmz/Rencana 2026/Surabaya Utara.kmz/Wilayah Surabaya Utara Hendy", "Jenis": "Rencana 2026", "SubJenis": "Surabaya Utara", "POINT_X": 112.77872333800001, "POINT_Y": -7.213104485, "POINT_Z": 0.0 }, "geometry": { "type": "Point", "coordinates": [ 112.778723338000077, -7.213104484999974, 0.0 ] } },
{ "type": "Feature", "properties": { "OID_": 0, "Name": "Jl. Pantai Kenjeran 1", "FolderPath": "Data CCTV Usulan + 50 Jalur + Rencana 2026.kmz/Rencana 2026/Surabaya Utara.kmz/Wilayah Surabaya Utara Hendy", "Jenis": "Rencana 2026", "SubJenis": "Surabaya Utara", "POINT_X": 112.787463253, "POINT_Y": -7.2233566, "POINT_Z": 0.0 }, "geometry": { "type": "Point", "coordinates": [ 112.787463253000055, -7.223356599999931, 0.0 ] } },
{ "type": "Feature", "properties": { "OID_": 0, "Name": "Jl. Pantai Kenjeran 3", "FolderPath": "Data CCTV Usulan + 50 Jalur + Rencana 2026.kmz/Rencana 2026/Surabaya Utara.kmz/Wilayah Surabaya Utara Hendy", "Jenis": "Rencana 2026", "SubJenis": "Surabaya Utara", "POINT_X": 112.790246819, "POINT_Y": -7.226588138, "POINT_Z": 0.0 }, "geometry": { "type": "Point", "coordinates": [ 112.790246819000117, -7.226588137999954, 0.0 ] } },
{ "type": "Feature", "properties": { "OID_": 0, "Name": "Jl.Pantai Kenjeran 5", "FolderPath": "Data CCTV Usulan + 50 Jalur + Rencana 2026.kmz/Rencana 2026/Surabaya Utara.kmz/Wilayah Surabaya Utara Hendy", "Jenis": "Rencana 2026", "SubJenis": "Surabaya Utara", "POINT_X": 112.79203372000001, "POINT_Y": -7.229142433, "POINT_Z": 0.0 }, "geometry": { "type": "Point", "coordinates": [ 112.792033720000063, -7.229142432999936, 0.0 ] } },
{ "type": "Feature", "properties": { "OID_": 0, "Name": "Jl.Pantai Kenjeran 4", "FolderPath": "Data CCTV Usulan + 50 Jalur + Rencana 2026.kmz/Rencana 2026/Surabaya Utara.kmz/Wilayah Surabaya Utara Hendy", "Jenis": "Rencana 2026", "SubJenis": "Surabaya Utara", "POINT_X": 112.791336535, "POINT_Y": -7.227486199, "POINT_Z": 0.0 }, "geometry": { "type": "Point", "coordinates": [ 112.791336535000028, -7.227486198999941, 0.0 ] } },
{ "type": "Feature", "properties": { "OID_": 0, "Name": "Jl.Kenjeran 2", "FolderPath": "Data CCTV Usulan + 50 Jalur + Rencana 2026.kmz/Rencana 2026/Surabaya Utara.kmz/Wilayah Surabaya Utara Hendy", "Jenis": "Rencana 2026", "SubJenis": "Surabaya Utara", "POINT_X": 112.77233988499999, "POINT_Y": -7.246332552, "POINT_Z": 0.0 }, "geometry": { "type": "Point", "coordinates": [ 112.772339885000065, -7.246332551999956, 0.0 ] } },
{ "type": "Feature", "properties": { "OID_": 0, "Name": "Jalur Lambat - Jalur Cepat", "FolderPath": "Data CCTV Usulan + 50 Jalur + Rencana 2026.kmz/Rencana 2026/Surabaya Utara.kmz/Wilayah Surabaya Utara Hendy", "Jenis": "Rencana 2026", "SubJenis": "Surabaya Utara", "POINT_X": 112.771438456, "POINT_Y": -7.236735335, "POINT_Z": 0.0 }, "geometry": { "type": "Point", "coordinates": [ 112.771438456000055, -7.236735334999935, 0.0 ] } },
{ "type": "Feature", "properties": { "OID_": 0, "Name": "Jl. Kedung Cowek", "FolderPath": "Data CCTV Usulan + 50 Jalur + Rencana 2026.kmz/Rencana 2026/Surabaya Utara.kmz/Wilayah Surabaya Utara Hendy", "Jenis": "Rencana 2026", "SubJenis": "Surabaya Utara", "POINT_X": 112.773066922, "POINT_Y": -7.231972311, "POINT_Z": 0.0 }, "geometry": { "type": "Point", "coordinates": [ 112.773066922000112, -7.231972310999936, 0.0 ] } },
{ "type": "Feature", "properties": { "OID_": 0, "Name": "Jl. Nambangan", "FolderPath": "Data CCTV Usulan + 50 Jalur + Rencana 2026.kmz/Rencana 2026/Surabaya Utara.kmz/Wilayah Surabaya Utara Hendy", "Jenis": "Rencana 2026", "SubJenis": "Surabaya Utara", "POINT_X": 112.779431328, "POINT_Y": -7.222076052, "POINT_Z": 0.0 }, "geometry": { "type": "Point", "coordinates": [ 112.779431328000101, -7.222076051999977, 0.0 ] } },
{ "type": "Feature", "properties": { "OID_": 0, "Name": "Jl. Nambangan 2", "FolderPath": "Data CCTV Usulan + 50 Jalur + Rencana 2026.kmz/Rencana 2026/Surabaya Utara.kmz/Wilayah Surabaya Utara Hendy", "Jenis": "Rencana 2026", "SubJenis": "Surabaya Utara", "POINT_X": 112.781929897, "POINT_Y": -7.222126696, "POINT_Z": 0.0 }, "geometry": { "type": "Point", "coordinates": [ 112.781929897000055, -7.222126695999975, 0.0 ] } },
{ "type": "Feature", "properties": { "OID_": 0, "Name": "Jl.Nambangan 3", "FolderPath": "Data CCTV Usulan + 50 Jalur + Rencana 2026.kmz/Rencana 2026/Surabaya Utara.kmz/Wilayah Surabaya Utara Hendy", "Jenis": "Rencana 2026", "SubJenis": "Surabaya Utara", "POINT_X": 112.78477035500001, "POINT_Y": -7.222150813, "POINT_Z": 0.0 }, "geometry": { "type": "Point", "coordinates": [ 112.784770355000092, -7.222150812999928, 0.0 ] } },
{ "type": "Feature", "properties": { "OID_": 0, "Name": "Jl. Pantai Kenjeran 2", "FolderPath": "Data CCTV Usulan + 50 Jalur + Rencana 2026.kmz/Rencana 2026/Surabaya Utara.kmz/Wilayah Surabaya Utara Hendy", "Jenis": "Rencana 2026", "SubJenis": "Surabaya Utara", "POINT_X": 112.787498883, "POINT_Y": -7.224911756, "POINT_Z": 0.0 }, "geometry": { "type": "Point", "coordinates": [ 112.787498883000012, -7.224911755999926, 0.0 ] } },
{ "type": "Feature", "properties": { "OID_": 0, "Name": "Jl. Pantai Kenjeran 7", "FolderPath": "Data CCTV Usulan + 50 Jalur + Rencana 2026.kmz/Rencana 2026/Surabaya Utara.kmz/Wilayah Surabaya Utara Hendy", "Jenis": "Rencana 2026", "SubJenis": "Surabaya Utara", "POINT_X": 112.793273361, "POINT_Y": -7.232346399, "POINT_Z": 0.0 }, "geometry": { "type": "Point", "coordinates": [ 112.793273361000047, -7.232346398999937, 0.0 ] } },
{ "type": "Feature", "properties": { "OID_": 0, "Name": "Jl. Pantai Kenjeran", "FolderPath": "Data CCTV Usulan + 50 Jalur + Rencana 2026.kmz/Rencana 2026/Surabaya Utara.kmz/Wilayah Surabaya Utara Hendy", "Jenis": "Rencana 2026", "SubJenis": "Surabaya Utara", "POINT_X": 112.793379448, "POINT_Y": -7.232337332, "POINT_Z": 0.0 }, "geometry": { "type": "Point", "coordinates": [ 112.79337944800011, -7.232337331999929, 0.0 ] } },
{ "type": "Feature", "properties": { "OID_": 0, "Name": "Jl.Pantai Kenjern - THP", "FolderPath": "Data CCTV Usulan + 50 Jalur + Rencana 2026.kmz/Rencana 2026/Surabaya Utara.kmz/Wilayah Surabaya Utara Hendy", "Jenis": "Rencana 2026", "SubJenis": "Surabaya Utara", "POINT_X": 112.794064318, "POINT_Y": -7.23339081, "POINT_Z": 0.0 }, "geometry": { "type": "Point", "coordinates": [ 112.794064318000096, -7.233390809999946, 0.0 ] } },
{ "type": "Feature", "properties": { "OID_": 0, "Name": "Jl.Sukolilo Larangan", "FolderPath": "Data CCTV Usulan + 50 Jalur + Rencana 2026.kmz/Rencana 2026/Surabaya Utara.kmz/Wilayah Surabaya Utara Hendy", "Jenis": "Rencana 2026", "SubJenis": "Surabaya Utara", "POINT_X": 112.798239892, "POINT_Y": -7.243898605, "POINT_Z": 0.0 }, "geometry": { "type": "Point", "coordinates": [ 112.798239892000083, -7.24389860499997, 0.0 ] } },
{ "type": "Feature", "properties": { "OID_": 0, "Name": "Jl.Sukolilo Lor 2", "FolderPath": "Data CCTV Usulan + 50 Jalur + Rencana 2026.kmz/Rencana 2026/Surabaya Utara.kmz/Wilayah Surabaya Utara Hendy", "Jenis": "Rencana 2026", "SubJenis": "Surabaya Utara", "POINT_X": 112.796412238, "POINT_Y": -7.249788674, "POINT_Z": 0.0 }, "geometry": { "type": "Point", "coordinates": [ 112.796412238000016, -7.249788673999944, 0.0 ] } },
{ "type": "Feature", "properties": { "OID_": 0, "Name": "Depan Ken Park", "FolderPath": "Data CCTV Usulan + 50 Jalur + Rencana 2026.kmz/Rencana 2026/Surabaya Utara.kmz/Wilayah Surabaya Utara Hendy", "Jenis": "Rencana 2026", "SubJenis": "Surabaya Utara", "POINT_X": 112.795560204, "POINT_Y": -7.252431688, "POINT_Z": 0.0 }, "geometry": { "type": "Point", "coordinates": [ 112.795560204000026, -7.252431687999945, 0.0 ] } },
{ "type": "Feature", "properties": { "OID_": 0, "Name": "Jl. Sukolilo Lor", "FolderPath": "Data CCTV Usulan + 50 Jalur + Rencana 2026.kmz/Rencana 2026/Surabaya Utara.kmz/Wilayah Surabaya Utara Hendy", "Jenis": "Rencana 2026", "SubJenis": "Surabaya Utara", "POINT_X": 112.79789292, "POINT_Y": -7.246080369, "POINT_Z": 0.0 }, "geometry": { "type": "Point", "coordinates": [ 112.797892920000095, -7.246080368999969, 0.0 ] } },
{ "type": "Feature", "properties": { "OID_": 0, "Name": "Jl.Tambak Wedi", "FolderPath": "Data CCTV Usulan + 50 Jalur + Rencana 2026.kmz/Rencana 2026/Surabaya Utara.kmz/Wilayah Surabaya Utara Hendy", "Jenis": "Rencana 2026", "SubJenis": "Surabaya Utara", "POINT_X": 112.76931039, "POINT_Y": -7.216784897, "POINT_Z": 0.0 }, "geometry": { "type": "Point", "coordinates": [ 112.769310390000101, -7.216784896999968, 0.0 ] } },
{ "type": "Feature", "properties": { "OID_": 0, "Name": "Jl.Buak sari", "FolderPath": "Data CCTV Usulan + 50 Jalur + Rencana 2026.kmz/Rencana 2026/Surabaya Utara.kmz/Wilayah Surabaya Utara Hendy", "Jenis": "Rencana 2026", "SubJenis": "Surabaya Utara", "POINT_X": 112.751588165, "POINT_Y": -7.214308064, "POINT_Z": 0.0 }, "geometry": { "type": "Point", "coordinates": [ 112.751588165000044, -7.214308063999965, 0.0 ] } },
{ "type": "Feature", "properties": { "OID_": 0, "Name": "Jl.Temunggung Timmur", "FolderPath": "Data CCTV Usulan + 50 Jalur + Rencana 2026.kmz/Rencana 2026/Surabaya Utara.kmz/Wilayah Surabaya Utara Hendy", "Jenis": "Rencana 2026", "SubJenis": "Surabaya Utara", "POINT_X": 112.75806115899999, "POINT_Y": -7.224935719, "POINT_Z": 0.0 }, "geometry": { "type": "Point", "coordinates": [ 112.758061159000022, -7.224935718999973, 0.0 ] } },
{ "type": "Feature", "properties": { "OID_": 0, "Name": "Raya Mastrip 1", "FolderPath": "Data CCTV Usulan + 50 Jalur + Rencana 2026.kmz/Rencana 2026/Surabaya Selatan.kmz/Surabaya Selatan", "Jenis": "Rencana 2026", "SubJenis": "Surabaya Selatan", "POINT_X": 112.667066713, "POINT_Y": -7.350318218, "POINT_Z": 0.0 }, "geometry": { "type": "Point", "coordinates": [ 112.667066713000054, -7.350318217999927, 0.0 ] } },
{ "type": "Feature", "properties": { "OID_": 0, "Name": "Raya Mastrip 2", "FolderPath": "Data CCTV Usulan + 50 Jalur + Rencana 2026.kmz/Rencana 2026/Surabaya Selatan.kmz/Surabaya Selatan", "Jenis": "Rencana 2026", "SubJenis": "Surabaya Selatan", "POINT_X": 112.669897765, "POINT_Y": -7.350163438, "POINT_Z": 0.0 }, "geometry": { "type": "Point", "coordinates": [ 112.669897765000087, -7.350163437999981, 0.0 ] } },
{ "type": "Feature", "properties": { "OID_": 0, "Name": "Raya Mastrip 3", "FolderPath": "Data CCTV Usulan + 50 Jalur + Rencana 2026.kmz/Rencana 2026/Surabaya Selatan.kmz/Surabaya Selatan", "Jenis": "Rencana 2026", "SubJenis": "Surabaya Selatan", "POINT_X": 112.696204921, "POINT_Y": -7.341197643, "POINT_Z": 0.0 }, "geometry": { "type": "Point", "coordinates": [ 112.696204921000117, -7.34119764299993, 0.0 ] } },
{ "type": "Feature", "properties": { "OID_": 0, "Name": "Raya Mastrip 4", "FolderPath": "Data CCTV Usulan + 50 Jalur + Rencana 2026.kmz/Rencana 2026/Surabaya Selatan.kmz/Surabaya Selatan", "Jenis": "Rencana 2026", "SubJenis": "Surabaya Selatan", "POINT_X": 112.70274351, "POINT_Y": -7.337031126, "POINT_Z": 0.0 }, "geometry": { "type": "Point", "coordinates": [ 112.70274351, -7.337031125999943, 0.0 ] } },
{ "type": "Feature", "properties": { "OID_": 0, "Name": "Raya Mastrip 5", "FolderPath": "Data CCTV Usulan + 50 Jalur + Rencana 2026.kmz/Rencana 2026/Surabaya Selatan.kmz/Surabaya Selatan", "Jenis": "Rencana 2026", "SubJenis": "Surabaya Selatan", "POINT_X": 112.704716073, "POINT_Y": -7.334671707, "POINT_Z": 0.0 }, "geometry": { "type": "Point", "coordinates": [ 112.7047160730001, -7.334671706999927, 0.0 ] } },
{ "type": "Feature", "properties": { "OID_": 0, "Name": "Raya Wiyung 1", "FolderPath": "Data CCTV Usulan + 50 Jalur + Rencana 2026.kmz/Rencana 2026/Surabaya Selatan.kmz/Surabaya Selatan", "Jenis": "Rencana 2026", "SubJenis": "Surabaya Selatan", "POINT_X": 112.70528338299999, "POINT_Y": -7.313008627, "POINT_Z": 0.0 }, "geometry": { "type": "Point", "coordinates": [ 112.705283383000051, -7.313008626999931, 0.0 ] } },
{ "type": "Feature", "properties": { "OID_": 0, "Name": "Raya Wiyung 2", "FolderPath": "Data CCTV Usulan + 50 Jalur + Rencana 2026.kmz/Rencana 2026/Surabaya Selatan.kmz/Surabaya Selatan", "Jenis": "Rencana 2026", "SubJenis": "Surabaya Selatan", "POINT_X": 112.687865985, "POINT_Y": -7.311821194, "POINT_Z": 0.0 }, "geometry": { "type": "Point", "coordinates": [ 112.68786598500003, -7.311821193999947, 0.0 ] } },
{ "type": "Feature", "properties": { "OID_": 0, "Name": "Balas Klumprik", "FolderPath": "Data CCTV Usulan + 50 Jalur + Rencana 2026.kmz/Rencana 2026/Surabaya Selatan.kmz/Surabaya Selatan", "Jenis": "Rencana 2026", "SubJenis": "Surabaya Selatan", "POINT_X": 112.69173927200001, "POINT_Y": -7.332374541, "POINT_Z": 0.0 }, "geometry": { "type": "Point", "coordinates": [ 112.691739272000063, -7.332374540999979, 0.0 ] } },
{ "type": "Feature", "properties": { "OID_": 0, "Name": "Dukuh Menanggal 1 - 1", "FolderPath": "Data CCTV Usulan + 50 Jalur + Rencana 2026.kmz/Rencana 2026/Surabaya Selatan.kmz/Surabaya Selatan", "Jenis": "Rencana 2026", "SubJenis": "Surabaya Selatan", "POINT_X": 112.726648122, "POINT_Y": -7.346531178, "POINT_Z": 0.0 }, "geometry": { "type": "Point", "coordinates": [ 112.726648122000029, -7.346531177999964, 0.0 ] } },
{ "type": "Feature", "properties": { "OID_": 0, "Name": "Joyoloyo", "FolderPath": "Data CCTV Usulan + 50 Jalur + Rencana 2026.kmz/Rencana 2026/Surabaya Selatan.kmz/Surabaya Selatan", "Jenis": "Rencana 2026", "SubJenis": "Surabaya Selatan", "POINT_X": 112.71486753799999, "POINT_Y": -7.306819568, "POINT_Z": 0.0 }, "geometry": { "type": "Point", "coordinates": [ 112.714867538000021, -7.30681956799998, 0.0 ] } },
{ "type": "Feature", "properties": { "OID_": 0, "Name": "Ahmad Yani 1", "FolderPath": "Data CCTV Usulan + 50 Jalur + Rencana 2026.kmz/Rencana 2026/Surabaya Selatan.kmz/Surabaya Selatan", "Jenis": "Rencana 2026", "SubJenis": "Surabaya Selatan", "POINT_X": 112.73064644599999, "POINT_Y": -7.326862141, "POINT_Z": 0.0 }, "geometry": { "type": "Point", "coordinates": [ 112.730646446000037, -7.326862140999935, 0.0 ] } },
{ "type": "Feature", "properties": { "OID_": 0, "Name": "Ahmad Yani 2", "FolderPath": "Data CCTV Usulan + 50 Jalur + Rencana 2026.kmz/Rencana 2026/Surabaya Selatan.kmz/Surabaya Selatan", "Jenis": "Rencana 2026", "SubJenis": "Surabaya Selatan", "POINT_X": 112.733849655, "POINT_Y": -7.314852541, "POINT_Z": 0.0 }, "geometry": { "type": "Point", "coordinates": [ 112.733849655000085, -7.314852540999937, 0.0 ] } },
{ "type": "Feature", "properties": { "OID_": 0, "Name": "Ahmad Yani 3", "FolderPath": "Data CCTV Usulan + 50 Jalur + Rencana 2026.kmz/Rencana 2026/Surabaya Selatan.kmz/Surabaya Selatan", "Jenis": "Rencana 2026", "SubJenis": "Surabaya Selatan", "POINT_X": 112.734269578, "POINT_Y": -7.313173142, "POINT_Z": 0.0 }, "geometry": { "type": "Point", "coordinates": [ 112.734269578000067, -7.313173141999926, 0.0 ] } },
{ "type": "Feature", "properties": { "OID_": 0, "Name": "Ahmad Yani 4", "FolderPath": "Data CCTV Usulan + 50 Jalur + Rencana 2026.kmz/Rencana 2026/Surabaya Selatan.kmz/Surabaya Selatan", "Jenis": "Rencana 2026", "SubJenis": "Surabaya Selatan", "POINT_X": 112.734906602, "POINT_Y": -7.306835459, "POINT_Z": 0.0 }, "geometry": { "type": "Point", "coordinates": [ 112.734906602000024, -7.306835458999956, 0.0 ] } },
{ "type": "Feature", "properties": { "OID_": 0, "Name": "Ahmad Yani 5", "FolderPath": "Data CCTV Usulan + 50 Jalur + Rencana 2026.kmz/Rencana 2026/Surabaya Selatan.kmz/Surabaya Selatan", "Jenis": "Rencana 2026", "SubJenis": "Surabaya Selatan", "POINT_X": 112.73487538099999, "POINT_Y": -7.313669478, "POINT_Z": 0.0 }, "geometry": { "type": "Point", "coordinates": [ 112.734875381000052, -7.313669477999952, 0.0 ] } },
{ "type": "Feature", "properties": { "OID_": 0, "Name": "Bibis Karah 1", "FolderPath": "Data CCTV Usulan + 50 Jalur + Rencana 2026.kmz/Rencana 2026/Surabaya Selatan.kmz/Surabaya Selatan", "Jenis": "Rencana 2026", "SubJenis": "Surabaya Selatan", "POINT_X": 112.71254841299999, "POINT_Y": -7.310932162, "POINT_Z": 0.0 }, "geometry": { "type": "Point", "coordinates": [ 112.712548413000036, -7.310932161999972, 0.0 ] } },
{ "type": "Feature", "properties": { "OID_": 0, "Name": "Manunggal Kebonsari 1", "FolderPath": "Data CCTV Usulan + 50 Jalur + Rencana 2026.kmz/Rencana 2026/Surabaya Selatan.kmz/Surabaya Selatan", "Jenis": "Rencana 2026", "SubJenis": "Surabaya Selatan", "POINT_X": 112.71202798100001, "POINT_Y": -7.327711937, "POINT_Z": 0.0 }, "geometry": { "type": "Point", "coordinates": [ 112.712027981, -7.327711936999947, 0.0 ] } },
{ "type": "Feature", "properties": { "OID_": 0, "Name": "Manunggal Kebonsari 2", "FolderPath": "Data CCTV Usulan + 50 Jalur + Rencana 2026.kmz/Rencana 2026/Surabaya Selatan.kmz/Surabaya Selatan", "Jenis": "Rencana 2026", "SubJenis": "Surabaya Selatan", "POINT_X": 112.720176999, "POINT_Y": -7.328828396, "POINT_Z": 0.0 }, "geometry": { "type": "Point", "coordinates": [ 112.720176999000046, -7.328828395999949, 0.0 ] } },
{ "type": "Feature", "properties": { "OID_": 0, "Name": "Gayung Kebonsari", "FolderPath": "Data CCTV Usulan + 50 Jalur + Rencana 2026.kmz/Rencana 2026/Surabaya Selatan.kmz/Surabaya Selatan", "Jenis": "Rencana 2026", "SubJenis": "Surabaya Selatan", "POINT_X": 112.72599676, "POINT_Y": -7.329241448, "POINT_Z": 0.0 }, "geometry": { "type": "Point", "coordinates": [ 112.725996760000044, -7.329241447999948, 0.0 ] } },
{ "type": "Feature", "properties": { "OID_": 0, "Name": "Gayung Kebonsari Timur 1", "FolderPath": "Data CCTV Usulan + 50 Jalur + Rencana 2026.kmz/Rencana 2026/Surabaya Selatan.kmz/Surabaya Selatan", "Jenis": "Rencana 2026", "SubJenis": "Surabaya Selatan", "POINT_X": 112.726447613, "POINT_Y": -7.325797413, "POINT_Z": 0.0 }, "geometry": { "type": "Point", "coordinates": [ 112.726447613, -7.325797412999975, 0.0 ] } },
{ "type": "Feature", "properties": { "OID_": 0, "Name": "Pulo Wonokromo 1", "FolderPath": "Data CCTV Usulan + 50 Jalur + Rencana 2026.kmz/Rencana 2026/Surabaya Selatan.kmz/Surabaya Selatan", "Jenis": "Rencana 2026", "SubJenis": "Surabaya Selatan", "POINT_X": 112.73699107900001, "POINT_Y": -7.300742794, "POINT_Z": 0.0 }, "geometry": { "type": "Point", "coordinates": [ 112.736991079000063, -7.300742793999973, 0.0 ] } },
{ "type": "Feature", "properties": { "OID_": 0, "Name": "Pulo Wonokromo 2", "FolderPath": "Data CCTV Usulan + 50 Jalur + Rencana 2026.kmz/Rencana 2026/Surabaya Selatan.kmz/Surabaya Selatan", "Jenis": "Rencana 2026", "SubJenis": "Surabaya Selatan", "POINT_X": 112.72644899, "POINT_Y": -7.305237912, "POINT_Z": 0.0 }, "geometry": { "type": "Point", "coordinates": [ 112.726448990000108, -7.305237911999939, 0.0 ] } },
{ "type": "Feature", "properties": { "OID_": 0, "Name": "Pulo Wonokromo 3", "FolderPath": "Data CCTV Usulan + 50 Jalur + Rencana 2026.kmz/Rencana 2026/Surabaya Selatan.kmz/Surabaya Selatan", "Jenis": "Rencana 2026", "SubJenis": "Surabaya Selatan", "POINT_X": 112.73148122400001, "POINT_Y": -7.30135871, "POINT_Z": 0.0 }, "geometry": { "type": "Point", "coordinates": [ 112.731481224000049, -7.301358709999931, 0.0 ] } },
{ "type": "Feature", "properties": { "OID_": 0, "Name": "Jagir Wonokromo 1", "FolderPath": "Data CCTV Usulan + 50 Jalur + Rencana 2026.kmz/Rencana 2026/Surabaya Selatan.kmz/Surabaya Selatan", "Jenis": "Rencana 2026", "SubJenis": "Surabaya Selatan", "POINT_X": 112.74989411, "POINT_Y": -7.303346999, "POINT_Z": 0.0 }, "geometry": { "type": "Point", "coordinates": [ 112.749894110000014, -7.303346998999928, 0.0 ] } },
{ "type": "Feature", "properties": { "OID_": 0, "Name": "Ketintang 1", "FolderPath": "Data CCTV Usulan + 50 Jalur + Rencana 2026.kmz/Rencana 2026/Surabaya Selatan.kmz/Surabaya Selatan", "Jenis": "Rencana 2026", "SubJenis": "Surabaya Selatan", "POINT_X": 112.732432585, "POINT_Y": -7.309935606, "POINT_Z": 0.0 }, "geometry": { "type": "Point", "coordinates": [ 112.732432585000083, -7.309935605999954, 0.0 ] } },
{ "type": "Feature", "properties": { "OID_": 0, "Name": "Ketintang Barat", "FolderPath": "Data CCTV Usulan + 50 Jalur + Rencana 2026.kmz/Rencana 2026/Surabaya Selatan.kmz/Surabaya Selatan", "Jenis": "Rencana 2026", "SubJenis": "Surabaya Selatan", "POINT_X": 112.72392302599999, "POINT_Y": -7.307660492, "POINT_Z": 0.0 }, "geometry": { "type": "Point", "coordinates": [ 112.72392302600008, -7.307660491999968, 0.0 ] } },
{ "type": "Feature", "properties": { "OID_": 0, "Name": "Karah Agung", "FolderPath": "Data CCTV Usulan + 50 Jalur + Rencana 2026.kmz/Rencana 2026/Surabaya Selatan.kmz/Surabaya Selatan", "Jenis": "Rencana 2026", "SubJenis": "Surabaya Selatan", "POINT_X": 112.71755949, "POINT_Y": -7.31690696, "POINT_Z": 0.0 }, "geometry": { "type": "Point", "coordinates": [ 112.717559490000099, -7.316906959999926, 0.0 ] } },
{ "type": "Feature", "properties": { "OID_": 0, "Name": "Raya Jemursari 1", "FolderPath": "Data CCTV Usulan + 50 Jalur + Rencana 2026.kmz/Rencana 2026/Surabaya Selatan.kmz/Surabaya Selatan", "Jenis": "Rencana 2026", "SubJenis": "Surabaya Selatan", "POINT_X": 112.73555578600001, "POINT_Y": -7.32658391, "POINT_Z": 0.0 }, "geometry": { "type": "Point", "coordinates": [ 112.735555786000077, -7.326583909999954, 0.0 ] } },
{ "type": "Feature", "properties": { "OID_": 0, "Name": "Margorejo Indah 1", "FolderPath": "Data CCTV Usulan + 50 Jalur + Rencana 2026.kmz/Rencana 2026/Surabaya Selatan.kmz/Surabaya Selatan", "Jenis": "Rencana 2026", "SubJenis": "Surabaya Selatan", "POINT_X": 112.74914481, "POINT_Y": -7.316994427, "POINT_Z": 0.0 }, "geometry": { "type": "Point", "coordinates": [ 112.749144810000075, -7.316994426999941, 0.0 ] } },
{ "type": "Feature", "properties": { "OID_": 0, "Name": "Margorejo Indah 2", "FolderPath": "Data CCTV Usulan + 50 Jalur + Rencana 2026.kmz/Rencana 2026/Surabaya Selatan.kmz/Surabaya Selatan", "Jenis": "Rencana 2026", "SubJenis": "Surabaya Selatan", "POINT_X": 112.73780247800001, "POINT_Y": -7.31705863, "POINT_Z": 0.0 }, "geometry": { "type": "Point", "coordinates": [ 112.737802478000049, -7.317058629999963, 0.0 ] } },
{ "type": "Feature", "properties": { "OID_": 0, "Name": "Raya Prapen 1", "FolderPath": "Data CCTV Usulan + 50 Jalur + Rencana 2026.kmz/Rencana 2026/Surabaya Selatan.kmz/Surabaya Selatan", "Jenis": "Rencana 2026", "SubJenis": "Surabaya Selatan", "POINT_X": 112.759281481, "POINT_Y": -7.308921047, "POINT_Z": 0.0 }, "geometry": { "type": "Point", "coordinates": [ 112.759281481000016, -7.308921046999956, 0.0 ] } },
{ "type": "Feature", "properties": { "OID_": 0, "Name": "Ngagel 1", "FolderPath": "Data CCTV Usulan + 50 Jalur + Rencana 2026.kmz/Rencana 2026/Surabaya Selatan.kmz/Surabaya Selatan", "Jenis": "Rencana 2026", "SubJenis": "Surabaya Selatan", "POINT_X": 112.74218399599999, "POINT_Y": -7.29630873, "POINT_Z": 0.0 }, "geometry": { "type": "Point", "coordinates": [ 112.742183996000108, -7.296308729999964, 0.0 ] } },
{ "type": "Feature", "properties": { "OID_": 0, "Name": "Ngagel 2", "FolderPath": "Data CCTV Usulan + 50 Jalur + Rencana 2026.kmz/Rencana 2026/Surabaya Selatan.kmz/Surabaya Selatan", "Jenis": "Rencana 2026", "SubJenis": "Surabaya Selatan", "POINT_X": 112.74733425399999, "POINT_Y": -7.28320048, "POINT_Z": 0.0 }, "geometry": { "type": "Point", "coordinates": [ 112.747334254000066, -7.283200479999948, 0.0 ] } },
{ "type": "Feature", "properties": { "OID_": 0, "Name": "Ngagel 3", "FolderPath": "Data CCTV Usulan + 50 Jalur + Rencana 2026.kmz/Rencana 2026/Surabaya Selatan.kmz/Surabaya Selatan", "Jenis": "Rencana 2026", "SubJenis": "Surabaya Selatan", "POINT_X": 112.74622859199999, "POINT_Y": -7.280053965, "POINT_Z": 0.0 }, "geometry": { "type": "Point", "coordinates": [ 112.74622859200008, -7.280053964999979, 0.0 ] } },
{ "type": "Feature", "properties": { "OID_": 0, "Name": "Bung Tomo 1", "FolderPath": "Data CCTV Usulan + 50 Jalur + Rencana 2026.kmz/Rencana 2026/Surabaya Selatan.kmz/Surabaya Selatan", "Jenis": "Rencana 2026", "SubJenis": "Surabaya Selatan", "POINT_X": 112.74795749, "POINT_Y": -7.29162278, "POINT_Z": 0.0 }, "geometry": { "type": "Point", "coordinates": [ 112.74795749000009, -7.291622779999955, 0.0 ] } },
{ "type": "Feature", "properties": { "OID_": 0, "Name": "Ngagel Jaya Selatan", "FolderPath": "Data CCTV Usulan + 50 Jalur + Rencana 2026.kmz/Rencana 2026/Surabaya Selatan.kmz/Surabaya Selatan", "Jenis": "Rencana 2026", "SubJenis": "Surabaya Selatan", "POINT_X": 112.756831074, "POINT_Y": -7.293743086, "POINT_Z": 0.0 }, "geometry": { "type": "Point", "coordinates": [ 112.756831074000047, -7.293743085999949, 0.0 ] } },
{ "type": "Feature", "properties": { "OID_": 0, "Name": "Raya Dukuh Kupang 1", "FolderPath": "Data CCTV Usulan + 50 Jalur + Rencana 2026.kmz/Rencana 2026/Surabaya Selatan.kmz/Surabaya Selatan", "Jenis": "Rencana 2026", "SubJenis": "Surabaya Selatan", "POINT_X": 112.715714288, "POINT_Y": -7.284364826, "POINT_Z": 0.0 }, "geometry": { "type": "Point", "coordinates": [ 112.715714288000072, -7.284364825999944, 0.0 ] } },
{ "type": "Feature", "properties": { "OID_": 0, "Name": "Raya Dukuh Kupang 2", "FolderPath": "Data CCTV Usulan + 50 Jalur + Rencana 2026.kmz/Rencana 2026/Surabaya Selatan.kmz/Surabaya Selatan", "Jenis": "Rencana 2026", "SubJenis": "Surabaya Selatan", "POINT_X": 112.716330191, "POINT_Y": -7.282295011, "POINT_Z": 0.0 }, "geometry": { "type": "Point", "coordinates": [ 112.716330191000111, -7.282295010999974, 0.0 ] } },
{ "type": "Feature", "properties": { "OID_": 0, "Name": "Raya Dukuh Kupang 3", "FolderPath": "Data CCTV Usulan + 50 Jalur + Rencana 2026.kmz/Rencana 2026/Surabaya Selatan.kmz/Surabaya Selatan", "Jenis": "Rencana 2026", "SubJenis": "Surabaya Selatan", "POINT_X": 112.71483387000001, "POINT_Y": -7.286468755, "POINT_Z": 0.0 }, "geometry": { "type": "Point", "coordinates": [ 112.71483387, -7.28646875499993, 0.0 ] } },
{ "type": "Feature", "properties": { "OID_": 0, "Name": "Raya Simo Gunung 1", "FolderPath": "Data CCTV Usulan + 50 Jalur + Rencana 2026.kmz/Rencana 2026/Surabaya Selatan.kmz/Surabaya Selatan", "Jenis": "Rencana 2026", "SubJenis": "Surabaya Selatan", "POINT_X": 112.709925191, "POINT_Y": -7.275640389, "POINT_Z": 0.0 }, "geometry": { "type": "Point", "coordinates": [ 112.709925191000025, -7.275640388999932, 0.0 ] } },
{ "type": "Feature", "properties": { "OID_": 0, "Name": "Mayjen Sungkono 1", "FolderPath": "Data CCTV Usulan + 50 Jalur + Rencana 2026.kmz/Rencana 2026/Surabaya Selatan.kmz/Surabaya Selatan", "Jenis": "Rencana 2026", "SubJenis": "Surabaya Selatan", "POINT_X": 112.707206677, "POINT_Y": -7.288234944, "POINT_Z": 0.0 }, "geometry": { "type": "Point", "coordinates": [ 112.707206677000045, -7.288234943999953, 0.0 ] } },
{ "type": "Feature", "properties": { "OID_": 0, "Name": "Mayjen HR. Muhammad", "FolderPath": "Data CCTV Usulan + 50 Jalur + Rencana 2026.kmz/Rencana 2026/Surabaya Selatan.kmz/Surabaya Selatan", "Jenis": "Rencana 2026", "SubJenis": "Surabaya Selatan", "POINT_X": 112.693111422, "POINT_Y": -7.284472423, "POINT_Z": 0.0 }, "geometry": { "type": "Point", "coordinates": [ 112.693111422000015, -7.284472422999954, 0.0 ] } },
{ "type": "Feature", "properties": { "OID_": 0, "Name": "KH Abdul Wahab Siamin", "FolderPath": "Data CCTV Usulan + 50 Jalur + Rencana 2026.kmz/Rencana 2026/Surabaya Selatan.kmz/Surabaya Selatan", "Jenis": "Rencana 2026", "SubJenis": "Surabaya Selatan", "POINT_X": 112.70685672800001, "POINT_Y": -7.288593424, "POINT_Z": 0.0 }, "geometry": { "type": "Point", "coordinates": [ 112.706856728000048, -7.288593423999941, 0.0 ] } },
{ "type": "Feature", "properties": { "OID_": 0, "Name": "Raya Jajar Tunggal Selatan", "FolderPath": "Data CCTV Usulan + 50 Jalur + Rencana 2026.kmz/Rencana 2026/Surabaya Selatan.kmz/Surabaya Selatan", "Jenis": "Rencana 2026", "SubJenis": "Surabaya Selatan", "POINT_X": 112.70686498000001, "POINT_Y": -7.30168502, "POINT_Z": 0.0 }, "geometry": { "type": "Point", "coordinates": [ 112.706864980000091, -7.301685019999979, 0.0 ] } },
{ "type": "Feature", "properties": { "OID_": 0, "Name": "Raya Dukuh Kupang Barat 1", "FolderPath": "Data CCTV Usulan + 50 Jalur + Rencana 2026.kmz/Rencana 2026/Surabaya Selatan.kmz/Surabaya Selatan", "Jenis": "Rencana 2026", "SubJenis": "Surabaya Selatan", "POINT_X": 112.70881844500001, "POINT_Y": -7.281056916, "POINT_Z": 0.0 }, "geometry": { "type": "Point", "coordinates": [ 112.70881844500002, -7.281056915999955, 0.0 ] } },
{ "type": "Feature", "properties": { "OID_": 0, "Name": "Diponegoro 1", "FolderPath": "Data CCTV Usulan + 50 Jalur + Rencana 2026.kmz/Rencana 2026/Surabaya Selatan.kmz/Surabaya Selatan", "Jenis": "Rencana 2026", "SubJenis": "Surabaya Selatan", "POINT_X": 112.736393691, "POINT_Y": -7.29030041, "POINT_Z": 0.0 }, "geometry": { "type": "Point", "coordinates": [ 112.736393691000103, -7.290300409999929, 0.0 ] } },
{ "type": "Feature", "properties": { "OID_": 0, "Name": "Diponegoro 2", "FolderPath": "Data CCTV Usulan + 50 Jalur + Rencana 2026.kmz/Rencana 2026/Surabaya Selatan.kmz/Surabaya Selatan", "Jenis": "Rencana 2026", "SubJenis": "Surabaya Selatan", "POINT_X": 112.734889135, "POINT_Y": -7.287941624, "POINT_Z": 0.0 }, "geometry": { "type": "Point", "coordinates": [ 112.734889135000117, -7.287941623999927, 0.0 ] } },
{ "type": "Feature", "properties": { "OID_": 0, "Name": "Diponegoro 3", "FolderPath": "Data CCTV Usulan + 50 Jalur + Rencana 2026.kmz/Rencana 2026/Surabaya Selatan.kmz/Surabaya Selatan", "Jenis": "Rencana 2026", "SubJenis": "Surabaya Selatan", "POINT_X": 112.731201274, "POINT_Y": -7.280719467, "POINT_Z": 0.0 }, "geometry": { "type": "Point", "coordinates": [ 112.731201274000114, -7.280719466999926, 0.0 ] } },
{ "type": "Feature", "properties": { "OID_": 0, "Name": "Diponegoro 4", "FolderPath": "Data CCTV Usulan + 50 Jalur + Rencana 2026.kmz/Rencana 2026/Surabaya Selatan.kmz/Surabaya Selatan", "Jenis": "Rencana 2026", "SubJenis": "Surabaya Selatan", "POINT_X": 112.730602326, "POINT_Y": -7.280039937, "POINT_Z": 0.0 }, "geometry": { "type": "Point", "coordinates": [ 112.730602326000053, -7.28003993699997, 0.0 ] } },
{ "type": "Feature", "properties": { "OID_": 0, "Name": "Diponegoro 5", "FolderPath": "Data CCTV Usulan + 50 Jalur + Rencana 2026.kmz/Rencana 2026/Surabaya Selatan.kmz/Surabaya Selatan", "Jenis": "Rencana 2026", "SubJenis": "Surabaya Selatan", "POINT_X": 112.730018722, "POINT_Y": -7.279307878, "POINT_Z": 0.0 }, "geometry": { "type": "Point", "coordinates": [ 112.730018722000068, -7.279307877999941, 0.0 ] } },
{ "type": "Feature", "properties": { "OID_": 0, "Name": "Ciliwung", "FolderPath": "Data CCTV Usulan + 50 Jalur + Rencana 2026.kmz/Rencana 2026/Surabaya Selatan.kmz/Surabaya Selatan", "Jenis": "Rencana 2026", "SubJenis": "Surabaya Selatan", "POINT_X": 112.733349613, "POINT_Y": -7.295552162, "POINT_Z": 0.0 }, "geometry": { "type": "Point", "coordinates": [ 112.733349613000087, -7.295552161999979, 0.0 ] } },
{ "type": "Feature", "properties": { "OID_": 0, "Name": "Kutai", "FolderPath": "Data CCTV Usulan + 50 Jalur + Rencana 2026.kmz/Rencana 2026/Surabaya Selatan.kmz/Surabaya Selatan", "Jenis": "Rencana 2026", "SubJenis": "Surabaya Selatan", "POINT_X": 112.733822985, "POINT_Y": -7.29204785, "POINT_Z": 0.0 }, "geometry": { "type": "Point", "coordinates": [ 112.733822985000074, -7.29204784999996, 0.0 ] } },
{ "type": "Feature", "properties": { "OID_": 0, "Name": "Banjarsugihan 1", "FolderPath": "Data CCTV Usulan + 50 Jalur + Rencana 2026.kmz/Rencana 2026/Surabaya Barat.kmz/Surabaya Barat", "Jenis": "Rencana 2026", "SubJenis": "Surabaya Barat", "POINT_X": 112.65697231599999, "POINT_Y": -7.253537903, "POINT_Z": 0.0 }, "geometry": { "type": "Point", "coordinates": [ 112.656972316000065, -7.253537902999938, 0.0 ] } },
{ "type": "Feature", "properties": { "OID_": 0, "Name": "Banjarsugihan 2", "FolderPath": "Data CCTV Usulan + 50 Jalur + Rencana 2026.kmz/Rencana 2026/Surabaya Barat.kmz/Surabaya Barat", "Jenis": "Rencana 2026", "SubJenis": "Surabaya Barat", "POINT_X": 112.656035011, "POINT_Y": -7.253473307, "POINT_Z": 0.0 }, "geometry": { "type": "Point", "coordinates": [ 112.656035011000085, -7.253473306999979, 0.0 ] } },
{ "type": "Feature", "properties": { "OID_": 0, "Name": "Banjarsugihan 3", "FolderPath": "Data CCTV Usulan + 50 Jalur + Rencana 2026.kmz/Rencana 2026/Surabaya Barat.kmz/Surabaya Barat", "Jenis": "Rencana 2026", "SubJenis": "Surabaya Barat", "POINT_X": 112.65902039700001, "POINT_Y": -7.254357581, "POINT_Z": 0.0 }, "geometry": { "type": "Point", "coordinates": [ 112.659020397000063, -7.254357580999965, 0.0 ] } },
{ "type": "Feature", "properties": { "OID_": 0, "Name": "Banjarsugihan 4", "FolderPath": "Data CCTV Usulan + 50 Jalur + Rencana 2026.kmz/Rencana 2026/Surabaya Barat.kmz/Surabaya Barat", "Jenis": "Rencana 2026", "SubJenis": "Surabaya Barat", "POINT_X": 112.661314295, "POINT_Y": -7.255010856, "POINT_Z": 0.0 }, "geometry": { "type": "Point", "coordinates": [ 112.661314295000011, -7.255010855999956, 0.0 ] } },
{ "type": "Feature", "properties": { "OID_": 0, "Name": "Banjarsugihan 5", "FolderPath": "Data CCTV Usulan + 50 Jalur + Rencana 2026.kmz/Rencana 2026/Surabaya Barat.kmz/Surabaya Barat", "Jenis": "Rencana 2026", "SubJenis": "Surabaya Barat", "POINT_X": 112.66156250900001, "POINT_Y": -7.255197722, "POINT_Z": 0.0 }, "geometry": { "type": "Point", "coordinates": [ 112.661562509000078, -7.255197721999934, 0.0 ] } },
{ "type": "Feature", "properties": { "OID_": 0, "Name": "Banjarsugihan 6", "FolderPath": "Data CCTV Usulan + 50 Jalur + Rencana 2026.kmz/Rencana 2026/Surabaya Barat.kmz/Surabaya Barat", "Jenis": "Rencana 2026", "SubJenis": "Surabaya Barat", "POINT_X": 112.662010829, "POINT_Y": -7.255230938, "POINT_Z": 0.0 }, "geometry": { "type": "Point", "coordinates": [ 112.66201082900011, -7.255230937999954, 0.0 ] } },
{ "type": "Feature", "properties": { "OID_": 0, "Name": "Manukan Kulon 1", "FolderPath": "Data CCTV Usulan + 50 Jalur + Rencana 2026.kmz/Rencana 2026/Surabaya Barat.kmz/Surabaya Barat", "Jenis": "Rencana 2026", "SubJenis": "Surabaya Barat", "POINT_X": 112.665007863, "POINT_Y": -7.256110995, "POINT_Z": 0.0 }, "geometry": { "type": "Point", "coordinates": [ 112.665007863000028, -7.256110994999972, 0.0 ] } },
{ "type": "Feature", "properties": { "OID_": 0, "Name": "Manukan Kulon 2", "FolderPath": "Data CCTV Usulan + 50 Jalur + Rencana 2026.kmz/Rencana 2026/Surabaya Barat.kmz/Surabaya Barat", "Jenis": "Rencana 2026", "SubJenis": "Surabaya Barat", "POINT_X": 112.664738343, "POINT_Y": -7.256085985, "POINT_Z": 0.0 }, "geometry": { "type": "Point", "coordinates": [ 112.664738343000067, -7.25608598499997, 0.0 ] } },
{ "type": "Feature", "properties": { "OID_": 0, "Name": "Manukan Kulon 3", "FolderPath": "Data CCTV Usulan + 50 Jalur + Rencana 2026.kmz/Rencana 2026/Surabaya Barat.kmz/Surabaya Barat", "Jenis": "Rencana 2026", "SubJenis": "Surabaya Barat", "POINT_X": 112.67200079, "POINT_Y": -7.257897239, "POINT_Z": 0.0 }, "geometry": { "type": "Point", "coordinates": [ 112.672000790000084, -7.257897238999931, 0.0 ] } },
{ "type": "Feature", "properties": { "OID_": 0, "Name": "Manukan Kulon 4", "FolderPath": "Data CCTV Usulan + 50 Jalur + Rencana 2026.kmz/Rencana 2026/Surabaya Barat.kmz/Surabaya Barat", "Jenis": "Rencana 2026", "SubJenis": "Surabaya Barat", "POINT_X": 112.672602059, "POINT_Y": -7.257907251, "POINT_Z": 0.0 }, "geometry": { "type": "Point", "coordinates": [ 112.672602059000042, -7.257907250999949, 0.0 ] } },
{ "type": "Feature", "properties": { "OID_": 0, "Name": "Manukan Kulon 5", "FolderPath": "Data CCTV Usulan + 50 Jalur + Rencana 2026.kmz/Rencana 2026/Surabaya Barat.kmz/Surabaya Barat", "Jenis": "Rencana 2026", "SubJenis": "Surabaya Barat", "POINT_X": 112.673422481, "POINT_Y": -7.258105531, "POINT_Z": 0.0 }, "geometry": { "type": "Point", "coordinates": [ 112.673422481000102, -7.258105530999956, 0.0 ] } },
{ "type": "Feature", "properties": { "OID_": 0, "Name": "Manukan Kulon 6", "FolderPath": "Data CCTV Usulan + 50 Jalur + Rencana 2026.kmz/Rencana 2026/Surabaya Barat.kmz/Surabaya Barat", "Jenis": "Rencana 2026", "SubJenis": "Surabaya Barat", "POINT_X": 112.67542331200001, "POINT_Y": -7.258192505, "POINT_Z": 0.0 }, "geometry": { "type": "Point", "coordinates": [ 112.675423312000021, -7.258192504999954, 0.0 ] } },
{ "type": "Feature", "properties": { "OID_": 0, "Name": "Manukan Kulon 7", "FolderPath": "Data CCTV Usulan + 50 Jalur + Rencana 2026.kmz/Rencana 2026/Surabaya Barat.kmz/Surabaya Barat", "Jenis": "Rencana 2026", "SubJenis": "Surabaya Barat", "POINT_X": 112.67682442100001, "POINT_Y": -7.258391557, "POINT_Z": 0.0 }, "geometry": { "type": "Point", "coordinates": [ 112.676824421000106, -7.258391556999925, 0.0 ] } },
{ "type": "Feature", "properties": { "OID_": 0, "Name": "Tandes Lor 1", "FolderPath": "Data CCTV Usulan + 50 Jalur + Rencana 2026.kmz/Rencana 2026/Surabaya Barat.kmz/Surabaya Barat", "Jenis": "Rencana 2026", "SubJenis": "Surabaya Barat", "POINT_X": 112.686825497, "POINT_Y": -7.25940982, "POINT_Z": 0.0 }, "geometry": { "type": "Point", "coordinates": [ 112.686825497000086, -7.259409819999973, 0.0 ] } },
{ "type": "Feature", "properties": { "OID_": 0, "Name": "Tandes Lor 2", "FolderPath": "Data CCTV Usulan + 50 Jalur + Rencana 2026.kmz/Rencana 2026/Surabaya Barat.kmz/Surabaya Barat", "Jenis": "Rencana 2026", "SubJenis": "Surabaya Barat", "POINT_X": 112.686964915, "POINT_Y": -7.259416948, "POINT_Z": 0.0 }, "geometry": { "type": "Point", "coordinates": [ 112.68696491500009, -7.259416947999966, 0.0 ] } },
{ "type": "Feature", "properties": { "OID_": 0, "Name": "Tandes Lor 3", "FolderPath": "Data CCTV Usulan + 50 Jalur + Rencana 2026.kmz/Rencana 2026/Surabaya Barat.kmz/Surabaya Barat", "Jenis": "Rencana 2026", "SubJenis": "Surabaya Barat", "POINT_X": 112.689101826, "POINT_Y": -7.259975178, "POINT_Z": 0.0 }, "geometry": { "type": "Point", "coordinates": [ 112.689101826000069, -7.259975177999934, 0.0 ] } },
{ "type": "Feature", "properties": { "OID_": 0, "Name": "Tandes Lor 4", "FolderPath": "Data CCTV Usulan + 50 Jalur + Rencana 2026.kmz/Rencana 2026/Surabaya Barat.kmz/Surabaya Barat", "Jenis": "Rencana 2026", "SubJenis": "Surabaya Barat", "POINT_X": 112.689322386, "POINT_Y": -7.260132329, "POINT_Z": 0.0 }, "geometry": { "type": "Point", "coordinates": [ 112.689322386000072, -7.26013232899993, 0.0 ] } },
{ "type": "Feature", "properties": { "OID_": 0, "Name": "Tanjung Sari 1", "FolderPath": "Data CCTV Usulan + 50 Jalur + Rencana 2026.kmz/Rencana 2026/Surabaya Barat.kmz/Surabaya Barat", "Jenis": "Rencana 2026", "SubJenis": "Surabaya Barat", "POINT_X": 112.697047498, "POINT_Y": -7.257989309, "POINT_Z": 0.0 }, "geometry": { "type": "Point", "coordinates": [ 112.697047498000074, -7.257989308999981, 0.0 ] } },
{ "type": "Feature", "properties": { "OID_": 0, "Name": "Tanjung Sari 2", "FolderPath": "Data CCTV Usulan + 50 Jalur + Rencana 2026.kmz/Rencana 2026/Surabaya Barat.kmz/Surabaya Barat", "Jenis": "Rencana 2026", "SubJenis": "Surabaya Barat", "POINT_X": 112.703511859, "POINT_Y": -7.25422727, "POINT_Z": 0.0 }, "geometry": { "type": "Point", "coordinates": [ 112.703511859000059, -7.254227269999944, 0.0 ] } },
{ "type": "Feature", "properties": { "OID_": 0, "Name": "Tanjung Sari 3", "FolderPath": "Data CCTV Usulan + 50 Jalur + Rencana 2026.kmz/Rencana 2026/Surabaya Barat.kmz/Surabaya Barat", "Jenis": "Rencana 2026", "SubJenis": "Surabaya Barat", "POINT_X": 112.705122776, "POINT_Y": -7.253322506, "POINT_Z": 0.0 }, "geometry": { "type": "Point", "coordinates": [ 112.705122776000053, -7.253322505999961, 0.0 ] } },
{ "type": "Feature", "properties": { "OID_": 0, "Name": "Tambak Mayor 1", "FolderPath": "Data CCTV Usulan + 50 Jalur + Rencana 2026.kmz/Rencana 2026/Surabaya Barat.kmz/Surabaya Barat", "Jenis": "Rencana 2026", "SubJenis": "Surabaya Barat", "POINT_X": 112.707319697, "POINT_Y": -7.253448719, "POINT_Z": 0.0 }, "geometry": { "type": "Point", "coordinates": [ 112.707319697000116, -7.253448718999948, 0.0 ] } },
{ "type": "Feature", "properties": { "OID_": 0, "Name": "Tambak Mayor 2", "FolderPath": "Data CCTV Usulan + 50 Jalur + Rencana 2026.kmz/Rencana 2026/Surabaya Barat.kmz/Surabaya Barat", "Jenis": "Rencana 2026", "SubJenis": "Surabaya Barat", "POINT_X": 112.707840456, "POINT_Y": -7.253573607, "POINT_Z": 0.0 }, "geometry": { "type": "Point", "coordinates": [ 112.707840456000099, -7.253573606999964, 0.0 ] } },
{ "type": "Feature", "properties": { "OID_": 0, "Name": "Tambak Mayor 3", "FolderPath": "Data CCTV Usulan + 50 Jalur + Rencana 2026.kmz/Rencana 2026/Surabaya Barat.kmz/Surabaya Barat", "Jenis": "Rencana 2026", "SubJenis": "Surabaya Barat", "POINT_X": 112.70881877799999, "POINT_Y": -7.253515142, "POINT_Z": 0.0 }, "geometry": { "type": "Point", "coordinates": [ 112.708818778000023, -7.253515141999969, 0.0 ] } },
{ "type": "Feature", "properties": { "OID_": 0, "Name": "Tambak Mayor 4", "FolderPath": "Data CCTV Usulan + 50 Jalur + Rencana 2026.kmz/Rencana 2026/Surabaya Barat.kmz/Surabaya Barat", "Jenis": "Rencana 2026", "SubJenis": "Surabaya Barat", "POINT_X": 112.708992424, "POINT_Y": -7.251118983, "POINT_Z": 0.0 }, "geometry": { "type": "Point", "coordinates": [ 112.70899242400003, -7.251118982999969, 0.0 ] } },
{ "type": "Feature", "properties": { "OID_": 0, "Name": "Tambak Mayor 5", "FolderPath": "Data CCTV Usulan + 50 Jalur + Rencana 2026.kmz/Rencana 2026/Surabaya Barat.kmz/Surabaya Barat", "Jenis": "Rencana 2026", "SubJenis": "Surabaya Barat", "POINT_X": 112.710588523, "POINT_Y": -7.251464303, "POINT_Z": 0.0 }, "geometry": { "type": "Point", "coordinates": [ 112.710588523000069, -7.251464302999977, 0.0 ] } },
{ "type": "Feature", "properties": { "OID_": 0, "Name": "Tambak Mayor 6", "FolderPath": "Data CCTV Usulan + 50 Jalur + Rencana 2026.kmz/Rencana 2026/Surabaya Barat.kmz/Surabaya Barat", "Jenis": "Rencana 2026", "SubJenis": "Surabaya Barat", "POINT_X": 112.710668098, "POINT_Y": -7.251536482, "POINT_Z": 0.0 }, "geometry": { "type": "Point", "coordinates": [ 112.710668098000042, -7.251536481999949, 0.0 ] } },
{ "type": "Feature", "properties": { "OID_": 0, "Name": "Dupak Rukun 1", "FolderPath": "Data CCTV Usulan + 50 Jalur + Rencana 2026.kmz/Rencana 2026/Surabaya Barat.kmz/Surabaya Barat", "Jenis": "Rencana 2026", "SubJenis": "Surabaya Barat", "POINT_X": 112.71097355400001, "POINT_Y": -7.248110603, "POINT_Z": 0.0 }, "geometry": { "type": "Point", "coordinates": [ 112.71097355400002, -7.24811060299993, 0.0 ] } },
{ "type": "Feature", "properties": { "OID_": 0, "Name": "Dupak Rukun 2", "FolderPath": "Data CCTV Usulan + 50 Jalur + Rencana 2026.kmz/Rencana 2026/Surabaya Barat.kmz/Surabaya Barat", "Jenis": "Rencana 2026", "SubJenis": "Surabaya Barat", "POINT_X": 112.71111680600001, "POINT_Y": -7.2482348, "POINT_Z": 0.0 }, "geometry": { "type": "Point", "coordinates": [ 112.711116806000064, -7.248234799999977, 0.0 ] } },
{ "type": "Feature", "properties": { "OID_": 0, "Name": "Manukan Tama 1", "FolderPath": "Data CCTV Usulan + 50 Jalur + Rencana 2026.kmz/Rencana 2026/Surabaya Barat.kmz/Surabaya Barat", "Jenis": "Rencana 2026", "SubJenis": "Surabaya Barat", "POINT_X": 112.667553869, "POINT_Y": -7.260171552, "POINT_Z": 0.0 }, "geometry": { "type": "Point", "coordinates": [ 112.667553869000017, -7.260171551999974, 0.0 ] } },
{ "type": "Feature", "properties": { "OID_": 0, "Name": "Manukan Tama 2", "FolderPath": "Data CCTV Usulan + 50 Jalur + Rencana 2026.kmz/Rencana 2026/Surabaya Barat.kmz/Surabaya Barat", "Jenis": "Rencana 2026", "SubJenis": "Surabaya Barat", "POINT_X": 112.66753060800001, "POINT_Y": -7.260353453, "POINT_Z": 0.0 }, "geometry": { "type": "Point", "coordinates": [ 112.667530608000106, -7.260353452999937, 0.0 ] } },
{ "type": "Feature", "properties": { "OID_": 0, "Name": "Manukan Tama 3", "FolderPath": "Data CCTV Usulan + 50 Jalur + Rencana 2026.kmz/Rencana 2026/Surabaya Barat.kmz/Surabaya Barat", "Jenis": "Rencana 2026", "SubJenis": "Surabaya Barat", "POINT_X": 112.667264786, "POINT_Y": -7.262591178, "POINT_Z": 0.0 }, "geometry": { "type": "Point", "coordinates": [ 112.667264786000032, -7.26259117799998, 0.0 ] } },
{ "type": "Feature", "properties": { "OID_": 0, "Name": "Manukan Tama 4", "FolderPath": "Data CCTV Usulan + 50 Jalur + Rencana 2026.kmz/Rencana 2026/Surabaya Barat.kmz/Surabaya Barat", "Jenis": "Rencana 2026", "SubJenis": "Surabaya Barat", "POINT_X": 112.66725506100001, "POINT_Y": -7.262709829, "POINT_Z": 0.0 }, "geometry": { "type": "Point", "coordinates": [ 112.667255061000105, -7.262709828999959, 0.0 ] } },
{ "type": "Feature", "properties": { "OID_": 0, "Name": "Manukan Tama 5", "FolderPath": "Data CCTV Usulan + 50 Jalur + Rencana 2026.kmz/Rencana 2026/Surabaya Barat.kmz/Surabaya Barat", "Jenis": "Rencana 2026", "SubJenis": "Surabaya Barat", "POINT_X": 112.666664, "POINT_Y": -7.265692493, "POINT_Z": 0.0 }, "geometry": { "type": "Point", "coordinates": [ 112.666664, -7.26569249299996, 0.0 ] } },
{ "type": "Feature", "properties": { "OID_": 0, "Name": "Manukan Tama 6", "FolderPath": "Data CCTV Usulan + 50 Jalur + Rencana 2026.kmz/Rencana 2026/Surabaya Barat.kmz/Surabaya Barat", "Jenis": "Rencana 2026", "SubJenis": "Surabaya Barat", "POINT_X": 112.666632886, "POINT_Y": -7.265865314, "POINT_Z": 0.0 }, "geometry": { "type": "Point", "coordinates": [ 112.666632886000116, -7.265865313999939, 0.0 ] } },
{ "type": "Feature", "properties": { "OID_": 0, "Name": "Manukan Tama 7", "FolderPath": "Data CCTV Usulan + 50 Jalur + Rencana 2026.kmz/Rencana 2026/Surabaya Barat.kmz/Surabaya Barat", "Jenis": "Rencana 2026", "SubJenis": "Surabaya Barat", "POINT_X": 112.666109758, "POINT_Y": -7.268216123, "POINT_Z": 0.0 }, "geometry": { "type": "Point", "coordinates": [ 112.666109758000061, -7.268216122999945, 0.0 ] } },
{ "type": "Feature", "properties": { "OID_": 0, "Name": "Tambak Osowilangon 1", "FolderPath": "Data CCTV Usulan + 50 Jalur + Rencana 2026.kmz/Rencana 2026/Surabaya Barat.kmz/Surabaya Barat", "Jenis": "Rencana 2026", "SubJenis": "Surabaya Barat", "POINT_X": 112.649350455, "POINT_Y": -7.202125342, "POINT_Z": 0.0 }, "geometry": { "type": "Point", "coordinates": [ 112.649350455000103, -7.202125341999931, 0.0 ] } },
{ "type": "Feature", "properties": { "OID_": 0, "Name": "Tambak Osowilangon 2", "FolderPath": "Data CCTV Usulan + 50 Jalur + Rencana 2026.kmz/Rencana 2026/Surabaya Barat.kmz/Surabaya Barat", "Jenis": "Rencana 2026", "SubJenis": "Surabaya Barat", "POINT_X": 112.649344963, "POINT_Y": -7.202131955, "POINT_Z": 0.0 }, "geometry": { "type": "Point", "coordinates": [ 112.64934496300009, -7.20213195499997, 0.0 ] } },
{ "type": "Feature", "properties": { "OID_": 0, "Name": "Tambak Osowilangon 3", "FolderPath": "Data CCTV Usulan + 50 Jalur + Rencana 2026.kmz/Rencana 2026/Surabaya Barat.kmz/Surabaya Barat", "Jenis": "Rencana 2026", "SubJenis": "Surabaya Barat", "POINT_X": 112.653850164, "POINT_Y": -7.215149274, "POINT_Z": 0.0 }, "geometry": { "type": "Point", "coordinates": [ 112.653850164, -7.215149273999941, 0.0 ] } },
{ "type": "Feature", "properties": { "OID_": 0, "Name": "Tambak Osowilangon 4", "FolderPath": "Data CCTV Usulan + 50 Jalur + Rencana 2026.kmz/Rencana 2026/Surabaya Barat.kmz/Surabaya Barat", "Jenis": "Rencana 2026", "SubJenis": "Surabaya Barat", "POINT_X": 112.653977893, "POINT_Y": -7.215590966, "POINT_Z": 0.0 }, "geometry": { "type": "Point", "coordinates": [ 112.653977893000047, -7.215590965999979, 0.0 ] } },
{ "type": "Feature", "properties": { "OID_": 0, "Name": "Gresik 1", "FolderPath": "Data CCTV Usulan + 50 Jalur + Rencana 2026.kmz/Rencana 2026/Surabaya Barat.kmz/Surabaya Barat", "Jenis": "Rencana 2026", "SubJenis": "Surabaya Barat", "POINT_X": 112.659919606, "POINT_Y": -7.222785231, "POINT_Z": 0.0 }, "geometry": { "type": "Point", "coordinates": [ 112.659919606000017, -7.222785230999932, 0.0 ] } },
{ "type": "Feature", "properties": { "OID_": 0, "Name": "Gresik 2", "FolderPath": "Data CCTV Usulan + 50 Jalur + Rencana 2026.kmz/Rencana 2026/Surabaya Barat.kmz/Surabaya Barat", "Jenis": "Rencana 2026", "SubJenis": "Surabaya Barat", "POINT_X": 112.660161011, "POINT_Y": -7.222920487, "POINT_Z": 0.0 }, "geometry": { "type": "Point", "coordinates": [ 112.660161011000014, -7.222920486999953, 0.0 ] } },
{ "type": "Feature", "properties": { "OID_": 0, "Name": "Gresik 3", "FolderPath": "Data CCTV Usulan + 50 Jalur + Rencana 2026.kmz/Rencana 2026/Surabaya Barat.kmz/Surabaya Barat", "Jenis": "Rencana 2026", "SubJenis": "Surabaya Barat", "POINT_X": 112.66334588399999, "POINT_Y": -7.224435172, "POINT_Z": 0.0 }, "geometry": { "type": "Point", "coordinates": [ 112.663345884000023, -7.224435171999971, 0.0 ] } },
{ "type": "Feature", "properties": { "OID_": 0, "Name": "Gresik 4", "FolderPath": "Data CCTV Usulan + 50 Jalur + Rencana 2026.kmz/Rencana 2026/Surabaya Barat.kmz/Surabaya Barat", "Jenis": "Rencana 2026", "SubJenis": "Surabaya Barat", "POINT_X": 112.664163797, "POINT_Y": -7.224868235, "POINT_Z": 0.0 }, "geometry": { "type": "Point", "coordinates": [ 112.664163797000015, -7.224868234999974, 0.0 ] } },
{ "type": "Feature", "properties": { "OID_": 0, "Name": "Gresik 5", "FolderPath": "Data CCTV Usulan + 50 Jalur + Rencana 2026.kmz/Rencana 2026/Surabaya Barat.kmz/Surabaya Barat", "Jenis": "Rencana 2026", "SubJenis": "Surabaya Barat", "POINT_X": 112.66573927, "POINT_Y": -7.22571784, "POINT_Z": 0.0 }, "geometry": { "type": "Point", "coordinates": [ 112.665739270000017, -7.225717839999959, 0.0 ] } },
{ "type": "Feature", "properties": { "OID_": 0, "Name": "Gresik 6", "FolderPath": "Data CCTV Usulan + 50 Jalur + Rencana 2026.kmz/Rencana 2026/Surabaya Barat.kmz/Surabaya Barat", "Jenis": "Rencana 2026", "SubJenis": "Surabaya Barat", "POINT_X": 112.670786338, "POINT_Y": -7.228628895, "POINT_Z": 0.0 }, "geometry": { "type": "Point", "coordinates": [ 112.670786338000084, -7.228628894999929, 0.0 ] } },
{ "type": "Feature", "properties": { "OID_": 0, "Name": "Gresik 7", "FolderPath": "Data CCTV Usulan + 50 Jalur + Rencana 2026.kmz/Rencana 2026/Surabaya Barat.kmz/Surabaya Barat", "Jenis": "Rencana 2026", "SubJenis": "Surabaya Barat", "POINT_X": 112.68465046, "POINT_Y": -7.22955741, "POINT_Z": 0.0 }, "geometry": { "type": "Point", "coordinates": [ 112.684650460000057, -7.229557409999927, 0.0 ] } },
{ "type": "Feature", "properties": { "OID_": 0, "Name": "Gresik 8", "FolderPath": "Data CCTV Usulan + 50 Jalur + Rencana 2026.kmz/Rencana 2026/Surabaya Barat.kmz/Surabaya Barat", "Jenis": "Rencana 2026", "SubJenis": "Surabaya Barat", "POINT_X": 112.687591016, "POINT_Y": -7.229444029, "POINT_Z": 0.0 }, "geometry": { "type": "Point", "coordinates": [ 112.687591016000056, -7.229444028999978, 0.0 ] } },
{ "type": "Feature", "properties": { "OID_": 0, "Name": "Gresik 9", "FolderPath": "Data CCTV Usulan + 50 Jalur + Rencana 2026.kmz/Rencana 2026/Surabaya Barat.kmz/Surabaya Barat", "Jenis": "Rencana 2026", "SubJenis": "Surabaya Barat", "POINT_X": 112.686336247, "POINT_Y": -7.229514854, "POINT_Z": 0.0 }, "geometry": { "type": "Point", "coordinates": [ 112.686336247000099, -7.229514853999945, 0.0 ] } },
{ "type": "Feature", "properties": { "OID_": 0, "Name": "Kalianak 1", "FolderPath": "Data CCTV Usulan + 50 Jalur + Rencana 2026.kmz/Rencana 2026/Surabaya Barat.kmz/Surabaya Barat", "Jenis": "Rencana 2026", "SubJenis": "Surabaya Barat", "POINT_X": 112.719184398, "POINT_Y": -7.23185826, "POINT_Z": 0.0 }, "geometry": { "type": "Point", "coordinates": [ 112.719184398000039, -7.231858259999967, 0.0 ] } },
{ "type": "Feature", "properties": { "OID_": 0, "Name": "Kalianak 2", "FolderPath": "Data CCTV Usulan + 50 Jalur + Rencana 2026.kmz/Rencana 2026/Surabaya Barat.kmz/Surabaya Barat", "Jenis": "Rencana 2026", "SubJenis": "Surabaya Barat", "POINT_X": 112.71853716, "POINT_Y": -7.231822416, "POINT_Z": 0.0 }, "geometry": { "type": "Point", "coordinates": [ 112.718537160000096, -7.231822415999943, 0.0 ] } },
{ "type": "Feature", "properties": { "OID_": 0, "Name": "Kalianak 3", "FolderPath": "Data CCTV Usulan + 50 Jalur + Rencana 2026.kmz/Rencana 2026/Surabaya Barat.kmz/Surabaya Barat", "Jenis": "Rencana 2026", "SubJenis": "Surabaya Barat", "POINT_X": 112.715435458, "POINT_Y": -7.23121521, "POINT_Z": 0.0 }, "geometry": { "type": "Point", "coordinates": [ 112.715435458000115, -7.231215209999959, 0.0 ] } },
{ "type": "Feature", "properties": { "OID_": 0, "Name": "Kalianak 4", "FolderPath": "Data CCTV Usulan + 50 Jalur + Rencana 2026.kmz/Rencana 2026/Surabaya Barat.kmz/Surabaya Barat", "Jenis": "Rencana 2026", "SubJenis": "Surabaya Barat", "POINT_X": 112.712131364, "POINT_Y": -7.230422222, "POINT_Z": 0.0 }, "geometry": { "type": "Point", "coordinates": [ 112.712131364000015, -7.230422221999959, 0.0 ] } },
{ "type": "Feature", "properties": { "OID_": 0, "Name": "Kalianak 5", "FolderPath": "Data CCTV Usulan + 50 Jalur + Rencana 2026.kmz/Rencana 2026/Surabaya Barat.kmz/Surabaya Barat", "Jenis": "Rencana 2026", "SubJenis": "Surabaya Barat", "POINT_X": 112.71137940600001, "POINT_Y": -7.23028638, "POINT_Z": 0.0 }, "geometry": { "type": "Point", "coordinates": [ 112.711379406000106, -7.230286379999939, 0.0 ] } },
{ "type": "Feature", "properties": { "OID_": 0, "Name": "Kalianak 6", "FolderPath": "Data CCTV Usulan + 50 Jalur + Rencana 2026.kmz/Rencana 2026/Surabaya Barat.kmz/Surabaya Barat", "Jenis": "Rencana 2026", "SubJenis": "Surabaya Barat", "POINT_X": 112.707812322, "POINT_Y": -7.229541176, "POINT_Z": 0.0 }, "geometry": { "type": "Point", "coordinates": [ 112.707812322000109, -7.229541175999941, 0.0 ] } },
{ "type": "Feature", "properties": { "OID_": 0, "Name": "Satelit Indah 1", "FolderPath": "Data CCTV Usulan + 50 Jalur + Rencana 2026.kmz/Rencana 2026/Surabaya Barat.kmz/Surabaya Barat", "Jenis": "Rencana 2026", "SubJenis": "Surabaya Barat", "POINT_X": 112.693617985, "POINT_Y": -7.266996495, "POINT_Z": 0.0 }, "geometry": { "type": "Point", "coordinates": [ 112.69361798500006, -7.266996494999944, 0.0 ] } },
{ "type": "Feature", "properties": { "OID_": 0, "Name": "Satelit Indah 2", "FolderPath": "Data CCTV Usulan + 50 Jalur + Rencana 2026.kmz/Rencana 2026/Surabaya Barat.kmz/Surabaya Barat", "Jenis": "Rencana 2026", "SubJenis": "Surabaya Barat", "POINT_X": 112.693602975, "POINT_Y": -7.267109675, "POINT_Z": 0.0 }, "geometry": { "type": "Point", "coordinates": [ 112.69360297500009, -7.267109674999972, 0.0 ] } },
{ "type": "Feature", "properties": { "OID_": 0, "Name": "Satelit Indah 3", "FolderPath": "Data CCTV Usulan + 50 Jalur + Rencana 2026.kmz/Rencana 2026/Surabaya Barat.kmz/Surabaya Barat", "Jenis": "Rencana 2026", "SubJenis": "Surabaya Barat", "POINT_X": 112.689823057, "POINT_Y": -7.264309946, "POINT_Z": 0.0 }, "geometry": { "type": "Point", "coordinates": [ 112.689823057000012, -7.264309945999969, 0.0 ] } },
{ "type": "Feature", "properties": { "OID_": 0, "Name": "Satelit Indah 4", "FolderPath": "Data CCTV Usulan + 50 Jalur + Rencana 2026.kmz/Rencana 2026/Surabaya Barat.kmz/Surabaya Barat", "Jenis": "Rencana 2026", "SubJenis": "Surabaya Barat", "POINT_X": 112.690108063, "POINT_Y": -7.264518962, "POINT_Z": 0.0 }, "geometry": { "type": "Point", "coordinates": [ 112.690108063000025, -7.264518961999954, 0.0 ] } },
{ "type": "Feature", "properties": { "OID_": 0, "Name": "Satelit Indah 5", "FolderPath": "Data CCTV Usulan + 50 Jalur + Rencana 2026.kmz/Rencana 2026/Surabaya Barat.kmz/Surabaya Barat", "Jenis": "Rencana 2026", "SubJenis": "Surabaya Barat", "POINT_X": 112.687598455, "POINT_Y": -7.264142663, "POINT_Z": 0.0 }, "geometry": { "type": "Point", "coordinates": [ 112.687598455000057, -7.264142662999973, 0.0 ] } },
{ "type": "Feature", "properties": { "OID_": 0, "Name": "Satelit Indah 6", "FolderPath": "Data CCTV Usulan + 50 Jalur + Rencana 2026.kmz/Rencana 2026/Surabaya Barat.kmz/Surabaya Barat", "Jenis": "Rencana 2026", "SubJenis": "Surabaya Barat", "POINT_X": 112.687803606, "POINT_Y": -7.264298728, "POINT_Z": 0.0 }, "geometry": { "type": "Point", "coordinates": [ 112.687803606000102, -7.264298727999972, 0.0 ] } },
{ "type": "Feature", "properties": { "OID_": 0, "Name": "Sukomanunggal 1", "FolderPath": "Data CCTV Usulan + 50 Jalur + Rencana 2026.kmz/Rencana 2026/Surabaya Barat.kmz/Surabaya Barat", "Jenis": "Rencana 2026", "SubJenis": "Surabaya Barat", "POINT_X": 112.695981805, "POINT_Y": -7.263307548, "POINT_Z": 0.0 }, "geometry": { "type": "Point", "coordinates": [ 112.695981805000088, -7.263307547999943, 0.0 ] } },
{ "type": "Feature", "properties": { "OID_": 0, "Name": "Sukomanunggal 2", "FolderPath": "Data CCTV Usulan + 50 Jalur + Rencana 2026.kmz/Rencana 2026/Surabaya Barat.kmz/Surabaya Barat", "Jenis": "Rencana 2026", "SubJenis": "Surabaya Barat", "POINT_X": 112.69960551600001, "POINT_Y": -7.265969183, "POINT_Z": 0.0 }, "geometry": { "type": "Point", "coordinates": [ 112.69960551600002, -7.265969182999982, 0.0 ] } },
{ "type": "Feature", "properties": { "OID_": 0, "Name": "Simo 1", "FolderPath": "Data CCTV Usulan + 50 Jalur + Rencana 2026.kmz/Rencana 2026/Surabaya Barat.kmz/Surabaya Barat", "Jenis": "Rencana 2026", "SubJenis": "Surabaya Barat", "POINT_X": 112.702751105, "POINT_Y": -7.267357532, "POINT_Z": 0.0 }, "geometry": { "type": "Point", "coordinates": [ 112.702751105000061, -7.267357531999949, 0.0 ] } },
{ "type": "Feature", "properties": { "OID_": 0, "Name": "Simo 2", "FolderPath": "Data CCTV Usulan + 50 Jalur + Rencana 2026.kmz/Rencana 2026/Surabaya Barat.kmz/Surabaya Barat", "Jenis": "Rencana 2026", "SubJenis": "Surabaya Barat", "POINT_X": 112.704405897, "POINT_Y": -7.266981331, "POINT_Z": 0.0 }, "geometry": { "type": "Point", "coordinates": [ 112.704405897000015, -7.266981330999954, 0.0 ] } },
{ "type": "Feature", "properties": { "OID_": 0, "Name": "Simo 3", "FolderPath": "Data CCTV Usulan + 50 Jalur + Rencana 2026.kmz/Rencana 2026/Surabaya Barat.kmz/Surabaya Barat", "Jenis": "Rencana 2026", "SubJenis": "Surabaya Barat", "POINT_X": 112.710138204, "POINT_Y": -7.267911503, "POINT_Z": 0.0 }, "geometry": { "type": "Point", "coordinates": [ 112.710138204000032, -7.267911502999937, 0.0 ] } },
{ "type": "Feature", "properties": { "OID_": 0, "Name": "Simo 4", "FolderPath": "Data CCTV Usulan + 50 Jalur + Rencana 2026.kmz/Rencana 2026/Surabaya Barat.kmz/Surabaya Barat", "Jenis": "Rencana 2026", "SubJenis": "Surabaya Barat", "POINT_X": 112.708824952, "POINT_Y": -7.26741028, "POINT_Z": 0.0 }, "geometry": { "type": "Point", "coordinates": [ 112.7088249520001, -7.267410279999979, 0.0 ] } },
{ "type": "Feature", "properties": { "OID_": 0, "Name": "Kupang Jaya 1", "FolderPath": "Data CCTV Usulan + 50 Jalur + Rencana 2026.kmz/Rencana 2026/Surabaya Barat.kmz/Surabaya Barat", "Jenis": "Rencana 2026", "SubJenis": "Surabaya Barat", "POINT_X": 112.70241747199999, "POINT_Y": -7.27485636, "POINT_Z": 0.0 }, "geometry": { "type": "Point", "coordinates": [ 112.702417472000093, -7.274856359999944, 0.0 ] } },
{ "type": "Feature", "properties": { "OID_": 0, "Name": "Kupang Jaya 2", "FolderPath": "Data CCTV Usulan + 50 Jalur + Rencana 2026.kmz/Rencana 2026/Surabaya Barat.kmz/Surabaya Barat", "Jenis": "Rencana 2026", "SubJenis": "Surabaya Barat", "POINT_X": 112.702495759, "POINT_Y": -7.274857943, "POINT_Z": 0.0 }, "geometry": { "type": "Point", "coordinates": [ 112.702495759000044, -7.274857942999972, 0.0 ] } },
{ "type": "Feature", "properties": { "OID_": 0, "Name": "Kupang Jaya 3", "FolderPath": "Data CCTV Usulan + 50 Jalur + Rencana 2026.kmz/Rencana 2026/Surabaya Barat.kmz/Surabaya Barat", "Jenis": "Rencana 2026", "SubJenis": "Surabaya Barat", "POINT_X": 112.705708917, "POINT_Y": -7.275694744, "POINT_Z": 0.0 }, "geometry": { "type": "Point", "coordinates": [ 112.705708917000038, -7.275694743999964, 0.0 ] } },
{ "type": "Feature", "properties": { "OID_": 0, "Name": "Kupang Jaya 4", "FolderPath": "Data CCTV Usulan + 50 Jalur + Rencana 2026.kmz/Rencana 2026/Surabaya Barat.kmz/Surabaya Barat", "Jenis": "Rencana 2026", "SubJenis": "Surabaya Barat", "POINT_X": 112.70603551799999, "POINT_Y": -7.275758549, "POINT_Z": 0.0 }, "geometry": { "type": "Point", "coordinates": [ 112.706035518000022, -7.275758548999931, 0.0 ] } },
{ "type": "Feature", "properties": { "OID_": 0, "Name": "Kupang Jaya 5", "FolderPath": "Data CCTV Usulan + 50 Jalur + Rencana 2026.kmz/Rencana 2026/Surabaya Barat.kmz/Surabaya Barat", "Jenis": "Rencana 2026", "SubJenis": "Surabaya Barat", "POINT_X": 112.70703941399999, "POINT_Y": -7.275857368, "POINT_Z": 0.0 }, "geometry": { "type": "Point", "coordinates": [ 112.707039414000064, -7.275857367999947, 0.0 ] } },
{ "type": "Feature", "properties": { "OID_": 0, "Name": "Sememi Jaya 1", "FolderPath": "Data CCTV Usulan + 50 Jalur + Rencana 2026.kmz/Rencana 2026/Surabaya Barat.kmz/Surabaya Barat", "Jenis": "Rencana 2026", "SubJenis": "Surabaya Barat", "POINT_X": 112.638882563, "POINT_Y": -7.247528078, "POINT_Z": 0.0 }, "geometry": { "type": "Point", "coordinates": [ 112.638882563000038, -7.247528077999959, 0.0 ] } },
{ "type": "Feature", "properties": { "OID_": 0, "Name": "Sememi Jaya 2", "FolderPath": "Data CCTV Usulan + 50 Jalur + Rencana 2026.kmz/Rencana 2026/Surabaya Barat.kmz/Surabaya Barat", "Jenis": "Rencana 2026", "SubJenis": "Surabaya Barat", "POINT_X": 112.640853068, "POINT_Y": -7.247903488, "POINT_Z": 0.0 }, "geometry": { "type": "Point", "coordinates": [ 112.640853068000069, -7.247903487999963, 0.0 ] } },
{ "type": "Feature", "properties": { "OID_": 0, "Name": "Sememi Jaya 3", "FolderPath": "Data CCTV Usulan + 50 Jalur + Rencana 2026.kmz/Rencana 2026/Surabaya Barat.kmz/Surabaya Barat", "Jenis": "Rencana 2026", "SubJenis": "Surabaya Barat", "POINT_X": 112.64048673800001, "POINT_Y": -7.247843137, "POINT_Z": 0.0 }, "geometry": { "type": "Point", "coordinates": [ 112.64048673800005, -7.247843136999961, 0.0 ] } },
{ "type": "Feature", "properties": { "OID_": 0, "Name": "Sememi Jaya 4", "FolderPath": "Data CCTV Usulan + 50 Jalur + Rencana 2026.kmz/Rencana 2026/Surabaya Barat.kmz/Surabaya Barat", "Jenis": "Rencana 2026", "SubJenis": "Surabaya Barat", "POINT_X": 112.64190506600001, "POINT_Y": -7.248381447, "POINT_Z": 0.0 }, "geometry": { "type": "Point", "coordinates": [ 112.641905066000049, -7.248381446999929, 0.0 ] } },
{ "type": "Feature", "properties": { "OID_": 0, "Name": "Sememi Jaya 5", "FolderPath": "Data CCTV Usulan + 50 Jalur + Rencana 2026.kmz/Rencana 2026/Surabaya Barat.kmz/Surabaya Barat", "Jenis": "Rencana 2026", "SubJenis": "Surabaya Barat", "POINT_X": 112.642797456, "POINT_Y": -7.249312509, "POINT_Z": 0.0 }, "geometry": { "type": "Point", "coordinates": [ 112.642797456000039, -7.249312508999935, 0.0 ] } },
{ "type": "Feature", "properties": { "OID_": 0, "Name": "Sememi Jaya 6", "FolderPath": "Data CCTV Usulan + 50 Jalur + Rencana 2026.kmz/Rencana 2026/Surabaya Barat.kmz/Surabaya Barat", "Jenis": "Rencana 2026", "SubJenis": "Surabaya Barat", "POINT_X": 112.642943665, "POINT_Y": -7.249434254, "POINT_Z": 0.0 }, "geometry": { "type": "Point", "coordinates": [ 112.642943665000075, -7.249434253999937, 0.0 ] } },
{ "type": "Feature", "properties": { "OID_": 0, "Name": "Sememi Jaya 7", "FolderPath": "Data CCTV Usulan + 50 Jalur + Rencana 2026.kmz/Rencana 2026/Surabaya Barat.kmz/Surabaya Barat", "Jenis": "Rencana 2026", "SubJenis": "Surabaya Barat", "POINT_X": 112.643743406, "POINT_Y": -7.249932994, "POINT_Z": 0.0 }, "geometry": { "type": "Point", "coordinates": [ 112.643743406000112, -7.249932993999948, 0.0 ] } },
{ "type": "Feature", "properties": { "OID_": 0, "Name": "Sememi Jaya 8", "FolderPath": "Data CCTV Usulan + 50 Jalur + Rencana 2026.kmz/Rencana 2026/Surabaya Barat.kmz/Surabaya Barat", "Jenis": "Rencana 2026", "SubJenis": "Surabaya Barat", "POINT_X": 112.64363907400001, "POINT_Y": -7.249892527, "POINT_Z": 0.0 }, "geometry": { "type": "Point", "coordinates": [ 112.643639074000021, -7.249892526999929, 0.0 ] } },
{ "type": "Feature", "properties": { "OID_": 0, "Name": "Sememi Jaya 9", "FolderPath": "Data CCTV Usulan + 50 Jalur + Rencana 2026.kmz/Rencana 2026/Surabaya Barat.kmz/Surabaya Barat", "Jenis": "Rencana 2026", "SubJenis": "Surabaya Barat", "POINT_X": 112.64576900199999, "POINT_Y": -7.250534971, "POINT_Z": 0.0 }, "geometry": { "type": "Point", "coordinates": [ 112.645769002000065, -7.250534970999979, 0.0 ] } },
{ "type": "Feature", "properties": { "OID_": 0, "Name": "Sememi Jaya 10", "FolderPath": "Data CCTV Usulan + 50 Jalur + Rencana 2026.kmz/Rencana 2026/Surabaya Barat.kmz/Surabaya Barat", "Jenis": "Rencana 2026", "SubJenis": "Surabaya Barat", "POINT_X": 112.645782666, "POINT_Y": -7.250559948, "POINT_Z": 0.0 }, "geometry": { "type": "Point", "coordinates": [ 112.645782666000059, -7.250559947999932, 0.0 ] } },
{ "type": "Feature", "properties": { "OID_": 0, "Name": "Kandangan 1", "FolderPath": "Data CCTV Usulan + 50 Jalur + Rencana 2026.kmz/Rencana 2026/Surabaya Barat.kmz/Surabaya Barat", "Jenis": "Rencana 2026", "SubJenis": "Surabaya Barat", "POINT_X": 112.649623616, "POINT_Y": -7.251847284, "POINT_Z": 0.0 }, "geometry": { "type": "Point", "coordinates": [ 112.649623616000099, -7.25184728399995, 0.0 ] } },
{ "type": "Feature", "properties": { "OID_": 0, "Name": "Kandangan 2", "FolderPath": "Data CCTV Usulan + 50 Jalur + Rencana 2026.kmz/Rencana 2026/Surabaya Barat.kmz/Surabaya Barat", "Jenis": "Rencana 2026", "SubJenis": "Surabaya Barat", "POINT_X": 112.64985636500001, "POINT_Y": -7.251893996, "POINT_Z": 0.0 }, "geometry": { "type": "Point", "coordinates": [ 112.649856365, -7.251893995999978, 0.0 ] } },
{ "type": "Feature", "properties": { "OID_": 0, "Name": "Kandangan 3", "FolderPath": "Data CCTV Usulan + 50 Jalur + Rencana 2026.kmz/Rencana 2026/Surabaya Barat.kmz/Surabaya Barat", "Jenis": "Rencana 2026", "SubJenis": "Surabaya Barat", "POINT_X": 112.652321149, "POINT_Y": -7.252461551, "POINT_Z": 0.0 }, "geometry": { "type": "Point", "coordinates": [ 112.652321149000045, -7.252461550999953, 0.0 ] } },
{ "type": "Feature", "properties": { "OID_": 0, "Name": "Kandangan 4", "FolderPath": "Data CCTV Usulan + 50 Jalur + Rencana 2026.kmz/Rencana 2026/Surabaya Barat.kmz/Surabaya Barat", "Jenis": "Rencana 2026", "SubJenis": "Surabaya Barat", "POINT_X": 112.65312446599999, "POINT_Y": -7.252615446, "POINT_Z": 0.0 }, "geometry": { "type": "Point", "coordinates": [ 112.653124466, -7.252615445999936, 0.0 ] } },
{ "type": "Feature", "properties": { "OID_": 0, "Name": "Jawar 1", "FolderPath": "Data CCTV Usulan + 50 Jalur + Rencana 2026.kmz/Rencana 2026/Surabaya Barat.kmz/Surabaya Barat", "Jenis": "Rencana 2026", "SubJenis": "Surabaya Barat", "POINT_X": 112.60886998, "POINT_Y": -7.233415683, "POINT_Z": 0.0 }, "geometry": { "type": "Point", "coordinates": [ 112.60886998, -7.233415682999976, 0.0 ] } },
{ "type": "Feature", "properties": { "OID_": 0, "Name": "Jawar 2", "FolderPath": "Data CCTV Usulan + 50 Jalur + Rencana 2026.kmz/Rencana 2026/Surabaya Barat.kmz/Surabaya Barat", "Jenis": "Rencana 2026", "SubJenis": "Surabaya Barat", "POINT_X": 112.61012580800001, "POINT_Y": -7.230720368, "POINT_Z": 0.0 }, "geometry": { "type": "Point", "coordinates": [ 112.610125808000021, -7.230720367999936, 0.0 ] } },
{ "type": "Feature", "properties": { "OID_": 0, "Name": "Jawar 3", "FolderPath": "Data CCTV Usulan + 50 Jalur + Rencana 2026.kmz/Rencana 2026/Surabaya Barat.kmz/Surabaya Barat", "Jenis": "Rencana 2026", "SubJenis": "Surabaya Barat", "POINT_X": 112.61404799100001, "POINT_Y": -7.2337041, "POINT_Z": 0.0 }, "geometry": { "type": "Point", "coordinates": [ 112.614047991, -7.233704099999954, 0.0 ] } },
{ "type": "Feature", "properties": { "OID_": 0, "Name": "Jawar 4", "FolderPath": "Data CCTV Usulan + 50 Jalur + Rencana 2026.kmz/Rencana 2026/Surabaya Barat.kmz/Surabaya Barat", "Jenis": "Rencana 2026", "SubJenis": "Surabaya Barat", "POINT_X": 112.616455782, "POINT_Y": -7.226285948, "POINT_Z": 0.0 }, "geometry": { "type": "Point", "coordinates": [ 112.616455782000116, -7.226285947999941, 0.0 ] } },
{ "type": "Feature", "properties": { "OID_": 0, "Name": "Jawar 5", "FolderPath": "Data CCTV Usulan + 50 Jalur + Rencana 2026.kmz/Rencana 2026/Surabaya Barat.kmz/Surabaya Barat", "Jenis": "Rencana 2026", "SubJenis": "Surabaya Barat", "POINT_X": 112.61652911100001, "POINT_Y": -7.226330618, "POINT_Z": 0.0 }, "geometry": { "type": "Point", "coordinates": [ 112.616529111000091, -7.226330617999963, 0.0 ] } },
{ "type": "Feature", "properties": { "OID_": 0, "Name": "Jawar 6", "FolderPath": "Data CCTV Usulan + 50 Jalur + Rencana 2026.kmz/Rencana 2026/Surabaya Barat.kmz/Surabaya Barat", "Jenis": "Rencana 2026", "SubJenis": "Surabaya Barat", "POINT_X": 112.620851669, "POINT_Y": -7.211656003, "POINT_Z": 0.0 }, "geometry": { "type": "Point", "coordinates": [ 112.620851669000103, -7.211656002999973, 0.0 ] } },
{ "type": "Feature", "properties": { "OID_": 0, "Name": "Jawar 7", "FolderPath": "Data CCTV Usulan + 50 Jalur + Rencana 2026.kmz/Rencana 2026/Surabaya Barat.kmz/Surabaya Barat", "Jenis": "Rencana 2026", "SubJenis": "Surabaya Barat", "POINT_X": 112.620984835, "POINT_Y": -7.211651049, "POINT_Z": 0.0 }, "geometry": { "type": "Point", "coordinates": [ 112.620984835000058, -7.211651048999954, 0.0 ] } },
{ "type": "Feature", "properties": { "OID_": 0, "Name": "Jawar 8", "FolderPath": "Data CCTV Usulan + 50 Jalur + Rencana 2026.kmz/Rencana 2026/Surabaya Barat.kmz/Surabaya Barat", "Jenis": "Rencana 2026", "SubJenis": "Surabaya Barat", "POINT_X": 112.625789575, "POINT_Y": -7.203603599, "POINT_Z": 0.0 }, "geometry": { "type": "Point", "coordinates": [ 112.625789575000113, -7.203603598999962, 0.0 ] } },
{ "type": "Feature", "properties": { "OID_": 0, "Name": "Jawar 9", "FolderPath": "Data CCTV Usulan + 50 Jalur + Rencana 2026.kmz/Rencana 2026/Surabaya Barat.kmz/Surabaya Barat", "Jenis": "Rencana 2026", "SubJenis": "Surabaya Barat", "POINT_X": 112.625960772, "POINT_Y": -7.198845873, "POINT_Z": 0.0 }, "geometry": { "type": "Point", "coordinates": [ 112.625960772000099, -7.198845872999925, 0.0 ] } },
{ "type": "Feature", "properties": { "OID_": 0, "Name": "Jawar 10", "FolderPath": "Data CCTV Usulan + 50 Jalur + Rencana 2026.kmz/Rencana 2026/Surabaya Barat.kmz/Surabaya Barat", "Jenis": "Rencana 2026", "SubJenis": "Surabaya Barat", "POINT_X": 112.625997384, "POINT_Y": -7.19727361, "POINT_Z": 0.0 }, "geometry": { "type": "Point", "coordinates": [ 112.625997384000016, -7.197273609999968, 0.0 ] } },
{ "type": "Feature", "properties": { "OID_": 0, "Name": "Lontar 1", "FolderPath": "Data CCTV Usulan + 50 Jalur + Rencana 2026.kmz/Rencana 2026/Surabaya Barat.kmz/Surabaya Barat", "Jenis": "Rencana 2026", "SubJenis": "Surabaya Barat", "POINT_X": 112.65804977000001, "POINT_Y": -7.2816222, "POINT_Z": 0.0 }, "geometry": { "type": "Point", "coordinates": [ 112.658049770000048, -7.281622199999958, 0.0 ] } },
{ "type": "Feature", "properties": { "OID_": 0, "Name": "Lontar 2", "FolderPath": "Data CCTV Usulan + 50 Jalur + Rencana 2026.kmz/Rencana 2026/Surabaya Barat.kmz/Surabaya Barat", "Jenis": "Rencana 2026", "SubJenis": "Surabaya Barat", "POINT_X": 112.663372606, "POINT_Y": -7.283022591, "POINT_Z": 0.0 }, "geometry": { "type": "Point", "coordinates": [ 112.663372606000053, -7.283022590999963, 0.0 ] } },
{ "type": "Feature", "properties": { "OID_": 0, "Name": "Lontar 3", "FolderPath": "Data CCTV Usulan + 50 Jalur + Rencana 2026.kmz/Rencana 2026/Surabaya Barat.kmz/Surabaya Barat", "Jenis": "Rencana 2026", "SubJenis": "Surabaya Barat", "POINT_X": 112.67508222, "POINT_Y": -7.285169976, "POINT_Z": 0.0 }, "geometry": { "type": "Point", "coordinates": [ 112.675082220000036, -7.285169975999963, 0.0 ] } },
{ "type": "Feature", "properties": { "OID_": 0, "Name": "Lontar 4", "FolderPath": "Data CCTV Usulan + 50 Jalur + Rencana 2026.kmz/Rencana 2026/Surabaya Barat.kmz/Surabaya Barat", "Jenis": "Rencana 2026", "SubJenis": "Surabaya Barat", "POINT_X": 112.666270754, "POINT_Y": -7.283393378, "POINT_Z": 0.0 }, "geometry": { "type": "Point", "coordinates": [ 112.666270754000038, -7.283393377999971, 0.0 ] } },
{ "type": "Feature", "properties": { "OID_": 0, "Name": "Lontar 5", "FolderPath": "Data CCTV Usulan + 50 Jalur + Rencana 2026.kmz/Rencana 2026/Surabaya Barat.kmz/Surabaya Barat", "Jenis": "Rencana 2026", "SubJenis": "Surabaya Barat", "POINT_X": 112.668033534, "POINT_Y": -7.283800595, "POINT_Z": 0.0 }, "geometry": { "type": "Point", "coordinates": [ 112.668033534000074, -7.283800594999946, 0.0 ] } },
{ "type": "Feature", "properties": { "OID_": 0, "Name": "Lontar 6", "FolderPath": "Data CCTV Usulan + 50 Jalur + Rencana 2026.kmz/Rencana 2026/Surabaya Barat.kmz/Surabaya Barat", "Jenis": "Rencana 2026", "SubJenis": "Surabaya Barat", "POINT_X": 112.67297578199999, "POINT_Y": -7.284960632, "POINT_Z": 0.0 }, "geometry": { "type": "Point", "coordinates": [ 112.672975782000094, -7.284960631999979, 0.0 ] } },
{ "type": "Feature", "properties": { "OID_": 0, "Name": "Lontar 7", "FolderPath": "Data CCTV Usulan + 50 Jalur + Rencana 2026.kmz/Rencana 2026/Surabaya Barat.kmz/Surabaya Barat", "Jenis": "Rencana 2026", "SubJenis": "Surabaya Barat", "POINT_X": 112.677952746, "POINT_Y": -7.285554303, "POINT_Z": 0.0 }, "geometry": { "type": "Point", "coordinates": [ 112.677952746000074, -7.285554302999969, 0.0 ] } },
{ "type": "Feature", "properties": { "OID_": 0, "Name": "Pertigaan Medokan Ayu Selatan - Medokan Sawah", "FolderPath": "Data CCTV Usulan + 50 Jalur + Rencana 2026.kmz/Rencana 2026/Surabaya Timur.kmz/Surabaya Timur/Kecamatan Gunung Anyar", "Jenis": "Rencana 2026", "SubJenis": "Surabaya Timur", "POINT_X": 112.800188339, "POINT_Y": -7.332590386, "POINT_Z": 0.0 }, "geometry": { "type": "Point", "coordinates": [ 112.800188339000101, -7.332590385999936, 0.0 ] } },
{ "type": "Feature", "properties": { "OID_": 0, "Name": "Perempatan Jembatan Medokan Sawah - Gunung Anyar Sawah 1", "FolderPath": "Data CCTV Usulan + 50 Jalur + Rencana 2026.kmz/Rencana 2026/Surabaya Timur.kmz/Surabaya Timur/Kecamatan Gunung Anyar", "Jenis": "Rencana 2026", "SubJenis": "Surabaya Timur", "POINT_X": 112.795780631, "POINT_Y": -7.33323928, "POINT_Z": 0.0 }, "geometry": { "type": "Point", "coordinates": [ 112.795780631000071, -7.33323927999993, 0.0 ] } },
{ "type": "Feature", "properties": { "OID_": 0, "Name": "Pertigaan Jembatan Rungkut Madya - Medokan Sawah", "FolderPath": "Data CCTV Usulan + 50 Jalur + Rencana 2026.kmz/Rencana 2026/Surabaya Timur.kmz/Surabaya Timur/Kecamatan Gunung Anyar", "Jenis": "Rencana 2026", "SubJenis": "Surabaya Timur", "POINT_X": 112.791631569, "POINT_Y": -7.332884869, "POINT_Z": 0.0 }, "geometry": { "type": "Point", "coordinates": [ 112.79163156900006, -7.33288486899994, 0.0 ] } },
{ "type": "Feature", "properties": { "OID_": 0, "Name": "Rungkut Madya - Akses Purimas", "FolderPath": "Data CCTV Usulan + 50 Jalur + Rencana 2026.kmz/Rencana 2026/Surabaya Timur.kmz/Surabaya Timur/Kecamatan Gunung Anyar", "Jenis": "Rencana 2026", "SubJenis": "Surabaya Timur", "POINT_X": 112.78535554, "POINT_Y": -7.331723162, "POINT_Z": 0.0 }, "geometry": { "type": "Point", "coordinates": [ 112.785355540000069, -7.331723161999946, 0.0 ] } },
{ "type": "Feature", "properties": { "OID_": 0, "Name": "Jembatan Medokan Sawah Timur - Akses Mangrove Gunung Anyar", "FolderPath": "Data CCTV Usulan + 50 Jalur + Rencana 2026.kmz/Rencana 2026/Surabaya Timur.kmz/Surabaya Timur/Kecamatan Gunung Anyar", "Jenis": "Rencana 2026", "SubJenis": "Surabaya Timur", "POINT_X": 112.810124668, "POINT_Y": -7.331207507, "POINT_Z": 0.0 }, "geometry": { "type": "Point", "coordinates": [ 112.810124668000071, -7.331207506999931, 0.0 ] } },
{ "type": "Feature", "properties": { "OID_": 0, "Name": "Perempatan Wiguna Timur - Wiguna Selatan Indah", "FolderPath": "Data CCTV Usulan + 50 Jalur + Rencana 2026.kmz/Rencana 2026/Surabaya Timur.kmz/Surabaya Timur/Kecamatan Gunung Anyar", "Jenis": "Rencana 2026", "SubJenis": "Surabaya Timur", "POINT_X": 112.80189352, "POINT_Y": -7.33942137, "POINT_Z": 0.0 }, "geometry": { "type": "Point", "coordinates": [ 112.801893520000021, -7.339421369999968, 0.0 ] } },
{ "type": "Feature", "properties": { "OID_": 0, "Name": "Pertigaan Medokan Asri - Rungkut Madya", "FolderPath": "Data CCTV Usulan + 50 Jalur + Rencana 2026.kmz/Rencana 2026/Surabaya Timur.kmz/Surabaya Timur/Kecamatan Gunung Anyar", "Jenis": "Rencana 2026", "SubJenis": "Surabaya Timur", "POINT_X": 112.788044554, "POINT_Y": -7.33192894, "POINT_Z": 0.0 }, "geometry": { "type": "Point", "coordinates": [ 112.788044554000066, -7.331928939999955, 0.0 ] } },
{ "type": "Feature", "properties": { "OID_": 0, "Name": "Pertigaan Rungkut Asri Timur - Rungkut Madya", "FolderPath": "Data CCTV Usulan + 50 Jalur + Rencana 2026.kmz/Rencana 2026/Surabaya Timur.kmz/Surabaya Timur/Kecamatan Gunung Anyar", "Jenis": "Rencana 2026", "SubJenis": "Surabaya Timur", "POINT_X": 112.784595684, "POINT_Y": -7.331708764, "POINT_Z": 0.0 }, "geometry": { "type": "Point", "coordinates": [ 112.78459568400001, -7.331708763999927, 0.0 ] } },
{ "type": "Feature", "properties": { "OID_": 0, "Name": "Pertigaan Gunung Anyar Sawah - Politeknik Pelayaran Surabaya", "FolderPath": "Data CCTV Usulan + 50 Jalur + Rencana 2026.kmz/Rencana 2026/Surabaya Timur.kmz/Surabaya Timur/Kecamatan Gunung Anyar", "Jenis": "Rencana 2026", "SubJenis": "Surabaya Timur", "POINT_X": 112.794410552, "POINT_Y": -7.342600463, "POINT_Z": 0.0 }, "geometry": { "type": "Point", "coordinates": [ 112.794410552000045, -7.34260046299994, 0.0 ] } },
{ "type": "Feature", "properties": { "OID_": 0, "Name": "Pertigaan Wiguna Tengah - Gunung Anyar Sawah", "FolderPath": "Data CCTV Usulan + 50 Jalur + Rencana 2026.kmz/Rencana 2026/Surabaya Timur.kmz/Surabaya Timur/Kecamatan Gunung Anyar", "Jenis": "Rencana 2026", "SubJenis": "Surabaya Timur", "POINT_X": 112.799649321, "POINT_Y": -7.332899086, "POINT_Z": 0.0 }, "geometry": { "type": "Point", "coordinates": [ 112.799649321000061, -7.332899085999941, 0.0 ] } },
{ "type": "Feature", "properties": { "OID_": 0, "Name": "Raya Medokan Sawah Timur Dekat PA Kebon Agung 1", "FolderPath": "Data CCTV Usulan + 50 Jalur + Rencana 2026.kmz/Rencana 2026/Surabaya Timur.kmz/Surabaya Timur/Kecamatan Gunung Anyar", "Jenis": "Rencana 2026", "SubJenis": "Surabaya Timur", "POINT_X": 112.80478896, "POINT_Y": -7.331779415, "POINT_Z": 0.0 }, "geometry": { "type": "Point", "coordinates": [ 112.80478896000011, -7.331779414999971, 0.0 ] } },
{ "type": "Feature", "properties": { "OID_": 0, "Name": "Raya Medokan Sawah Timur Dekat PA Kebon Agung 2", "FolderPath": "Data CCTV Usulan + 50 Jalur + Rencana 2026.kmz/Rencana 2026/Surabaya Timur.kmz/Surabaya Timur/Kecamatan Gunung Anyar", "Jenis": "Rencana 2026", "SubJenis": "Surabaya Timur", "POINT_X": 112.80748524400001, "POINT_Y": -7.331094347, "POINT_Z": 0.0 }, "geometry": { "type": "Point", "coordinates": [ 112.807485244000077, -7.331094346999976, 0.0 ] } },
{ "type": "Feature", "properties": { "OID_": 0, "Name": "Perempatan Jembatan Medokan Sawah - Gunung Anyar Sawah 2", "FolderPath": "Data CCTV Usulan + 50 Jalur + Rencana 2026.kmz/Rencana 2026/Surabaya Timur.kmz/Surabaya Timur/Kecamatan Gunung Anyar", "Jenis": "Rencana 2026", "SubJenis": "Surabaya Timur", "POINT_X": 112.795794648, "POINT_Y": -7.333417906, "POINT_Z": 0.0 }, "geometry": { "type": "Point", "coordinates": [ 112.795794648000083, -7.333417905999966, 0.0 ] } },
{ "type": "Feature", "properties": { "OID_": 0, "Name": "Pertigaan Nusa Indah - Rungkut Madya", "FolderPath": "Data CCTV Usulan + 50 Jalur + Rencana 2026.kmz/Rencana 2026/Surabaya Timur.kmz/Surabaya Timur/Kecamatan Gunung Anyar", "Jenis": "Rencana 2026", "SubJenis": "Surabaya Timur", "POINT_X": 112.79188008600001, "POINT_Y": -7.332929315, "POINT_Z": 0.0 }, "geometry": { "type": "Point", "coordinates": [ 112.791880086000106, -7.332929314999944, 0.0 ] } },
{ "type": "Feature", "properties": { "OID_": 0, "Name": "Pertigaan Shell Merr - Ir Soekarno Merr", "FolderPath": "Data CCTV Usulan + 50 Jalur + Rencana 2026.kmz/Rencana 2026/Surabaya Timur.kmz/Surabaya Timur/Kecamatan Rungkut", "Jenis": "Rencana 2026", "SubJenis": "Surabaya Timur", "POINT_X": 112.780716091, "POINT_Y": -7.312433027, "POINT_Z": 0.0 }, "geometry": { "type": "Point", "coordinates": [ 112.780716091000045, -7.31243302699994, 0.0 ] } },
{ "type": "Feature", "properties": { "OID_": 0, "Name": "Pertigaan Ir Soekarno Merr- Medokan Asri Tengah", "FolderPath": "Data CCTV Usulan + 50 Jalur + Rencana 2026.kmz/Rencana 2026/Surabaya Timur.kmz/Surabaya Timur/Kecamatan Rungkut", "Jenis": "Rencana 2026", "SubJenis": "Surabaya Timur", "POINT_X": 112.78147308600001, "POINT_Y": -7.326810014, "POINT_Z": 0.0 }, "geometry": { "type": "Point", "coordinates": [ 112.781473086, -7.326810013999932, 0.0 ] } },
{ "type": "Feature", "properties": { "OID_": 0, "Name": "U TURN GION Merr", "FolderPath": "Data CCTV Usulan + 50 Jalur + Rencana 2026.kmz/Rencana 2026/Surabaya Timur.kmz/Surabaya Timur/Kecamatan Rungkut", "Jenis": "Rencana 2026", "SubJenis": "Surabaya Timur", "POINT_X": 112.78102733199999, "POINT_Y": -7.320660027, "POINT_Z": 0.0 }, "geometry": { "type": "Point", "coordinates": [ 112.781027332, -7.320660026999974, 0.0 ] } },
{ "type": "Feature", "properties": { "OID_": 0, "Name": "U TURN MASJID AT TANWIR MERR", "FolderPath": "Data CCTV Usulan + 50 Jalur + Rencana 2026.kmz/Rencana 2026/Surabaya Timur.kmz/Surabaya Timur/Kecamatan Rungkut", "Jenis": "Rencana 2026", "SubJenis": "Surabaya Timur", "POINT_X": 112.780978015, "POINT_Y": -7.324018198, "POINT_Z": 0.0 }, "geometry": { "type": "Point", "coordinates": [ 112.780978015000073, -7.324018197999976, 0.0 ] } },
{ "type": "Feature", "properties": { "OID_": 0, "Name": "Pertigaan Pandugo - Rusun Penjaringan Sari", "FolderPath": "Data CCTV Usulan + 50 Jalur + Rencana 2026.kmz/Rencana 2026/Surabaya Timur.kmz/Surabaya Timur/Kecamatan Rungkut", "Jenis": "Rencana 2026", "SubJenis": "Surabaya Timur", "POINT_X": 112.78419882199999, "POINT_Y": -7.322112778, "POINT_Z": 0.0 }, "geometry": { "type": "Point", "coordinates": [ 112.784198822, -7.322112777999962, 0.0 ] } },
{ "type": "Feature", "properties": { "OID_": 0, "Name": "Pertigaan Wonorejo Timur - Akses Mangrove Wonorejo", "FolderPath": "Data CCTV Usulan + 50 Jalur + Rencana 2026.kmz/Rencana 2026/Surabaya Timur.kmz/Surabaya Timur/Kecamatan Rungkut", "Jenis": "Rencana 2026", "SubJenis": "Surabaya Timur", "POINT_X": 112.807928555, "POINT_Y": -7.308845861, "POINT_Z": 0.0 }, "geometry": { "type": "Point", "coordinates": [ 112.807928555000103, -7.308845860999952, 0.0 ] } },
{ "type": "Feature", "properties": { "OID_": 0, "Name": "Pertigaan Rusun Wonorejo - Wonorejo Timur", "FolderPath": "Data CCTV Usulan + 50 Jalur + Rencana 2026.kmz/Rencana 2026/Surabaya Timur.kmz/Surabaya Timur/Kecamatan Rungkut", "Jenis": "Rencana 2026", "SubJenis": "Surabaya Timur", "POINT_X": 112.79073607399999, "POINT_Y": -7.308245664, "POINT_Z": 0.0 }, "geometry": { "type": "Point", "coordinates": [ 112.790736074000051, -7.308245663999969, 0.0 ] } },
{ "type": "Feature", "properties": { "OID_": 0, "Name": "Pertigaan Wonorejo Timur - Raya Kendalsari", "FolderPath": "Data CCTV Usulan + 50 Jalur + Rencana 2026.kmz/Rencana 2026/Surabaya Timur.kmz/Surabaya Timur/Kecamatan Rungkut", "Jenis": "Rencana 2026", "SubJenis": "Surabaya Timur", "POINT_X": 112.785246038, "POINT_Y": -7.309767445, "POINT_Z": 0.0 }, "geometry": { "type": "Point", "coordinates": [ 112.785246038000082, -7.309767444999977, 0.0 ] } },
{ "type": "Feature", "properties": { "OID_": 0, "Name": "Pertigaan Rungkut Madya - Rungkut Asri Timur", "FolderPath": "Data CCTV Usulan + 50 Jalur + Rencana 2026.kmz/Rencana 2026/Surabaya Timur.kmz/Surabaya Timur/Kecamatan Rungkut", "Jenis": "Rencana 2026", "SubJenis": "Surabaya Timur", "POINT_X": 112.777609899, "POINT_Y": -7.331464129, "POINT_Z": 0.0 }, "geometry": { "type": "Point", "coordinates": [ 112.777609899000026, -7.331464128999926, 0.0 ] } },
{ "type": "Feature", "properties": { "OID_": 0, "Name": "Pertigaan Kyai Abdul Karim - Rungkut Menanggal", "FolderPath": "Data CCTV Usulan + 50 Jalur + Rencana 2026.kmz/Rencana 2026/Surabaya Timur.kmz/Surabaya Timur/Kecamatan Rungkut", "Jenis": "Rencana 2026", "SubJenis": "Surabaya Timur", "POINT_X": 112.77517497300001, "POINT_Y": -7.339544218, "POINT_Z": 0.0 }, "geometry": { "type": "Point", "coordinates": [ 112.775174973000048, -7.339544217999958, 0.0 ] } },
{ "type": "Feature", "properties": { "OID_": 0, "Name": "UTURN RAYA KALIRUNGKUT 1", "FolderPath": "Data CCTV Usulan + 50 Jalur + Rencana 2026.kmz/Rencana 2026/Surabaya Timur.kmz/Surabaya Timur/Kecamatan Rungkut", "Jenis": "Rencana 2026", "SubJenis": "Surabaya Timur", "POINT_X": 112.76946208299999, "POINT_Y": -7.317723078, "POINT_Z": 0.0 }, "geometry": { "type": "Point", "coordinates": [ 112.769462083, -7.317723077999972, 0.0 ] } },
{ "type": "Feature", "properties": { "OID_": 0, "Name": "UTURN RAYA KALIRUNGKUT 2", "FolderPath": "Data CCTV Usulan + 50 Jalur + Rencana 2026.kmz/Rencana 2026/Surabaya Timur.kmz/Surabaya Timur/Kecamatan Rungkut", "Jenis": "Rencana 2026", "SubJenis": "Surabaya Timur", "POINT_X": 112.76934245699999, "POINT_Y": -7.314830776, "POINT_Z": 0.0 }, "geometry": { "type": "Point", "coordinates": [ 112.769342457000107, -7.314830775999951, 0.0 ] } },
{ "type": "Feature", "properties": { "OID_": 0, "Name": "U TURN Raya Nginden", "FolderPath": "Data CCTV Usulan + 50 Jalur + Rencana 2026.kmz/Rencana 2026/Surabaya Timur.kmz/Surabaya Timur/Kecamatan Sukolilo", "Jenis": "Rencana 2026", "SubJenis": "Surabaya Timur", "POINT_X": 112.762138251, "POINT_Y": -7.302868626, "POINT_Z": 0.0 }, "geometry": { "type": "Point", "coordinates": [ 112.76213825100001, -7.302868625999963, 0.0 ] } },
{ "type": "Feature", "properties": { "OID_": 0, "Name": "U TURN Ir Soekarno - Ruko Merr", "FolderPath": "Data CCTV Usulan + 50 Jalur + Rencana 2026.kmz/Rencana 2026/Surabaya Timur.kmz/Surabaya Timur/Kecamatan Sukolilo", "Jenis": "Rencana 2026", "SubJenis": "Surabaya Timur", "POINT_X": 112.781079264, "POINT_Y": -7.292972414, "POINT_Z": 0.0 }, "geometry": { "type": "Point", "coordinates": [ 112.781079264000027, -7.292972413999962, 0.0 ] } },
{ "type": "Feature", "properties": { "OID_": 0, "Name": "U TURN Ir Soekarno - Auto 2000 Kertajaya", "FolderPath": "Data CCTV Usulan + 50 Jalur + Rencana 2026.kmz/Rencana 2026/Surabaya Timur.kmz/Surabaya Timur/Kecamatan Sukolilo", "Jenis": "Rencana 2026", "SubJenis": "Surabaya Timur", "POINT_X": 112.780849062, "POINT_Y": -7.283003641, "POINT_Z": 0.0 }, "geometry": { "type": "Point", "coordinates": [ 112.780849062000016, -7.283003640999937, 0.0 ] } },
{ "type": "Feature", "properties": { "OID_": 0, "Name": "U TURN RAYA ITS 2", "FolderPath": "Data CCTV Usulan + 50 Jalur + Rencana 2026.kmz/Rencana 2026/Surabaya Timur.kmz/Surabaya Timur/Kecamatan Sukolilo", "Jenis": "Rencana 2026", "SubJenis": "Surabaya Timur", "POINT_X": 112.79618279, "POINT_Y": -7.275020348, "POINT_Z": 0.0 }, "geometry": { "type": "Point", "coordinates": [ 112.796182790000103, -7.275020347999941, 0.0 ] } },
{ "type": "Feature", "properties": { "OID_": 0, "Name": "U TURN RAYA ITS DEPAN GRAHA ITS", "FolderPath": "Data CCTV Usulan + 50 Jalur + Rencana 2026.kmz/Rencana 2026/Surabaya Timur.kmz/Surabaya Timur/Kecamatan Sukolilo", "Jenis": "Rencana 2026", "SubJenis": "Surabaya Timur", "POINT_X": 112.791873888, "POINT_Y": -7.276005663, "POINT_Z": 0.0 }, "geometry": { "type": "Point", "coordinates": [ 112.791873888000055, -7.276005662999978, 0.0 ] } },
{ "type": "Feature", "properties": { "OID_": 0, "Name": "U TURN RAYA KERTAJAYA INDAH 2", "FolderPath": "Data CCTV Usulan + 50 Jalur + Rencana 2026.kmz/Rencana 2026/Surabaya Timur.kmz/Surabaya Timur/Kecamatan Sukolilo", "Jenis": "Rencana 2026", "SubJenis": "Surabaya Timur", "POINT_X": 112.786706982, "POINT_Y": -7.279840378, "POINT_Z": 0.0 }, "geometry": { "type": "Point", "coordinates": [ 112.786706982000055, -7.27984037799996, 0.0 ] } },
{ "type": "Feature", "properties": { "OID_": 0, "Name": "U TURN KERTAJAYA INDAH 1", "FolderPath": "Data CCTV Usulan + 50 Jalur + Rencana 2026.kmz/Rencana 2026/Surabaya Timur.kmz/Surabaya Timur/Kecamatan Sukolilo", "Jenis": "Rencana 2026", "SubJenis": "Surabaya Timur", "POINT_X": 112.78372653300001, "POINT_Y": -7.280189833, "POINT_Z": 0.0 }, "geometry": { "type": "Point", "coordinates": [ 112.783726533000049, -7.280189832999952, 0.0 ] } },
{ "type": "Feature", "properties": { "OID_": 0, "Name": "U TURN  Kejawan Putih Tambak", "FolderPath": "Data CCTV Usulan + 50 Jalur + Rencana 2026.kmz/Rencana 2026/Surabaya Timur.kmz/Surabaya Timur/Kecamatan Sukolilo", "Jenis": "Rencana 2026", "SubJenis": "Surabaya Timur", "POINT_X": 112.801876525, "POINT_Y": -7.276000234, "POINT_Z": 0.0 }, "geometry": { "type": "Point", "coordinates": [ 112.801876525000011, -7.27600023399998, 0.0 ] } },
{ "type": "Feature", "properties": { "OID_": 0, "Name": "Pertigaan Keputih Timur - Kejawan Putih Tambak", "FolderPath": "Data CCTV Usulan + 50 Jalur + Rencana 2026.kmz/Rencana 2026/Surabaya Timur.kmz/Surabaya Timur/Kecamatan Sukolilo", "Jenis": "Rencana 2026", "SubJenis": "Surabaya Timur", "POINT_X": 112.80254585, "POINT_Y": -7.283899432, "POINT_Z": 0.0 }, "geometry": { "type": "Point", "coordinates": [ 112.802545850000115, -7.283899431999941, 0.0 ] } },
{ "type": "Feature", "properties": { "OID_": 0, "Name": "Pertigaan Raya Keputih - Jl Teluk Sipil", "FolderPath": "Data CCTV Usulan + 50 Jalur + Rencana 2026.kmz/Rencana 2026/Surabaya Timur.kmz/Surabaya Timur/Kecamatan Sukolilo", "Jenis": "Rencana 2026", "SubJenis": "Surabaya Timur", "POINT_X": 112.79610268099999, "POINT_Y": -7.290246068, "POINT_Z": 0.0 }, "geometry": { "type": "Point", "coordinates": [ 112.796102681000093, -7.290246067999931, 0.0 ] } },
{ "type": "Feature", "properties": { "OID_": 0, "Name": "Pertigaan Semolowaru - Medokan Keputih", "FolderPath": "Data CCTV Usulan + 50 Jalur + Rencana 2026.kmz/Rencana 2026/Surabaya Timur.kmz/Surabaya Timur/Kecamatan Sukolilo", "Jenis": "Rencana 2026", "SubJenis": "Surabaya Timur", "POINT_X": 112.79941225899999, "POINT_Y": -7.304918971, "POINT_Z": 0.0 }, "geometry": { "type": "Point", "coordinates": [ 112.799412259000064, -7.30491897099995, 0.0 ] } },
{ "type": "Feature", "properties": { "OID_": 0, "Name": "Perempatan Keputih Tegal Timur - Keputih Tegal", "FolderPath": "Data CCTV Usulan + 50 Jalur + Rencana 2026.kmz/Rencana 2026/Surabaya Timur.kmz/Surabaya Timur/Kecamatan Sukolilo", "Jenis": "Rencana 2026", "SubJenis": "Surabaya Timur", "POINT_X": 112.801798781, "POINT_Y": -7.291042693, "POINT_Z": 0.0 }, "geometry": { "type": "Point", "coordinates": [ 112.801798781000116, -7.291042692999952, 0.0 ] } },
{ "type": "Feature", "properties": { "OID_": 0, "Name": "Pertigaan Raya Keputih - KH Ahmad Dahlan", "FolderPath": "Data CCTV Usulan + 50 Jalur + Rencana 2026.kmz/Rencana 2026/Surabaya Timur.kmz/Surabaya Timur/Kecamatan Sukolilo", "Jenis": "Rencana 2026", "SubJenis": "Surabaya Timur", "POINT_X": 112.79967297899999, "POINT_Y": -7.290389305, "POINT_Z": 0.0 }, "geometry": { "type": "Point", "coordinates": [ 112.799672979000093, -7.290389304999962, 0.0 ] } },
{ "type": "Feature", "properties": { "OID_": 0, "Name": "Pertigaan Raya Keputih - Jl. Teknik Elektro", "FolderPath": "Data CCTV Usulan + 50 Jalur + Rencana 2026.kmz/Rencana 2026/Surabaya Timur.kmz/Surabaya Timur/Kecamatan Sukolilo", "Jenis": "Rencana 2026", "SubJenis": "Surabaya Timur", "POINT_X": 112.79167821199999, "POINT_Y": -7.290566792, "POINT_Z": 0.0 }, "geometry": { "type": "Point", "coordinates": [ 112.791678212000079, -7.290566791999936, 0.0 ] } },
{ "type": "Feature", "properties": { "OID_": 0, "Name": "Pertigaan Gebang Putih - Raya Keputih", "FolderPath": "Data CCTV Usulan + 50 Jalur + Rencana 2026.kmz/Rencana 2026/Surabaya Timur.kmz/Surabaya Timur/Kecamatan Sukolilo", "Jenis": "Rencana 2026", "SubJenis": "Surabaya Timur", "POINT_X": 112.784480442, "POINT_Y": -7.289779897, "POINT_Z": 0.0 }, "geometry": { "type": "Point", "coordinates": [ 112.784480442000017, -7.28977989699996, 0.0 ] } },
{ "type": "Feature", "properties": { "OID_": 0, "Name": "U TURN RUKO CENTRAL BUSINES PARK MERR IR SOEKARNO", "FolderPath": "Data CCTV Usulan + 50 Jalur + Rencana 2026.kmz/Rencana 2026/Surabaya Timur.kmz/Surabaya Timur/Kecamatan Sukolilo", "Jenis": "Rencana 2026", "SubJenis": "Surabaya Timur", "POINT_X": 112.781412621, "POINT_Y": -7.303488825, "POINT_Z": 0.0 }, "geometry": { "type": "Point", "coordinates": [ 112.781412621000072, -7.303488824999931, 0.0 ] } },
{ "type": "Feature", "properties": { "OID_": 0, "Name": "U TURN Ir Soekarno - Gedung Sampoerna Center", "FolderPath": "Data CCTV Usulan + 50 Jalur + Rencana 2026.kmz/Rencana 2026/Surabaya Timur.kmz/Surabaya Timur/Kecamatan Sukolilo", "Jenis": "Rencana 2026", "SubJenis": "Surabaya Timur", "POINT_X": 112.780857545, "POINT_Y": -7.286552314, "POINT_Z": 0.0 }, "geometry": { "type": "Point", "coordinates": [ 112.780857545000117, -7.286552313999948, 0.0 ] } },
{ "type": "Feature", "properties": { "OID_": 0, "Name": "Perempatan Bratang Binangun - Ngagel Jaya Selatan", "FolderPath": "Data CCTV Usulan + 50 Jalur + Rencana 2026.kmz/Rencana 2026/Surabaya Timur.kmz/Surabaya Timur/Kecamatan Sukolilo", "Jenis": "Rencana 2026", "SubJenis": "Surabaya Timur", "POINT_X": 112.759879989, "POINT_Y": -7.293795264, "POINT_Z": 0.0 }, "geometry": { "type": "Point", "coordinates": [ 112.759879989000069, -7.293795263999925, 0.0 ] } },
{ "type": "Feature", "properties": { "OID_": 0, "Name": "U TURN RAYA PRAPEN 2", "FolderPath": "Data CCTV Usulan + 50 Jalur + Rencana 2026.kmz/Rencana 2026/Surabaya Timur.kmz/Surabaya Timur/Kecamatan Tenggilis Mejoyo", "Jenis": "Rencana 2026", "SubJenis": "Surabaya Timur", "POINT_X": 112.75830374500001, "POINT_Y": -7.310485618, "POINT_Z": 0.0 }, "geometry": { "type": "Point", "coordinates": [ 112.758303745000035, -7.310485617999973, 0.0 ] } },
{ "type": "Feature", "properties": { "OID_": 0, "Name": "Pertigaan Tenggilis Mejoyo - Rungkut Mejoyo Ubaya", "FolderPath": "Data CCTV Usulan + 50 Jalur + Rencana 2026.kmz/Rencana 2026/Surabaya Timur.kmz/Surabaya Timur/Kecamatan Tenggilis Mejoyo", "Jenis": "Rencana 2026", "SubJenis": "Surabaya Timur", "POINT_X": 112.766925945, "POINT_Y": -7.320682782, "POINT_Z": 0.0 }, "geometry": { "type": "Point", "coordinates": [ 112.766925945000025, -7.320682781999949, 0.0 ] } },
{ "type": "Feature", "properties": { "OID_": 0, "Name": "Perempatan Tenggilis Mejoyo - Raya Tenggilis", "FolderPath": "Data CCTV Usulan + 50 Jalur + Rencana 2026.kmz/Rencana 2026/Surabaya Timur.kmz/Surabaya Timur/Kecamatan Tenggilis Mejoyo", "Jenis": "Rencana 2026", "SubJenis": "Surabaya Timur", "POINT_X": 112.76246747, "POINT_Y": -7.320502549, "POINT_Z": 0.0 }, "geometry": { "type": "Point", "coordinates": [ 112.762467470000047, -7.320502548999968, 0.0 ] } },
{ "type": "Feature", "properties": { "OID_": 0, "Name": "Perempatan Raya Tenggilis - Tenggilis Barat", "FolderPath": "Data CCTV Usulan + 50 Jalur + Rencana 2026.kmz/Rencana 2026/Surabaya Timur.kmz/Surabaya Timur/Kecamatan Tenggilis Mejoyo", "Jenis": "Rencana 2026", "SubJenis": "Surabaya Timur", "POINT_X": 112.749909609, "POINT_Y": -7.32115029, "POINT_Z": 0.0 }, "geometry": { "type": "Point", "coordinates": [ 112.749909609000042, -7.321150289999935, 0.0 ] } },
{ "type": "Feature", "properties": { "OID_": 0, "Name": "U TURN RAYA PRAPEN 1", "FolderPath": "Data CCTV Usulan + 50 Jalur + Rencana 2026.kmz/Rencana 2026/Surabaya Timur.kmz/Surabaya Timur/Kecamatan Tenggilis Mejoyo", "Jenis": "Rencana 2026", "SubJenis": "Surabaya Timur", "POINT_X": 112.76054578599999, "POINT_Y": -7.307863788, "POINT_Z": 0.0 }, "geometry": { "type": "Point", "coordinates": [ 112.76054578600008, -7.307863787999963, 0.0 ] } },
{ "type": "Feature", "properties": { "OID_": 0, "Name": "U TURN RAYA PRAPEN 3", "FolderPath": "Data CCTV Usulan + 50 Jalur + Rencana 2026.kmz/Rencana 2026/Surabaya Timur.kmz/Surabaya Timur/Kecamatan Tenggilis Mejoyo", "Jenis": "Rencana 2026", "SubJenis": "Surabaya Timur", "POINT_X": 112.754229542, "POINT_Y": -7.315289805, "POINT_Z": 0.0 }, "geometry": { "type": "Point", "coordinates": [ 112.754229542000076, -7.315289804999964, 0.0 ] } },
{ "type": "Feature", "properties": { "OID_": 0, "Name": "U TURN RAYA JEMURSARI", "FolderPath": "Data CCTV Usulan + 50 Jalur + Rencana 2026.kmz/Rencana 2026/Surabaya Timur.kmz/Surabaya Timur/Kecamatan Tenggilis Mejoyo", "Jenis": "Rencana 2026", "SubJenis": "Surabaya Timur", "POINT_X": 112.735500014, "POINT_Y": -7.326801308, "POINT_Z": 0.0 }, "geometry": { "type": "Point", "coordinates": [ 112.735500014000081, -7.326801307999972, 0.0 ] } },
{ "type": "Feature", "properties": { "OID_": 0, "Name": "Pertigaan Raya Kendangsari - Kutisari Utara", "FolderPath": "Data CCTV Usulan + 50 Jalur + Rencana 2026.kmz/Rencana 2026/Surabaya Timur.kmz/Surabaya Timur/Kecamatan Tenggilis Mejoyo", "Jenis": "Rencana 2026", "SubJenis": "Surabaya Timur", "POINT_X": 112.748830884, "POINT_Y": -7.329285799, "POINT_Z": 0.0 }, "geometry": { "type": "Point", "coordinates": [ 112.748830884000085, -7.329285798999933, 0.0 ] } },
{ "type": "Feature", "properties": { "OID_": 0, "Name": "Pertigaan Kutisari Selatan", "FolderPath": "Data CCTV Usulan + 50 Jalur + Rencana 2026.kmz/Rencana 2026/Surabaya Timur.kmz/Surabaya Timur/Kecamatan Tenggilis Mejoyo", "Jenis": "Rencana 2026", "SubJenis": "Surabaya Timur", "POINT_X": 112.747478453, "POINT_Y": -7.336157631, "POINT_Z": 0.0 }, "geometry": { "type": "Point", "coordinates": [ 112.747478453000099, -7.336157630999935, 0.0 ] } },
{ "type": "Feature", "properties": { "OID_": 0, "Name": "U TURN RAYA RUNGKUT INDUSTRI", "FolderPath": "Data CCTV Usulan + 50 Jalur + Rencana 2026.kmz/Rencana 2026/Surabaya Timur.kmz/Surabaya Timur/Kecamatan Tenggilis Mejoyo", "Jenis": "Rencana 2026", "SubJenis": "Surabaya Timur", "POINT_X": 112.759466269, "POINT_Y": -7.330482278, "POINT_Z": 0.0 }, "geometry": { "type": "Point", "coordinates": [ 112.759466269000086, -7.330482277999977, 0.0 ] } },
{ "type": "Feature", "properties": { "OID_": 0, "Name": "PERTIGAAN RUNGKUT INDUSTRI V - RAYA RUNGKUT INDUSTRI SEBELAH LAPANGAN SIER", "FolderPath": "Data CCTV Usulan + 50 Jalur + Rencana 2026.kmz/Rencana 2026/Surabaya Timur.kmz/Surabaya Timur/Kecamatan Tenggilis Mejoyo", "Jenis": "Rencana 2026", "SubJenis": "Surabaya Timur", "POINT_X": 112.75942854100001, "POINT_Y": -7.330656228, "POINT_Z": 0.0 }, "geometry": { "type": "Point", "coordinates": [ 112.759428541000034, -7.330656227999953, 0.0 ] } },
{ "type": "Feature", "properties": { "OID_": 0, "Name": "Pertigaan Tenggilis Mejoyo - RS ubaya", "FolderPath": "Data CCTV Usulan + 50 Jalur + Rencana 2026.kmz/Rencana 2026/Surabaya Timur.kmz/Surabaya Timur/Kecamatan Tenggilis Mejoyo", "Jenis": "Rencana 2026", "SubJenis": "Surabaya Timur", "POINT_X": 112.76534401399999, "POINT_Y": -7.314687486, "POINT_Z": 0.0 }, "geometry": { "type": "Point", "coordinates": [ 112.765344014000107, -7.314687485999968, 0.0 ] } },
{ "type": "Feature", "properties": { "OID_": 0, "Name": "Pertigaan Puskesmas Mulyorejo - Raya Sutorejo", "FolderPath": "Data CCTV Usulan + 50 Jalur + Rencana 2026.kmz/Rencana 2026/Surabaya Timur.kmz/Surabaya Timur/Kecamatan Mulyorejo", "Jenis": "Rencana 2026", "SubJenis": "Surabaya Timur", "POINT_X": 112.785247583, "POINT_Y": -7.262496818, "POINT_Z": 0.0 }, "geometry": { "type": "Point", "coordinates": [ 112.785247583000114, -7.262496817999931, 0.0 ] } },
{ "type": "Feature", "properties": { "OID_": 0, "Name": "Pertigaan Raya Sutorejo - Labansari", "FolderPath": "Data CCTV Usulan + 50 Jalur + Rencana 2026.kmz/Rencana 2026/Surabaya Timur.kmz/Surabaya Timur/Kecamatan Mulyorejo", "Jenis": "Rencana 2026", "SubJenis": "Surabaya Timur", "POINT_X": 112.791862337, "POINT_Y": -7.260184786, "POINT_Z": 0.0 }, "geometry": { "type": "Point", "coordinates": [ 112.791862337000111, -7.260184785999968, 0.0 ] } },
{ "type": "Feature", "properties": { "OID_": 0, "Name": "U TURN IR Soekarno Merr - Kampus Unair C", "FolderPath": "Data CCTV Usulan + 50 Jalur + Rencana 2026.kmz/Rencana 2026/Surabaya Timur.kmz/Surabaya Timur/Kecamatan Mulyorejo", "Jenis": "Rencana 2026", "SubJenis": "Surabaya Timur", "POINT_X": 112.782813675, "POINT_Y": -7.266057636, "POINT_Z": 0.0 }, "geometry": { "type": "Point", "coordinates": [ 112.782813675000057, -7.266057635999971, 0.0 ] } },
{ "type": "Feature", "properties": { "OID_": 0, "Name": "U TURN Ir Soekarno - Galaxy Mall", "FolderPath": "Data CCTV Usulan + 50 Jalur + Rencana 2026.kmz/Rencana 2026/Surabaya Timur.kmz/Surabaya Timur/Kecamatan Mulyorejo", "Jenis": "Rencana 2026", "SubJenis": "Surabaya Timur", "POINT_X": 112.781706144, "POINT_Y": -7.273846343, "POINT_Z": 0.0 }, "geometry": { "type": "Point", "coordinates": [ 112.781706144000054, -7.273846342999946, 0.0 ] } },
{ "type": "Feature", "properties": { "OID_": 0, "Name": "Pertigaan Raya Kenjeran -  Babatan Pantai", "FolderPath": "Data CCTV Usulan + 50 Jalur + Rencana 2026.kmz/Rencana 2026/Surabaya Timur.kmz/Surabaya Timur/Kecamatan Mulyorejo", "Jenis": "Rencana 2026", "SubJenis": "Surabaya Timur", "POINT_X": 112.792481509, "POINT_Y": -7.252317201, "POINT_Z": 0.0 }, "geometry": { "type": "Point", "coordinates": [ 112.792481509000027, -7.252317200999926, 0.0 ] } },
{ "type": "Feature", "properties": { "OID_": 0, "Name": "Pertigaan Raya Mulyosari - Sutorejo Selatan", "FolderPath": "Data CCTV Usulan + 50 Jalur + Rencana 2026.kmz/Rencana 2026/Surabaya Timur.kmz/Surabaya Timur/Kecamatan Mulyorejo", "Jenis": "Rencana 2026", "SubJenis": "Surabaya Timur", "POINT_X": 112.79702498100001, "POINT_Y": -7.271742104, "POINT_Z": 0.0 }, "geometry": { "type": "Point", "coordinates": [ 112.79702498100005, -7.271742103999941, 0.0 ] } },
{ "type": "Feature", "properties": { "OID_": 0, "Name": "Pertigaan Kalisari Timur- Raya Mulyosari", "FolderPath": "Data CCTV Usulan + 50 Jalur + Rencana 2026.kmz/Rencana 2026/Surabaya Timur.kmz/Surabaya Timur/Kecamatan Mulyorejo", "Jenis": "Rencana 2026", "SubJenis": "Surabaya Timur", "POINT_X": 112.79551649699999, "POINT_Y": -7.258156593, "POINT_Z": 0.0 }, "geometry": { "type": "Point", "coordinates": [ 112.795516497000108, -7.258156592999967, 0.0 ] } },
{ "type": "Feature", "properties": { "OID_": 0, "Name": "U TURN Ir Soekarno - MCD Kenjeran", "FolderPath": "Data CCTV Usulan + 50 Jalur + Rencana 2026.kmz/Rencana 2026/Surabaya Timur.kmz/Surabaya Timur/Kecamatan Mulyorejo", "Jenis": "Rencana 2026", "SubJenis": "Surabaya Timur", "POINT_X": 112.78341408, "POINT_Y": -7.252225588, "POINT_Z": 0.0 }, "geometry": { "type": "Point", "coordinates": [ 112.783414080000057, -7.252225587999931, 0.0 ] } },
{ "type": "Feature", "properties": { "OID_": 0, "Name": "U TURN Ir Soekarno - SPBU MERR Kalijudan", "FolderPath": "Data CCTV Usulan + 50 Jalur + Rencana 2026.kmz/Rencana 2026/Surabaya Timur.kmz/Surabaya Timur/Kecamatan Mulyorejo", "Jenis": "Rencana 2026", "SubJenis": "Surabaya Timur", "POINT_X": 112.78232884800001, "POINT_Y": -7.257935614, "POINT_Z": 0.0 }, "geometry": { "type": "Point", "coordinates": [ 112.78232884800002, -7.257935613999962, 0.0 ] } },
{ "type": "Feature", "properties": { "OID_": 0, "Name": "U TURN RAYA MULYOSARI", "FolderPath": "Data CCTV Usulan + 50 Jalur + Rencana 2026.kmz/Rencana 2026/Surabaya Timur.kmz/Surabaya Timur/Kecamatan Mulyorejo", "Jenis": "Rencana 2026", "SubJenis": "Surabaya Timur", "POINT_X": 112.79588749200001, "POINT_Y": -7.265345455, "POINT_Z": 0.0 }, "geometry": { "type": "Point", "coordinates": [ 112.79588749200002, -7.265345454999931, 0.0 ] } },
{ "type": "Feature", "properties": { "OID_": 0, "Name": "U TURN Kertajaya 3", "FolderPath": "Data CCTV Usulan + 50 Jalur + Rencana 2026.kmz/Rencana 2026/Surabaya Timur.kmz/Surabaya Timur/Kecamatan Gubeng", "Jenis": "Rencana 2026", "SubJenis": "Surabaya Timur", "POINT_X": 112.757345409, "POINT_Y": -7.278556497, "POINT_Z": 0.0 }, "geometry": { "type": "Point", "coordinates": [ 112.757345409000095, -7.278556496999954, 0.0 ] } },
{ "type": "Feature", "properties": { "OID_": 0, "Name": "U TURN Kertajaya 4", "FolderPath": "Data CCTV Usulan + 50 Jalur + Rencana 2026.kmz/Rencana 2026/Surabaya Timur.kmz/Surabaya Timur/Kecamatan Gubeng", "Jenis": "Rencana 2026", "SubJenis": "Surabaya Timur", "POINT_X": 112.760985058, "POINT_Y": -7.279162673, "POINT_Z": 0.0 }, "geometry": { "type": "Point", "coordinates": [ 112.760985058000074, -7.279162672999973, 0.0 ] } },
{ "type": "Feature", "properties": { "OID_": 0, "Name": "Perempatan Ngagel Madya - Ngagel Jaya Selatan", "FolderPath": "Data CCTV Usulan + 50 Jalur + Rencana 2026.kmz/Rencana 2026/Surabaya Timur.kmz/Surabaya Timur/Kecamatan Gubeng", "Jenis": "Rencana 2026", "SubJenis": "Surabaya Timur", "POINT_X": 112.759991153, "POINT_Y": -7.293655852, "POINT_Z": 0.0 }, "geometry": { "type": "Point", "coordinates": [ 112.759991153000101, -7.293655851999972, 0.0 ] } },
{ "type": "Feature", "properties": { "OID_": 0, "Name": "U TURN Pucang Anom Timur - Pkm Pucang", "FolderPath": "Data CCTV Usulan + 50 Jalur + Rencana 2026.kmz/Rencana 2026/Surabaya Timur.kmz/Surabaya Timur/Kecamatan Gubeng", "Jenis": "Rencana 2026", "SubJenis": "Surabaya Timur", "POINT_X": 112.75580932299999, "POINT_Y": -7.28611686, "POINT_Z": 0.0 }, "geometry": { "type": "Point", "coordinates": [ 112.755809323000108, -7.286116859999936, 0.0 ] } },
{ "type": "Feature", "properties": { "OID_": 0, "Name": "U TURN Ngagel Jaya", "FolderPath": "Data CCTV Usulan + 50 Jalur + Rencana 2026.kmz/Rencana 2026/Surabaya Timur.kmz/Surabaya Timur/Kecamatan Gubeng", "Jenis": "Rencana 2026", "SubJenis": "Surabaya Timur", "POINT_X": 112.75578790900001, "POINT_Y": -7.290525069, "POINT_Z": 0.0 }, "geometry": { "type": "Point", "coordinates": [ 112.755787909000105, -7.290525068999955, 0.0 ] } },
{ "type": "Feature", "properties": { "OID_": 0, "Name": "U TURN Dharma Husada Indah 2", "FolderPath": "Data CCTV Usulan + 50 Jalur + Rencana 2026.kmz/Rencana 2026/Surabaya Timur.kmz/Surabaya Timur/Kecamatan Gubeng", "Jenis": "Rencana 2026", "SubJenis": "Surabaya Timur", "POINT_X": 112.773503934, "POINT_Y": -7.272091519, "POINT_Z": 0.0 }, "geometry": { "type": "Point", "coordinates": [ 112.773503934000018, -7.272091518999957, 0.0 ] } },
{ "type": "Feature", "properties": { "OID_": 0, "Name": "Pertigaan Kertajaya Indah - Dharma Husada Indah", "FolderPath": "Data CCTV Usulan + 50 Jalur + Rencana 2026.kmz/Rencana 2026/Surabaya Timur.kmz/Surabaya Timur/Kecamatan Gubeng", "Jenis": "Rencana 2026", "SubJenis": "Surabaya Timur", "POINT_X": 112.772361145, "POINT_Y": -7.280394731, "POINT_Z": 0.0 }, "geometry": { "type": "Point", "coordinates": [ 112.772361145000104, -7.280394730999944, 0.0 ] } },
{ "type": "Feature", "properties": { "OID_": 0, "Name": "U TURN Dharma Husada Indah 1", "FolderPath": "Data CCTV Usulan + 50 Jalur + Rencana 2026.kmz/Rencana 2026/Surabaya Timur.kmz/Surabaya Timur/Kecamatan Gubeng", "Jenis": "Rencana 2026", "SubJenis": "Surabaya Timur", "POINT_X": 112.77295870499999, "POINT_Y": -7.274768317, "POINT_Z": 0.0 }, "geometry": { "type": "Point", "coordinates": [ 112.772958705000065, -7.274768316999939, 0.0 ] } },
{ "type": "Feature", "properties": { "OID_": 0, "Name": "U TURN Manyar Kertoarjo 2", "FolderPath": "Data CCTV Usulan + 50 Jalur + Rencana 2026.kmz/Rencana 2026/Surabaya Timur.kmz/Surabaya Timur/Kecamatan Gubeng", "Jenis": "Rencana 2026", "SubJenis": "Surabaya Timur", "POINT_X": 112.766415255, "POINT_Y": -7.279935022, "POINT_Z": 0.0 }, "geometry": { "type": "Point", "coordinates": [ 112.766415255000084, -7.279935021999961, 0.0 ] } },
{ "type": "Feature", "properties": { "OID_": 0, "Name": "U TURN Manyar Kertoarjo 1", "FolderPath": "Data CCTV Usulan + 50 Jalur + Rencana 2026.kmz/Rencana 2026/Surabaya Timur.kmz/Surabaya Timur/Kecamatan Gubeng", "Jenis": "Rencana 2026", "SubJenis": "Surabaya Timur", "POINT_X": 112.769870185, "POINT_Y": -7.280324737, "POINT_Z": 0.0 }, "geometry": { "type": "Point", "coordinates": [ 112.769870185000059, -7.280324736999944, 0.0 ] } },
{ "type": "Feature", "properties": { "OID_": 0, "Name": "U TURN RAYA MANYAR 2", "FolderPath": "Data CCTV Usulan + 50 Jalur + Rencana 2026.kmz/Rencana 2026/Surabaya Timur.kmz/Surabaya Timur/Kecamatan Gubeng", "Jenis": "Rencana 2026", "SubJenis": "Surabaya Timur", "POINT_X": 112.762605941, "POINT_Y": -7.29130117, "POINT_Z": 0.0 }, "geometry": { "type": "Point", "coordinates": [ 112.762605941000061, -7.29130116999994, 0.0 ] } },
{ "type": "Feature", "properties": { "OID_": 0, "Name": "Pertigaan Menur Pumpungan - Manyar Kartika", "FolderPath": "Data CCTV Usulan + 50 Jalur + Rencana 2026.kmz/Rencana 2026/Surabaya Timur.kmz/Surabaya Timur/Kecamatan Gubeng", "Jenis": "Rencana 2026", "SubJenis": "Surabaya Timur", "POINT_X": 112.766179419, "POINT_Y": -7.288452638, "POINT_Z": 0.0 }, "geometry": { "type": "Point", "coordinates": [ 112.766179419000082, -7.288452637999967, 0.0 ] } },
{ "type": "Feature", "properties": { "OID_": 0, "Name": "U TURN MANYAR 1", "FolderPath": "Data CCTV Usulan + 50 Jalur + Rencana 2026.kmz/Rencana 2026/Surabaya Timur.kmz/Surabaya Timur/Kecamatan Gubeng", "Jenis": "Rencana 2026", "SubJenis": "Surabaya Timur", "POINT_X": 112.762057458, "POINT_Y": -7.298308612, "POINT_Z": 0.0 }, "geometry": { "type": "Point", "coordinates": [ 112.762057458000072, -7.298308611999971, 0.0 ] } },
{ "type": "Feature", "properties": { "OID_": 0, "Name": "Perempatan Biliton - Jawa", "FolderPath": "Data CCTV Usulan + 50 Jalur + Rencana 2026.kmz/Rencana 2026/Surabaya Timur.kmz/Surabaya Timur/Kecamatan Gubeng", "Jenis": "Rencana 2026", "SubJenis": "Surabaya Timur", "POINT_X": 112.74980984, "POINT_Y": -7.273735212, "POINT_Z": 0.0 }, "geometry": { "type": "Point", "coordinates": [ 112.749809840000012, -7.273735211999963, 0.0 ] } },
{ "type": "Feature", "properties": { "OID_": 0, "Name": "Perempatan Biliton -  Kalimantan", "FolderPath": "Data CCTV Usulan + 50 Jalur + Rencana 2026.kmz/Rencana 2026/Surabaya Timur.kmz/Surabaya Timur/Kecamatan Gubeng", "Jenis": "Rencana 2026", "SubJenis": "Surabaya Timur", "POINT_X": 112.750379874, "POINT_Y": -7.27138705, "POINT_Z": 0.0 }, "geometry": { "type": "Point", "coordinates": [ 112.750379874000032, -7.27138704999993, 0.0 ] } },
{ "type": "Feature", "properties": { "OID_": 0, "Name": "U TURN Kertajaya 2", "FolderPath": "Data CCTV Usulan + 50 Jalur + Rencana 2026.kmz/Rencana 2026/Surabaya Timur.kmz/Surabaya Timur/Kecamatan Gubeng", "Jenis": "Rencana 2026", "SubJenis": "Surabaya Timur", "POINT_X": 112.75413147800001, "POINT_Y": -7.27806363, "POINT_Z": 0.0 }, "geometry": { "type": "Point", "coordinates": [ 112.75413147800009, -7.278063629999963, 0.0 ] } },
{ "type": "Feature", "properties": { "OID_": 0, "Name": "U TURN Kertajaya 1", "FolderPath": "Data CCTV Usulan + 50 Jalur + Rencana 2026.kmz/Rencana 2026/Surabaya Timur.kmz/Surabaya Timur/Kecamatan Gubeng", "Jenis": "Rencana 2026", "SubJenis": "Surabaya Timur", "POINT_X": 112.750706636, "POINT_Y": -7.277421824, "POINT_Z": 0.0 }, "geometry": { "type": "Point", "coordinates": [ 112.750706636000018, -7.27742182399993, 0.0 ] } },
{ "type": "Feature", "properties": { "OID_": 0, "Name": "U TURN Dharmahusada 2", "FolderPath": "Data CCTV Usulan + 50 Jalur + Rencana 2026.kmz/Rencana 2026/Surabaya Timur.kmz/Surabaya Timur/Kecamatan Gubeng", "Jenis": "Rencana 2026", "SubJenis": "Surabaya Timur", "POINT_X": 112.769293072, "POINT_Y": -7.266797027, "POINT_Z": 0.0 }, "geometry": { "type": "Point", "coordinates": [ 112.769293072000096, -7.266797026999939, 0.0 ] } },
{ "type": "Feature", "properties": { "OID_": 0, "Name": "Pertigaan Dharmahusada - Dharmahusada Utara", "FolderPath": "Data CCTV Usulan + 50 Jalur + Rencana 2026.kmz/Rencana 2026/Surabaya Timur.kmz/Surabaya Timur/Kecamatan Gubeng", "Jenis": "Rencana 2026", "SubJenis": "Surabaya Timur", "POINT_X": 112.771338568, "POINT_Y": -7.267719355, "POINT_Z": 0.0 }, "geometry": { "type": "Point", "coordinates": [ 112.771338568000033, -7.26771935499994, 0.0 ] } },
{ "type": "Feature", "properties": { "OID_": 0, "Name": "U TURN Dharmahusada 1", "FolderPath": "Data CCTV Usulan + 50 Jalur + Rencana 2026.kmz/Rencana 2026/Surabaya Timur.kmz/Surabaya Timur/Kecamatan Gubeng", "Jenis": "Rencana 2026", "SubJenis": "Surabaya Timur", "POINT_X": 112.76314605899999, "POINT_Y": -7.265916586, "POINT_Z": 0.0 }, "geometry": { "type": "Point", "coordinates": [ 112.763146059000064, -7.265916585999946, 0.0 ] } },
{ "type": "Feature", "properties": { "OID_": 0, "Name": "U TURN Putro Agung", "FolderPath": "Data CCTV Usulan + 50 Jalur + Rencana 2026.kmz/Rencana 2026/Surabaya Timur.kmz/Surabaya Timur/Kecamatan Tambaksari", "Jenis": "Rencana 2026", "SubJenis": "Surabaya Timur", "POINT_X": 112.768801905, "POINT_Y": -7.248708865, "POINT_Z": 0.0 }, "geometry": { "type": "Point", "coordinates": [ 112.768801905000032, -7.248708864999969, 0.0 ] } },
{ "type": "Feature", "properties": { "OID_": 0, "Name": "Pertigaan Kapas Krampung - Ploso Bogen", "FolderPath": "Data CCTV Usulan + 50 Jalur + Rencana 2026.kmz/Rencana 2026/Surabaya Timur.kmz/Surabaya Timur/Kecamatan Tambaksari", "Jenis": "Rencana 2026", "SubJenis": "Surabaya Timur", "POINT_X": 112.76295453900001, "POINT_Y": -7.249894375, "POINT_Z": 0.0 }, "geometry": { "type": "Point", "coordinates": [ 112.76295453900002, -7.24989437499994, 0.0 ] } },
{ "type": "Feature", "properties": { "OID_": 0, "Name": "Pertigaan Jolotundo - Kalasan", "FolderPath": "Data CCTV Usulan + 50 Jalur + Rencana 2026.kmz/Rencana 2026/Surabaya Timur.kmz/Surabaya Timur/Kecamatan Tambaksari", "Jenis": "Rencana 2026", "SubJenis": "Surabaya Timur", "POINT_X": 112.758466189, "POINT_Y": -7.256355318, "POINT_Z": 0.0 }, "geometry": { "type": "Point", "coordinates": [ 112.758466189000046, -7.256355317999976, 0.0 ] } },
{ "type": "Feature", "properties": { "OID_": 0, "Name": "U TURN Bronggalan", "FolderPath": "Data CCTV Usulan + 50 Jalur + Rencana 2026.kmz/Rencana 2026/Surabaya Timur.kmz/Surabaya Timur/Kecamatan Tambaksari", "Jenis": "Rencana 2026", "SubJenis": "Surabaya Timur", "POINT_X": 112.76294905899999, "POINT_Y": -7.258300742, "POINT_Z": 0.0 }, "geometry": { "type": "Point", "coordinates": [ 112.762949059000107, -7.25830074199996, 0.0 ] } },
{ "type": "Feature", "properties": { "OID_": 0, "Name": "U TURN Karang Asem - Ploso", "FolderPath": "Data CCTV Usulan + 50 Jalur + Rencana 2026.kmz/Rencana 2026/Surabaya Timur.kmz/Surabaya Timur/Kecamatan Tambaksari", "Jenis": "Rencana 2026", "SubJenis": "Surabaya Timur", "POINT_X": 112.765903479, "POINT_Y": -7.254162281, "POINT_Z": 0.0 }, "geometry": { "type": "Point", "coordinates": [ 112.765903479000031, -7.254162280999935, 0.0 ] } },
{ "type": "Feature", "properties": { "OID_": 0, "Name": "Pertigaan Kaliwaron - Dharma Husada Utara", "FolderPath": "Data CCTV Usulan + 50 Jalur + Rencana 2026.kmz/Rencana 2026/Surabaya Timur.kmz/Surabaya Timur/Kecamatan Tambaksari", "Jenis": "Rencana 2026", "SubJenis": "Surabaya Timur", "POINT_X": 112.772410303, "POINT_Y": -7.263831895, "POINT_Z": 0.0 }, "geometry": { "type": "Point", "coordinates": [ 112.772410303000015, -7.263831894999953, 0.0 ] } },
{ "type": "Feature", "properties": { "OID_": 0, "Name": "U TURN Kaliwaron", "FolderPath": "Data CCTV Usulan + 50 Jalur + Rencana 2026.kmz/Rencana 2026/Surabaya Timur.kmz/Surabaya Timur/Kecamatan Tambaksari", "Jenis": "Rencana 2026", "SubJenis": "Surabaya Timur", "POINT_X": 112.76969120299999, "POINT_Y": -7.263488036, "POINT_Z": 0.0 }, "geometry": { "type": "Point", "coordinates": [ 112.769691203000093, -7.263488035999956, 0.0 ] } },
{ "type": "Feature", "properties": { "OID_": 0, "Name": "U TURN Kalikepiting", "FolderPath": "Data CCTV Usulan + 50 Jalur + Rencana 2026.kmz/Rencana 2026/Surabaya Timur.kmz/Surabaya Timur/Kecamatan Tambaksari", "Jenis": "Rencana 2026", "SubJenis": "Surabaya Timur", "POINT_X": 112.775319764, "POINT_Y": -7.264018071, "POINT_Z": 0.0 }, "geometry": { "type": "Point", "coordinates": [ 112.775319764000074, -7.264018070999953, 0.0 ] } },
{ "type": "Feature", "properties": { "OID_": 0, "Name": "U TURN Pacar Kembang - Kedung Tarukan", "FolderPath": "Data CCTV Usulan + 50 Jalur + Rencana 2026.kmz/Rencana 2026/Surabaya Timur.kmz/Surabaya Timur/Kecamatan Tambaksari", "Jenis": "Rencana 2026", "SubJenis": "Surabaya Timur", "POINT_X": 112.761935569, "POINT_Y": -7.261738327, "POINT_Z": 0.0 }, "geometry": { "type": "Point", "coordinates": [ 112.761935569000116, -7.261738326999932, 0.0 ] } },
{ "type": "Feature", "properties": { "OID_": 0, "Name": "Pertigaan Pacar Kembang - Pacar Keling", "FolderPath": "Data CCTV Usulan + 50 Jalur + Rencana 2026.kmz/Rencana 2026/Surabaya Timur.kmz/Surabaya Timur/Kecamatan Tambaksari", "Jenis": "Rencana 2026", "SubJenis": "Surabaya Timur", "POINT_X": 112.759115861, "POINT_Y": -7.260263375, "POINT_Z": 0.0 }, "geometry": { "type": "Point", "coordinates": [ 112.759115861000055, -7.260263374999965, 0.0 ] } },
{ "type": "Feature", "properties": { "OID_": 0, "Name": "Jl. Pandegiling 1- Teuku Umar", "FolderPath": "Data CCTV Usulan + 50 Jalur + Rencana 2026.kmz/Rencana 2026/Surabaya Pusat.kmz/Surabaya Pusat/Kecamatan Tegalsari", "Jenis": "Rencana 2026", "SubJenis": "Surabaya Pusat", "POINT_X": 112.738256716, "POINT_Y": -7.276756319, "POINT_Z": 0.0 }, "geometry": { "type": "Point", "coordinates": [ 112.738256716000024, -7.276756318999958, 0.0 ] } },
{ "type": "Feature", "properties": { "OID_": 0, "Name": "Jl. Pandegiling 2 - Kpg Malang Tengah", "FolderPath": "Data CCTV Usulan + 50 Jalur + Rencana 2026.kmz/Rencana 2026/Surabaya Pusat.kmz/Surabaya Pusat/Kecamatan Tegalsari", "Jenis": "Rencana 2026", "SubJenis": "Surabaya Pusat", "POINT_X": 112.734586028, "POINT_Y": -7.275737451, "POINT_Z": 0.0 }, "geometry": { "type": "Point", "coordinates": [ 112.734586028000081, -7.275737450999941, 0.0 ] } },
{ "type": "Feature", "properties": { "OID_": 0, "Name": "Jl. Pandegiling 3", "FolderPath": "Data CCTV Usulan + 50 Jalur + Rencana 2026.kmz/Rencana 2026/Surabaya Pusat.kmz/Surabaya Pusat/Kecamatan Tegalsari", "Jenis": "Rencana 2026", "SubJenis": "Surabaya Pusat", "POINT_X": 112.733516423, "POINT_Y": -7.275498745, "POINT_Z": 0.0 }, "geometry": { "type": "Point", "coordinates": [ 112.733516423000083, -7.275498744999936, 0.0 ] } },
{ "type": "Feature", "properties": { "OID_": 0, "Name": "Jl. Pandegiling 4", "FolderPath": "Data CCTV Usulan + 50 Jalur + Rencana 2026.kmz/Rencana 2026/Surabaya Pusat.kmz/Surabaya Pusat/Kecamatan Tegalsari", "Jenis": "Rencana 2026", "SubJenis": "Surabaya Pusat", "POINT_X": 112.73012144899999, "POINT_Y": -7.274748869, "POINT_Z": 0.0 }, "geometry": { "type": "Point", "coordinates": [ 112.73012144900008, -7.27474886899995, 0.0 ] } },
{ "type": "Feature", "properties": { "OID_": 0, "Name": "Jl. Pandegiling 5", "FolderPath": "Data CCTV Usulan + 50 Jalur + Rencana 2026.kmz/Rencana 2026/Surabaya Pusat.kmz/Surabaya Pusat/Kecamatan Tegalsari", "Jenis": "Rencana 2026", "SubJenis": "Surabaya Pusat", "POINT_X": 112.727951543, "POINT_Y": -7.274257899, "POINT_Z": 0.0 }, "geometry": { "type": "Point", "coordinates": [ 112.727951543000017, -7.274257898999963, 0.0 ] } },
{ "type": "Feature", "properties": { "OID_": 0, "Name": "Jl. Kedungsari 1", "FolderPath": "Data CCTV Usulan + 50 Jalur + Rencana 2026.kmz/Rencana 2026/Surabaya Pusat.kmz/Surabaya Pusat/Kecamatan Tegalsari", "Jenis": "Rencana 2026", "SubJenis": "Surabaya Pusat", "POINT_X": 112.733094823, "POINT_Y": -7.267008512, "POINT_Z": 0.0 }, "geometry": { "type": "Point", "coordinates": [ 112.733094823000101, -7.267008511999961, 0.0 ] } },
{ "type": "Feature", "properties": { "OID_": 0, "Name": "Jl. Kedungsari 2", "FolderPath": "Data CCTV Usulan + 50 Jalur + Rencana 2026.kmz/Rencana 2026/Surabaya Pusat.kmz/Surabaya Pusat/Kecamatan Tegalsari", "Jenis": "Rencana 2026", "SubJenis": "Surabaya Pusat", "POINT_X": 112.734611113, "POINT_Y": -7.267915421, "POINT_Z": 0.0 }, "geometry": { "type": "Point", "coordinates": [ 112.734611113000028, -7.267915420999941, 0.0 ] } },
{ "type": "Feature", "properties": { "OID_": 0, "Name": "Jl. Kedungsari 3", "FolderPath": "Data CCTV Usulan + 50 Jalur + Rencana 2026.kmz/Rencana 2026/Surabaya Pusat.kmz/Surabaya Pusat/Kecamatan Tegalsari", "Jenis": "Rencana 2026", "SubJenis": "Surabaya Pusat", "POINT_X": 112.73617228400001, "POINT_Y": -7.267867598, "POINT_Z": 0.0 }, "geometry": { "type": "Point", "coordinates": [ 112.736172284000077, -7.267867597999953, 0.0 ] } },
{ "type": "Feature", "properties": { "OID_": 0, "Name": "Jl. Kedungsari 4", "FolderPath": "Data CCTV Usulan + 50 Jalur + Rencana 2026.kmz/Rencana 2026/Surabaya Pusat.kmz/Surabaya Pusat/Kecamatan Tegalsari", "Jenis": "Rencana 2026", "SubJenis": "Surabaya Pusat", "POINT_X": 112.737486758, "POINT_Y": -7.267854375, "POINT_Z": 0.0 }, "geometry": { "type": "Point", "coordinates": [ 112.737486758000045, -7.267854374999956, 0.0 ] } },
{ "type": "Feature", "properties": { "OID_": 0, "Name": "Jl. KP M. Duryat 1", "FolderPath": "Data CCTV Usulan + 50 Jalur + Rencana 2026.kmz/Rencana 2026/Surabaya Pusat.kmz/Surabaya Pusat/Kecamatan Tegalsari", "Jenis": "Rencana 2026", "SubJenis": "Surabaya Pusat", "POINT_X": 112.73887847899999, "POINT_Y": -7.268626292, "POINT_Z": 0.0 }, "geometry": { "type": "Point", "coordinates": [ 112.73887847900005, -7.268626291999965, 0.0 ] } },
{ "type": "Feature", "properties": { "OID_": 0, "Name": "Jl. KP M. Duryat 2", "FolderPath": "Data CCTV Usulan + 50 Jalur + Rencana 2026.kmz/Rencana 2026/Surabaya Pusat.kmz/Surabaya Pusat/Kecamatan Tegalsari", "Jenis": "Rencana 2026", "SubJenis": "Surabaya Pusat", "POINT_X": 112.738971281, "POINT_Y": -7.268646241, "POINT_Z": 0.0 }, "geometry": { "type": "Point", "coordinates": [ 112.73897128100009, -7.268646240999942, 0.0 ] } },
{ "type": "Feature", "properties": { "OID_": 0, "Name": "Jl. KP M. Duryat 3", "FolderPath": "Data CCTV Usulan + 50 Jalur + Rencana 2026.kmz/Rencana 2026/Surabaya Pusat.kmz/Surabaya Pusat/Kecamatan Tegalsari", "Jenis": "Rencana 2026", "SubJenis": "Surabaya Pusat", "POINT_X": 112.739932319, "POINT_Y": -7.268614167, "POINT_Z": 0.0 }, "geometry": { "type": "Point", "coordinates": [ 112.739932319000104, -7.268614166999953, 0.0 ] } },
{ "type": "Feature", "properties": { "OID_": 0, "Name": "Jl. KP M. Duryat 4", "FolderPath": "Data CCTV Usulan + 50 Jalur + Rencana 2026.kmz/Rencana 2026/Surabaya Pusat.kmz/Surabaya Pusat/Kecamatan Tegalsari", "Jenis": "Rencana 2026", "SubJenis": "Surabaya Pusat", "POINT_X": 112.740466531, "POINT_Y": -7.269025607, "POINT_Z": 0.0 }, "geometry": { "type": "Point", "coordinates": [ 112.740466531000038, -7.269025606999946, 0.0 ] } },
{ "type": "Feature", "properties": { "OID_": 0, "Name": "Jl. Tegalsari 2 (baru)", "FolderPath": "Data CCTV Usulan + 50 Jalur + Rencana 2026.kmz/Rencana 2026/Surabaya Pusat.kmz/Surabaya Pusat/Kecamatan Tegalsari", "Jenis": "Rencana 2026", "SubJenis": "Surabaya Pusat", "POINT_X": 112.739599396, "POINT_Y": -7.265856926, "POINT_Z": 0.0 }, "geometry": { "type": "Point", "coordinates": [ 112.739599396000017, -7.265856925999969, 0.0 ] } },
{ "type": "Feature", "properties": { "OID_": 0, "Name": "Jl. Tegalsari 3", "FolderPath": "Data CCTV Usulan + 50 Jalur + Rencana 2026.kmz/Rencana 2026/Surabaya Pusat.kmz/Surabaya Pusat/Kecamatan Tegalsari", "Jenis": "Rencana 2026", "SubJenis": "Surabaya Pusat", "POINT_X": 112.736023063, "POINT_Y": -7.26698587, "POINT_Z": 0.0 }, "geometry": { "type": "Point", "coordinates": [ 112.736023063000061, -7.266985869999928, 0.0 ] } },
{ "type": "Feature", "properties": { "OID_": 0, "Name": "JL. Dr. Soetomo 1", "FolderPath": "Data CCTV Usulan + 50 Jalur + Rencana 2026.kmz/Rencana 2026/Surabaya Pusat.kmz/Surabaya Pusat/Kecamatan Tegalsari", "Jenis": "Rencana 2026", "SubJenis": "Surabaya Pusat", "POINT_X": 112.73734989, "POINT_Y": -7.28257749, "POINT_Z": 0.0 }, "geometry": { "type": "Point", "coordinates": [ 112.737349890000019, -7.282577489999937, 0.0 ] } },
{ "type": "Feature", "properties": { "OID_": 0, "Name": "Jl. Dr. Soetomo 2", "FolderPath": "Data CCTV Usulan + 50 Jalur + Rencana 2026.kmz/Rencana 2026/Surabaya Pusat.kmz/Surabaya Pusat/Kecamatan Tegalsari", "Jenis": "Rencana 2026", "SubJenis": "Surabaya Pusat", "POINT_X": 112.73845954399999, "POINT_Y": -7.282106077, "POINT_Z": 0.0 }, "geometry": { "type": "Point", "coordinates": [ 112.738459544000079, -7.28210607699998, 0.0 ] } },
{ "type": "Feature", "properties": { "OID_": 0, "Name": "Jl. Dr. Soetomo 3", "FolderPath": "Data CCTV Usulan + 50 Jalur + Rencana 2026.kmz/Rencana 2026/Surabaya Pusat.kmz/Surabaya Pusat/Kecamatan Tegalsari", "Jenis": "Rencana 2026", "SubJenis": "Surabaya Pusat", "POINT_X": 112.738385064, "POINT_Y": -7.282352256, "POINT_Z": 0.0 }, "geometry": { "type": "Point", "coordinates": [ 112.738385064000113, -7.282352255999967, 0.0 ] } },
{ "type": "Feature", "properties": { "OID_": 0, "Name": "Jl. WR. Supratman 1", "FolderPath": "Data CCTV Usulan + 50 Jalur + Rencana 2026.kmz/Rencana 2026/Surabaya Pusat.kmz/Surabaya Pusat/Kecamatan Tegalsari", "Jenis": "Rencana 2026", "SubJenis": "Surabaya Pusat", "POINT_X": 112.73625106199999, "POINT_Y": -7.28010469, "POINT_Z": 0.0 }, "geometry": { "type": "Point", "coordinates": [ 112.736251062000065, -7.280104689999973, 0.0 ] } },
{ "type": "Feature", "properties": { "OID_": 0, "Name": "Jl. WR. Supratman 2", "FolderPath": "Data CCTV Usulan + 50 Jalur + Rencana 2026.kmz/Rencana 2026/Surabaya Pusat.kmz/Surabaya Pusat/Kecamatan Tegalsari", "Jenis": "Rencana 2026", "SubJenis": "Surabaya Pusat", "POINT_X": 112.73779145100001, "POINT_Y": -7.280493484, "POINT_Z": 0.0 }, "geometry": { "type": "Point", "coordinates": [ 112.737791451000021, -7.280493483999976, 0.0 ] } },
{ "type": "Feature", "properties": { "OID_": 0, "Name": "Jl. Mojopahit 1 (depan WM)", "FolderPath": "Data CCTV Usulan + 50 Jalur + Rencana 2026.kmz/Rencana 2026/Surabaya Pusat.kmz/Surabaya Pusat/Kecamatan Tegalsari", "Jenis": "Rencana 2026", "SubJenis": "Surabaya Pusat", "POINT_X": 112.744479786, "POINT_Y": -7.280849555, "POINT_Z": 0.0 }, "geometry": { "type": "Point", "coordinates": [ 112.744479786000056, -7.280849554999975, 0.0 ] } },
{ "type": "Feature", "properties": { "OID_": 0, "Name": "Jl. Dinoyo 1", "FolderPath": "Data CCTV Usulan + 50 Jalur + Rencana 2026.kmz/Rencana 2026/Surabaya Pusat.kmz/Surabaya Pusat/Kecamatan Tegalsari", "Jenis": "Rencana 2026", "SubJenis": "Surabaya Pusat", "POINT_X": 112.744845041, "POINT_Y": -7.286850995, "POINT_Z": 0.0 }, "geometry": { "type": "Point", "coordinates": [ 112.744845041000076, -7.286850994999952, 0.0 ] } },
{ "type": "Feature", "properties": { "OID_": 0, "Name": "Jl. Dinoyo 2", "FolderPath": "Data CCTV Usulan + 50 Jalur + Rencana 2026.kmz/Rencana 2026/Surabaya Pusat.kmz/Surabaya Pusat/Kecamatan Tegalsari", "Jenis": "Rencana 2026", "SubJenis": "Surabaya Pusat", "POINT_X": 112.745780555, "POINT_Y": -7.285194055, "POINT_Z": 0.0 }, "geometry": { "type": "Point", "coordinates": [ 112.74578055500001, -7.285194054999977, 0.0 ] } },
{ "type": "Feature", "properties": { "OID_": 0, "Name": "Jl. Sidotopo Wetan 1", "FolderPath": "Data CCTV Usulan + 50 Jalur + Rencana 2026.kmz/Rencana 2026/Surabaya Pusat.kmz/Surabaya Pusat/Kecamatan Simokerto", "Jenis": "Rencana 2026", "SubJenis": "Surabaya Pusat", "POINT_X": 112.75803818, "POINT_Y": -7.237145618, "POINT_Z": 0.0 }, "geometry": { "type": "Point", "coordinates": [ 112.758038180000085, -7.237145617999943, 0.0 ] } },
{ "type": "Feature", "properties": { "OID_": 0, "Name": "Jl. Sidotopo Wetan 2", "FolderPath": "Data CCTV Usulan + 50 Jalur + Rencana 2026.kmz/Rencana 2026/Surabaya Pusat.kmz/Surabaya Pusat/Kecamatan Simokerto", "Jenis": "Rencana 2026", "SubJenis": "Surabaya Pusat", "POINT_X": 112.75805634, "POINT_Y": -7.237255396, "POINT_Z": 0.0 }, "geometry": { "type": "Point", "coordinates": [ 112.758056340000053, -7.237255395999966, 0.0 ] } },
{ "type": "Feature", "properties": { "OID_": 0, "Name": "Jl. Sidodadi 1", "FolderPath": "Data CCTV Usulan + 50 Jalur + Rencana 2026.kmz/Rencana 2026/Surabaya Pusat.kmz/Surabaya Pusat/Kecamatan Simokerto", "Jenis": "Rencana 2026", "SubJenis": "Surabaya Pusat", "POINT_X": 112.746386634, "POINT_Y": -7.236365646, "POINT_Z": 0.0 }, "geometry": { "type": "Point", "coordinates": [ 112.746386634000032, -7.236365645999967, 0.0 ] } },
{ "type": "Feature", "properties": { "OID_": 0, "Name": "Jl. Sidodadi 2", "FolderPath": "Data CCTV Usulan + 50 Jalur + Rencana 2026.kmz/Rencana 2026/Surabaya Pusat.kmz/Surabaya Pusat/Kecamatan Simokerto", "Jenis": "Rencana 2026", "SubJenis": "Surabaya Pusat", "POINT_X": 112.746435546, "POINT_Y": -7.237940292, "POINT_Z": 0.0 }, "geometry": { "type": "Point", "coordinates": [ 112.746435546000043, -7.237940291999962, 0.0 ] } },
{ "type": "Feature", "properties": { "OID_": 0, "Name": "Jl. Kertopaten 1", "FolderPath": "Data CCTV Usulan + 50 Jalur + Rencana 2026.kmz/Rencana 2026/Surabaya Pusat.kmz/Surabaya Pusat/Kecamatan Simokerto", "Jenis": "Rencana 2026", "SubJenis": "Surabaya Pusat", "POINT_X": 112.74635253700001, "POINT_Y": -7.234898816, "POINT_Z": 0.0 }, "geometry": { "type": "Point", "coordinates": [ 112.746352537, -7.234898815999941, 0.0 ] } },
{ "type": "Feature", "properties": { "OID_": 0, "Name": "Jl. Kertopaten 2", "FolderPath": "Data CCTV Usulan + 50 Jalur + Rencana 2026.kmz/Rencana 2026/Surabaya Pusat.kmz/Surabaya Pusat/Kecamatan Simokerto", "Jenis": "Rencana 2026", "SubJenis": "Surabaya Pusat", "POINT_X": 112.743492915, "POINT_Y": -7.234370389, "POINT_Z": 0.0 }, "geometry": { "type": "Point", "coordinates": [ 112.743492915000047, -7.234370388999935, 0.0 ] } },
{ "type": "Feature", "properties": { "OID_": 0, "Name": "Jl. Sidodadi Baru 1", "FolderPath": "Data CCTV Usulan + 50 Jalur + Rencana 2026.kmz/Rencana 2026/Surabaya Pusat.kmz/Surabaya Pusat/Kecamatan Simokerto", "Jenis": "Rencana 2026", "SubJenis": "Surabaya Pusat", "POINT_X": 112.748981052, "POINT_Y": -7.235335625, "POINT_Z": 0.0 }, "geometry": { "type": "Point", "coordinates": [ 112.74898105200009, -7.235335624999948, 0.0 ] } },
{ "type": "Feature", "properties": { "OID_": 0, "Name": "Jl. Simolawang Baru 1", "FolderPath": "Data CCTV Usulan + 50 Jalur + Rencana 2026.kmz/Rencana 2026/Surabaya Pusat.kmz/Surabaya Pusat/Kecamatan Simokerto", "Jenis": "Rencana 2026", "SubJenis": "Surabaya Pusat", "POINT_X": 112.75174449, "POINT_Y": -7.236546515, "POINT_Z": 0.0 }, "geometry": { "type": "Point", "coordinates": [ 112.751744490000078, -7.23654651499993, 0.0 ] } },
{ "type": "Feature", "properties": { "OID_": 0, "Name": "Jl. Pegirian 1", "FolderPath": "Data CCTV Usulan + 50 Jalur + Rencana 2026.kmz/Rencana 2026/Surabaya Pusat.kmz/Surabaya Pusat/Kecamatan Simokerto", "Jenis": "Rencana 2026", "SubJenis": "Surabaya Pusat", "POINT_X": 112.74570176500001, "POINT_Y": -7.230189583, "POINT_Z": 0.0 }, "geometry": { "type": "Point", "coordinates": [ 112.745701765000035, -7.230189582999969, 0.0 ] } },
{ "type": "Feature", "properties": { "OID_": 0, "Name": "Jl. Pegirian 2", "FolderPath": "Data CCTV Usulan + 50 Jalur + Rencana 2026.kmz/Rencana 2026/Surabaya Pusat.kmz/Surabaya Pusat/Kecamatan Simokerto", "Jenis": "Rencana 2026", "SubJenis": "Surabaya Pusat", "POINT_X": 112.743858026, "POINT_Y": -7.232522106, "POINT_Z": 0.0 }, "geometry": { "type": "Point", "coordinates": [ 112.743858026000112, -7.232522105999976, 0.0 ] } },
{ "type": "Feature", "properties": { "OID_": 0, "Name": "Jl. Sidotopo Lor 1", "FolderPath": "Data CCTV Usulan + 50 Jalur + Rencana 2026.kmz/Rencana 2026/Surabaya Pusat.kmz/Surabaya Pusat/Kecamatan Simokerto", "Jenis": "Rencana 2026", "SubJenis": "Surabaya Pusat", "POINT_X": 112.75437678500001, "POINT_Y": -7.233945276, "POINT_Z": 0.0 }, "geometry": { "type": "Point", "coordinates": [ 112.75437678500009, -7.233945275999929, 0.0 ] } },
{ "type": "Feature", "properties": { "OID_": 0, "Name": "Jl. Genteng Muhammadiyah 1", "FolderPath": "Data CCTV Usulan + 50 Jalur + Rencana 2026.kmz/Rencana 2026/Surabaya Pusat.kmz/Surabaya Pusat/Kecamatan Genteng", "Jenis": "Rencana 2026", "SubJenis": "Surabaya Pusat", "POINT_X": 112.74060257, "POINT_Y": -7.257736415, "POINT_Z": 0.0 }, "geometry": { "type": "Point", "coordinates": [ 112.740602570000078, -7.257736414999954, 0.0 ] } },
{ "type": "Feature", "properties": { "OID_": 0, "Name": "Jl. Genteng Kali 1", "FolderPath": "Data CCTV Usulan + 50 Jalur + Rencana 2026.kmz/Rencana 2026/Surabaya Pusat.kmz/Surabaya Pusat/Kecamatan Genteng", "Jenis": "Rencana 2026", "SubJenis": "Surabaya Pusat", "POINT_X": 112.743051616, "POINT_Y": -7.258595489, "POINT_Z": 0.0 }, "geometry": { "type": "Point", "coordinates": [ 112.743051616000116, -7.258595488999958, 0.0 ] } },
{ "type": "Feature", "properties": { "OID_": 0, "Name": "Jl. Ngemplak 1", "FolderPath": "Data CCTV Usulan + 50 Jalur + Rencana 2026.kmz/Rencana 2026/Surabaya Pusat.kmz/Surabaya Pusat/Kecamatan Genteng", "Jenis": "Rencana 2026", "SubJenis": "Surabaya Pusat", "POINT_X": 112.74375635299999, "POINT_Y": -7.255826262, "POINT_Z": 0.0 }, "geometry": { "type": "Point", "coordinates": [ 112.743756353000094, -7.255826261999971, 0.0 ] } },
{ "type": "Feature", "properties": { "OID_": 0, "Name": "Jl. Ngemplak 2", "FolderPath": "Data CCTV Usulan + 50 Jalur + Rencana 2026.kmz/Rencana 2026/Surabaya Pusat.kmz/Surabaya Pusat/Kecamatan Genteng", "Jenis": "Rencana 2026", "SubJenis": "Surabaya Pusat", "POINT_X": 112.744239308, "POINT_Y": -7.257963384, "POINT_Z": 0.0 }, "geometry": { "type": "Point", "coordinates": [ 112.744239308000033, -7.257963383999936, 0.0 ] } },
{ "type": "Feature", "properties": { "OID_": 0, "Name": "Jl. Walikota Mustajab - Ketabang kali", "FolderPath": "Data CCTV Usulan + 50 Jalur + Rencana 2026.kmz/Rencana 2026/Surabaya Pusat.kmz/Surabaya Pusat/Kecamatan Genteng", "Jenis": "Rencana 2026", "SubJenis": "Surabaya Pusat", "POINT_X": 112.743284316, "POINT_Y": -7.259677534, "POINT_Z": 0.0 }, "geometry": { "type": "Point", "coordinates": [ 112.743284316000086, -7.259677533999934, 0.0 ] } },
{ "type": "Feature", "properties": { "OID_": 0, "Name": "Jl. Ketabang Kali 1", "FolderPath": "Data CCTV Usulan + 50 Jalur + Rencana 2026.kmz/Rencana 2026/Surabaya Pusat.kmz/Surabaya Pusat/Kecamatan Genteng", "Jenis": "Rencana 2026", "SubJenis": "Surabaya Pusat", "POINT_X": 112.742713494, "POINT_Y": -7.26047379, "POINT_Z": 0.0 }, "geometry": { "type": "Point", "coordinates": [ 112.7427134940001, -7.260473789999935, 0.0 ] } },
{ "type": "Feature", "properties": { "OID_": 0, "Name": "Jl. Ketabang Kali 2", "FolderPath": "Data CCTV Usulan + 50 Jalur + Rencana 2026.kmz/Rencana 2026/Surabaya Pusat.kmz/Surabaya Pusat/Kecamatan Genteng", "Jenis": "Rencana 2026", "SubJenis": "Surabaya Pusat", "POINT_X": 112.745171214, "POINT_Y": -7.26234461, "POINT_Z": 0.0 }, "geometry": { "type": "Point", "coordinates": [ 112.745171214000038, -7.262344609999957, 0.0 ] } },
{ "type": "Feature", "properties": { "OID_": 0, "Name": "Jl. Simpang Dukuh 1", "FolderPath": "Data CCTV Usulan + 50 Jalur + Rencana 2026.kmz/Rencana 2026/Surabaya Pusat.kmz/Surabaya Pusat/Kecamatan Genteng", "Jenis": "Rencana 2026", "SubJenis": "Surabaya Pusat", "POINT_X": 112.741933917, "POINT_Y": -7.261270011, "POINT_Z": 0.0 }, "geometry": { "type": "Point", "coordinates": [ 112.741933917000097, -7.261270010999965, 0.0 ] } },
{ "type": "Feature", "properties": { "OID_": 0, "Name": "Jl. Kusuma Bangsa 1", "FolderPath": "Data CCTV Usulan + 50 Jalur + Rencana 2026.kmz/Rencana 2026/Surabaya Pusat.kmz/Surabaya Pusat/Kecamatan Genteng", "Jenis": "Rencana 2026", "SubJenis": "Surabaya Pusat", "POINT_X": 112.750080021, "POINT_Y": -7.254654777, "POINT_Z": 0.0 }, "geometry": { "type": "Point", "coordinates": [ 112.750080021000031, -7.254654776999928, 0.0 ] } },
{ "type": "Feature", "properties": { "OID_": 0, "Name": "Jl. Kalianyar 1", "FolderPath": "Data CCTV Usulan + 50 Jalur + Rencana 2026.kmz/Rencana 2026/Surabaya Pusat.kmz/Surabaya Pusat/Kecamatan Genteng", "Jenis": "Rencana 2026", "SubJenis": "Surabaya Pusat", "POINT_X": 112.748000529, "POINT_Y": -7.248689695, "POINT_Z": 0.0 }, "geometry": { "type": "Point", "coordinates": [ 112.748000529000024, -7.248689694999939, 0.0 ] } },
{ "type": "Feature", "properties": { "OID_": 0, "Name": "Jl. Gembong Tebasan", "FolderPath": "Data CCTV Usulan + 50 Jalur + Rencana 2026.kmz/Rencana 2026/Surabaya Pusat.kmz/Surabaya Pusat/Kecamatan Genteng", "Jenis": "Rencana 2026", "SubJenis": "Surabaya Pusat", "POINT_X": 112.750025306, "POINT_Y": -7.24526367, "POINT_Z": 0.0 }, "geometry": { "type": "Point", "coordinates": [ 112.750025306000111, -7.245263669999929, 0.0 ] } },
{ "type": "Feature", "properties": { "OID_": 0, "Name": "Jl. Gembong Tebasan 2", "FolderPath": "Data CCTV Usulan + 50 Jalur + Rencana 2026.kmz/Rencana 2026/Surabaya Pusat.kmz/Surabaya Pusat/Kecamatan Genteng", "Jenis": "Rencana 2026", "SubJenis": "Surabaya Pusat", "POINT_X": 112.74767827300001, "POINT_Y": -7.244709427, "POINT_Z": 0.0 }, "geometry": { "type": "Point", "coordinates": [ 112.74767827300002, -7.244709426999975, 0.0 ] } },
{ "type": "Feature", "properties": { "OID_": 0, "Name": "Jl. Pecindilan 1", "FolderPath": "Data CCTV Usulan + 50 Jalur + Rencana 2026.kmz/Rencana 2026/Surabaya Pusat.kmz/Surabaya Pusat/Kecamatan Genteng", "Jenis": "Rencana 2026", "SubJenis": "Surabaya Pusat", "POINT_X": 112.747179605, "POINT_Y": -7.247751847, "POINT_Z": 0.0 }, "geometry": { "type": "Point", "coordinates": [ 112.747179605000042, -7.247751846999961, 0.0 ] } },
{ "type": "Feature", "properties": { "OID_": 0, "Name": "Jl. Jagalan 1", "FolderPath": "Data CCTV Usulan + 50 Jalur + Rencana 2026.kmz/Rencana 2026/Surabaya Pusat.kmz/Surabaya Pusat/Kecamatan Genteng", "Jenis": "Rencana 2026", "SubJenis": "Surabaya Pusat", "POINT_X": 112.744609994, "POINT_Y": -7.248120438, "POINT_Z": 0.0 }, "geometry": { "type": "Point", "coordinates": [ 112.744609994000029, -7.248120437999944, 0.0 ] } },
{ "type": "Feature", "properties": { "OID_": 0, "Name": "Jl. Peneleh 1", "FolderPath": "Data CCTV Usulan + 50 Jalur + Rencana 2026.kmz/Rencana 2026/Surabaya Pusat.kmz/Surabaya Pusat/Kecamatan Genteng", "Jenis": "Rencana 2026", "SubJenis": "Surabaya Pusat", "POINT_X": 112.74146937, "POINT_Y": -7.249381918, "POINT_Z": 0.0 }, "geometry": { "type": "Point", "coordinates": [ 112.74146937, -7.249381917999926, 0.0 ] } },
{ "type": "Feature", "properties": { "OID_": 0, "Name": "Jl. Peneleh 2", "FolderPath": "Data CCTV Usulan + 50 Jalur + Rencana 2026.kmz/Rencana 2026/Surabaya Pusat.kmz/Surabaya Pusat/Kecamatan Genteng", "Jenis": "Rencana 2026", "SubJenis": "Surabaya Pusat", "POINT_X": 112.73972259, "POINT_Y": -7.250580421, "POINT_Z": 0.0 }, "geometry": { "type": "Point", "coordinates": [ 112.739722590000042, -7.250580420999938, 0.0 ] } },
{ "type": "Feature", "properties": { "OID_": 0, "Name": "Jl. Peneleh 3", "FolderPath": "Data CCTV Usulan + 50 Jalur + Rencana 2026.kmz/Rencana 2026/Surabaya Pusat.kmz/Surabaya Pusat/Kecamatan Genteng", "Jenis": "Rencana 2026", "SubJenis": "Surabaya Pusat", "POINT_X": 112.738512778, "POINT_Y": -7.251293237, "POINT_Z": 0.0 }, "geometry": { "type": "Point", "coordinates": [ 112.738512778000086, -7.25129323699997, 0.0 ] } },
{ "type": "Feature", "properties": { "OID_": 0, "Name": "Jl. Ahmad Jais 1", "FolderPath": "Data CCTV Usulan + 50 Jalur + Rencana 2026.kmz/Rencana 2026/Surabaya Pusat.kmz/Surabaya Pusat/Kecamatan Genteng", "Jenis": "Rencana 2026", "SubJenis": "Surabaya Pusat", "POINT_X": 112.73738238200001, "POINT_Y": -7.252407495, "POINT_Z": 0.0 }, "geometry": { "type": "Point", "coordinates": [ 112.737382382000078, -7.252407494999943, 0.0 ] } },
{ "type": "Feature", "properties": { "OID_": 0, "Name": "Jl. Ahmad Jais 2", "FolderPath": "Data CCTV Usulan + 50 Jalur + Rencana 2026.kmz/Rencana 2026/Surabaya Pusat.kmz/Surabaya Pusat/Kecamatan Genteng", "Jenis": "Rencana 2026", "SubJenis": "Surabaya Pusat", "POINT_X": 112.74129686400001, "POINT_Y": -7.2554784, "POINT_Z": 0.0 }, "geometry": { "type": "Point", "coordinates": [ 112.741296864000105, -7.255478399999959, 0.0 ] } },
{ "type": "Feature", "properties": { "OID_": 0, "Name": "Jl. Undaan 1", "FolderPath": "Data CCTV Usulan + 50 Jalur + Rencana 2026.kmz/Rencana 2026/Surabaya Pusat.kmz/Surabaya Pusat/Kecamatan Genteng", "Jenis": "Rencana 2026", "SubJenis": "Surabaya Pusat", "POINT_X": 112.744164932, "POINT_Y": -7.254224278, "POINT_Z": 0.0 }, "geometry": { "type": "Point", "coordinates": [ 112.744164932000103, -7.254224277999981, 0.0 ] } },
{ "type": "Feature", "properties": { "OID_": 0, "Name": "Jl. Undaan 2", "FolderPath": "Data CCTV Usulan + 50 Jalur + Rencana 2026.kmz/Rencana 2026/Surabaya Pusat.kmz/Surabaya Pusat/Kecamatan Genteng", "Jenis": "Rencana 2026", "SubJenis": "Surabaya Pusat", "POINT_X": 112.744365808, "POINT_Y": -7.252428246, "POINT_Z": 0.0 }, "geometry": { "type": "Point", "coordinates": [ 112.744365808000111, -7.252428245999965, 0.0 ] } },
{ "type": "Feature", "properties": { "OID_": 0, "Name": "Jl. Undaan Wetan 1", "FolderPath": "Data CCTV Usulan + 50 Jalur + Rencana 2026.kmz/Rencana 2026/Surabaya Pusat.kmz/Surabaya Pusat/Kecamatan Genteng", "Jenis": "Rencana 2026", "SubJenis": "Surabaya Pusat", "POINT_X": 112.74638935199999, "POINT_Y": -7.249230085, "POINT_Z": 0.0 }, "geometry": { "type": "Point", "coordinates": [ 112.746389352000051, -7.249230084999965, 0.0 ] } },
{ "type": "Feature", "properties": { "OID_": 0, "Name": "Jl. Undaan Wetan 2", "FolderPath": "Data CCTV Usulan + 50 Jalur + Rencana 2026.kmz/Rencana 2026/Surabaya Pusat.kmz/Surabaya Pusat/Kecamatan Genteng", "Jenis": "Rencana 2026", "SubJenis": "Surabaya Pusat", "POINT_X": 112.745655372, "POINT_Y": -7.250691241, "POINT_Z": 0.0 }, "geometry": { "type": "Point", "coordinates": [ 112.745655372000101, -7.25069124099997, 0.0 ] } },
{ "type": "Feature", "properties": { "OID_": 0, "Name": "Jl. Undaan Wetan 3", "FolderPath": "Data CCTV Usulan + 50 Jalur + Rencana 2026.kmz/Rencana 2026/Surabaya Pusat.kmz/Surabaya Pusat/Kecamatan Genteng", "Jenis": "Rencana 2026", "SubJenis": "Surabaya Pusat", "POINT_X": 112.74458432500001, "POINT_Y": -7.252533121, "POINT_Z": 0.0 }, "geometry": { "type": "Point", "coordinates": [ 112.744584325, -7.252533120999942, 0.0 ] } },
{ "type": "Feature", "properties": { "OID_": 0, "Name": "Jl. Bubutan 2", "FolderPath": "Data CCTV Usulan + 50 Jalur + Rencana 2026.kmz/Rencana 2026/Surabaya Pusat.kmz/Surabaya Pusat/Kecamatan Bubutan", "Jenis": "Rencana 2026", "SubJenis": "Surabaya Pusat", "POINT_X": 112.73506164299999, "POINT_Y": -7.252493557, "POINT_Z": 0.0 }, "geometry": { "type": "Point", "coordinates": [ 112.735061643000108, -7.25249355699998, 0.0 ] } },
{ "type": "Feature", "properties": { "OID_": 0, "Name": "Jl. Bubutan 1", "FolderPath": "Data CCTV Usulan + 50 Jalur + Rencana 2026.kmz/Rencana 2026/Surabaya Pusat.kmz/Surabaya Pusat/Kecamatan Bubutan", "Jenis": "Rencana 2026", "SubJenis": "Surabaya Pusat", "POINT_X": 112.734267651, "POINT_Y": -7.25447339, "POINT_Z": 0.0 }, "geometry": { "type": "Point", "coordinates": [ 112.734267651000096, -7.25447338999993, 0.0 ] } },
{ "type": "Feature", "properties": { "OID_": 0, "Name": "Jl. Bubutan 3", "FolderPath": "Data CCTV Usulan + 50 Jalur + Rencana 2026.kmz/Rencana 2026/Surabaya Pusat.kmz/Surabaya Pusat/Kecamatan Bubutan", "Jenis": "Rencana 2026", "SubJenis": "Surabaya Pusat", "POINT_X": 112.736347127, "POINT_Y": -7.248981041, "POINT_Z": 0.0 }, "geometry": { "type": "Point", "coordinates": [ 112.736347127000045, -7.248981040999979, 0.0 ] } },
{ "type": "Feature", "properties": { "OID_": 0, "Name": "Jl. Pahlawan 1", "FolderPath": "Data CCTV Usulan + 50 Jalur + Rencana 2026.kmz/Rencana 2026/Surabaya Pusat.kmz/Surabaya Pusat/Kecamatan Bubutan", "Jenis": "Rencana 2026", "SubJenis": "Surabaya Pusat", "POINT_X": 112.738927344, "POINT_Y": -7.248712017, "POINT_Z": 0.0 }, "geometry": { "type": "Point", "coordinates": [ 112.738927344000103, -7.248712016999946, 0.0 ] } },
{ "type": "Feature", "properties": { "OID_": 0, "Name": "Jl. Pahlawan 2", "FolderPath": "Data CCTV Usulan + 50 Jalur + Rencana 2026.kmz/Rencana 2026/Surabaya Pusat.kmz/Surabaya Pusat/Kecamatan Bubutan", "Jenis": "Rencana 2026", "SubJenis": "Surabaya Pusat", "POINT_X": 112.737695862, "POINT_Y": -7.251021027, "POINT_Z": 0.0 }, "geometry": { "type": "Point", "coordinates": [ 112.73769586200001, -7.251021026999979, 0.0 ] } },
{ "type": "Feature", "properties": { "OID_": 0, "Name": "Jl. Pahlawan 3", "FolderPath": "Data CCTV Usulan + 50 Jalur + Rencana 2026.kmz/Rencana 2026/Surabaya Pusat.kmz/Surabaya Pusat/Kecamatan Bubutan", "Jenis": "Rencana 2026", "SubJenis": "Surabaya Pusat", "POINT_X": 112.736691776, "POINT_Y": -7.251259798, "POINT_Z": 0.0 }, "geometry": { "type": "Point", "coordinates": [ 112.736691776000043, -7.251259797999978, 0.0 ] } },
{ "type": "Feature", "properties": { "OID_": 0, "Name": "Jl. Pahlawan 4", "FolderPath": "Data CCTV Usulan + 50 Jalur + Rencana 2026.kmz/Rencana 2026/Surabaya Pusat.kmz/Surabaya Pusat/Kecamatan Bubutan", "Jenis": "Rencana 2026", "SubJenis": "Surabaya Pusat", "POINT_X": 112.73767691099999, "POINT_Y": -7.249371604, "POINT_Z": 0.0 }, "geometry": { "type": "Point", "coordinates": [ 112.737676911000108, -7.249371603999975, 0.0 ] } },
{ "type": "Feature", "properties": { "OID_": 0, "Name": "Jl. Baliwerti 1", "FolderPath": "Data CCTV Usulan + 50 Jalur + Rencana 2026.kmz/Rencana 2026/Surabaya Pusat.kmz/Surabaya Pusat/Kecamatan Bubutan", "Jenis": "Rencana 2026", "SubJenis": "Surabaya Pusat", "POINT_X": 112.735938391, "POINT_Y": -7.25339011, "POINT_Z": 0.0 }, "geometry": { "type": "Point", "coordinates": [ 112.735938391000104, -7.253390109999941, 0.0 ] } },
{ "type": "Feature", "properties": { "OID_": 0, "Name": "Jl. Baliwerti 2", "FolderPath": "Data CCTV Usulan + 50 Jalur + Rencana 2026.kmz/Rencana 2026/Surabaya Pusat.kmz/Surabaya Pusat/Kecamatan Bubutan", "Jenis": "Rencana 2026", "SubJenis": "Surabaya Pusat", "POINT_X": 112.73528106099999, "POINT_Y": -7.255040932, "POINT_Z": 0.0 }, "geometry": { "type": "Point", "coordinates": [ 112.735281061000023, -7.255040931999929, 0.0 ] } },
{ "type": "Feature", "properties": { "OID_": 0, "Name": "Jl. Gemblongan 1", "FolderPath": "Data CCTV Usulan + 50 Jalur + Rencana 2026.kmz/Rencana 2026/Surabaya Pusat.kmz/Surabaya Pusat/Kecamatan Bubutan", "Jenis": "Rencana 2026", "SubJenis": "Surabaya Pusat", "POINT_X": 112.736834622, "POINT_Y": -7.25418961, "POINT_Z": 0.0 }, "geometry": { "type": "Point", "coordinates": [ 112.73683462200006, -7.254189609999969, 0.0 ] } },
{ "type": "Feature", "properties": { "OID_": 0, "Name": "Jl. Tembok Dukuh 1", "FolderPath": "Data CCTV Usulan + 50 Jalur + Rencana 2026.kmz/Rencana 2026/Surabaya Pusat.kmz/Surabaya Pusat/Kecamatan Bubutan", "Jenis": "Rencana 2026", "SubJenis": "Surabaya Pusat", "POINT_X": 112.723045517, "POINT_Y": -7.25540472, "POINT_Z": 0.0 }, "geometry": { "type": "Point", "coordinates": [ 112.72304551700006, -7.255404719999945, 0.0 ] } },
{ "type": "Feature", "properties": { "OID_": 0, "Name": "Jl. Tembok Dukuh 2", "FolderPath": "Data CCTV Usulan + 50 Jalur + Rencana 2026.kmz/Rencana 2026/Surabaya Pusat.kmz/Surabaya Pusat/Kecamatan Bubutan", "Jenis": "Rencana 2026", "SubJenis": "Surabaya Pusat", "POINT_X": 112.726014306, "POINT_Y": -7.255827435, "POINT_Z": 0.0 }, "geometry": { "type": "Point", "coordinates": [ 112.726014306000025, -7.255827434999958, 0.0 ] } },
{ "type": "Feature", "properties": { "OID_": 0, "Name": "Jl. Tembok Dukuh 3", "FolderPath": "Data CCTV Usulan + 50 Jalur + Rencana 2026.kmz/Rencana 2026/Surabaya Pusat.kmz/Surabaya Pusat/Kecamatan Bubutan", "Jenis": "Rencana 2026", "SubJenis": "Surabaya Pusat", "POINT_X": 112.726000392, "POINT_Y": -7.255825429, "POINT_Z": 0.0 }, "geometry": { "type": "Point", "coordinates": [ 112.72600039200006, -7.25582542899997, 0.0 ] } },
{ "type": "Feature", "properties": { "OID_": 0, "Name": "Jl. Anjasmoro 1", "FolderPath": "Data CCTV Usulan + 50 Jalur + Rencana 2026.kmz/Rencana 2026/Surabaya Pusat.kmz/Surabaya Pusat/Kecamatan Bubutan", "Jenis": "Rencana 2026", "SubJenis": "Surabaya Pusat", "POINT_X": 112.725856763, "POINT_Y": -7.257770697, "POINT_Z": 0.0 }, "geometry": { "type": "Point", "coordinates": [ 112.725856763000024, -7.257770696999955, 0.0 ] } },
{ "type": "Feature", "properties": { "OID_": 0, "Name": "Jl. Tidar 1", "FolderPath": "Data CCTV Usulan + 50 Jalur + Rencana 2026.kmz/Rencana 2026/Surabaya Pusat.kmz/Surabaya Pusat/Kecamatan Bubutan", "Jenis": "Rencana 2026", "SubJenis": "Surabaya Pusat", "POINT_X": 112.725949809, "POINT_Y": -7.256889685, "POINT_Z": 0.0 }, "geometry": { "type": "Point", "coordinates": [ 112.725949809000099, -7.256889684999976, 0.0 ] } },
{ "type": "Feature", "properties": { "OID_": 0, "Name": "Jl. Demak 1", "FolderPath": "Data CCTV Usulan + 50 Jalur + Rencana 2026.kmz/Rencana 2026/Surabaya Pusat.kmz/Surabaya Pusat/Kecamatan Bubutan", "Jenis": "Rencana 2026", "SubJenis": "Surabaya Pusat", "POINT_X": 112.720630685, "POINT_Y": -7.251456164, "POINT_Z": 0.0 }, "geometry": { "type": "Point", "coordinates": [ 112.72063068500006, -7.251456163999933, 0.0 ] } },
{ "type": "Feature", "properties": { "OID_": 0, "Name": "Jl. Demak 2", "FolderPath": "Data CCTV Usulan + 50 Jalur + Rencana 2026.kmz/Rencana 2026/Surabaya Pusat.kmz/Surabaya Pusat/Kecamatan Bubutan", "Jenis": "Rencana 2026", "SubJenis": "Surabaya Pusat", "POINT_X": 112.720684226, "POINT_Y": -7.249182489, "POINT_Z": 0.0 }, "geometry": { "type": "Point", "coordinates": [ 112.720684226000117, -7.249182488999963, 0.0 ] } },
{ "type": "Feature", "properties": { "OID_": 0, "Name": "Jl. Demak 3", "FolderPath": "Data CCTV Usulan + 50 Jalur + Rencana 2026.kmz/Rencana 2026/Surabaya Pusat.kmz/Surabaya Pusat/Kecamatan Bubutan", "Jenis": "Rencana 2026", "SubJenis": "Surabaya Pusat", "POINT_X": 112.72092393200001, "POINT_Y": -7.248788341, "POINT_Z": 0.0 }, "geometry": { "type": "Point", "coordinates": [ 112.720923932, -7.248788340999965, 0.0 ] } },
{ "type": "Feature", "properties": { "OID_": 0, "Name": "Jl. Demak 4", "FolderPath": "Data CCTV Usulan + 50 Jalur + Rencana 2026.kmz/Rencana 2026/Surabaya Pusat.kmz/Surabaya Pusat/Kecamatan Bubutan", "Jenis": "Rencana 2026", "SubJenis": "Surabaya Pusat", "POINT_X": 112.720875405, "POINT_Y": -7.24765578, "POINT_Z": 0.0 }, "geometry": { "type": "Point", "coordinates": [ 112.720875405000015, -7.247655779999945, 0.0 ] } },
{ "type": "Feature", "properties": { "OID_": 0, "Name": "Jl. Demak 5", "FolderPath": "Data CCTV Usulan + 50 Jalur + Rencana 2026.kmz/Rencana 2026/Surabaya Pusat.kmz/Surabaya Pusat/Kecamatan Bubutan", "Jenis": "Rencana 2026", "SubJenis": "Surabaya Pusat", "POINT_X": 112.720865883, "POINT_Y": -7.247489356, "POINT_Z": 0.0 }, "geometry": { "type": "Point", "coordinates": [ 112.720865883000101, -7.24748935599996, 0.0 ] } },
{ "type": "Feature", "properties": { "OID_": 0, "Name": "Jl. Demak 6", "FolderPath": "Data CCTV Usulan + 50 Jalur + Rencana 2026.kmz/Rencana 2026/Surabaya Pusat.kmz/Surabaya Pusat/Kecamatan Bubutan", "Jenis": "Rencana 2026", "SubJenis": "Surabaya Pusat", "POINT_X": 112.720651201, "POINT_Y": -7.240371625, "POINT_Z": 0.0 }, "geometry": { "type": "Point", "coordinates": [ 112.72065120100001, -7.240371624999966, 0.0 ] } },
{ "type": "Feature", "properties": { "OID_": 0, "Name": "Jl. Demak 7", "FolderPath": "Data CCTV Usulan + 50 Jalur + Rencana 2026.kmz/Rencana 2026/Surabaya Pusat.kmz/Surabaya Pusat/Kecamatan Bubutan", "Jenis": "Rencana 2026", "SubJenis": "Surabaya Pusat", "POINT_X": 112.720639237, "POINT_Y": -7.240376212, "POINT_Z": 0.0 }, "geometry": { "type": "Point", "coordinates": [ 112.720639237000114, -7.240376211999944, 0.0 ] } },
{ "type": "Feature", "properties": { "OID_": 0, "Name": "Jl. Demak 8", "FolderPath": "Data CCTV Usulan + 50 Jalur + Rencana 2026.kmz/Rencana 2026/Surabaya Pusat.kmz/Surabaya Pusat/Kecamatan Bubutan", "Jenis": "Rencana 2026", "SubJenis": "Surabaya Pusat", "POINT_X": 112.72076395800001, "POINT_Y": -7.243934077, "POINT_Z": 0.0 }, "geometry": { "type": "Point", "coordinates": [ 112.72076395800002, -7.243934076999949, 0.0 ] } }
]
}
