{
"type": "FeatureCollection",
"name": "CCTV_EKSISTING",
"crs": { "type": "name", "properties": { "name": "urn:ogc:def:crs:OGC:1.3:CRS84" } },
"features": [
{ "type": "Feature", "properties": { "OID_": 0, "Name": "Posko Terpadu Barat", "FolderPath": "Data CCTV Usulan + 50 Jalur + Rencana 2026.kmz/Posko Pengamanan.kmz/Posko Pengamanan", "Jenis": "Posko Keamanan", "SubJenis": "Posko Pengamanan", "POINT_X": 112.677794523, "POINT_Y": -7.259134902, "POINT_Z": 0.0 }, "geometry": { "type": "Point", "coordinates": [ 112.677794523000102, -7.259134901999971, 0.0 ] } },
{ "type": "Feature", "properties": { "OID_": 0, "Name": "Posko Terpadu Dukuh Pakis", "FolderPath": "Data CCTV Usulan + 50 Jalur + Rencana 2026.kmz/Posko Pengamanan.kmz/Posko Pengamanan", "Jenis": "Posko Keamanan", "SubJenis": "Posko Pengamanan", "POINT_X": 112.71508058000001, "POINT_Y": -7.290679927, "POINT_Z": 0.0 }, "geometry": { "type": "Point", "coordinates": [ 112.715080580000063, -7.290679926999928, 0.0 ] } },
{ "type": "Feature", "properties": { "OID_": 0, "Name": "Posko Terpadu Utara", "FolderPath": "Data CCTV Usulan + 50 Jalur + Rencana 2026.kmz/Posko Pengamanan.kmz/Posko Pengamanan", "Jenis": "Posko Keamanan", "SubJenis": "Posko Pengamanan", "POINT_X": 112.736289266, "POINT_Y": -7.235465441, "POINT_Z": 0.0 }, "geometry": { "type": "Point", "coordinates": [ 112.736289266000085, -7.235465440999974, 0.0 ] } },
{ "type": "Feature", "properties": { "OID_": 0, "Name": "Posko Terpadu Pusat", "FolderPath": "Data CCTV Usulan + 50 Jalur + Rencana 2026.kmz/Posko Pengamanan.kmz/Posko Pengamanan", "Jenis": "Posko Keamanan", "SubJenis": "Posko Pengamanan", "POINT_X": 112.75002127899999, "POINT_Y": -7.252215949, "POINT_Z": 0.0 }, "geometry": { "type": "Point", "coordinates": [ 112.750021279000066, -7.252215948999947, 0.0 ] } },
{ "type": "Feature", "properties": { "OID_": 0, "Name": "Posko Terpadu Selatan", "FolderPath": "Data CCTV Usulan + 50 Jalur + Rencana 2026.kmz/Posko Pengamanan.kmz/Posko Pengamanan", "Jenis": "Posko Keamanan", "SubJenis": "Posko Pengamanan", "POINT_X": 112.72724253299999, "POINT_Y": -7.343749732, "POINT_Z": 0.0 }, "geometry": { "type": "Point", "coordinates": [ 112.727242533000094, -7.343749731999935, 0.0 ] } },
{ "type": "Feature", "properties": { "OID_": 0, "Name": "Posko Terpadu Kedung Cowek", "FolderPath": "Data CCTV Usulan + 50 Jalur + Rencana 2026.kmz/Posko Pengamanan.kmz/Posko Pengamanan", "Jenis": "Posko Keamanan", "SubJenis": "Posko Pengamanan", "POINT_X": 112.77560276200001, "POINT_Y": -7.226714323, "POINT_Z": 0.0 }, "geometry": { "type": "Point", "coordinates": [ 112.775602762000062, -7.226714322999953, 0.0 ] } },
{ "type": "Feature", "properties": { "OID_": 0, "Name": "Posko Terpadu Timur", "FolderPath": "Data CCTV Usulan + 50 Jalur + Rencana 2026.kmz/Posko Pengamanan.kmz/Posko Pengamanan", "Jenis": "Posko Keamanan", "SubJenis": "Posko Pengamanan", "POINT_X": 112.780242571, "POINT_Y": -7.289280593, "POINT_Z": 0.0 }, "geometry": { "type": "Point", "coordinates": [ 112.780242571000031, -7.289280592999944, 0.0 ] } },
{ "type": "Feature", "properties": { "OID_": 0, "Name": "Pos Pantau Sedap Malam", "FolderPath": "Data CCTV Usulan + 50 Jalur + Rencana 2026.kmz/Posko Pengamanan.kmz/Posko Pengamanan", "Jenis": "Posko Keamanan", "SubJenis": "Posko Pengamanan", "POINT_X": 112.747286073, "POINT_Y": -7.26072374, "POINT_Z": 0.0 }, "geometry": { "type": "Point", "coordinates": [ 112.747286073000055, -7.260723739999946, 0.0 ] } },
{ "type": "Feature", "properties": { "OID_": 0, "Name": "Pos Pantau Taman Kalongan", "FolderPath": "Data CCTV Usulan + 50 Jalur + Rencana 2026.kmz/Posko Pengamanan.kmz/Posko Pengamanan", "Jenis": "Posko Keamanan", "SubJenis": "Posko Pengamanan", "POINT_X": 112.73251345, "POINT_Y": -7.241099059, "POINT_Z": 0.0 }, "geometry": { "type": "Point", "coordinates": [ 112.732513450000056, -7.241099058999964, 0.0 ] } },
{ "type": "Feature", "properties": { "OID_": 0, "Name": "Pos Pantau Tugu Pahlawan", "FolderPath": "Data CCTV Usulan + 50 Jalur + Rencana 2026.kmz/Posko Pengamanan.kmz/Posko Pengamanan", "Jenis": "Posko Keamanan", "SubJenis": "Posko Pengamanan", "POINT_X": 112.737387935, "POINT_Y": -7.245940721, "POINT_Z": 0.0 }, "geometry": { "type": "Point", "coordinates": [ 112.737387935000015, -7.245940720999954, 0.0 ] } },
{ "type": "Feature", "properties": { "OID_": 0, "Name": "Pos Pantau Genteng", "FolderPath": "Data CCTV Usulan + 50 Jalur + Rencana 2026.kmz/Posko Pengamanan.kmz/Posko Pengamanan", "Jenis": "Posko Keamanan", "SubJenis": "Posko Pengamanan", "POINT_X": 112.74250887, "POINT_Y": -7.259296891, "POINT_Z": 0.0 }, "geometry": { "type": "Point", "coordinates": [ 112.742508870000052, -7.259296890999963, 0.0 ] } },
{ "type": "Feature", "properties": { "OID_": 0, "Name": "Pos Pantau Tidar", "FolderPath": "Data CCTV Usulan + 50 Jalur + Rencana 2026.kmz/Posko Pengamanan.kmz/Posko Pengamanan", "Jenis": "Posko Keamanan", "SubJenis": "Posko Pengamanan", "POINT_X": 112.72132330300001, "POINT_Y": -7.256621457, "POINT_Z": 0.0 }, "geometry": { "type": "Point", "coordinates": [ 112.721323303000077, -7.256621456999937, 0.0 ] } },
{ "type": "Feature", "properties": { "OID_": 0, "Name": "Pos Pantau Taman Bungkul", "FolderPath": "Data CCTV Usulan + 50 Jalur + Rencana 2026.kmz/Posko Pengamanan.kmz/Posko Pengamanan", "Jenis": "Posko Keamanan", "SubJenis": "Posko Pengamanan", "POINT_X": 112.73916163299999, "POINT_Y": -7.291241946, "POINT_Z": 0.0 }, "geometry": { "type": "Point", "coordinates": [ 112.739161633000094, -7.291241945999957, 0.0 ] } },
{ "type": "Feature", "properties": { "OID_": 0, "Name": "Pos Pantau KBS", "FolderPath": "Data CCTV Usulan + 50 Jalur + Rencana 2026.kmz/Posko Pengamanan.kmz/Posko Pengamanan", "Jenis": "Posko Keamanan", "SubJenis": "Posko Pengamanan", "POINT_X": 112.738810505, "POINT_Y": -7.295997701, "POINT_Z": 0.0 }, "geometry": { "type": "Point", "coordinates": [ 112.73881050500006, -7.295997700999976, 0.0 ] } },
{ "type": "Feature", "properties": { "OID_": 0, "Name": "Pos Pantau GOR Pancasila", "FolderPath": "Data CCTV Usulan + 50 Jalur + Rencana 2026.kmz/Posko Pengamanan.kmz/Posko Pengamanan", "Jenis": "Posko Keamanan", "SubJenis": "Posko Pengamanan", "POINT_X": 112.731398278, "POINT_Y": -7.287275041, "POINT_Z": 0.0 }, "geometry": { "type": "Point", "coordinates": [ 112.731398278000029, -7.28727504099993, 0.0 ] } },
{ "type": "Feature", "properties": { "OID_": 0, "Name": "Pos Pantau Wiyung", "FolderPath": "Data CCTV Usulan + 50 Jalur + Rencana 2026.kmz/Posko Pengamanan.kmz/Posko Pengamanan", "Jenis": "Posko Keamanan", "SubJenis": "Posko Pengamanan", "POINT_X": 112.695944162, "POINT_Y": -7.314069252, "POINT_Z": 0.0 }, "geometry": { "type": "Point", "coordinates": [ 112.695944162000046, -7.314069251999967, 0.0 ] } },
{ "type": "Feature", "properties": { "OID_": 0, "Name": "Pos Pantau Bambu Runcing", "FolderPath": "Data CCTV Usulan + 50 Jalur + Rencana 2026.kmz/Posko Pengamanan.kmz/Posko Pengamanan", "Jenis": "Posko Keamanan", "SubJenis": "Posko Pengamanan", "POINT_X": 112.744370445, "POINT_Y": -7.267315312, "POINT_Z": 0.0 }, "geometry": { "type": "Point", "coordinates": [ 112.744370445000072, -7.267315311999937, 0.0 ] } },
{ "type": "Feature", "properties": { "OID_": 0, "Name": "Pos Pantau Taman Pelangi", "FolderPath": "Data CCTV Usulan + 50 Jalur + Rencana 2026.kmz/Posko Pengamanan.kmz/Posko Pengamanan", "Jenis": "Posko Keamanan", "SubJenis": "Posko Pengamanan", "POINT_X": 112.73091149, "POINT_Y": -7.327265017, "POINT_Z": 0.0 }, "geometry": { "type": "Point", "coordinates": [ 112.73091149000004, -7.327265016999945, 0.0 ] } },
{ "type": "Feature", "properties": { "OID_": 0, "Name": "Pos Pantau RSIA", "FolderPath": "Data CCTV Usulan + 50 Jalur + Rencana 2026.kmz/Posko Pengamanan.kmz/Posko Pengamanan", "Jenis": "Posko Keamanan", "SubJenis": "Posko Pengamanan", "POINT_X": 112.78414847000001, "POINT_Y": -7.249954298, "POINT_Z": 0.0 }, "geometry": { "type": "Point", "coordinates": [ 112.784148470000105, -7.249954297999977, 0.0 ] } },
{ "type": "Feature", "properties": { "OID_": 0, "Name": "Pos Pantau UKM MERR", "FolderPath": "Data CCTV Usulan + 50 Jalur + Rencana 2026.kmz/Posko Pengamanan.kmz/Posko Pengamanan", "Jenis": "Posko Keamanan", "SubJenis": "Posko Pengamanan", "POINT_X": 112.780628529, "POINT_Y": -7.306164215, "POINT_Z": 0.0 }, "geometry": { "type": "Point", "coordinates": [ 112.780628529000069, -7.306164214999967, 0.0 ] } },
{ "type": "Feature", "properties": { "OID_": 0, "Name": "Pos Pantau Panjang Jiwo", "FolderPath": "Data CCTV Usulan + 50 Jalur + Rencana 2026.kmz/Posko Pengamanan.kmz/Posko Pengamanan", "Jenis": "Posko Keamanan", "SubJenis": "Posko Pengamanan", "POINT_X": 112.768335729, "POINT_Y": -7.308523098, "POINT_Z": 0.0 }, "geometry": { "type": "Point", "coordinates": [ 112.768335729000114, -7.308523097999966, 0.0 ] } },
{ "type": "Feature", "properties": { "OID_": 0, "Name": "Pos Pantau Dupak", "FolderPath": "Data CCTV Usulan + 50 Jalur + Rencana 2026.kmz/Posko Pengamanan.kmz/Posko Pengamanan", "Jenis": "Posko Keamanan", "SubJenis": "Posko Pengamanan", "POINT_X": 112.72115263800001, "POINT_Y": -7.245422052, "POINT_Z": 0.0 }, "geometry": { "type": "Point", "coordinates": [ 112.721152638000035, -7.245422051999981, 0.0 ] } },
{ "type": "Feature", "properties": { "OID_": 0, "Name": "Pos Respon MAKO Jemursari", "FolderPath": "Data CCTV Usulan + 50 Jalur + Rencana 2026.kmz/Posko Pengamanan.kmz/Posko Pengamanan", "Jenis": "Posko Keamanan", "SubJenis": "Posko Pengamanan", "POINT_X": 112.74259798, "POINT_Y": -7.324326142, "POINT_Z": 0.0 }, "geometry": { "type": "Point", "coordinates": [ 112.742597980000028, -7.324326141999961, 0.0 ] } },
{ "type": "Feature", "properties": { "OID_": 0, "Name": "Pos Respon Gudang Menur", "FolderPath": "Data CCTV Usulan + 50 Jalur + Rencana 2026.kmz/Posko Pengamanan.kmz/Posko Pengamanan", "Jenis": "Posko Keamanan", "SubJenis": "Posko Pengamanan", "POINT_X": 112.766068633, "POINT_Y": -7.288556922, "POINT_Z": 0.0 }, "geometry": { "type": "Point", "coordinates": [ 112.766068633000032, -7.288556921999941, 0.0 ] } },
{ "type": "Feature", "properties": { "OID_": 0, "Name": "Pos Respon Gudang HI TECH Mall", "FolderPath": "Data CCTV Usulan + 50 Jalur + Rencana 2026.kmz/Posko Pengamanan.kmz/Posko Pengamanan", "Jenis": "Posko Keamanan", "SubJenis": "Posko Pengamanan", "POINT_X": 112.75002383499999, "POINT_Y": -7.252314218, "POINT_Z": 0.0 }, "geometry": { "type": "Point", "coordinates": [ 112.750023835000093, -7.252314217999981, 0.0 ] } },
{ "type": "Feature", "properties": { "OID_": 0, "Name": "Pos Kota Lakarsantri", "FolderPath": "Data CCTV Usulan + 50 Jalur + Rencana 2026.kmz/Posko Pengamanan.kmz/Posko Pengamanan", "Jenis": "Posko Keamanan", "SubJenis": "Posko Pengamanan", "POINT_X": 112.63308408499999, "POINT_Y": -7.303401412, "POINT_Z": 0.0 }, "geometry": { "type": "Point", "coordinates": [ 112.633084085000064, -7.303401411999971, 0.0 ] } },
{ "type": "Feature", "properties": { "OID_": 0, "Name": "Pos Kota Simpang Lima Romokalisari", "FolderPath": "Data CCTV Usulan + 50 Jalur + Rencana 2026.kmz/Posko Pengamanan.kmz/Posko Pengamanan", "Jenis": "Posko Keamanan", "SubJenis": "Posko Pengamanan", "POINT_X": 112.64589685599999, "POINT_Y": -7.196357201, "POINT_Z": 0.0 }, "geometry": { "type": "Point", "coordinates": [ 112.645896856000036, -7.196357200999955, 0.0 ] } },
{ "type": "Feature", "properties": { "OID_": 0, "Name": "Pos Kota Karang Pilang", "FolderPath": "Data CCTV Usulan + 50 Jalur + Rencana 2026.kmz/Posko Pengamanan.kmz/Posko Pengamanan", "Jenis": "Posko Keamanan", "SubJenis": "Posko Pengamanan", "POINT_X": 112.69516982099999, "POINT_Y": -7.34200382, "POINT_Z": 0.0 }, "geometry": { "type": "Point", "coordinates": [ 112.695169821000036, -7.342003819999945, 0.0 ] } },
{ "type": "Feature", "properties": { "OID_": 0, "Name": "Pos Kota Terminal Benowo", "FolderPath": "Data CCTV Usulan + 50 Jalur + Rencana 2026.kmz/Posko Pengamanan.kmz/Posko Pengamanan", "Jenis": "Posko Keamanan", "SubJenis": "Posko Pengamanan", "POINT_X": 112.607992458, "POINT_Y": -7.235809835, "POINT_Z": 0.0 }, "geometry": { "type": "Point", "coordinates": [ 112.607992458000012, -7.235809834999941, 0.0 ] } },
{ "type": "Feature", "properties": { "OID_": 0, "Name": "Pos Kota Gunung Anyar", "FolderPath": "Data CCTV Usulan + 50 Jalur + Rencana 2026.kmz/Posko Pengamanan.kmz/Posko Pengamanan", "Jenis": "Posko Keamanan", "SubJenis": "Posko Pengamanan", "POINT_X": 112.78651488200001, "POINT_Y": -7.343303331, "POINT_Z": 0.0 }, "geometry": { "type": "Point", "coordinates": [ 112.786514882, -7.343303330999959, 0.0 ] } },
{ "type": "Feature", "properties": { "OID_": 0, "Name": "JL. YOS SUDARSO (SEBRANG BALAI PEMUDA)", "FolderPath": "Data CCTV Usulan + 50 Jalur + Rencana 2026.kmz/CCTV KOMINFO 2025.kmz/CCTV KOMINFO/FACE RECOGNITION", "Jenis": "CCTV Kominfo", "SubJenis": "CCTV Kominfo Face Recognition", "POINT_X": 112.746030557, "POINT_Y": -7.263413891, "POINT_Z": 0.0 }, "geometry": { "type": "Point", "coordinates": [ 112.74603055700004, -7.263413890999971, 0.0 ] } },
{ "type": "Feature", "properties": { "OID_": 0, "Name": "AKSES MASJID MUHAJIRIN", "FolderPath": "Data CCTV Usulan + 50 Jalur + Rencana 2026.kmz/CCTV KOMINFO 2025.kmz/CCTV KOMINFO/FACE RECOGNITION", "Jenis": "CCTV Kominfo", "SubJenis": "CCTV Kominfo Face Recognition", "POINT_X": 112.74817777600001, "POINT_Y": -7.258169446, "POINT_Z": 0.0 }, "geometry": { "type": "Point", "coordinates": [ 112.748177776000034, -7.258169445999954, 0.0 ] } },
{ "type": "Feature", "properties": { "OID_": 0, "Name": "AKSES KELUAR GEDUNG JIMERTO BARAT", "FolderPath": "Data CCTV Usulan + 50 Jalur + Rencana 2026.kmz/CCTV KOMINFO 2025.kmz/CCTV KOMINFO/FACE RECOGNITION", "Jenis": "CCTV Kominfo", "SubJenis": "CCTV Kominfo Face Recognition", "POINT_X": 112.746919815, "POINT_Y": -7.257936204, "POINT_Z": 0.0 }, "geometry": { "type": "Point", "coordinates": [ 112.746919815000069, -7.257936203999975, 0.0 ] } },
{ "type": "Feature", "properties": { "OID_": 0, "Name": "TROTOAR PUSKESMAS KETABANG", "FolderPath": "Data CCTV Usulan + 50 Jalur + Rencana 2026.kmz/CCTV KOMINFO 2025.kmz/CCTV KOMINFO/FACE RECOGNITION", "Jenis": "CCTV Kominfo", "SubJenis": "CCTV Kominfo Face Recognition", "POINT_X": 112.746591667, "POINT_Y": -7.258238892, "POINT_Z": 0.0 }, "geometry": { "type": "Point", "coordinates": [ 112.746591667000075, -7.258238891999952, 0.0 ] } },
{ "type": "Feature", "properties": { "OID_": 0, "Name": "AKSES MASUK JL. JIMERTO TIMUR", "FolderPath": "Data CCTV Usulan + 50 Jalur + Rencana 2026.kmz/CCTV KOMINFO 2025.kmz/CCTV KOMINFO/FACE RECOGNITION", "Jenis": "CCTV Kominfo", "SubJenis": "CCTV Kominfo Face Recognition", "POINT_X": 112.74888333200001, "POINT_Y": -7.258166666, "POINT_Z": 0.0 }, "geometry": { "type": "Point", "coordinates": [ 112.748883332000105, -7.258166665999966, 0.0 ] } },
{ "type": "Feature", "properties": { "OID_": 0, "Name": "TROTOAR SATPOL PP KOTA", "FolderPath": "Data CCTV Usulan + 50 Jalur + Rencana 2026.kmz/CCTV KOMINFO 2025.kmz/CCTV KOMINFO/FACE RECOGNITION", "Jenis": "CCTV Kominfo", "SubJenis": "CCTV Kominfo Face Recognition", "POINT_X": 112.746591666, "POINT_Y": -7.258249995, "POINT_Z": 0.0 }, "geometry": { "type": "Point", "coordinates": [ 112.746591666000086, -7.258249994999971, 0.0 ] } },
{ "type": "Feature", "properties": { "OID_": 0, "Name": "TROTOAR SEDAP MALAM 1 (YKP)", "FolderPath": "Data CCTV Usulan + 50 Jalur + Rencana 2026.kmz/CCTV KOMINFO 2025.kmz/CCTV KOMINFO/FACE RECOGNITION", "Jenis": "CCTV Kominfo", "SubJenis": "CCTV Kominfo Face Recognition", "POINT_X": 112.74788888499999, "POINT_Y": -7.258547225, "POINT_Z": 0.0 }, "geometry": { "type": "Point", "coordinates": [ 112.747888885000066, -7.258547224999973, 0.0 ] } },
{ "type": "Feature", "properties": { "OID_": 0, "Name": "TROTOAR SEDAP MALAM 2 (BLPPA)", "FolderPath": "Data CCTV Usulan + 50 Jalur + Rencana 2026.kmz/CCTV KOMINFO 2025.kmz/CCTV KOMINFO/FACE RECOGNITION", "Jenis": "CCTV Kominfo", "SubJenis": "CCTV Kominfo Face Recognition", "POINT_X": 112.747761111, "POINT_Y": -7.259075, "POINT_Z": 0.0 }, "geometry": { "type": "Point", "coordinates": [ 112.747761111000045, -7.259075, 0.0 ] } },
{ "type": "Feature", "properties": { "OID_": 0, "Name": "TROTOAR SEDAP MALAM 3 (SEBRANG RUMDIN)", "FolderPath": "Data CCTV Usulan + 50 Jalur + Rencana 2026.kmz/CCTV KOMINFO 2025.kmz/CCTV KOMINFO/FACE RECOGNITION", "Jenis": "CCTV Kominfo", "SubJenis": "CCTV Kominfo Face Recognition", "POINT_X": 112.74734444000001, "POINT_Y": -7.260536116, "POINT_Z": 0.0 }, "geometry": { "type": "Point", "coordinates": [ 112.74734444, -7.260536115999969, 0.0 ] } },
{ "type": "Feature", "properties": { "OID_": 0, "Name": "TROTOAR SEDAP MALAM 4 (INSPEKTORAT)", "FolderPath": "Data CCTV Usulan + 50 Jalur + Rencana 2026.kmz/CCTV KOMINFO 2025.kmz/CCTV KOMINFO/FACE RECOGNITION", "Jenis": "CCTV Kominfo", "SubJenis": "CCTV Kominfo Face Recognition", "POINT_X": 112.74782222100001, "POINT_Y": -7.258808334, "POINT_Z": 0.0 }, "geometry": { "type": "Point", "coordinates": [ 112.747822221000092, -7.25880833399998, 0.0 ] } },
{ "type": "Feature", "properties": { "OID_": 0, "Name": "TROTOAR BALAI KOTA SISI TIMUR 1", "FolderPath": "Data CCTV Usulan + 50 Jalur + Rencana 2026.kmz/CCTV KOMINFO 2025.kmz/CCTV KOMINFO/FACE RECOGNITION", "Jenis": "CCTV Kominfo", "SubJenis": "CCTV Kominfo Face Recognition", "POINT_X": 112.74755980099999, "POINT_Y": -7.259737597, "POINT_Z": 0.0 }, "geometry": { "type": "Point", "coordinates": [ 112.747559801000079, -7.259737596999969, 0.0 ] } },
{ "type": "Feature", "properties": { "OID_": 0, "Name": "TROTOAR BALAI KOTA SISI TIMUR 2", "FolderPath": "Data CCTV Usulan + 50 Jalur + Rencana 2026.kmz/CCTV KOMINFO 2025.kmz/CCTV KOMINFO/FACE RECOGNITION", "Jenis": "CCTV Kominfo", "SubJenis": "CCTV Kominfo Face Recognition", "POINT_X": 112.74781111199999, "POINT_Y": -7.259466665, "POINT_Z": 0.0 }, "geometry": { "type": "Point", "coordinates": [ 112.747811112000022, -7.259466664999934, 0.0 ] } },
{ "type": "Feature", "properties": { "OID_": 0, "Name": "TROTOAR BALAIKOTA SISI BARAT", "FolderPath": "Data CCTV Usulan + 50 Jalur + Rencana 2026.kmz/CCTV KOMINFO 2025.kmz/CCTV KOMINFO/FACE RECOGNITION", "Jenis": "CCTV Kominfo", "SubJenis": "CCTV Kominfo Face Recognition", "POINT_X": 112.746391667, "POINT_Y": -7.259355555, "POINT_Z": 0.0 }, "geometry": { "type": "Point", "coordinates": [ 112.746391667000012, -7.259355554999956, 0.0 ] } },
{ "type": "Feature", "properties": { "OID_": 0, "Name": "TROTOAR JA. SUPRAPTO 3 (BARAT TAMAN SURYA)", "FolderPath": "Data CCTV Usulan + 50 Jalur + Rencana 2026.kmz/CCTV KOMINFO 2025.kmz/CCTV KOMINFO/FACE RECOGNITION", "Jenis": "CCTV Kominfo", "SubJenis": "CCTV Kominfo Face Recognition", "POINT_X": 112.74633888699999, "POINT_Y": -7.259605556, "POINT_Z": 0.0 }, "geometry": { "type": "Point", "coordinates": [ 112.746338887000093, -7.25960555599994, 0.0 ] } },
{ "type": "Feature", "properties": { "OID_": 0, "Name": "TROTOAR JA. SUPRAPTO 2 (BARAT TAMAN SURYA)", "FolderPath": "Data CCTV Usulan + 50 Jalur + Rencana 2026.kmz/CCTV KOMINFO 2025.kmz/CCTV KOMINFO/FACE RECOGNITION", "Jenis": "CCTV Kominfo", "SubJenis": "CCTV Kominfo Face Recognition", "POINT_X": 112.74620543499999, "POINT_Y": -7.260059984, "POINT_Z": 0.0 }, "geometry": { "type": "Point", "coordinates": [ 112.746205435000093, -7.260059983999952, 0.0 ] } },
{ "type": "Feature", "properties": { "OID_": 0, "Name": "TROTOAR JA. SUPRAPTO 1 (PERTIGAAN ONDOMOHEN)", "FolderPath": "Data CCTV Usulan + 50 Jalur + Rencana 2026.kmz/CCTV KOMINFO 2025.kmz/CCTV KOMINFO/FACE RECOGNITION", "Jenis": "CCTV Kominfo", "SubJenis": "CCTV Kominfo Face Recognition", "POINT_X": 112.746138702, "POINT_Y": -7.260326543, "POINT_Z": 0.0 }, "geometry": { "type": "Point", "coordinates": [ 112.746138702000053, -7.260326542999962, 0.0 ] } },
{ "type": "Feature", "properties": { "OID_": 0, "Name": "TROTOAR WALIKOTA MUSTAJAB 1 (PERTIGAAN SEDAP MALAM)", "FolderPath": "Data CCTV Usulan + 50 Jalur + Rencana 2026.kmz/CCTV KOMINFO 2025.kmz/CCTV KOMINFO/FACE RECOGNITION", "Jenis": "CCTV Kominfo", "SubJenis": "CCTV Kominfo Face Recognition", "POINT_X": 112.74693889, "POINT_Y": -7.260655561, "POINT_Z": 0.0 }, "geometry": { "type": "Point", "coordinates": [ 112.746938890000024, -7.260655560999965, 0.0 ] } },
{ "type": "Feature", "properties": { "OID_": 0, "Name": "TROTOAR WALIKOTA MUSTAJAB 2 LETTER BALAIKOTA", "FolderPath": "Data CCTV Usulan + 50 Jalur + Rencana 2026.kmz/CCTV KOMINFO 2025.kmz/CCTV KOMINFO/FACE RECOGNITION", "Jenis": "CCTV Kominfo", "SubJenis": "CCTV Kominfo Face Recognition", "POINT_X": 112.74623611, "POINT_Y": -7.260458334, "POINT_Z": 0.0 }, "geometry": { "type": "Point", "coordinates": [ 112.746236110000041, -7.260458333999964, 0.0 ] } },
{ "type": "Feature", "properties": { "OID_": 0, "Name": "TROTOAR WALIKOTA MUSTAJAB 3 PERTIGAAN ONDOMOHEN", "FolderPath": "Data CCTV Usulan + 50 Jalur + Rencana 2026.kmz/CCTV KOMINFO 2025.kmz/CCTV KOMINFO/FACE RECOGNITION", "Jenis": "CCTV Kominfo", "SubJenis": "CCTV Kominfo Face Recognition", "POINT_X": 112.74644166900001, "POINT_Y": -7.260522222, "POINT_Z": 0.0 }, "geometry": { "type": "Point", "coordinates": [ 112.746441669000092, -7.260522221999963, 0.0 ] } },
{ "type": "Feature", "properties": { "OID_": 0, "Name": "TROTOAR WALIKOTA MUSTAJAB 5 (TIMUR WUNI)", "FolderPath": "Data CCTV Usulan + 50 Jalur + Rencana 2026.kmz/CCTV KOMINFO 2025.kmz/CCTV KOMINFO/FACE RECOGNITION", "Jenis": "CCTV Kominfo", "SubJenis": "CCTV Kominfo Face Recognition", "POINT_X": 112.745163883, "POINT_Y": -7.26035278, "POINT_Z": 0.0 }, "geometry": { "type": "Point", "coordinates": [ 112.745163883000032, -7.260352779999948, 0.0 ] } },
{ "type": "Feature", "properties": { "OID_": 0, "Name": "AKSES PINTU SELATAN RUMDIN", "FolderPath": "Data CCTV Usulan + 50 Jalur + Rencana 2026.kmz/CCTV KOMINFO 2025.kmz/CCTV KOMINFO/FACE RECOGNITION", "Jenis": "CCTV Kominfo", "SubJenis": "CCTV Kominfo Face Recognition", "POINT_X": 112.747992244, "POINT_Y": -7.260997064, "POINT_Z": 0.0 }, "geometry": { "type": "Point", "coordinates": [ 112.747992244000102, -7.26099706399998, 0.0 ] } },
{ "type": "Feature", "properties": { "OID_": 0, "Name": "AKSES PINTU KELUAR DPRD KOTA", "FolderPath": "Data CCTV Usulan + 50 Jalur + Rencana 2026.kmz/CCTV KOMINFO 2025.kmz/CCTV KOMINFO/FACE RECOGNITION", "Jenis": "CCTV Kominfo", "SubJenis": "CCTV Kominfo Face Recognition", "POINT_X": 112.745855558, "POINT_Y": -7.263286111, "POINT_Z": 0.0 }, "geometry": { "type": "Point", "coordinates": [ 112.745855558000017, -7.263286110999957, 0.0 ] } },
{ "type": "Feature", "properties": { "OID_": 0, "Name": "JL. RAYA DARMO NO.51 (AKSES MASUK KOTA)", "FolderPath": "Data CCTV Usulan + 50 Jalur + Rencana 2026.kmz/CCTV KOMINFO 2025.kmz/CCTV KOMINFO/FACE RECOGNITION", "Jenis": "CCTV Kominfo", "SubJenis": "CCTV Kominfo Face Recognition", "POINT_X": 112.73995833399999, "POINT_Y": -7.284558334, "POINT_Z": 0.0 }, "geometry": { "type": "Point", "coordinates": [ 112.739958334000107, -7.284558333999939, 0.0 ] } },
{ "type": "Feature", "properties": { "OID_": 0, "Name": "JL. RAYA DARMO NO.51 (AKSES KELUAR KOTA)", "FolderPath": "Data CCTV Usulan + 50 Jalur + Rencana 2026.kmz/CCTV KOMINFO 2025.kmz/CCTV KOMINFO/FACE RECOGNITION", "Jenis": "CCTV Kominfo", "SubJenis": "CCTV Kominfo Face Recognition", "POINT_X": 112.73995833399999, "POINT_Y": -7.284558334, "POINT_Z": 0.0 }, "geometry": { "type": "Point", "coordinates": [ 112.739958334000107, -7.284558333999939, 0.0 ] } },
{ "type": "Feature", "properties": { "OID_": 0, "Name": "JL. RAYA DARMO NO.23 (AKSES MASUK KOTA)", "FolderPath": "Data CCTV Usulan + 50 Jalur + Rencana 2026.kmz/CCTV KOMINFO 2025.kmz/CCTV KOMINFO/FACE RECOGNITION", "Jenis": "CCTV Kominfo", "SubJenis": "CCTV Kominfo Face Recognition", "POINT_X": 112.74085832900001, "POINT_Y": -7.279644472, "POINT_Z": 0.0 }, "geometry": { "type": "Point", "coordinates": [ 112.740858329000048, -7.279644471999973, 0.0 ] } },
{ "type": "Feature", "properties": { "OID_": 0, "Name": "JL. RAYA DARMO NO.23 (AKSES KELUAR KOTA)", "FolderPath": "Data CCTV Usulan + 50 Jalur + Rencana 2026.kmz/CCTV KOMINFO 2025.kmz/CCTV KOMINFO/FACE RECOGNITION", "Jenis": "CCTV Kominfo", "SubJenis": "CCTV Kominfo Face Recognition", "POINT_X": 112.74085833300001, "POINT_Y": -7.279644444, "POINT_Z": 0.0 }, "geometry": { "type": "Point", "coordinates": [ 112.740858333, -7.279644443999928, 0.0 ] } },
{ "type": "Feature", "properties": { "OID_": 0, "Name": "JL. AHMAD YANI TAMAN PELANGI (AKSES KELUAR KOTA)", "FolderPath": "Data CCTV Usulan + 50 Jalur + Rencana 2026.kmz/CCTV KOMINFO 2025.kmz/CCTV KOMINFO/FACE RECOGNITION", "Jenis": "CCTV Kominfo", "SubJenis": "CCTV Kominfo Face Recognition", "POINT_X": 112.73135278300001, "POINT_Y": -7.328269422, "POINT_Z": 0.0 }, "geometry": { "type": "Point", "coordinates": [ 112.731352783000034, -7.328269421999948, 0.0 ] } },
{ "type": "Feature", "properties": { "OID_": 0, "Name": "JL. AHMAD YANI OVERPASS WONOKROMO (AKSES KELUAR KOTA)", "FolderPath": "Data CCTV Usulan + 50 Jalur + Rencana 2026.kmz/CCTV KOMINFO 2025.kmz/CCTV KOMINFO/FACE RECOGNITION", "Jenis": "CCTV Kominfo", "SubJenis": "CCTV Kominfo Face Recognition", "POINT_X": 112.735568513, "POINT_Y": -7.308532149, "POINT_Z": 0.0 }, "geometry": { "type": "Point", "coordinates": [ 112.735568513000089, -7.308532148999973, 0.0 ] } },
{ "type": "Feature", "properties": { "OID_": 0, "Name": "JL. AHMAD YANI - KETINTANG (AKSES MASUK KOTA)", "FolderPath": "Data CCTV Usulan + 50 Jalur + Rencana 2026.kmz/CCTV KOMINFO 2025.kmz/CCTV KOMINFO/FACE RECOGNITION", "Jenis": "CCTV Kominfo", "SubJenis": "CCTV Kominfo Face Recognition", "POINT_X": 112.734972223, "POINT_Y": -7.310463889, "POINT_Z": 0.0 }, "geometry": { "type": "Point", "coordinates": [ 112.734972223000113, -7.310463888999948, 0.0 ] } },
{ "type": "Feature", "properties": { "OID_": 0, "Name": "JL. AHMAD YANI (AKSES KELUAR KOTA)", "FolderPath": "Data CCTV Usulan + 50 Jalur + Rencana 2026.kmz/CCTV KOMINFO 2025.kmz/CCTV KOMINFO/FACE RECOGNITION", "Jenis": "CCTV Kominfo", "SubJenis": "CCTV Kominfo Face Recognition", "POINT_X": 112.72926404, "POINT_Y": -7.345868492, "POINT_Z": 0.0 }, "geometry": { "type": "Point", "coordinates": [ 112.729264040000089, -7.345868491999965, 0.0 ] } },
{ "type": "Feature", "properties": { "OID_": 0, "Name": "EXIT TOL SURAMADU", "FolderPath": "Data CCTV Usulan + 50 Jalur + Rencana 2026.kmz/CCTV KOMINFO 2025.kmz/CCTV KOMINFO/FACE RECOGNITION", "Jenis": "CCTV Kominfo", "SubJenis": "CCTV Kominfo Face Recognition", "POINT_X": 112.777999928, "POINT_Y": -7.21519743, "POINT_Z": 0.0 }, "geometry": { "type": "Point", "coordinates": [ 112.777999928000099, -7.215197429999932, 0.0 ] } },
{ "type": "Feature", "properties": { "OID_": 0, "Name": "TROTOAR TAMAN PELANGI", "FolderPath": "Data CCTV Usulan + 50 Jalur + Rencana 2026.kmz/CCTV KOMINFO 2025.kmz/CCTV KOMINFO/FACE RECOGNITION", "Jenis": "CCTV Kominfo", "SubJenis": "CCTV Kominfo Face Recognition", "POINT_X": 112.73100007399999, "POINT_Y": -7.328333165, "POINT_Z": 0.0 }, "geometry": { "type": "Point", "coordinates": [ 112.731000074, -7.328333164999947, 0.0 ] } },
{ "type": "Feature", "properties": { "OID_": 0, "Name": "TROTOAR JL. TUNJUNGAN 4", "FolderPath": "Data CCTV Usulan + 50 Jalur + Rencana 2026.kmz/CCTV KOMINFO 2025.kmz/CCTV KOMINFO/FACE RECOGNITION", "Jenis": "CCTV Kominfo", "SubJenis": "CCTV Kominfo Face Recognition", "POINT_X": 112.73837497700001, "POINT_Y": -7.258305791, "POINT_Z": 0.0 }, "geometry": { "type": "Point", "coordinates": [ 112.738374977000035, -7.258305790999941, 0.0 ] } },
{ "type": "Feature", "properties": { "OID_": 0, "Name": "TROTOAR JL. TUNJUNGAN 3", "FolderPath": "Data CCTV Usulan + 50 Jalur + Rencana 2026.kmz/CCTV KOMINFO 2025.kmz/CCTV KOMINFO/FACE RECOGNITION", "Jenis": "CCTV Kominfo", "SubJenis": "CCTV Kominfo Face Recognition", "POINT_X": 112.738251448, "POINT_Y": -7.258107866, "POINT_Z": 0.0 }, "geometry": { "type": "Point", "coordinates": [ 112.738251448000028, -7.258107865999932, 0.0 ] } },
{ "type": "Feature", "properties": { "OID_": 0, "Name": "JL. GUBERNUR SURYO (SEBRANG SMA TRIMURTI)", "FolderPath": "Data CCTV Usulan + 50 Jalur + Rencana 2026.kmz/CCTV KOMINFO 2025.kmz/CCTV KOMINFO/FACE RECOGNITION", "Jenis": "CCTV Kominfo", "SubJenis": "CCTV Kominfo Face Recognition", "POINT_X": 112.74237960799999, "POINT_Y": -7.26331257, "POINT_Z": 0.0 }, "geometry": { "type": "Point", "coordinates": [ 112.742379608000078, -7.263312569999925, 0.0 ] } },
{ "type": "Feature", "properties": { "OID_": 0, "Name": "TROTOAR JL. BLAURAN 2", "FolderPath": "Data CCTV Usulan + 50 Jalur + Rencana 2026.kmz/CCTV KOMINFO 2025.kmz/CCTV KOMINFO/FACE RECOGNITION", "Jenis": "CCTV Kominfo", "SubJenis": "CCTV Kominfo Face Recognition", "POINT_X": 112.733507836, "POINT_Y": -7.257522749, "POINT_Z": 0.0 }, "geometry": { "type": "Point", "coordinates": [ 112.733507836000058, -7.257522748999975, 0.0 ] } },
{ "type": "Feature", "properties": { "OID_": 0, "Name": "TROTOAR JL. BLAURAN 1", "FolderPath": "Data CCTV Usulan + 50 Jalur + Rencana 2026.kmz/CCTV KOMINFO 2025.kmz/CCTV KOMINFO/FACE RECOGNITION", "Jenis": "CCTV Kominfo", "SubJenis": "CCTV Kominfo Face Recognition", "POINT_X": 112.733502778, "POINT_Y": -7.257519445, "POINT_Z": 0.0 }, "geometry": { "type": "Point", "coordinates": [ 112.733502778000116, -7.257519444999957, 0.0 ] } },
{ "type": "Feature", "properties": { "OID_": 0, "Name": "TROTOAR MENGANTI WIYUNG (PMK WIYUNG)", "FolderPath": "Data CCTV Usulan + 50 Jalur + Rencana 2026.kmz/CCTV KOMINFO 2025.kmz/CCTV KOMINFO/FACE RECOGNITION", "Jenis": "CCTV Kominfo", "SubJenis": "CCTV Kominfo Face Recognition", "POINT_X": 112.695517555, "POINT_Y": -7.314004234, "POINT_Z": 0.0 }, "geometry": { "type": "Point", "coordinates": [ 112.695517555000038, -7.314004233999981, 0.0 ] } },
{ "type": "Feature", "properties": { "OID_": 0, "Name": "JL. SIMOMULYO 1 SELATAN (KEC SUKOMANUNGGAL)", "FolderPath": "Data CCTV Usulan + 50 Jalur + Rencana 2026.kmz/CCTV KOMINFO 2025.kmz/CCTV KOMINFO/FACE RECOGNITION", "Jenis": "CCTV Kominfo", "SubJenis": "CCTV Kominfo Face Recognition", "POINT_X": 112.71557840200001, "POINT_Y": -7.291005651, "POINT_Z": 0.0 }, "geometry": { "type": "Point", "coordinates": [ 112.715578402, -7.291005650999978, 0.0 ] } },
{ "type": "Feature", "properties": { "OID_": 0, "Name": "DEPAN PA JAMBANGAN", "FolderPath": "Data CCTV Usulan + 50 Jalur + Rencana 2026.kmz/CCTV KOMINFO 2025.kmz/CCTV KOMINFO/FACE RECOGNITION", "Jenis": "CCTV Kominfo", "SubJenis": "CCTV Kominfo Face Recognition", "POINT_X": 112.711408511, "POINT_Y": -7.327595673, "POINT_Z": 0.0 }, "geometry": { "type": "Point", "coordinates": [ 112.711408511000059, -7.327595672999962, 0.0 ] } },
{ "type": "Feature", "properties": { "OID_": 0, "Name": "TROTOAR MENGANTI WIYUNG (POLSEK WIYUNG)", "FolderPath": "Data CCTV Usulan + 50 Jalur + Rencana 2026.kmz/CCTV KOMINFO 2025.kmz/CCTV KOMINFO/FACE RECOGNITION", "Jenis": "CCTV Kominfo", "SubJenis": "CCTV Kominfo Face Recognition", "POINT_X": 112.69665278, "POINT_Y": -7.31393889, "POINT_Z": 0.0 }, "geometry": { "type": "Point", "coordinates": [ 112.696652780000022, -7.313938889999974, 0.0 ] } },
{ "type": "Feature", "properties": { "OID_": 0, "Name": "AKSES JALAN SELATAN G10N", "FolderPath": "Data CCTV Usulan + 50 Jalur + Rencana 2026.kmz/CCTV KOMINFO 2025.kmz/CCTV KOMINFO/FACE RECOGNITION", "Jenis": "CCTV Kominfo", "SubJenis": "CCTV Kominfo Face Recognition", "POINT_X": 112.755315692, "POINT_Y": -7.251670488, "POINT_Z": 0.0 }, "geometry": { "type": "Point", "coordinates": [ 112.755315692000067, -7.251670487999945, 0.0 ] } },
{ "type": "Feature", "properties": { "OID_": 0, "Name": "AKSES GKN SURABAYA 1 (INDRAPURA)", "FolderPath": "Data CCTV Usulan + 50 Jalur + Rencana 2026.kmz/CCTV KOMINFO 2025.kmz/CCTV KOMINFO/FACE RECOGNITION", "Jenis": "CCTV Kominfo", "SubJenis": "CCTV Kominfo Face Recognition", "POINT_X": 112.733214096, "POINT_Y": -7.241684682, "POINT_Z": 0.0 }, "geometry": { "type": "Point", "coordinates": [ 112.733214096000097, -7.241684681999971, 0.0 ] } },
{ "type": "Feature", "properties": { "OID_": 0, "Name": "AKSES KANTOR KEC. BULAK", "FolderPath": "Data CCTV Usulan + 50 Jalur + Rencana 2026.kmz/CCTV KOMINFO 2025.kmz/CCTV KOMINFO/FACE RECOGNITION", "Jenis": "CCTV Kominfo", "SubJenis": "CCTV Kominfo Face Recognition", "POINT_X": 112.785203244, "POINT_Y": -7.231615859, "POINT_Z": 0.0 }, "geometry": { "type": "Point", "coordinates": [ 112.785203244000058, -7.23161585899993, 0.0 ] } },
{ "type": "Feature", "properties": { "OID_": 0, "Name": "AKSES TAMAN CAHAYA 1", "FolderPath": "Data CCTV Usulan + 50 Jalur + Rencana 2026.kmz/CCTV KOMINFO 2025.kmz/CCTV KOMINFO/FACE RECOGNITION", "Jenis": "CCTV Kominfo", "SubJenis": "CCTV Kominfo Face Recognition", "POINT_X": 112.625045601, "POINT_Y": -7.24039055, "POINT_Z": 0.0 }, "geometry": { "type": "Point", "coordinates": [ 112.625045601000011, -7.240390549999972, 0.0 ] } },
{ "type": "Feature", "properties": { "OID_": 0, "Name": "SMPN 25 (SIMOMULYO)", "FolderPath": "Data CCTV Usulan + 50 Jalur + Rencana 2026.kmz/CCTV KOMINFO 2025.kmz/CCTV KOMINFO/FACE RECOGNITION", "Jenis": "CCTV Kominfo", "SubJenis": "CCTV Kominfo Face Recognition", "POINT_X": 112.71195555600001, "POINT_Y": -7.261855555, "POINT_Z": 0.0 }, "geometry": { "type": "Point", "coordinates": [ 112.711955556000021, -7.261855554999954, 0.0 ] } },
{ "type": "Feature", "properties": { "OID_": 0, "Name": "AKSES PINTU MASUK SMAN 1", "FolderPath": "Data CCTV Usulan + 50 Jalur + Rencana 2026.kmz/CCTV KOMINFO 2025.kmz/CCTV KOMINFO/FACE RECOGNITION", "Jenis": "CCTV Kominfo", "SubJenis": "CCTV Kominfo Face Recognition", "POINT_X": 112.74889492600001, "POINT_Y": -7.257387061, "POINT_Z": 0.0 }, "geometry": { "type": "Point", "coordinates": [ 112.748894926000048, -7.257387060999974, 0.0 ] } },
{ "type": "Feature", "properties": { "OID_": 0, "Name": "AKSES PINTU MASUK SMAN 2", "FolderPath": "Data CCTV Usulan + 50 Jalur + Rencana 2026.kmz/CCTV KOMINFO 2025.kmz/CCTV KOMINFO/FACE RECOGNITION", "Jenis": "CCTV Kominfo", "SubJenis": "CCTV Kominfo Face Recognition", "POINT_X": 112.748808079, "POINT_Y": -7.257012174, "POINT_Z": 0.0 }, "geometry": { "type": "Point", "coordinates": [ 112.748808079000014, -7.257012173999954, 0.0 ] } },
{ "type": "Feature", "properties": { "OID_": 0, "Name": "AKSES PINTU MASUK SMAN 5", "FolderPath": "Data CCTV Usulan + 50 Jalur + Rencana 2026.kmz/CCTV KOMINFO 2025.kmz/CCTV KOMINFO/FACE RECOGNITION", "Jenis": "CCTV Kominfo", "SubJenis": "CCTV Kominfo Face Recognition", "POINT_X": 112.750576735, "POINT_Y": -7.256625328, "POINT_Z": 0.0 }, "geometry": { "type": "Point", "coordinates": [ 112.750576735000095, -7.256625327999927, 0.0 ] } },
{ "type": "Feature", "properties": { "OID_": 0, "Name": "TROTOAR BKR PELAJAR (SMAN 9)", "FolderPath": "Data CCTV Usulan + 50 Jalur + Rencana 2026.kmz/CCTV KOMINFO 2025.kmz/CCTV KOMINFO/FACE RECOGNITION", "Jenis": "CCTV Kominfo", "SubJenis": "CCTV Kominfo Face Recognition", "POINT_X": 112.750041667, "POINT_Y": -7.258088889, "POINT_Z": 0.0 }, "geometry": { "type": "Point", "coordinates": [ 112.750041667, -7.258088888999964, 0.0 ] } },
{ "type": "Feature", "properties": { "OID_": 0, "Name": "JL. AMBENGAN (SDN KETABANG 1)", "FolderPath": "Data CCTV Usulan + 50 Jalur + Rencana 2026.kmz/CCTV KOMINFO 2025.kmz/CCTV KOMINFO/FACE RECOGNITION", "Jenis": "CCTV Kominfo", "SubJenis": "CCTV Kominfo Face Recognition", "POINT_X": 112.74768109199999, "POINT_Y": -7.256008898, "POINT_Z": 0.0 }, "geometry": { "type": "Point", "coordinates": [ 112.747681092000107, -7.256008897999948, 0.0 ] } },
{ "type": "Feature", "properties": { "OID_": 0, "Name": "TROTOAR WALIKOTA MUSTAJAB 4", "FolderPath": "Data CCTV Usulan + 50 Jalur + Rencana 2026.kmz/CCTV KOMINFO 2025.kmz/CCTV KOMINFO/FACE RECOGNITION", "Jenis": "CCTV Kominfo", "SubJenis": "CCTV Kominfo Face Recognition", "POINT_X": 112.746182976, "POINT_Y": -7.260606438, "POINT_Z": 0.0 }, "geometry": { "type": "Point", "coordinates": [ 112.746182976000114, -7.260606437999968, 0.0 ] } },
{ "type": "Feature", "properties": { "OID_": 0, "Name": "TROTOAR SEDAP MALAM (RUMDIN)", "FolderPath": "Data CCTV Usulan + 50 Jalur + Rencana 2026.kmz/CCTV KOMINFO 2025.kmz/CCTV KOMINFO/FACE RECOGNITION", "Jenis": "CCTV Kominfo", "SubJenis": "CCTV Kominfo Face Recognition", "POINT_X": 112.74754426600001, "POINT_Y": -7.260430585, "POINT_Z": 0.0 }, "geometry": { "type": "Point", "coordinates": [ 112.747544266000091, -7.260430584999938, 0.0 ] } },
{ "type": "Feature", "properties": { "OID_": 0, "Name": "AKSES PINTU MASUK BALAI PEMUDA", "FolderPath": "Data CCTV Usulan + 50 Jalur + Rencana 2026.kmz/CCTV KOMINFO 2025.kmz/CCTV KOMINFO/FACE RECOGNITION", "Jenis": "CCTV Kominfo", "SubJenis": "CCTV Kominfo Face Recognition", "POINT_X": 112.744937036, "POINT_Y": -7.264251422, "POINT_Z": 0.0 }, "geometry": { "type": "Point", "coordinates": [ 112.74493703600001, -7.264251421999973, 0.0 ] } },
{ "type": "Feature", "properties": { "OID_": 0, "Name": "TROTOAR GUBERNUR SURYO (TAMAN APSARI)", "FolderPath": "Data CCTV Usulan + 50 Jalur + Rencana 2026.kmz/CCTV KOMINFO 2025.kmz/CCTV KOMINFO/FACE RECOGNITION", "Jenis": "CCTV Kominfo", "SubJenis": "CCTV Kominfo Face Recognition", "POINT_X": 112.743352778, "POINT_Y": -7.263705555, "POINT_Z": 0.0 }, "geometry": { "type": "Point", "coordinates": [ 112.74335277800003, -7.263705554999945, 0.0 ] } },
{ "type": "Feature", "properties": { "OID_": 0, "Name": "PERTIGAAN JIMERTO - SEDAP MALAM", "FolderPath": "Data CCTV Usulan + 50 Jalur + Rencana 2026.kmz/CCTV KOMINFO 2025.kmz/CCTV KOMINFO/FACE RECOGNITION", "Jenis": "CCTV Kominfo", "SubJenis": "CCTV Kominfo Face Recognition", "POINT_X": 112.74806893500001, "POINT_Y": -7.258064497, "POINT_Z": 0.0 }, "geometry": { "type": "Point", "coordinates": [ 112.748068935000106, -7.258064496999964, 0.0 ] } },
{ "type": "Feature", "properties": { "OID_": 0, "Name": "TROTOAR PACAR 1 (GLORIA)", "FolderPath": "Data CCTV Usulan + 50 Jalur + Rencana 2026.kmz/CCTV KOMINFO 2025.kmz/CCTV KOMINFO/FACE RECOGNITION", "Jenis": "CCTV Kominfo", "SubJenis": "CCTV Kominfo Face Recognition", "POINT_X": 112.747931353, "POINT_Y": -7.257094542, "POINT_Z": 0.0 }, "geometry": { "type": "Point", "coordinates": [ 112.747931353000013, -7.257094541999948, 0.0 ] } },
{ "type": "Feature", "properties": { "OID_": 0, "Name": "TROTOAR PACAR 2 (SMPN 1)", "FolderPath": "Data CCTV Usulan + 50 Jalur + Rencana 2026.kmz/CCTV KOMINFO 2025.kmz/CCTV KOMINFO/FACE RECOGNITION", "Jenis": "CCTV Kominfo", "SubJenis": "CCTV Kominfo Face Recognition", "POINT_X": 112.747300899, "POINT_Y": -7.256905468, "POINT_Z": 0.0 }, "geometry": { "type": "Point", "coordinates": [ 112.747300899000038, -7.256905467999957, 0.0 ] } },
{ "type": "Feature", "properties": { "OID_": 0, "Name": "PARKIRAN HUMAS", "FolderPath": "Data CCTV Usulan + 50 Jalur + Rencana 2026.kmz/CCTV KOMINFO 2025.kmz/CCTV KOMINFO/FACE RECOGNITION", "Jenis": "CCTV Kominfo", "SubJenis": "CCTV Kominfo Face Recognition", "POINT_X": 112.746927778, "POINT_Y": -7.25793611, "POINT_Z": 0.0 }, "geometry": { "type": "Point", "coordinates": [ 112.746927778000099, -7.257936109999946, 0.0 ] } },
{ "type": "Feature", "properties": { "OID_": 0, "Name": "PARKIRAN PU", "FolderPath": "Data CCTV Usulan + 50 Jalur + Rencana 2026.kmz/CCTV KOMINFO 2025.kmz/CCTV KOMINFO/FACE RECOGNITION", "Jenis": "CCTV Kominfo", "SubJenis": "CCTV Kominfo Face Recognition", "POINT_X": 112.747344445, "POINT_Y": -7.258058333, "POINT_Z": 0.0 }, "geometry": { "type": "Point", "coordinates": [ 112.747344445000067, -7.258058332999951, 0.0 ] } },
{ "type": "Feature", "properties": { "OID_": 0, "Name": "SEBRANG POLSEK GENTENG", "FolderPath": "Data CCTV Usulan + 50 Jalur + Rencana 2026.kmz/CCTV KOMINFO 2025.kmz/CCTV KOMINFO/FACE RECOGNITION", "Jenis": "CCTV Kominfo", "SubJenis": "CCTV Kominfo Face Recognition", "POINT_X": 112.748530305, "POINT_Y": -7.256036542, "POINT_Z": 0.0 }, "geometry": { "type": "Point", "coordinates": [ 112.748530305000031, -7.256036541999947, 0.0 ] } },
{ "type": "Feature", "properties": { "OID_": 0, "Name": "TROTOAR SLAMET (TK PERMATA BUNDA)", "FolderPath": "Data CCTV Usulan + 50 Jalur + Rencana 2026.kmz/CCTV KOMINFO 2025.kmz/CCTV KOMINFO/FACE RECOGNITION", "Jenis": "CCTV Kominfo", "SubJenis": "CCTV Kominfo Face Recognition", "POINT_X": 112.750030185, "POINT_Y": -7.25848929, "POINT_Z": 0.0 }, "geometry": { "type": "Point", "coordinates": [ 112.750030185000014, -7.258489289999943, 0.0 ] } },
{ "type": "Feature", "properties": { "OID_": 0, "Name": "AKSES MASUK MOBIL PASAR ATOM SELATAN", "FolderPath": "Data CCTV Usulan + 50 Jalur + Rencana 2026.kmz/CCTV KOMINFO 2025.kmz/CCTV KOMINFO/FACE RECOGNITION", "Jenis": "CCTV Kominfo", "SubJenis": "CCTV Kominfo Face Recognition", "POINT_X": 112.744527941, "POINT_Y": -7.242611586, "POINT_Z": 0.0 }, "geometry": { "type": "Point", "coordinates": [ 112.744527941000115, -7.242611585999953, 0.0 ] } },
{ "type": "Feature", "properties": { "OID_": 0, "Name": "AKSES MASUK ITC", "FolderPath": "Data CCTV Usulan + 50 Jalur + Rencana 2026.kmz/CCTV KOMINFO 2025.kmz/CCTV KOMINFO/FACE RECOGNITION", "Jenis": "CCTV Kominfo", "SubJenis": "CCTV Kominfo Face Recognition", "POINT_X": 112.746544442, "POINT_Y": -7.242058341, "POINT_Z": 0.0 }, "geometry": { "type": "Point", "coordinates": [ 112.746544442000072, -7.242058340999961, 0.0 ] } },
{ "type": "Feature", "properties": { "OID_": 0, "Name": "DEPAN POS POLANTAS KENJERAN", "FolderPath": "Data CCTV Usulan + 50 Jalur + Rencana 2026.kmz/CCTV KOMINFO 2025.kmz/CCTV KOMINFO/FACE RECOGNITION", "Jenis": "CCTV Kominfo", "SubJenis": "CCTV Kominfo Face Recognition", "POINT_X": 112.777430555, "POINT_Y": -7.218436104, "POINT_Z": 0.0 }, "geometry": { "type": "Point", "coordinates": [ 112.777430555000024, -7.218436103999977, 0.0 ] } },
{ "type": "Feature", "properties": { "OID_": 0, "Name": "AKSES KECAMATAN KENJERAN", "FolderPath": "Data CCTV Usulan + 50 Jalur + Rencana 2026.kmz/CCTV KOMINFO 2025.kmz/CCTV KOMINFO/FACE RECOGNITION", "Jenis": "CCTV Kominfo", "SubJenis": "CCTV Kominfo Face Recognition", "POINT_X": 112.77524580399999, "POINT_Y": -7.226686529, "POINT_Z": 0.0 }, "geometry": { "type": "Point", "coordinates": [ 112.775245804000065, -7.226686528999949, 0.0 ] } },
{ "type": "Feature", "properties": { "OID_": 0, "Name": "AKSES PUSKESMAS TAKAL", "FolderPath": "Data CCTV Usulan + 50 Jalur + Rencana 2026.kmz/CCTV KOMINFO 2025.kmz/CCTV KOMINFO/FACE RECOGNITION", "Jenis": "CCTV Kominfo", "SubJenis": "CCTV Kominfo Face Recognition", "POINT_X": 112.7738, "POINT_Y": -7.23086389, "POINT_Z": 0.0 }, "geometry": { "type": "Point", "coordinates": [ 112.7738, -7.230863889999966, 0.0 ] } },
{ "type": "Feature", "properties": { "OID_": 0, "Name": "DEPAN SAMSAT KENJERAN", "FolderPath": "Data CCTV Usulan + 50 Jalur + Rencana 2026.kmz/CCTV KOMINFO 2025.kmz/CCTV KOMINFO/FACE RECOGNITION", "Jenis": "CCTV Kominfo", "SubJenis": "CCTV Kominfo Face Recognition", "POINT_X": 112.776404519, "POINT_Y": -7.222900391, "POINT_Z": 0.0 }, "geometry": { "type": "Point", "coordinates": [ 112.776404519000039, -7.222900390999939, 0.0 ] } },
{ "type": "Feature", "properties": { "OID_": 0, "Name": "DEPAN SDN TAMBAKWEDI", "FolderPath": "Data CCTV Usulan + 50 Jalur + Rencana 2026.kmz/CCTV KOMINFO 2025.kmz/CCTV KOMINFO/FACE RECOGNITION", "Jenis": "CCTV Kominfo", "SubJenis": "CCTV Kominfo Face Recognition", "POINT_X": 112.777922223, "POINT_Y": -7.21096389, "POINT_Z": 0.0 }, "geometry": { "type": "Point", "coordinates": [ 112.777922223000019, -7.21096388999996, 0.0 ] } },
{ "type": "Feature", "properties": { "OID_": 0, "Name": "TROTOAR TAMAN SURAMADU 1", "FolderPath": "Data CCTV Usulan + 50 Jalur + Rencana 2026.kmz/CCTV KOMINFO 2025.kmz/CCTV KOMINFO/FACE RECOGNITION", "Jenis": "CCTV Kominfo", "SubJenis": "CCTV Kominfo Face Recognition", "POINT_X": 112.778408591, "POINT_Y": -7.21045817, "POINT_Z": 0.0 }, "geometry": { "type": "Point", "coordinates": [ 112.778408591000016, -7.210458169999981, 0.0 ] } },
{ "type": "Feature", "properties": { "OID_": 0, "Name": "TROTOAR TAMAN SURAMADU 2", "FolderPath": "Data CCTV Usulan + 50 Jalur + Rencana 2026.kmz/CCTV KOMINFO 2025.kmz/CCTV KOMINFO/FACE RECOGNITION", "Jenis": "CCTV Kominfo", "SubJenis": "CCTV Kominfo Face Recognition", "POINT_X": 112.778411109, "POINT_Y": -7.210455553, "POINT_Z": 0.0 }, "geometry": { "type": "Point", "coordinates": [ 112.778411109000103, -7.210455552999974, 0.0 ] } },
{ "type": "Feature", "properties": { "OID_": 0, "Name": "AKSES PINTU MASUK SMPN 15", "FolderPath": "Data CCTV Usulan + 50 Jalur + Rencana 2026.kmz/CCTV KOMINFO 2025.kmz/CCTV KOMINFO/FACE RECOGNITION", "Jenis": "CCTV Kominfo", "SubJenis": "CCTV Kominfo Face Recognition", "POINT_X": 112.7753226, "POINT_Y": -7.226367477, "POINT_Z": 0.0 }, "geometry": { "type": "Point", "coordinates": [ 112.775322600000095, -7.22636747699994, 0.0 ] } },
{ "type": "Feature", "properties": { "OID_": 0, "Name": "TROTOAR JL. PAHLAWAN 1 (GUBERNURAN)", "FolderPath": "Data CCTV Usulan + 50 Jalur + Rencana 2026.kmz/CCTV KOMINFO 2025.kmz/CCTV KOMINFO/FACE RECOGNITION", "Jenis": "CCTV Kominfo", "SubJenis": "CCTV Kominfo Face Recognition", "POINT_X": 112.73878871399999, "POINT_Y": -7.246098595, "POINT_Z": 0.0 }, "geometry": { "type": "Point", "coordinates": [ 112.738788714000066, -7.246098594999978, 0.0 ] } },
{ "type": "Feature", "properties": { "OID_": 0, "Name": "TROTOAR JL. PAHLAWAN 2 (BAPPEDA)", "FolderPath": "Data CCTV Usulan + 50 Jalur + Rencana 2026.kmz/CCTV KOMINFO 2025.kmz/CCTV KOMINFO/FACE RECOGNITION", "Jenis": "CCTV Kominfo", "SubJenis": "CCTV Kominfo Face Recognition", "POINT_X": 112.73890570899999, "POINT_Y": -7.24685019, "POINT_Z": 0.0 }, "geometry": { "type": "Point", "coordinates": [ 112.738905709000051, -7.246850189999975, 0.0 ] } },
{ "type": "Feature", "properties": { "OID_": 0, "Name": "TROTOAR GENTENG KALI (CAK DURASIM)", "FolderPath": "Data CCTV Usulan + 50 Jalur + Rencana 2026.kmz/CCTV KOMINFO 2025.kmz/CCTV KOMINFO/FACE RECOGNITION", "Jenis": "CCTV Kominfo", "SubJenis": "CCTV Kominfo Face Recognition", "POINT_X": 112.739569168, "POINT_Y": -7.256196122, "POINT_Z": 0.0 }, "geometry": { "type": "Point", "coordinates": [ 112.739569168000116, -7.256196121999949, 0.0 ] } },
{ "type": "Feature", "properties": { "OID_": 0, "Name": "TROTOAR JL. TUNJUNGAN 2", "FolderPath": "Data CCTV Usulan + 50 Jalur + Rencana 2026.kmz/CCTV KOMINFO 2025.kmz/CCTV KOMINFO/FACE RECOGNITION", "Jenis": "CCTV Kominfo", "SubJenis": "CCTV Kominfo Face Recognition", "POINT_X": 112.737896021, "POINT_Y": -7.257740434, "POINT_Z": 0.0 }, "geometry": { "type": "Point", "coordinates": [ 112.737896021000097, -7.25774043399997, 0.0 ] } },
{ "type": "Feature", "properties": { "OID_": 0, "Name": "TROTOAR JL. BLAURAN 3", "FolderPath": "Data CCTV Usulan + 50 Jalur + Rencana 2026.kmz/CCTV KOMINFO 2025.kmz/CCTV KOMINFO/FACE RECOGNITION", "Jenis": "CCTV Kominfo", "SubJenis": "CCTV Kominfo Face Recognition", "POINT_X": 112.733865012, "POINT_Y": -7.25711962, "POINT_Z": 0.0 }, "geometry": { "type": "Point", "coordinates": [ 112.733865012000024, -7.257119619999969, 0.0 ] } },
{ "type": "Feature", "properties": { "OID_": 0, "Name": "SEBRANG TEC", "FolderPath": "Data CCTV Usulan + 50 Jalur + Rencana 2026.kmz/CCTV KOMINFO 2025.kmz/CCTV KOMINFO/FACE RECOGNITION", "Jenis": "CCTV Kominfo", "SubJenis": "CCTV Kominfo Face Recognition", "POINT_X": 112.737661272, "POINT_Y": -7.2572838, "POINT_Z": 0.0 }, "geometry": { "type": "Point", "coordinates": [ 112.737661272000082, -7.257283799999925, 0.0 ] } },
{ "type": "Feature", "properties": { "OID_": 0, "Name": "TROTOAR JL. BASRA 3 (PCTL BASRA)", "FolderPath": "Data CCTV Usulan + 50 Jalur + Rencana 2026.kmz/CCTV KOMINFO 2025.kmz/CCTV KOMINFO/FACE RECOGNITION", "Jenis": "CCTV Kominfo", "SubJenis": "CCTV Kominfo Face Recognition", "POINT_X": 112.741642089, "POINT_Y": -7.269415104, "POINT_Z": 0.0 }, "geometry": { "type": "Point", "coordinates": [ 112.741642089000038, -7.269415103999961, 0.0 ] } },
{ "type": "Feature", "properties": { "OID_": 0, "Name": "TROTOAR JL. BASRA 2 (BANK JATIM)", "FolderPath": "Data CCTV Usulan + 50 Jalur + Rencana 2026.kmz/CCTV KOMINFO 2025.kmz/CCTV KOMINFO/FACE RECOGNITION", "Jenis": "CCTV Kominfo", "SubJenis": "CCTV Kominfo Face Recognition", "POINT_X": 112.741491669, "POINT_Y": -7.270150001, "POINT_Z": 0.0 }, "geometry": { "type": "Point", "coordinates": [ 112.741491669000084, -7.270150000999934, 0.0 ] } },
{ "type": "Feature", "properties": { "OID_": 0, "Name": "TROTOAR JL. BASRA 1 (UTARA JPO BASRA)", "FolderPath": "Data CCTV Usulan + 50 Jalur + Rencana 2026.kmz/CCTV KOMINFO 2025.kmz/CCTV KOMINFO/FACE RECOGNITION", "Jenis": "CCTV Kominfo", "SubJenis": "CCTV Kominfo Face Recognition", "POINT_X": 112.741507954, "POINT_Y": -7.270709172, "POINT_Z": 0.0 }, "geometry": { "type": "Point", "coordinates": [ 112.741507954000099, -7.270709171999954, 0.0 ] } },
{ "type": "Feature", "properties": { "OID_": 0, "Name": "AKSES GKI RESIDEN SUDIRMAN", "FolderPath": "Data CCTV Usulan + 50 Jalur + Rencana 2026.kmz/CCTV KOMINFO 2025.kmz/CCTV KOMINFO/FACE RECOGNITION", "Jenis": "CCTV Kominfo", "SubJenis": "CCTV Kominfo Face Recognition", "POINT_X": 112.754054737, "POINT_Y": -7.256714808, "POINT_Z": 0.0 }, "geometry": { "type": "Point", "coordinates": [ 112.754054737000047, -7.25671480799997, 0.0 ] } },
{ "type": "Feature", "properties": { "OID_": 0, "Name": "AKSES SDK ST. THERESIA", "FolderPath": "Data CCTV Usulan + 50 Jalur + Rencana 2026.kmz/CCTV KOMINFO 2025.kmz/CCTV KOMINFO/FACE RECOGNITION", "Jenis": "CCTV Kominfo", "SubJenis": "CCTV Kominfo Face Recognition", "POINT_X": 112.754063081, "POINT_Y": -7.256713887, "POINT_Z": 0.0 }, "geometry": { "type": "Point", "coordinates": [ 112.754063081000027, -7.256713886999933, 0.0 ] } },
{ "type": "Feature", "properties": { "OID_": 0, "Name": "DEPAN GBI AMBENGAN", "FolderPath": "Data CCTV Usulan + 50 Jalur + Rencana 2026.kmz/CCTV KOMINFO 2025.kmz/CCTV KOMINFO/FACE RECOGNITION", "Jenis": "CCTV Kominfo", "SubJenis": "CCTV Kominfo Face Recognition", "POINT_X": 112.752079405, "POINT_Y": -7.256129075, "POINT_Z": 0.0 }, "geometry": { "type": "Point", "coordinates": [ 112.752079405000018, -7.256129074999933, 0.0 ] } },
{ "type": "Feature", "properties": { "OID_": 0, "Name": "AKSES SMPK ST. AGNES", "FolderPath": "Data CCTV Usulan + 50 Jalur + Rencana 2026.kmz/CCTV KOMINFO 2025.kmz/CCTV KOMINFO/FACE RECOGNITION", "Jenis": "CCTV Kominfo", "SubJenis": "CCTV Kominfo Face Recognition", "POINT_X": 112.754862105, "POINT_Y": -7.257604447, "POINT_Z": 0.0 }, "geometry": { "type": "Point", "coordinates": [ 112.754862105000029, -7.257604446999949, 0.0 ] } },
{ "type": "Feature", "properties": { "OID_": 0, "Name": "DEPAN KRISTUS RAJA", "FolderPath": "Data CCTV Usulan + 50 Jalur + Rencana 2026.kmz/CCTV KOMINFO 2025.kmz/CCTV KOMINFO/FACE RECOGNITION", "Jenis": "CCTV Kominfo", "SubJenis": "CCTV Kominfo Face Recognition", "POINT_X": 112.75404168199999, "POINT_Y": -7.256110617, "POINT_Z": 0.0 }, "geometry": { "type": "Point", "coordinates": [ 112.754041682000093, -7.256110616999933, 0.0 ] } },
{ "type": "Feature", "properties": { "OID_": 0, "Name": "AKSES SDN TAMBAKSARI I", "FolderPath": "Data CCTV Usulan + 50 Jalur + Rencana 2026.kmz/CCTV KOMINFO 2025.kmz/CCTV KOMINFO/FACE RECOGNITION", "Jenis": "CCTV Kominfo", "SubJenis": "CCTV Kominfo Face Recognition", "POINT_X": 112.754160824, "POINT_Y": -7.251488743, "POINT_Z": 0.0 }, "geometry": { "type": "Point", "coordinates": [ 112.75416082400011, -7.251488742999925, 0.0 ] } },
{ "type": "Feature", "properties": { "OID_": 0, "Name": "JALAN DEPAN KELURAHAN BARATA JAYA", "FolderPath": "Data CCTV Usulan + 50 Jalur + Rencana 2026.kmz/CCTV KOMINFO 2025.kmz/CCTV KOMINFO/FACE RECOGNITION", "Jenis": "CCTV Kominfo", "SubJenis": "CCTV Kominfo Face Recognition", "POINT_X": 112.76174166600001, "POINT_Y": -7.297541667, "POINT_Z": 0.0 }, "geometry": { "type": "Point", "coordinates": [ 112.761741666000034, -7.297541666999962, 0.0 ] } },
{ "type": "Feature", "properties": { "OID_": 0, "Name": "PERTIGAAN KELURAHAN BARATA JAYA", "FolderPath": "Data CCTV Usulan + 50 Jalur + Rencana 2026.kmz/CCTV KOMINFO 2025.kmz/CCTV KOMINFO/FACE RECOGNITION", "Jenis": "CCTV Kominfo", "SubJenis": "CCTV Kominfo Face Recognition", "POINT_X": 112.761750638, "POINT_Y": -7.297541667, "POINT_Z": 0.0 }, "geometry": { "type": "Point", "coordinates": [ 112.76175063800008, -7.297541666999962, 0.0 ] } },
{ "type": "Feature", "properties": { "OID_": 0, "Name": "TROTOAR JEMURSARI (DINKES)", "FolderPath": "Data CCTV Usulan + 50 Jalur + Rencana 2026.kmz/CCTV KOMINFO 2025.kmz/CCTV KOMINFO/FACE RECOGNITION", "Jenis": "CCTV Kominfo", "SubJenis": "CCTV Kominfo Face Recognition", "POINT_X": 112.752126262, "POINT_Y": -7.316861289, "POINT_Z": 0.0 }, "geometry": { "type": "Point", "coordinates": [ 112.752126262000047, -7.316861288999974, 0.0 ] } },
{ "type": "Feature", "properties": { "OID_": 0, "Name": "JL. AHMAD YANI (AKSES MASUK KOTA)", "FolderPath": "Data CCTV Usulan + 50 Jalur + Rencana 2026.kmz/CCTV KOMINFO 2025.kmz/CCTV KOMINFO/FACE RECOGNITION", "Jenis": "CCTV Kominfo", "SubJenis": "CCTV Kominfo Face Recognition", "POINT_X": 112.729060555, "POINT_Y": -7.344327913, "POINT_Z": 0.0 }, "geometry": { "type": "Point", "coordinates": [ 112.729060555000046, -7.344327912999972, 0.0 ] } },
{ "type": "Feature", "properties": { "OID_": 0, "Name": "AKSES PINTU MASUK SMPN 22", "FolderPath": "Data CCTV Usulan + 50 Jalur + Rencana 2026.kmz/CCTV KOMINFO 2025.kmz/CCTV KOMINFO/FACE RECOGNITION", "Jenis": "CCTV Kominfo", "SubJenis": "CCTV Kominfo Face Recognition", "POINT_X": 112.716692869, "POINT_Y": -7.337173357, "POINT_Z": 0.0 }, "geometry": { "type": "Point", "coordinates": [ 112.716692869000099, -7.337173356999926, 0.0 ] } },
{ "type": "Feature", "properties": { "OID_": 0, "Name": "AKSES MASUK MASJID AL AKBAR", "FolderPath": "Data CCTV Usulan + 50 Jalur + Rencana 2026.kmz/CCTV KOMINFO 2025.kmz/CCTV KOMINFO/FACE RECOGNITION", "Jenis": "CCTV Kominfo", "SubJenis": "CCTV Kominfo Face Recognition", "POINT_X": 112.716573122, "POINT_Y": -7.337054051, "POINT_Z": 0.0 }, "geometry": { "type": "Point", "coordinates": [ 112.716573122000113, -7.337054050999939, 0.0 ] } },
{ "type": "Feature", "properties": { "OID_": 0, "Name": "PERTIGAAN AHMAD YANI-KETINTANG BARU", "FolderPath": "Data CCTV Usulan + 50 Jalur + Rencana 2026.kmz/CCTV KOMINFO 2025.kmz/CCTV KOMINFO/FACE RECOGNITION", "Jenis": "CCTV Kominfo", "SubJenis": "CCTV Kominfo Face Recognition", "POINT_X": 112.733175571, "POINT_Y": -7.3190135, "POINT_Z": 0.0 }, "geometry": { "type": "Point", "coordinates": [ 112.733175571000061, -7.319013499999926, 0.0 ] } },
{ "type": "Feature", "properties": { "OID_": 0, "Name": "PERTIGAAN KOMBES M. DURYAT", "FolderPath": "Data CCTV Usulan + 50 Jalur + Rencana 2026.kmz/CCTV KOMINFO 2025.kmz/CCTV KOMINFO/FACE RECOGNITION", "Jenis": "CCTV Kominfo", "SubJenis": "CCTV Kominfo Face Recognition", "POINT_X": 112.741502178, "POINT_Y": -7.268498106, "POINT_Z": 0.0 }, "geometry": { "type": "Point", "coordinates": [ 112.741502178000019, -7.268498105999981, 0.0 ] } },
{ "type": "Feature", "properties": { "OID_": 0, "Name": "MERR JEMBATAN MULYOREJO TEGAL 1", "FolderPath": "Data CCTV Usulan + 50 Jalur + Rencana 2026.kmz/CCTV KOMINFO 2025.kmz/CCTV KOMINFO/FACE RECOGNITION", "Jenis": "CCTV Kominfo", "SubJenis": "CCTV Kominfo Face Recognition", "POINT_X": 112.780932519, "POINT_Y": -7.277267439, "POINT_Z": 0.0 }, "geometry": { "type": "Point", "coordinates": [ 112.780932519000089, -7.277267438999957, 0.0 ] } },
{ "type": "Feature", "properties": { "OID_": 0, "Name": "MERR JEMBATAN MULYOREJO TEGAL 2", "FolderPath": "Data CCTV Usulan + 50 Jalur + Rencana 2026.kmz/CCTV KOMINFO 2025.kmz/CCTV KOMINFO/FACE RECOGNITION", "Jenis": "CCTV Kominfo", "SubJenis": "CCTV Kominfo Face Recognition", "POINT_X": 112.780924586, "POINT_Y": -7.277466969, "POINT_Z": 0.0 }, "geometry": { "type": "Point", "coordinates": [ 112.780924586000083, -7.277466968999931, 0.0 ] } },
{ "type": "Feature", "properties": { "OID_": 0, "Name": "PCTL MUSEUM KESEHATAN", "FolderPath": "Data CCTV Usulan + 50 Jalur + Rencana 2026.kmz/CCTV KOMINFO 2025.kmz/CCTV KOMINFO/FACE RECOGNITION", "Jenis": "CCTV Kominfo", "SubJenis": "CCTV Kominfo Face Recognition", "POINT_X": 112.731715639, "POINT_Y": -7.240217305, "POINT_Z": 0.0 }, "geometry": { "type": "Point", "coordinates": [ 112.731715639000072, -7.240217304999931, 0.0 ] } },
{ "type": "Feature", "properties": { "OID_": 0, "Name": "TROTOAR MANYAR (TAMAN FLORA)", "FolderPath": "Data CCTV Usulan + 50 Jalur + Rencana 2026.kmz/CCTV KOMINFO 2025.kmz/CCTV KOMINFO/FACE RECOGNITION", "Jenis": "CCTV Kominfo", "SubJenis": "CCTV Kominfo Face Recognition", "POINT_X": 112.76216852899999, "POINT_Y": -7.294745585, "POINT_Z": 0.0 }, "geometry": { "type": "Point", "coordinates": [ 112.762168529000064, -7.29474558499993, 0.0 ] } },
{ "type": "Feature", "properties": { "OID_": 0, "Name": "AKSES POLSEK DUKUH PAKIS", "FolderPath": "Data CCTV Usulan + 50 Jalur + Rencana 2026.kmz/CCTV KOMINFO 2025.kmz/CCTV KOMINFO/FACE RECOGNITION", "Jenis": "CCTV Kominfo", "SubJenis": "CCTV Kominfo Face Recognition", "POINT_X": 112.71120073500001, "POINT_Y": -7.283086913, "POINT_Z": 0.0 }, "geometry": { "type": "Point", "coordinates": [ 112.711200735000034, -7.283086912999977, 0.0 ] } },
{ "type": "Feature", "properties": { "OID_": 0, "Name": "JL. PANGLIMA SUDIRMAN 76", "FolderPath": "Data CCTV Usulan + 50 Jalur + Rencana 2026.kmz/CCTV KOMINFO 2025.kmz/CCTV KOMINFO/FACE RECOGNITION", "Jenis": "CCTV Kominfo", "SubJenis": "CCTV Kominfo Face Recognition", "POINT_X": 112.742513884, "POINT_Y": -7.272594445, "POINT_Z": 0.0 }, "geometry": { "type": "Point", "coordinates": [ 112.742513884, -7.272594444999982, 0.0 ] } },
{ "type": "Feature", "properties": { "OID_": 0, "Name": "DEPAN UPTSA TIMUR", "FolderPath": "Data CCTV Usulan + 50 Jalur + Rencana 2026.kmz/CCTV KOMINFO 2025.kmz/CCTV KOMINFO/FACE RECOGNITION", "Jenis": "CCTV Kominfo", "SubJenis": "CCTV Kominfo Face Recognition", "POINT_X": 112.76243141400001, "POINT_Y": -7.278514569, "POINT_Z": 0.0 }, "geometry": { "type": "Point", "coordinates": [ 112.762431414000048, -7.278514568999981, 0.0 ] } },
{ "type": "Feature", "properties": { "OID_": 0, "Name": "AKSES MASUK DISPENDIK", "FolderPath": "Data CCTV Usulan + 50 Jalur + Rencana 2026.kmz/CCTV KOMINFO 2025.kmz/CCTV KOMINFO/FACE RECOGNITION", "Jenis": "CCTV Kominfo", "SubJenis": "CCTV Kominfo Face Recognition", "POINT_X": 112.758761316, "POINT_Y": -7.305955138, "POINT_Z": 0.0 }, "geometry": { "type": "Point", "coordinates": [ 112.758761316, -7.305955137999945, 0.0 ] } },
{ "type": "Feature", "properties": { "OID_": 0, "Name": "AKSES KELUAR DISPENDIK", "FolderPath": "Data CCTV Usulan + 50 Jalur + Rencana 2026.kmz/CCTV KOMINFO 2025.kmz/CCTV KOMINFO/FACE RECOGNITION", "Jenis": "CCTV Kominfo", "SubJenis": "CCTV Kominfo Face Recognition", "POINT_X": 112.758239565, "POINT_Y": -7.305861049, "POINT_Z": 0.0 }, "geometry": { "type": "Point", "coordinates": [ 112.758239565000054, -7.30586104899993, 0.0 ] } },
{ "type": "Feature", "properties": { "OID_": 0, "Name": "POLSEK RUNGKUT & UPTB SURABAYA 2", "FolderPath": "Data CCTV Usulan + 50 Jalur + Rencana 2026.kmz/CCTV KOMINFO 2025.kmz/CCTV KOMINFO/FACE RECOGNITION", "Jenis": "CCTV Kominfo", "SubJenis": "CCTV Kominfo Face Recognition", "POINT_X": 112.77943127100001, "POINT_Y": -7.327221952, "POINT_Z": 0.0 }, "geometry": { "type": "Point", "coordinates": [ 112.779431271000021, -7.327221951999945, 0.0 ] } },
{ "type": "Feature", "properties": { "OID_": 0, "Name": "AKSES MASUK SURABAYA CONVENTION HALL", "FolderPath": "Data CCTV Usulan + 50 Jalur + Rencana 2026.kmz/CCTV KOMINFO 2025.kmz/CCTV KOMINFO/FACE RECOGNITION", "Jenis": "CCTV Kominfo", "SubJenis": "CCTV Kominfo Face Recognition", "POINT_X": 112.78369713799999, "POINT_Y": -7.289352189, "POINT_Z": 0.0 }, "geometry": { "type": "Point", "coordinates": [ 112.783697138000093, -7.289352188999942, 0.0 ] } },
{ "type": "Feature", "properties": { "OID_": 0, "Name": "DINSOS KEPUTIH", "FolderPath": "Data CCTV Usulan + 50 Jalur + Rencana 2026.kmz/CCTV KOMINFO 2025.kmz/CCTV KOMINFO/FACE RECOGNITION", "Jenis": "CCTV Kominfo", "SubJenis": "CCTV Kominfo Face Recognition", "POINT_X": 112.78444161100001, "POINT_Y": -7.288375921, "POINT_Z": 0.0 }, "geometry": { "type": "Point", "coordinates": [ 112.784441611000034, -7.288375920999954, 0.0 ] } },
{ "type": "Feature", "properties": { "OID_": 0, "Name": "RUMAH KOMPOS RUNGKUT ASRI TIMUR", "FolderPath": "Data CCTV Usulan + 50 Jalur + Rencana 2026.kmz/CCTV KOMINFO 2025.kmz/CCTV KOMINFO/FACE RECOGNITION", "Jenis": "CCTV Kominfo", "SubJenis": "CCTV Kominfo Face Recognition", "POINT_X": 112.780329133, "POINT_Y": -7.327223349, "POINT_Z": 0.0 }, "geometry": { "type": "Point", "coordinates": [ 112.780329133, -7.327223348999951, 0.0 ] } },
{ "type": "Feature", "properties": { "OID_": 0, "Name": "AKSES MASUK DKPP - DISPERTAN", "FolderPath": "Data CCTV Usulan + 50 Jalur + Rencana 2026.kmz/CCTV KOMINFO 2025.kmz/CCTV KOMINFO/FACE RECOGNITION", "Jenis": "CCTV Kominfo", "SubJenis": "CCTV Kominfo Face Recognition", "POINT_X": 112.711871317, "POINT_Y": -7.332961942, "POINT_Z": 0.0 }, "geometry": { "type": "Point", "coordinates": [ 112.711871317000032, -7.33296194199994, 0.0 ] } },
{ "type": "Feature", "properties": { "OID_": 0, "Name": "TROTOAR TAMAN APSARI SISI SELATAN", "FolderPath": "Data CCTV Usulan + 50 Jalur + Rencana 2026.kmz/CCTV KOMINFO 2025.kmz/CCTV KOMINFO/FACE RECOGNITION", "Jenis": "CCTV Kominfo", "SubJenis": "CCTV Kominfo Face Recognition", "POINT_X": 112.742584194, "POINT_Y": -7.264132598, "POINT_Z": 0.0 }, "geometry": { "type": "Point", "coordinates": [ 112.742584194000074, -7.264132597999946, 0.0 ] } },
{ "type": "Feature", "properties": { "OID_": 0, "Name": "JL. GENTENG KALI (DEPAN SIOLA)", "FolderPath": "Data CCTV Usulan + 50 Jalur + Rencana 2026.kmz/CCTV KOMINFO 2025.kmz/CCTV KOMINFO/FACE RECOGNITION", "Jenis": "CCTV Kominfo", "SubJenis": "CCTV Kominfo Face Recognition", "POINT_X": 112.737953127, "POINT_Y": -7.25604216, "POINT_Z": 0.0 }, "geometry": { "type": "Point", "coordinates": [ 112.737953127000083, -7.256042159999936, 0.0 ] } },
{ "type": "Feature", "properties": { "OID_": 0, "Name": "DEPAN PUSKESMAS TEMBOK DUKUH", "FolderPath": "Data CCTV Usulan + 50 Jalur + Rencana 2026.kmz/CCTV KOMINFO 2025.kmz/CCTV KOMINFO/FACE RECOGNITION", "Jenis": "CCTV Kominfo", "SubJenis": "CCTV Kominfo Face Recognition", "POINT_X": 112.719238914, "POINT_Y": -7.254667406, "POINT_Z": 0.0 }, "geometry": { "type": "Point", "coordinates": [ 112.719238914000016, -7.254667405999953, 0.0 ] } },
{ "type": "Feature", "properties": { "OID_": 0, "Name": "AKSES MASUK PUSKESMAS GAYUNGAN", "FolderPath": "Data CCTV Usulan + 50 Jalur + Rencana 2026.kmz/CCTV KOMINFO 2025.kmz/CCTV KOMINFO/FACE RECOGNITION", "Jenis": "CCTV Kominfo", "SubJenis": "CCTV Kominfo Face Recognition", "POINT_X": 112.71891467, "POINT_Y": -7.338213421, "POINT_Z": 0.0 }, "geometry": { "type": "Point", "coordinates": [ 112.718914670000117, -7.338213420999978, 0.0 ] } },
{ "type": "Feature", "properties": { "OID_": 0, "Name": "DEPAN SDN KALIRUNGKUT I", "FolderPath": "Data CCTV Usulan + 50 Jalur + Rencana 2026.kmz/CCTV KOMINFO 2025.kmz/CCTV KOMINFO/FACE RECOGNITION", "Jenis": "CCTV Kominfo", "SubJenis": "CCTV Kominfo Face Recognition", "POINT_X": 112.77046293799999, "POINT_Y": -7.322379674, "POINT_Z": 0.0 }, "geometry": { "type": "Point", "coordinates": [ 112.770462938000037, -7.322379673999933, 0.0 ] } },
{ "type": "Feature", "properties": { "OID_": 0, "Name": "SMPN 19", "FolderPath": "Data CCTV Usulan + 50 Jalur + Rencana 2026.kmz/CCTV KOMINFO 2025.kmz/CCTV KOMINFO/FACE RECOGNITION", "Jenis": "CCTV Kominfo", "SubJenis": "CCTV Kominfo Face Recognition", "POINT_X": 112.780561295, "POINT_Y": -7.287710957, "POINT_Z": 0.0 }, "geometry": { "type": "Point", "coordinates": [ 112.780561295000098, -7.287710956999945, 0.0 ] } },
{ "type": "Feature", "properties": { "OID_": 0, "Name": "LAPANGAN SMPN 1", "FolderPath": "Data CCTV Usulan + 50 Jalur + Rencana 2026.kmz/CCTV KOMINFO 2025.kmz/CCTV KOMINFO/FACE RECOGNITION", "Jenis": "CCTV Kominfo", "SubJenis": "CCTV Kominfo Face Recognition", "POINT_X": 112.748956952, "POINT_Y": -7.256172182, "POINT_Z": 0.0 }, "geometry": { "type": "Point", "coordinates": [ 112.748956952000071, -7.256172181999943, 0.0 ] } },
{ "type": "Feature", "properties": { "OID_": 0, "Name": "AKSES KANTOR KEC. BENOWO", "FolderPath": "Data CCTV Usulan + 50 Jalur + Rencana 2026.kmz/CCTV KOMINFO 2025.kmz/CCTV KOMINFO/FACE RECOGNITION", "Jenis": "CCTV Kominfo", "SubJenis": "CCTV Kominfo Face Recognition", "POINT_X": 112.63513598599999, "POINT_Y": -7.248848286, "POINT_Z": 0.0 }, "geometry": { "type": "Point", "coordinates": [ 112.635135986000023, -7.248848285999941, 0.0 ] } },
{ "type": "Feature", "properties": { "OID_": 0, "Name": "AKSES KANTOR KEL. TEMBOK DUKUH", "FolderPath": "Data CCTV Usulan + 50 Jalur + Rencana 2026.kmz/CCTV KOMINFO 2025.kmz/CCTV KOMINFO/FACE RECOGNITION", "Jenis": "CCTV Kominfo", "SubJenis": "CCTV Kominfo Face Recognition", "POINT_X": 112.719325704, "POINT_Y": -7.253210361, "POINT_Z": 0.0 }, "geometry": { "type": "Point", "coordinates": [ 112.719325704000084, -7.253210360999958, 0.0 ] } },
{ "type": "Feature", "properties": { "OID_": 0, "Name": "SAMPING DPRD 2", "FolderPath": "Data CCTV Usulan + 50 Jalur + Rencana 2026.kmz/CCTV KOMINFO 2025.kmz/CCTV KOMINFO/FACE RECOGNITION", "Jenis": "CCTV Kominfo", "SubJenis": "CCTV Kominfo Face Recognition", "POINT_X": 112.745711079, "POINT_Y": -7.262673782, "POINT_Z": 0.0 }, "geometry": { "type": "Point", "coordinates": [ 112.745711079000102, -7.262673781999979, 0.0 ] } },
{ "type": "Feature", "properties": { "OID_": 0, "Name": "SAMPING DPRD 1", "FolderPath": "Data CCTV Usulan + 50 Jalur + Rencana 2026.kmz/CCTV KOMINFO 2025.kmz/CCTV KOMINFO/FACE RECOGNITION", "Jenis": "CCTV Kominfo", "SubJenis": "CCTV Kominfo Face Recognition", "POINT_X": 112.745727366, "POINT_Y": -7.262671316, "POINT_Z": 0.0 }, "geometry": { "type": "Point", "coordinates": [ 112.745727366000096, -7.262671315999967, 0.0 ] } },
{ "type": "Feature", "properties": { "OID_": 0, "Name": "JL. SIMOMULYO 1 SELATAN (KEC SUKOMANUNGGAL)", "FolderPath": "Data CCTV Usulan + 50 Jalur + Rencana 2026.kmz/CCTV KOMINFO 2025.kmz/CCTV KOMINFO/FACE RECOGNITION", "Jenis": "CCTV Kominfo", "SubJenis": "CCTV Kominfo Face Recognition", "POINT_X": 112.712706736, "POINT_Y": -7.261089156, "POINT_Z": 0.0 }, "geometry": { "type": "Point", "coordinates": [ 112.712706736000086, -7.261089155999969, 0.0 ] } },
{ "type": "Feature", "properties": { "OID_": 0, "Name": "TROTOAR YOS SUDARSO (MARANATHA)", "FolderPath": "Data CCTV Usulan + 50 Jalur + Rencana 2026.kmz/CCTV KOMINFO 2025.kmz/CCTV KOMINFO/FACE RECOGNITION", "Jenis": "CCTV Kominfo", "SubJenis": "CCTV Kominfo Face Recognition", "POINT_X": 112.746477654, "POINT_Y": -7.260812551, "POINT_Z": 0.0 }, "geometry": { "type": "Point", "coordinates": [ 112.746477654000046, -7.260812550999958, 0.0 ] } },
{ "type": "Feature", "properties": { "OID_": 0, "Name": "JL. SIMOMULYO 1 PERTIGAAN (KEC SUKOMANUNGGAL)", "FolderPath": "Data CCTV Usulan + 50 Jalur + Rencana 2026.kmz/CCTV KOMINFO 2025.kmz/CCTV KOMINFO/FACE RECOGNITION", "Jenis": "CCTV Kominfo", "SubJenis": "CCTV Kominfo Face Recognition", "POINT_X": 112.71274081599999, "POINT_Y": -7.260797851, "POINT_Z": 0.0 }, "geometry": { "type": "Point", "coordinates": [ 112.712740816000064, -7.26079785099995, 0.0 ] } },
{ "type": "Feature", "properties": { "OID_": 0, "Name": "AKSES MASUK TERMINAL BRATANG", "FolderPath": "Data CCTV Usulan + 50 Jalur + Rencana 2026.kmz/CCTV KOMINFO 2025.kmz/CCTV KOMINFO/FACE RECOGNITION", "Jenis": "CCTV Kominfo", "SubJenis": "CCTV Kominfo Face Recognition", "POINT_X": 112.761883732, "POINT_Y": -7.298776065, "POINT_Z": 0.0 }, "geometry": { "type": "Point", "coordinates": [ 112.761883732000115, -7.29877606499997, 0.0 ] } },
{ "type": "Feature", "properties": { "OID_": 0, "Name": "HALAMAN EBEN HAEZER AMBENGAN", "FolderPath": "Data CCTV Usulan + 50 Jalur + Rencana 2026.kmz/CCTV KOMINFO 2025.kmz/CCTV KOMINFO/FACE RECOGNITION", "Jenis": "CCTV Kominfo", "SubJenis": "CCTV Kominfo Face Recognition", "POINT_X": 112.745131237, "POINT_Y": -7.255958745, "POINT_Z": 0.0 }, "geometry": { "type": "Point", "coordinates": [ 112.74513123700001, -7.25595874499993, 0.0 ] } },
{ "type": "Feature", "properties": { "OID_": 0, "Name": "AKSES MASUK TERMINAL AMPEL", "FolderPath": "Data CCTV Usulan + 50 Jalur + Rencana 2026.kmz/CCTV KOMINFO 2025.kmz/CCTV KOMINFO/FACE RECOGNITION", "Jenis": "CCTV Kominfo", "SubJenis": "CCTV Kominfo Face Recognition", "POINT_X": 112.74600347499999, "POINT_Y": -7.229326613, "POINT_Z": 0.0 }, "geometry": { "type": "Point", "coordinates": [ 112.746003475000066, -7.229326612999955, 0.0 ] } },
{ "type": "Feature", "properties": { "OID_": 0, "Name": "PERTIGAAN AMBENGAN-KANGINAN (POJOK KEL KETABANG)", "FolderPath": "Data CCTV Usulan + 50 Jalur + Rencana 2026.kmz/CCTV KOMINFO 2025.kmz/CCTV KOMINFO/Keamanan Jalan", "Jenis": "CCTV Kominfo", "SubJenis": "CCTV Kominfo Keamanan Jalan", "POINT_X": 112.75110861899999, "POINT_Y": -7.256113365, "POINT_Z": 0.0 }, "geometry": { "type": "Point", "coordinates": [ 112.751108619000092, -7.256113364999976, 0.0 ] } },
{ "type": "Feature", "properties": { "OID_": 0, "Name": "JL. KUNTI 1", "FolderPath": "Data CCTV Usulan + 50 Jalur + Rencana 2026.kmz/CCTV KOMINFO 2025.kmz/CCTV KOMINFO/Keamanan Jalan", "Jenis": "CCTV Kominfo", "SubJenis": "CCTV Kominfo Keamanan Jalan", "POINT_X": 112.749848606, "POINT_Y": -7.229349337, "POINT_Z": 0.0 }, "geometry": { "type": "Point", "coordinates": [ 112.749848606000114, -7.229349336999974, 0.0 ] } },
{ "type": "Feature", "properties": { "OID_": 0, "Name": "JL. KUNTI 2", "FolderPath": "Data CCTV Usulan + 50 Jalur + Rencana 2026.kmz/CCTV KOMINFO 2025.kmz/CCTV KOMINFO/Keamanan Jalan", "Jenis": "CCTV Kominfo", "SubJenis": "CCTV Kominfo Keamanan Jalan", "POINT_X": 112.750063901, "POINT_Y": -7.22941164, "POINT_Z": 0.0 }, "geometry": { "type": "Point", "coordinates": [ 112.75006390100009, -7.229411639999967, 0.0 ] } },
{ "type": "Feature", "properties": { "OID_": 0, "Name": "JL. PEGIRIAN 198", "FolderPath": "Data CCTV Usulan + 50 Jalur + Rencana 2026.kmz/CCTV KOMINFO 2025.kmz/CCTV KOMINFO/Keamanan Jalan", "Jenis": "CCTV Kominfo", "SubJenis": "CCTV Kominfo Keamanan Jalan", "POINT_X": 112.744360004, "POINT_Y": -7.231962119, "POINT_Z": 0.0 }, "geometry": { "type": "Point", "coordinates": [ 112.7443600040001, -7.231962118999945, 0.0 ] } },
{ "type": "Feature", "properties": { "OID_": 0, "Name": "JL. PEGIRIAN 38 CAM 1", "FolderPath": "Data CCTV Usulan + 50 Jalur + Rencana 2026.kmz/CCTV KOMINFO 2025.kmz/CCTV KOMINFO/Keamanan Jalan", "Jenis": "CCTV Kominfo", "SubJenis": "CCTV Kominfo Keamanan Jalan", "POINT_X": 112.74453673399999, "POINT_Y": -7.237619615, "POINT_Z": 0.0 }, "geometry": { "type": "Point", "coordinates": [ 112.744536734, -7.237619614999971, 0.0 ] } },
{ "type": "Feature", "properties": { "OID_": 0, "Name": "JL. PEGIRIAN 38 CAM 2", "FolderPath": "Data CCTV Usulan + 50 Jalur + Rencana 2026.kmz/CCTV KOMINFO 2025.kmz/CCTV KOMINFO/Keamanan Jalan", "Jenis": "CCTV Kominfo", "SubJenis": "CCTV Kominfo Keamanan Jalan", "POINT_X": 112.744538889, "POINT_Y": -7.237623341, "POINT_Z": 0.0 }, "geometry": { "type": "Point", "coordinates": [ 112.744538889000069, -7.23762334099996, 0.0 ] } },
{ "type": "Feature", "properties": { "OID_": 0, "Name": "SOTO CAK HARR - MERR", "FolderPath": "Data CCTV Usulan + 50 Jalur + Rencana 2026.kmz/CCTV KOMINFO 2025.kmz/CCTV KOMINFO/Keamanan Jalan", "Jenis": "CCTV Kominfo", "SubJenis": "CCTV Kominfo Keamanan Jalan", "POINT_X": 112.781666667, "POINT_Y": -7.295494444, "POINT_Z": 0.0 }, "geometry": { "type": "Point", "coordinates": [ 112.781666667000081, -7.295494443999928, 0.0 ] } },
{ "type": "Feature", "properties": { "OID_": 0, "Name": "JL. PEGIRIAN SAMPING SWK", "FolderPath": "Data CCTV Usulan + 50 Jalur + Rencana 2026.kmz/CCTV KOMINFO 2025.kmz/CCTV KOMINFO/Keamanan Jalan", "Jenis": "CCTV Kominfo", "SubJenis": "CCTV Kominfo Keamanan Jalan", "POINT_X": 112.74578494, "POINT_Y": -7.227874559, "POINT_Z": 0.0 }, "geometry": { "type": "Point", "coordinates": [ 112.745784940000021, -7.227874558999929, 0.0 ] } },
{ "type": "Feature", "properties": { "OID_": 0, "Name": "JL. TANDES 2 DEPAN - KECAMATAN", "FolderPath": "Data CCTV Usulan + 50 Jalur + Rencana 2026.kmz/CCTV KOMINFO 2025.kmz/CCTV KOMINFO/Keamanan Jalan", "Jenis": "CCTV Kominfo", "SubJenis": "CCTV Kominfo Keamanan Jalan", "POINT_X": 112.67788172, "POINT_Y": -7.258653152, "POINT_Z": 0.0 }, "geometry": { "type": "Point", "coordinates": [ 112.677881720000073, -7.258653151999965, 0.0 ] } },
{ "type": "Feature", "properties": { "OID_": 0, "Name": "JALAN GEMBONG (DEPAN ITC) 2", "FolderPath": "Data CCTV Usulan + 50 Jalur + Rencana 2026.kmz/CCTV KOMINFO 2025.kmz/CCTV KOMINFO/Keamanan Jalan", "Jenis": "CCTV Kominfo", "SubJenis": "CCTV Kominfo Keamanan Jalan", "POINT_X": 112.74559971799999, "POINT_Y": -7.241722488, "POINT_Z": 0.0 }, "geometry": { "type": "Point", "coordinates": [ 112.745599718000108, -7.241722487999937, 0.0 ] } },
{ "type": "Feature", "properties": { "OID_": 0, "Name": "JL. DHARMAWANGSA SISI BARAT 1", "FolderPath": "Data CCTV Usulan + 50 Jalur + Rencana 2026.kmz/CCTV KOMINFO 2025.kmz/CCTV KOMINFO/Keamanan Jalan", "Jenis": "CCTV Kominfo", "SubJenis": "CCTV Kominfo Keamanan Jalan", "POINT_X": 112.75647528499999, "POINT_Y": -7.269204185, "POINT_Z": 0.0 }, "geometry": { "type": "Point", "coordinates": [ 112.756475285000079, -7.269204184999978, 0.0 ] } },
{ "type": "Feature", "properties": { "OID_": 0, "Name": "JL. DHARMAWANGSA SISI BARAT 1", "FolderPath": "Data CCTV Usulan + 50 Jalur + Rencana 2026.kmz/CCTV KOMINFO 2025.kmz/CCTV KOMINFO/Keamanan Jalan", "Jenis": "CCTV Kominfo", "SubJenis": "CCTV Kominfo Keamanan Jalan", "POINT_X": 112.75647519899999, "POINT_Y": -7.269208274, "POINT_Z": 0.0 }, "geometry": { "type": "Point", "coordinates": [ 112.756475199000079, -7.269208273999936, 0.0 ] } },
{ "type": "Feature", "properties": { "OID_": 0, "Name": "JALAN KAPASARI 1", "FolderPath": "Data CCTV Usulan + 50 Jalur + Rencana 2026.kmz/CCTV KOMINFO 2025.kmz/CCTV KOMINFO/Keamanan Jalan", "Jenis": "CCTV Kominfo", "SubJenis": "CCTV Kominfo Keamanan Jalan", "POINT_X": 112.750753694, "POINT_Y": -7.247829792, "POINT_Z": 0.0 }, "geometry": { "type": "Point", "coordinates": [ 112.750753694000082, -7.247829791999948, 0.0 ] } },
{ "type": "Feature", "properties": { "OID_": 0, "Name": "JL SMEA FLY OVER TAMAN MAYANGKARA", "FolderPath": "Data CCTV Usulan + 50 Jalur + Rencana 2026.kmz/CCTV KOMINFO 2025.kmz/CCTV KOMINFO/Keamanan Jalan", "Jenis": "CCTV Kominfo", "SubJenis": "CCTV Kominfo Keamanan Jalan", "POINT_X": 112.73612796899999, "POINT_Y": -7.304995677, "POINT_Z": 0.0 }, "geometry": { "type": "Point", "coordinates": [ 112.736127969000108, -7.304995676999965, 0.0 ] } },
{ "type": "Feature", "properties": { "OID_": 0, "Name": "FLYOVER TAMAN MAYANGKARA", "FolderPath": "Data CCTV Usulan + 50 Jalur + Rencana 2026.kmz/CCTV KOMINFO 2025.kmz/CCTV KOMINFO/Keamanan Jalan", "Jenis": "CCTV Kominfo", "SubJenis": "CCTV Kominfo Keamanan Jalan", "POINT_X": 112.73580922799999, "POINT_Y": -7.30679487, "POINT_Z": 0.0 }, "geometry": { "type": "Point", "coordinates": [ 112.735809228000107, -7.306794869999976, 0.0 ] } },
{ "type": "Feature", "properties": { "OID_": 0, "Name": "TAMAN MONUMEN SUNGKONO", "FolderPath": "Data CCTV Usulan + 50 Jalur + Rencana 2026.kmz/CCTV KOMINFO 2025.kmz/CCTV KOMINFO/Keamanan Jalan", "Jenis": "CCTV Kominfo", "SubJenis": "CCTV Kominfo Keamanan Jalan", "POINT_X": 112.706992449, "POINT_Y": -7.288412007, "POINT_Z": 0.0 }, "geometry": { "type": "Point", "coordinates": [ 112.70699244900004, -7.288412006999977, 0.0 ] } },
{ "type": "Feature", "properties": { "OID_": 0, "Name": "DEPAN TAMAN SUROBOYO", "FolderPath": "Data CCTV Usulan + 50 Jalur + Rencana 2026.kmz/CCTV KOMINFO 2025.kmz/CCTV KOMINFO/Keamanan Jalan", "Jenis": "CCTV Kominfo", "SubJenis": "CCTV Kominfo Keamanan Jalan", "POINT_X": 112.787593246, "POINT_Y": -7.225758385, "POINT_Z": 0.0 }, "geometry": { "type": "Point", "coordinates": [ 112.787593246000029, -7.225758384999949, 0.0 ] } },
{ "type": "Feature", "properties": { "OID_": 0, "Name": "Jembatan Kalianak Barat", "FolderPath": "Data CCTV Usulan + 50 Jalur + Rencana 2026.kmz/CCTV KOMINFO 2025.kmz/CCTV KOMINFO/Keamanan Jalan", "Jenis": "CCTV Kominfo", "SubJenis": "CCTV Kominfo Keamanan Jalan", "POINT_X": 112.706933108, "POINT_Y": -7.229556727, "POINT_Z": 0.0 }, "geometry": { "type": "Point", "coordinates": [ 112.706933108000044, -7.229556726999931, 0.0 ] } },
{ "type": "Feature", "properties": { "OID_": 0, "Name": "Depan Masjid Kalianak Barat", "FolderPath": "Data CCTV Usulan + 50 Jalur + Rencana 2026.kmz/CCTV KOMINFO 2025.kmz/CCTV KOMINFO/Keamanan Jalan", "Jenis": "CCTV Kominfo", "SubJenis": "CCTV Kominfo Keamanan Jalan", "POINT_X": 112.706678887, "POINT_Y": -7.229464973, "POINT_Z": 0.0 }, "geometry": { "type": "Point", "coordinates": [ 112.706678887000066, -7.229464972999949, 0.0 ] } },
{ "type": "Feature", "properties": { "OID_": 0, "Name": "JL. Kalianak Barat", "FolderPath": "Data CCTV Usulan + 50 Jalur + Rencana 2026.kmz/CCTV KOMINFO 2025.kmz/CCTV KOMINFO/Keamanan Jalan", "Jenis": "CCTV Kominfo", "SubJenis": "CCTV Kominfo Keamanan Jalan", "POINT_X": 112.70568621, "POINT_Y": -7.22954787, "POINT_Z": 0.0 }, "geometry": { "type": "Point", "coordinates": [ 112.705686210000067, -7.229547869999976, 0.0 ] } },
{ "type": "Feature", "properties": { "OID_": 0, "Name": "JL. Kalianak 55 Barat", "FolderPath": "Data CCTV Usulan + 50 Jalur + Rencana 2026.kmz/CCTV KOMINFO 2025.kmz/CCTV KOMINFO/Keamanan Jalan", "Jenis": "CCTV Kominfo", "SubJenis": "CCTV Kominfo Keamanan Jalan", "POINT_X": 112.704036501, "POINT_Y": -7.229574651, "POINT_Z": 0.0 }, "geometry": { "type": "Point", "coordinates": [ 112.704036501000019, -7.22957465099995, 0.0 ] } },
{ "type": "Feature", "properties": { "OID_": 0, "Name": "JL. Kalianak 55 Timur", "FolderPath": "Data CCTV Usulan + 50 Jalur + Rencana 2026.kmz/CCTV KOMINFO 2025.kmz/CCTV KOMINFO/Keamanan Jalan", "Jenis": "CCTV Kominfo", "SubJenis": "CCTV Kominfo Keamanan Jalan", "POINT_X": 112.704088185, "POINT_Y": -7.229584593, "POINT_Z": 0.0 }, "geometry": { "type": "Point", "coordinates": [ 112.704088185000046, -7.22958459299997, 0.0 ] } },
{ "type": "Feature", "properties": { "OID_": 0, "Name": "AKSES KELUAR POS BLOC", "FolderPath": "Data CCTV Usulan + 50 Jalur + Rencana 2026.kmz/CCTV KOMINFO 2025.kmz/CCTV KOMINFO/Keamanan Jalan", "Jenis": "CCTV Kominfo", "SubJenis": "CCTV Kominfo Keamanan Jalan", "POINT_X": 112.737361127, "POINT_Y": -7.243238922, "POINT_Z": 0.0 }, "geometry": { "type": "Point", "coordinates": [ 112.737361127000099, -7.243238921999932, 0.0 ] } },
{ "type": "Feature", "properties": { "OID_": 0, "Name": "AKSES MASUK POS BLOC", "FolderPath": "Data CCTV Usulan + 50 Jalur + Rencana 2026.kmz/CCTV KOMINFO 2025.kmz/CCTV KOMINFO/Keamanan Jalan", "Jenis": "CCTV Kominfo", "SubJenis": "CCTV Kominfo Keamanan Jalan", "POINT_X": 112.73775278399999, "POINT_Y": -7.243208337, "POINT_Z": 0.0 }, "geometry": { "type": "Point", "coordinates": [ 112.737752784, -7.243208336999942, 0.0 ] } },
{ "type": "Feature", "properties": { "OID_": 0, "Name": "SENTRA PKL KALIMAS TIMUR", "FolderPath": "Data CCTV Usulan + 50 Jalur + Rencana 2026.kmz/CCTV KOMINFO 2025.kmz/CCTV KOMINFO/Keamanan Jalan", "Jenis": "CCTV Kominfo", "SubJenis": "CCTV Kominfo Keamanan Jalan", "POINT_X": 112.73841666600001, "POINT_Y": -7.226638888, "POINT_Z": 0.0 }, "geometry": { "type": "Point", "coordinates": [ 112.738416666000035, -7.226638887999968, 0.0 ] } },
{ "type": "Feature", "properties": { "OID_": 0, "Name": "PASAR KEPUTRAN 1", "FolderPath": "Data CCTV Usulan + 50 Jalur + Rencana 2026.kmz/CCTV KOMINFO 2025.kmz/CCTV KOMINFO/Keamanan Jalan", "Jenis": "CCTV Kominfo", "SubJenis": "CCTV Kominfo Keamanan Jalan", "POINT_X": 112.74298224899999, "POINT_Y": -7.273670299, "POINT_Z": 0.0 }, "geometry": { "type": "Point", "coordinates": [ 112.742982249000079, -7.273670298999946, 0.0 ] } },
{ "type": "Feature", "properties": { "OID_": 0, "Name": "PASAR KEPUTRAN 2", "FolderPath": "Data CCTV Usulan + 50 Jalur + Rencana 2026.kmz/CCTV KOMINFO 2025.kmz/CCTV KOMINFO/Keamanan Jalan", "Jenis": "CCTV Kominfo", "SubJenis": "CCTV Kominfo Keamanan Jalan", "POINT_X": 112.742956076, "POINT_Y": -7.273733981, "POINT_Z": 0.0 }, "geometry": { "type": "Point", "coordinates": [ 112.742956076000041, -7.273733980999964, 0.0 ] } },
{ "type": "Feature", "properties": { "OID_": 0, "Name": "PASAR KEPUTRAN 3", "FolderPath": "Data CCTV Usulan + 50 Jalur + Rencana 2026.kmz/CCTV KOMINFO 2025.kmz/CCTV KOMINFO/Keamanan Jalan", "Jenis": "CCTV Kominfo", "SubJenis": "CCTV Kominfo Keamanan Jalan", "POINT_X": 112.74337777700001, "POINT_Y": -7.274055556, "POINT_Z": 0.0 }, "geometry": { "type": "Point", "coordinates": [ 112.743377777000092, -7.274055555999951, 0.0 ] } },
{ "type": "Feature", "properties": { "OID_": 0, "Name": "PASAR KEPUTRAN 4", "FolderPath": "Data CCTV Usulan + 50 Jalur + Rencana 2026.kmz/CCTV KOMINFO 2025.kmz/CCTV KOMINFO/Keamanan Jalan", "Jenis": "CCTV Kominfo", "SubJenis": "CCTV Kominfo Keamanan Jalan", "POINT_X": 112.743208336, "POINT_Y": -7.27524722, "POINT_Z": 0.0 }, "geometry": { "type": "Point", "coordinates": [ 112.743208336000066, -7.275247219999926, 0.0 ] } },
{ "type": "Feature", "properties": { "OID_": 0, "Name": "PASAR KEPUTRAN 5", "FolderPath": "Data CCTV Usulan + 50 Jalur + Rencana 2026.kmz/CCTV KOMINFO 2025.kmz/CCTV KOMINFO/Keamanan Jalan", "Jenis": "CCTV Kominfo", "SubJenis": "CCTV Kominfo Keamanan Jalan", "POINT_X": 112.743438888, "POINT_Y": -7.274569445, "POINT_Z": 0.0 }, "geometry": { "type": "Point", "coordinates": [ 112.743438888000014, -7.274569444999941, 0.0 ] } },
{ "type": "Feature", "properties": { "OID_": 0, "Name": "PASAR KEPUTRAN 6", "FolderPath": "Data CCTV Usulan + 50 Jalur + Rencana 2026.kmz/CCTV KOMINFO 2025.kmz/CCTV KOMINFO/Keamanan Jalan", "Jenis": "CCTV Kominfo", "SubJenis": "CCTV Kominfo Keamanan Jalan", "POINT_X": 112.74332567499999, "POINT_Y": -7.275265499, "POINT_Z": 0.0 }, "geometry": { "type": "Point", "coordinates": [ 112.743325675000051, -7.275265498999943, 0.0 ] } },
{ "type": "Feature", "properties": { "OID_": 0, "Name": "PASAR KEPUTRAN 7", "FolderPath": "Data CCTV Usulan + 50 Jalur + Rencana 2026.kmz/CCTV KOMINFO 2025.kmz/CCTV KOMINFO/Keamanan Jalan", "Jenis": "CCTV Kominfo", "SubJenis": "CCTV Kominfo Keamanan Jalan", "POINT_X": 112.74333055699999, "POINT_Y": -7.275213891, "POINT_Z": 0.0 }, "geometry": { "type": "Point", "coordinates": [ 112.743330557000036, -7.275213890999964, 0.0 ] } },
{ "type": "Feature", "properties": { "OID_": 0, "Name": "DEPAN POLSEK TEGALSARI", "FolderPath": "Data CCTV Usulan + 50 Jalur + Rencana 2026.kmz/CCTV KOMINFO 2025.kmz/CCTV KOMINFO/Keamanan Jalan", "Jenis": "CCTV Kominfo", "SubJenis": "CCTV Kominfo Keamanan Jalan", "POINT_X": 112.74108894299999, "POINT_Y": -7.265436094, "POINT_Z": 0.0 }, "geometry": { "type": "Point", "coordinates": [ 112.741088943000022, -7.265436093999938, 0.0 ] } },
{ "type": "Feature", "properties": { "OID_": 0, "Name": "AKSES MASUK GUBENG BARU 2", "FolderPath": "Data CCTV Usulan + 50 Jalur + Rencana 2026.kmz/CCTV KOMINFO 2025.kmz/CCTV KOMINFO/Keamanan Jalan", "Jenis": "CCTV Kominfo", "SubJenis": "CCTV Kominfo Keamanan Jalan", "POINT_X": 112.75322894200001, "POINT_Y": -7.265905493, "POINT_Z": 0.0 }, "geometry": { "type": "Point", "coordinates": [ 112.753228942000078, -7.265905492999934, 0.0 ] } },
{ "type": "Feature", "properties": { "OID_": 0, "Name": "AKSES MASUK GUBENG BARU 1", "FolderPath": "Data CCTV Usulan + 50 Jalur + Rencana 2026.kmz/CCTV KOMINFO 2025.kmz/CCTV KOMINFO/Keamanan Jalan", "Jenis": "CCTV Kominfo", "SubJenis": "CCTV Kominfo Keamanan Jalan", "POINT_X": 112.753304813, "POINT_Y": -7.265672541, "POINT_Z": 0.0 }, "geometry": { "type": "Point", "coordinates": [ 112.753304813000113, -7.265672540999958, 0.0 ] } },
{ "type": "Feature", "properties": { "OID_": 0, "Name": "PASAR GENTENG SISI BARAT", "FolderPath": "Data CCTV Usulan + 50 Jalur + Rencana 2026.kmz/CCTV KOMINFO 2025.kmz/CCTV KOMINFO/Keamanan Jalan", "Jenis": "CCTV Kominfo", "SubJenis": "CCTV Kominfo Keamanan Jalan", "POINT_X": 112.74018117200001, "POINT_Y": -7.258722702, "POINT_Z": 0.0 }, "geometry": { "type": "Point", "coordinates": [ 112.740181172, -7.258722701999943, 0.0 ] } },
{ "type": "Feature", "properties": { "OID_": 0, "Name": "PASAR GENTENG SISI TIMUR", "FolderPath": "Data CCTV Usulan + 50 Jalur + Rencana 2026.kmz/CCTV KOMINFO 2025.kmz/CCTV KOMINFO/Keamanan Jalan", "Jenis": "CCTV Kominfo", "SubJenis": "CCTV Kominfo Keamanan Jalan", "POINT_X": 112.74115591, "POINT_Y": -7.259007944, "POINT_Z": 0.0 }, "geometry": { "type": "Point", "coordinates": [ 112.741155910000089, -7.259007943999961, 0.0 ] } },
{ "type": "Feature", "properties": { "OID_": 0, "Name": "PASAR KAPASAN 1", "FolderPath": "Data CCTV Usulan + 50 Jalur + Rencana 2026.kmz/CCTV KOMINFO 2025.kmz/CCTV KOMINFO/Keamanan Jalan", "Jenis": "CCTV Kominfo", "SubJenis": "CCTV Kominfo Keamanan Jalan", "POINT_X": 112.749655268, "POINT_Y": -7.23984787, "POINT_Z": 0.0 }, "geometry": { "type": "Point", "coordinates": [ 112.749655268000083, -7.239847869999949, 0.0 ] } },
{ "type": "Feature", "properties": { "OID_": 0, "Name": "AKSES KELUAR DTC", "FolderPath": "Data CCTV Usulan + 50 Jalur + Rencana 2026.kmz/CCTV KOMINFO 2025.kmz/CCTV KOMINFO/Keamanan Jalan", "Jenis": "CCTV Kominfo", "SubJenis": "CCTV Kominfo Keamanan Jalan", "POINT_X": 112.737668118, "POINT_Y": -7.303218568, "POINT_Z": 0.0 }, "geometry": { "type": "Point", "coordinates": [ 112.737668118000101, -7.303218567999977, 0.0 ] } },
{ "type": "Feature", "properties": { "OID_": 0, "Name": "AKSES MASUK RSUD SOEWANDHIE", "FolderPath": "Data CCTV Usulan + 50 Jalur + Rencana 2026.kmz/CCTV KOMINFO 2025.kmz/CCTV KOMINFO/Keamanan Jalan", "Jenis": "CCTV Kominfo", "SubJenis": "CCTV Kominfo Keamanan Jalan", "POINT_X": 112.75829712300001, "POINT_Y": -7.246200276, "POINT_Z": 0.0 }, "geometry": { "type": "Point", "coordinates": [ 112.758297123000034, -7.246200275999968, 0.0 ] } },
{ "type": "Feature", "properties": { "OID_": 0, "Name": "AKSES POLDA JATIM", "FolderPath": "Data CCTV Usulan + 50 Jalur + Rencana 2026.kmz/CCTV KOMINFO 2025.kmz/CCTV KOMINFO/Keamanan Jalan", "Jenis": "CCTV Kominfo", "SubJenis": "CCTV Kominfo Keamanan Jalan", "POINT_X": 112.73198619, "POINT_Y": -7.324588655, "POINT_Z": 0.0 }, "geometry": { "type": "Point", "coordinates": [ 112.731986190000043, -7.324588654999957, 0.0 ] } },
{ "type": "Feature", "properties": { "OID_": 0, "Name": "AKSES PTPN XI", "FolderPath": "Data CCTV Usulan + 50 Jalur + Rencana 2026.kmz/CCTV KOMINFO 2025.kmz/CCTV KOMINFO/Keamanan Jalan", "Jenis": "CCTV Kominfo", "SubJenis": "CCTV Kominfo Keamanan Jalan", "POINT_X": 112.73530833300001, "POINT_Y": -7.237983333, "POINT_Z": 0.0 }, "geometry": { "type": "Point", "coordinates": [ 112.735308333000035, -7.237983332999931, 0.0 ] } },
{ "type": "Feature", "properties": { "OID_": 0, "Name": "SEBRANG KANTOR NU MASJID AGUNG", "FolderPath": "Data CCTV Usulan + 50 Jalur + Rencana 2026.kmz/CCTV KOMINFO 2025.kmz/CCTV KOMINFO/Keamanan Jalan", "Jenis": "CCTV Kominfo", "SubJenis": "CCTV Kominfo Keamanan Jalan", "POINT_X": 112.716563923, "POINT_Y": -7.335710933, "POINT_Z": 0.0 }, "geometry": { "type": "Point", "coordinates": [ 112.716563923000081, -7.335710932999973, 0.0 ] } },
{ "type": "Feature", "properties": { "OID_": 0, "Name": "AKSES MASUK IRD RS. DR. SOETOMO", "FolderPath": "Data CCTV Usulan + 50 Jalur + Rencana 2026.kmz/CCTV KOMINFO 2025.kmz/CCTV KOMINFO/Keamanan Jalan", "Jenis": "CCTV Kominfo", "SubJenis": "CCTV Kominfo Keamanan Jalan", "POINT_X": 112.75639444399999, "POINT_Y": -7.268322222, "POINT_Z": 0.0 }, "geometry": { "type": "Point", "coordinates": [ 112.75639444400008, -7.268322221999938, 0.0 ] } },
{ "type": "Feature", "properties": { "OID_": 0, "Name": "AKSES KANTOR ANGKUTAN DAN ALAT BERAT DKRTH", "FolderPath": "Data CCTV Usulan + 50 Jalur + Rencana 2026.kmz/CCTV KOMINFO 2025.kmz/CCTV KOMINFO/Keamanan Jalan", "Jenis": "CCTV Kominfo", "SubJenis": "CCTV Kominfo Keamanan Jalan", "POINT_X": 112.705797354, "POINT_Y": -7.253333372, "POINT_Z": 0.0 }, "geometry": { "type": "Point", "coordinates": [ 112.705797354000083, -7.253333371999929, 0.0 ] } },
{ "type": "Feature", "properties": { "OID_": 0, "Name": "AKSES HOTEL JW MARRIOT", "FolderPath": "Data CCTV Usulan + 50 Jalur + Rencana 2026.kmz/CCTV KOMINFO 2025.kmz/CCTV KOMINFO/Keamanan Jalan", "Jenis": "CCTV Kominfo", "SubJenis": "CCTV Kominfo Keamanan Jalan", "POINT_X": 112.735027778, "POINT_Y": -7.2592, "POINT_Z": 0.0 }, "geometry": { "type": "Point", "coordinates": [ 112.735027778000017, -7.2592, 0.0 ] } },
{ "type": "Feature", "properties": { "OID_": 0, "Name": "AKSES RS BDH", "FolderPath": "Data CCTV Usulan + 50 Jalur + Rencana 2026.kmz/CCTV KOMINFO 2025.kmz/CCTV KOMINFO/Keamanan Jalan", "Jenis": "CCTV Kominfo", "SubJenis": "CCTV Kominfo Keamanan Jalan", "POINT_X": 112.63491135300001, "POINT_Y": -7.255177899, "POINT_Z": 0.0 }, "geometry": { "type": "Point", "coordinates": [ 112.634911353, -7.255177898999932, 0.0 ] } },
{ "type": "Feature", "properties": { "OID_": 0, "Name": "AKSES MASUK RS DR. SOETOMO", "FolderPath": "Data CCTV Usulan + 50 Jalur + Rencana 2026.kmz/CCTV KOMINFO 2025.kmz/CCTV KOMINFO/Keamanan Jalan", "Jenis": "CCTV Kominfo", "SubJenis": "CCTV Kominfo Keamanan Jalan", "POINT_X": 112.758213889, "POINT_Y": -7.2658, "POINT_Z": 0.0 }, "geometry": { "type": "Point", "coordinates": [ 112.758213889000103, -7.2658, 0.0 ] } },
{ "type": "Feature", "properties": { "OID_": 0, "Name": "GEREJA PGI DIPONEGORO + RS WILLIAM BOOTH", "FolderPath": "Data CCTV Usulan + 50 Jalur + Rencana 2026.kmz/CCTV KOMINFO 2025.kmz/CCTV KOMINFO/Keamanan Jalan", "Jenis": "CCTV Kominfo", "SubJenis": "CCTV Kominfo Keamanan Jalan", "POINT_X": 112.737035295, "POINT_Y": -7.291472623, "POINT_Z": 0.0 }, "geometry": { "type": "Point", "coordinates": [ 112.737035295000055, -7.291472622999947, 0.0 ] } },
{ "type": "Feature", "properties": { "OID_": 0, "Name": "AKSES MAKAM BABAT JERAWAT", "FolderPath": "Data CCTV Usulan + 50 Jalur + Rencana 2026.kmz/CCTV KOMINFO 2025.kmz/CCTV KOMINFO/Keamanan Jalan", "Jenis": "CCTV Kominfo", "SubJenis": "CCTV Kominfo Keamanan Jalan", "POINT_X": 112.633963889, "POINT_Y": -7.244875, "POINT_Z": 0.0 }, "geometry": { "type": "Point", "coordinates": [ 112.633963889000029, -7.244875, 0.0 ] } },
{ "type": "Feature", "properties": { "OID_": 0, "Name": "AKSES MAKAM KEPUTIH", "FolderPath": "Data CCTV Usulan + 50 Jalur + Rencana 2026.kmz/CCTV KOMINFO 2025.kmz/CCTV KOMINFO/Keamanan Jalan", "Jenis": "CCTV Kominfo", "SubJenis": "CCTV Kominfo Keamanan Jalan", "POINT_X": 112.79996078800001, "POINT_Y": -7.303655441, "POINT_Z": 0.0 }, "geometry": { "type": "Point", "coordinates": [ 112.799960788000021, -7.303655440999933, 0.0 ] } },
{ "type": "Feature", "properties": { "OID_": 0, "Name": "JEMBATAN MERAH 1", "FolderPath": "Data CCTV Usulan + 50 Jalur + Rencana 2026.kmz/CCTV KOMINFO 2025.kmz/CCTV KOMINFO/Keamanan Jalan", "Jenis": "CCTV Kominfo", "SubJenis": "CCTV Kominfo Keamanan Jalan", "POINT_X": 112.738586111, "POINT_Y": -7.236677778, "POINT_Z": 0.0 }, "geometry": { "type": "Point", "coordinates": [ 112.738586111000018, -7.236677777999944, 0.0 ] } },
{ "type": "Feature", "properties": { "OID_": 0, "Name": "JEMBATAN MERAH 2", "FolderPath": "Data CCTV Usulan + 50 Jalur + Rencana 2026.kmz/CCTV KOMINFO 2025.kmz/CCTV KOMINFO/Keamanan Jalan", "Jenis": "CCTV Kominfo", "SubJenis": "CCTV Kominfo Keamanan Jalan", "POINT_X": 112.738044444, "POINT_Y": -7.236783333, "POINT_Z": 0.0 }, "geometry": { "type": "Point", "coordinates": [ 112.738044444000025, -7.236783332999948, 0.0 ] } },
{ "type": "Feature", "properties": { "OID_": 0, "Name": "JL. GARUDA (UTARA DE JAVASCHE)", "FolderPath": "Data CCTV Usulan + 50 Jalur + Rencana 2026.kmz/CCTV KOMINFO 2025.kmz/CCTV KOMINFO/Keamanan Jalan", "Jenis": "CCTV Kominfo", "SubJenis": "CCTV Kominfo Keamanan Jalan", "POINT_X": 112.73692043200001, "POINT_Y": -7.235109804, "POINT_Z": 0.0 }, "geometry": { "type": "Point", "coordinates": [ 112.736920432000034, -7.235109803999933, 0.0 ] } },
{ "type": "Feature", "properties": { "OID_": 0, "Name": "JL. MLIWIS (SIROPEN)", "FolderPath": "Data CCTV Usulan + 50 Jalur + Rencana 2026.kmz/CCTV KOMINFO 2025.kmz/CCTV KOMINFO/Keamanan Jalan", "Jenis": "CCTV Kominfo", "SubJenis": "CCTV Kominfo Keamanan Jalan", "POINT_X": 112.736752877, "POINT_Y": -7.237101593, "POINT_Z": 0.0 }, "geometry": { "type": "Point", "coordinates": [ 112.736752877000072, -7.237101592999977, 0.0 ] } },
{ "type": "Feature", "properties": { "OID_": 0, "Name": "AKSES GLATIK", "FolderPath": "Data CCTV Usulan + 50 Jalur + Rencana 2026.kmz/CCTV KOMINFO 2025.kmz/CCTV KOMINFO/Keamanan Jalan", "Jenis": "CCTV Kominfo", "SubJenis": "CCTV Kominfo Keamanan Jalan", "POINT_X": 112.737010977, "POINT_Y": -7.237102687, "POINT_Z": 0.0 }, "geometry": { "type": "Point", "coordinates": [ 112.737010977000068, -7.237102686999947, 0.0 ] } },
{ "type": "Feature", "properties": { "OID_": 0, "Name": "AKSES JL. MLIWIS", "FolderPath": "Data CCTV Usulan + 50 Jalur + Rencana 2026.kmz/CCTV KOMINFO 2025.kmz/CCTV KOMINFO/Keamanan Jalan", "Jenis": "CCTV Kominfo", "SubJenis": "CCTV Kominfo Keamanan Jalan", "POINT_X": 112.73746341499999, "POINT_Y": -7.237441312, "POINT_Z": 0.0 }, "geometry": { "type": "Point", "coordinates": [ 112.737463415000093, -7.23744131199993, 0.0 ] } },
{ "type": "Feature", "properties": { "OID_": 0, "Name": "VETERAN - CENDRAWASIH", "FolderPath": "Data CCTV Usulan + 50 Jalur + Rencana 2026.kmz/CCTV KOMINFO 2025.kmz/CCTV KOMINFO/Keamanan Jalan", "Jenis": "CCTV Kominfo", "SubJenis": "CCTV Kominfo Keamanan Jalan", "POINT_X": 112.737369444, "POINT_Y": -7.238325, "POINT_Z": 0.0 }, "geometry": { "type": "Point", "coordinates": [ 112.737369444000024, -7.238325, 0.0 ] } },
{ "type": "Feature", "properties": { "OID_": 0, "Name": "JL. CENDRAWASIH - SAMPING POLRESTABES", "FolderPath": "Data CCTV Usulan + 50 Jalur + Rencana 2026.kmz/CCTV KOMINFO 2025.kmz/CCTV KOMINFO/Keamanan Jalan", "Jenis": "CCTV Kominfo", "SubJenis": "CCTV Kominfo Keamanan Jalan", "POINT_X": 112.73651372400001, "POINT_Y": -7.23824469, "POINT_Z": 0.0 }, "geometry": { "type": "Point", "coordinates": [ 112.736513724000019, -7.238244689999931, 0.0 ] } },
{ "type": "Feature", "properties": { "OID_": 0, "Name": "JL. RAJAWALI - KREMBANGAN BESAR", "FolderPath": "Data CCTV Usulan + 50 Jalur + Rencana 2026.kmz/CCTV KOMINFO 2025.kmz/CCTV KOMINFO/Keamanan Jalan", "Jenis": "CCTV Kominfo", "SubJenis": "CCTV Kominfo Keamanan Jalan", "POINT_X": 112.733230556, "POINT_Y": -7.235133333, "POINT_Z": 0.0 }, "geometry": { "type": "Point", "coordinates": [ 112.73323055600008, -7.235133332999965, 0.0 ] } },
{ "type": "Feature", "properties": { "OID_": 0, "Name": "JL. RAJAWALI - KREMBANGAN BESAR MAKAM", "FolderPath": "Data CCTV Usulan + 50 Jalur + Rencana 2026.kmz/CCTV KOMINFO 2025.kmz/CCTV KOMINFO/Keamanan Jalan", "Jenis": "CCTV Kominfo", "SubJenis": "CCTV Kominfo Keamanan Jalan", "POINT_X": 112.732790306, "POINT_Y": -7.236609138, "POINT_Z": 0.0 }, "geometry": { "type": "Point", "coordinates": [ 112.732790306000084, -7.236609137999949, 0.0 ] } },
{ "type": "Feature", "properties": { "OID_": 0, "Name": "DE JAVASCHE BANK", "FolderPath": "Data CCTV Usulan + 50 Jalur + Rencana 2026.kmz/CCTV KOMINFO 2025.kmz/CCTV KOMINFO/Keamanan Jalan", "Jenis": "CCTV Kominfo", "SubJenis": "CCTV Kominfo Keamanan Jalan", "POINT_X": 112.73642709400001, "POINT_Y": -7.235567698, "POINT_Z": 0.0 }, "geometry": { "type": "Point", "coordinates": [ 112.736427094000078, -7.235567697999954, 0.0 ] } },
{ "type": "Feature", "properties": { "OID_": 0, "Name": "RAJAWALI - KASUARI", "FolderPath": "Data CCTV Usulan + 50 Jalur + Rencana 2026.kmz/CCTV KOMINFO 2025.kmz/CCTV KOMINFO/Keamanan Jalan", "Jenis": "CCTV Kominfo", "SubJenis": "CCTV Kominfo Keamanan Jalan", "POINT_X": 112.736422222, "POINT_Y": -7.235622222, "POINT_Z": 0.0 }, "geometry": { "type": "Point", "coordinates": [ 112.736422222000101, -7.235622221999961, 0.0 ] } },
{ "type": "Feature", "properties": { "OID_": 0, "Name": "JL. BRANJANGAN - RAJAWALI (SAMPING BRI)", "FolderPath": "Data CCTV Usulan + 50 Jalur + Rencana 2026.kmz/CCTV KOMINFO 2025.kmz/CCTV KOMINFO/Keamanan Jalan", "Jenis": "CCTV Kominfo", "SubJenis": "CCTV Kominfo Keamanan Jalan", "POINT_X": 112.736347779, "POINT_Y": -7.236190199, "POINT_Z": 0.0 }, "geometry": { "type": "Point", "coordinates": [ 112.736347779000084, -7.236190198999964, 0.0 ] } },
{ "type": "Feature", "properties": { "OID_": 0, "Name": "JL. KARET - RUMAH ABU HAN", "FolderPath": "Data CCTV Usulan + 50 Jalur + Rencana 2026.kmz/CCTV KOMINFO 2025.kmz/CCTV KOMINFO/Keamanan Jalan", "Jenis": "CCTV Kominfo", "SubJenis": "CCTV Kominfo Keamanan Jalan", "POINT_X": 112.73858884099999, "POINT_Y": -7.238249956, "POINT_Z": 0.0 }, "geometry": { "type": "Point", "coordinates": [ 112.738588841000023, -7.238249955999947, 0.0 ] } },
{ "type": "Feature", "properties": { "OID_": 0, "Name": "JL. KEMBANG JEPUN KYA-KYA - BONGKARAN", "FolderPath": "Data CCTV Usulan + 50 Jalur + Rencana 2026.kmz/CCTV KOMINFO 2025.kmz/CCTV KOMINFO/Keamanan Jalan", "Jenis": "CCTV Kominfo", "SubJenis": "CCTV Kominfo Keamanan Jalan", "POINT_X": 112.741832973, "POINT_Y": -7.237687138, "POINT_Z": 0.0 }, "geometry": { "type": "Point", "coordinates": [ 112.741832973000101, -7.237687137999956, 0.0 ] } },
{ "type": "Feature", "properties": { "OID_": 0, "Name": "JL. KEMBANG JEPUN KYA-KYA 3", "FolderPath": "Data CCTV Usulan + 50 Jalur + Rencana 2026.kmz/CCTV KOMINFO 2025.kmz/CCTV KOMINFO/Keamanan Jalan", "Jenis": "CCTV Kominfo", "SubJenis": "CCTV Kominfo Keamanan Jalan", "POINT_X": 112.74183888899999, "POINT_Y": -7.237686111, "POINT_Z": 0.0 }, "geometry": { "type": "Point", "coordinates": [ 112.741838889000064, -7.23768611099996, 0.0 ] } },
{ "type": "Feature", "properties": { "OID_": 0, "Name": "JL. KEMBANG JEPUN KYA-KYA - KALIMATI KULON", "FolderPath": "Data CCTV Usulan + 50 Jalur + Rencana 2026.kmz/CCTV KOMINFO 2025.kmz/CCTV KOMINFO/Keamanan Jalan", "Jenis": "CCTV Kominfo", "SubJenis": "CCTV Kominfo Keamanan Jalan", "POINT_X": 112.73959286900001, "POINT_Y": -7.236916205, "POINT_Z": 0.0 }, "geometry": { "type": "Point", "coordinates": [ 112.739592869000035, -7.236916204999943, 0.0 ] } },
{ "type": "Feature", "properties": { "OID_": 0, "Name": "JL. KEMBANG JEPUN KYA-KYA 1", "FolderPath": "Data CCTV Usulan + 50 Jalur + Rencana 2026.kmz/CCTV KOMINFO 2025.kmz/CCTV KOMINFO/Keamanan Jalan", "Jenis": "CCTV Kominfo", "SubJenis": "CCTV Kominfo Keamanan Jalan", "POINT_X": 112.73958611099999, "POINT_Y": -7.236913889, "POINT_Z": 0.0 }, "geometry": { "type": "Point", "coordinates": [ 112.739586111000108, -7.236913888999936, 0.0 ] } },
{ "type": "Feature", "properties": { "OID_": 0, "Name": "JL. KEMBANG JEPUN KYA-KYA - SONGOYUDAN", "FolderPath": "Data CCTV Usulan + 50 Jalur + Rencana 2026.kmz/CCTV KOMINFO 2025.kmz/CCTV KOMINFO/Keamanan Jalan", "Jenis": "CCTV Kominfo", "SubJenis": "CCTV Kominfo Keamanan Jalan", "POINT_X": 112.740983333, "POINT_Y": -7.237286111, "POINT_Z": 0.0 }, "geometry": { "type": "Point", "coordinates": [ 112.740983333000031, -7.237286110999946, 0.0 ] } },
{ "type": "Feature", "properties": { "OID_": 0, "Name": "JL. KEMBANG JEPUN KYA-KYA 2", "FolderPath": "Data CCTV Usulan + 50 Jalur + Rencana 2026.kmz/CCTV KOMINFO 2025.kmz/CCTV KOMINFO/Keamanan Jalan", "Jenis": "CCTV Kominfo", "SubJenis": "CCTV Kominfo Keamanan Jalan", "POINT_X": 112.740983333, "POINT_Y": -7.237286111, "POINT_Z": 0.0 }, "geometry": { "type": "Point", "coordinates": [ 112.740983333000031, -7.237286110999946, 0.0 ] } },
{ "type": "Feature", "properties": { "OID_": 0, "Name": "ORLANDO ICE CREAM", "FolderPath": "Data CCTV Usulan + 50 Jalur + Rencana 2026.kmz/CCTV KOMINFO 2025.kmz/CCTV KOMINFO/Keamanan Jalan", "Jenis": "CCTV Kominfo", "SubJenis": "CCTV Kominfo Keamanan Jalan", "POINT_X": 112.736491667, "POINT_Y": -7.232955556, "POINT_Z": 0.0 }, "geometry": { "type": "Point", "coordinates": [ 112.736491667000109, -7.232955555999979, 0.0 ] } },
{ "type": "Feature", "properties": { "OID_": 0, "Name": "BARAT PENJARA KALISOSOK - DEPAN SMPN 38", "FolderPath": "Data CCTV Usulan + 50 Jalur + Rencana 2026.kmz/CCTV KOMINFO 2025.kmz/CCTV KOMINFO/Keamanan Jalan", "Jenis": "CCTV Kominfo", "SubJenis": "CCTV Kominfo Keamanan Jalan", "POINT_X": 112.73517791, "POINT_Y": -7.234065501, "POINT_Z": 0.0 }, "geometry": { "type": "Point", "coordinates": [ 112.735177910000061, -7.234065500999975, 0.0 ] } },
{ "type": "Feature", "properties": { "OID_": 0, "Name": "JL. GATOTAN - KEPANJEN", "FolderPath": "Data CCTV Usulan + 50 Jalur + Rencana 2026.kmz/CCTV KOMINFO 2025.kmz/CCTV KOMINFO/Keamanan Jalan", "Jenis": "CCTV Kominfo", "SubJenis": "CCTV Kominfo Keamanan Jalan", "POINT_X": 112.73605, "POINT_Y": -7.240330556, "POINT_Z": 0.0 }, "geometry": { "type": "Point", "coordinates": [ 112.73605, -7.240330555999947, 0.0 ] } },
{ "type": "Feature", "properties": { "OID_": 0, "Name": "JL. SIKATAN - KREMBANGAN BARAT", "FolderPath": "Data CCTV Usulan + 50 Jalur + Rencana 2026.kmz/CCTV KOMINFO 2025.kmz/CCTV KOMINFO/Keamanan Jalan", "Jenis": "CCTV Kominfo", "SubJenis": "CCTV Kominfo Keamanan Jalan", "POINT_X": 112.73421111099999, "POINT_Y": -7.238877778, "POINT_Z": 0.0 }, "geometry": { "type": "Point", "coordinates": [ 112.734211111000036, -7.23887777799996, 0.0 ] } },
{ "type": "Feature", "properties": { "OID_": 0, "Name": "JL. GATOTAN - KREMBANGAN BARAT", "FolderPath": "Data CCTV Usulan + 50 Jalur + Rencana 2026.kmz/CCTV KOMINFO 2025.kmz/CCTV KOMINFO/Keamanan Jalan", "Jenis": "CCTV Kominfo", "SubJenis": "CCTV Kominfo Keamanan Jalan", "POINT_X": 112.73409444399999, "POINT_Y": -7.239591667, "POINT_Z": 0.0 }, "geometry": { "type": "Point", "coordinates": [ 112.734094444000107, -7.239591666999956, 0.0 ] } },
{ "type": "Feature", "properties": { "OID_": 0, "Name": "JL. KASUARI - KALISOSOK KIDUL", "FolderPath": "Data CCTV Usulan + 50 Jalur + Rencana 2026.kmz/CCTV KOMINFO 2025.kmz/CCTV KOMINFO/Keamanan Jalan", "Jenis": "CCTV Kominfo", "SubJenis": "CCTV Kominfo Keamanan Jalan", "POINT_X": 112.737111111, "POINT_Y": -7.233597222, "POINT_Z": 0.0 }, "geometry": { "type": "Point", "coordinates": [ 112.737111111000104, -7.233597221999958, 0.0 ] } },
{ "type": "Feature", "properties": { "OID_": 0, "Name": "JL. SIKATAN SAMPING POLRESTABES", "FolderPath": "Data CCTV Usulan + 50 Jalur + Rencana 2026.kmz/CCTV KOMINFO 2025.kmz/CCTV KOMINFO/Keamanan Jalan", "Jenis": "CCTV Kominfo", "SubJenis": "CCTV Kominfo Keamanan Jalan", "POINT_X": 112.73647843800001, "POINT_Y": -7.239338456, "POINT_Z": 0.0 }, "geometry": { "type": "Point", "coordinates": [ 112.736478438000063, -7.239338455999928, 0.0 ] } },
{ "type": "Feature", "properties": { "OID_": 0, "Name": "JL. VETERAN - GATOTAN", "FolderPath": "Data CCTV Usulan + 50 Jalur + Rencana 2026.kmz/CCTV KOMINFO 2025.kmz/CCTV KOMINFO/Keamanan Jalan", "Jenis": "CCTV Kominfo", "SubJenis": "CCTV Kominfo Keamanan Jalan", "POINT_X": 112.737533333, "POINT_Y": -7.240402778, "POINT_Z": 0.0 }, "geometry": { "type": "Point", "coordinates": [ 112.737533333000101, -7.240402777999975, 0.0 ] } },
{ "type": "Feature", "properties": { "OID_": 0, "Name": "JL. VETERAN", "FolderPath": "Data CCTV Usulan + 50 Jalur + Rencana 2026.kmz/CCTV KOMINFO 2025.kmz/CCTV KOMINFO/Keamanan Jalan", "Jenis": "CCTV Kominfo", "SubJenis": "CCTV Kominfo Keamanan Jalan", "POINT_X": 112.737819331, "POINT_Y": -7.242057679, "POINT_Z": 0.0 }, "geometry": { "type": "Point", "coordinates": [ 112.737819331000082, -7.24205767899997, 0.0 ] } },
{ "type": "Feature", "properties": { "OID_": 0, "Name": "PERSIMPANGAN MERAK - KREMBANGAN TIMUR", "FolderPath": "Data CCTV Usulan + 50 Jalur + Rencana 2026.kmz/CCTV KOMINFO 2025.kmz/CCTV KOMINFO/Keamanan Jalan", "Jenis": "CCTV Kominfo", "SubJenis": "CCTV Kominfo Keamanan Jalan", "POINT_X": 112.73435365100001, "POINT_Y": -7.237223441, "POINT_Z": 0.0 }, "geometry": { "type": "Point", "coordinates": [ 112.734353651000106, -7.237223440999969, 0.0 ] } },
{ "type": "Feature", "properties": { "OID_": 0, "Name": "JL. DUKUH KUPANG (KANTOR KEL PUTAT JAYA)", "FolderPath": "Data CCTV Usulan + 50 Jalur + Rencana 2026.kmz/CCTV KOMINFO 2025.kmz/CCTV KOMINFO/Keamanan Jalan", "Jenis": "CCTV Kominfo", "SubJenis": "CCTV Kominfo Keamanan Jalan", "POINT_X": 112.71715555599999, "POINT_Y": -7.280272222, "POINT_Z": 0.0 }, "geometry": { "type": "Point", "coordinates": [ 112.71715555600008, -7.280272221999951, 0.0 ] } },
{ "type": "Feature", "properties": { "OID_": 0, "Name": "JL. BENOWO (DEPAN TERMINAL BENOWO)", "FolderPath": "Data CCTV Usulan + 50 Jalur + Rencana 2026.kmz/CCTV KOMINFO 2025.kmz/CCTV KOMINFO/Keamanan Jalan", "Jenis": "CCTV Kominfo", "SubJenis": "CCTV Kominfo Keamanan Jalan", "POINT_X": 112.60816698399999, "POINT_Y": -7.235846838, "POINT_Z": 0.0 }, "geometry": { "type": "Point", "coordinates": [ 112.608166984000036, -7.235846837999929, 0.0 ] } },
{ "type": "Feature", "properties": { "OID_": 0, "Name": "AKSES GEREJA SANTA PERAWAN MARIA", "FolderPath": "Data CCTV Usulan + 50 Jalur + Rencana 2026.kmz/CCTV KOMINFO 2025.kmz/CCTV KOMINFO/Keamanan Jalan", "Jenis": "CCTV Kominfo", "SubJenis": "CCTV Kominfo Keamanan Jalan", "POINT_X": 112.736408333, "POINT_Y": -7.242230556, "POINT_Z": 0.0 }, "geometry": { "type": "Point", "coordinates": [ 112.736408333000099, -7.242230555999981, 0.0 ] } },
{ "type": "Feature", "properties": { "OID_": 0, "Name": "AKSES GEREJA EBEN HAEZER TAMAN BINTORO", "FolderPath": "Data CCTV Usulan + 50 Jalur + Rencana 2026.kmz/CCTV KOMINFO 2025.kmz/CCTV KOMINFO/Keamanan Jalan", "Jenis": "CCTV Kominfo", "SubJenis": "CCTV Kominfo Keamanan Jalan", "POINT_X": 112.73661106900001, "POINT_Y": -7.286076934, "POINT_Z": 0.0 }, "geometry": { "type": "Point", "coordinates": [ 112.736611069000105, -7.286076933999937, 0.0 ] } },
{ "type": "Feature", "properties": { "OID_": 0, "Name": "JL. NGAGEL TAMA (TK PERTIWI TELADAN)", "FolderPath": "Data CCTV Usulan + 50 Jalur + Rencana 2026.kmz/CCTV KOMINFO 2025.kmz/CCTV KOMINFO/Keamanan Jalan", "Jenis": "CCTV Kominfo", "SubJenis": "CCTV Kominfo Keamanan Jalan", "POINT_X": 112.757482227, "POINT_Y": -7.29116437, "POINT_Z": 0.0 }, "geometry": { "type": "Point", "coordinates": [ 112.757482227000082, -7.291164369999933, 0.0 ] } },
{ "type": "Feature", "properties": { "OID_": 0, "Name": "PERTIGAAN KALASAN - INDRAKILA", "FolderPath": "Data CCTV Usulan + 50 Jalur + Rencana 2026.kmz/CCTV KOMINFO 2025.kmz/CCTV KOMINFO/Keamanan Jalan", "Jenis": "CCTV Kominfo", "SubJenis": "CCTV Kominfo Keamanan Jalan", "POINT_X": 112.756155556, "POINT_Y": -7.260763889, "POINT_Z": 0.0 }, "geometry": { "type": "Point", "coordinates": [ 112.756155556000067, -7.260763888999975, 0.0 ] } },
{ "type": "Feature", "properties": { "OID_": 0, "Name": "JL. PACAR KELING 1", "FolderPath": "Data CCTV Usulan + 50 Jalur + Rencana 2026.kmz/CCTV KOMINFO 2025.kmz/CCTV KOMINFO/Keamanan Jalan", "Jenis": "CCTV Kominfo", "SubJenis": "CCTV Kominfo Keamanan Jalan", "POINT_X": 112.757285798, "POINT_Y": -7.259771145, "POINT_Z": 0.0 }, "geometry": { "type": "Point", "coordinates": [ 112.757285798000112, -7.259771144999945, 0.0 ] } },
{ "type": "Feature", "properties": { "OID_": 0, "Name": "AKSES SMPN 46", "FolderPath": "Data CCTV Usulan + 50 Jalur + Rencana 2026.kmz/CCTV KOMINFO 2025.kmz/CCTV KOMINFO/Keamanan Jalan", "Jenis": "CCTV Kominfo", "SubJenis": "CCTV Kominfo Keamanan Jalan", "POINT_X": 112.71562269499999, "POINT_Y": -7.290118722, "POINT_Z": 0.0 }, "geometry": { "type": "Point", "coordinates": [ 112.715622695000093, -7.290118721999931, 0.0 ] } },
{ "type": "Feature", "properties": { "OID_": 0, "Name": "MERR-PEREMPATAN KALIJUDAN", "FolderPath": "Data CCTV Usulan + 50 Jalur + Rencana 2026.kmz/CCTV KOMINFO 2025.kmz/CCTV KOMINFO/Keamanan Jalan", "Jenis": "CCTV Kominfo", "SubJenis": "CCTV Kominfo Keamanan Jalan", "POINT_X": 112.782373019, "POINT_Y": -7.255028819, "POINT_Z": 0.0 }, "geometry": { "type": "Point", "coordinates": [ 112.782373019000033, -7.255028818999961, 0.0 ] } },
{ "type": "Feature", "properties": { "OID_": 0, "Name": "JL. STASIUN GUBENG (PINTU MASUK STASIUN)", "FolderPath": "Data CCTV Usulan + 50 Jalur + Rencana 2026.kmz/CCTV KOMINFO 2025.kmz/CCTV KOMINFO/Keamanan Jalan", "Jenis": "CCTV Kominfo", "SubJenis": "CCTV Kominfo Keamanan Jalan", "POINT_X": 112.75180555599999, "POINT_Y": -7.265038889, "POINT_Z": 0.0 }, "geometry": { "type": "Point", "coordinates": [ 112.751805556000022, -7.265038888999925, 0.0 ] } },
{ "type": "Feature", "properties": { "OID_": 0, "Name": "JL. BUBUTAN - GNI 2", "FolderPath": "Data CCTV Usulan + 50 Jalur + Rencana 2026.kmz/CCTV KOMINFO 2025.kmz/CCTV KOMINFO/Keamanan Jalan", "Jenis": "CCTV Kominfo", "SubJenis": "CCTV Kominfo Keamanan Jalan", "POINT_X": 112.735783333, "POINT_Y": -7.250530556, "POINT_Z": 0.0 }, "geometry": { "type": "Point", "coordinates": [ 112.735783333000086, -7.250530555999944, 0.0 ] } },
{ "type": "Feature", "properties": { "OID_": 0, "Name": "KEDIAMAN KONJEN JEPANG 1", "FolderPath": "Data CCTV Usulan + 50 Jalur + Rencana 2026.kmz/CCTV KOMINFO 2025.kmz/CCTV KOMINFO/Keamanan Jalan", "Jenis": "CCTV Kominfo", "SubJenis": "CCTV Kominfo Keamanan Jalan", "POINT_X": 112.772526814, "POINT_Y": -7.268141205, "POINT_Z": 0.0 }, "geometry": { "type": "Point", "coordinates": [ 112.772526814000116, -7.268141204999949, 0.0 ] } },
{ "type": "Feature", "properties": { "OID_": 0, "Name": "KEDIAMAN KONJEN CHINA 2", "FolderPath": "Data CCTV Usulan + 50 Jalur + Rencana 2026.kmz/CCTV KOMINFO 2025.kmz/CCTV KOMINFO/Keamanan Jalan", "Jenis": "CCTV Kominfo", "SubJenis": "CCTV Kominfo Keamanan Jalan", "POINT_X": 112.712965771, "POINT_Y": -7.296038007, "POINT_Z": 0.0 }, "geometry": { "type": "Point", "coordinates": [ 112.712965771000086, -7.296038006999936, 0.0 ] } },
{ "type": "Feature", "properties": { "OID_": 0, "Name": "JL. BASUKI RAHMAT (SEBRANG BANK JATIM)", "FolderPath": "Data CCTV Usulan + 50 Jalur + Rencana 2026.kmz/CCTV KOMINFO 2025.kmz/CCTV KOMINFO/Keamanan Jalan", "Jenis": "CCTV Kominfo", "SubJenis": "CCTV Kominfo Keamanan Jalan", "POINT_X": 112.741640941, "POINT_Y": -7.269900416, "POINT_Z": 0.0 }, "geometry": { "type": "Point", "coordinates": [ 112.741640941000014, -7.269900415999928, 0.0 ] } },
{ "type": "Feature", "properties": { "OID_": 0, "Name": "DEPAN STASIUN PASAR TURI 1", "FolderPath": "Data CCTV Usulan + 50 Jalur + Rencana 2026.kmz/CCTV KOMINFO 2025.kmz/CCTV KOMINFO/Keamanan Jalan", "Jenis": "CCTV Kominfo", "SubJenis": "CCTV Kominfo Keamanan Jalan", "POINT_X": 112.731725, "POINT_Y": -7.249261111, "POINT_Z": 0.0 }, "geometry": { "type": "Point", "coordinates": [ 112.731725, -7.249261110999953, 0.0 ] } },
{ "type": "Feature", "properties": { "OID_": 0, "Name": "DEPAN STASIUN PASAR TURI 2", "FolderPath": "Data CCTV Usulan + 50 Jalur + Rencana 2026.kmz/CCTV KOMINFO 2025.kmz/CCTV KOMINFO/Keamanan Jalan", "Jenis": "CCTV Kominfo", "SubJenis": "CCTV Kominfo Keamanan Jalan", "POINT_X": 112.731725, "POINT_Y": -7.249261111, "POINT_Z": 0.0 }, "geometry": { "type": "Point", "coordinates": [ 112.731725, -7.249261110999953, 0.0 ] } },
{ "type": "Feature", "properties": { "OID_": 0, "Name": "PERTIGAAN JL. SULUNG SEKOLAHAN", "FolderPath": "Data CCTV Usulan + 50 Jalur + Rencana 2026.kmz/CCTV KOMINFO 2025.kmz/CCTV KOMINFO/Keamanan Jalan", "Jenis": "CCTV Kominfo", "SubJenis": "CCTV Kominfo Keamanan Jalan", "POINT_X": 112.740542054, "POINT_Y": -7.245281365, "POINT_Z": 0.0 }, "geometry": { "type": "Point", "coordinates": [ 112.740542054000116, -7.245281364999926, 0.0 ] } },
{ "type": "Feature", "properties": { "OID_": 0, "Name": "JL. BASUKI RAHMAT (TAMAN SIMPANG LONCENG)", "FolderPath": "Data CCTV Usulan + 50 Jalur + Rencana 2026.kmz/CCTV KOMINFO 2025.kmz/CCTV KOMINFO/Keamanan Jalan", "Jenis": "CCTV Kominfo", "SubJenis": "CCTV Kominfo Keamanan Jalan", "POINT_X": 112.74081658199999, "POINT_Y": -7.262608353, "POINT_Z": 0.0 }, "geometry": { "type": "Point", "coordinates": [ 112.740816582000093, -7.262608352999962, 0.0 ] } },
{ "type": "Feature", "properties": { "OID_": 0, "Name": "PERTIGAAN TUNJUNGAN-GENTENG", "FolderPath": "Data CCTV Usulan + 50 Jalur + Rencana 2026.kmz/CCTV KOMINFO 2025.kmz/CCTV KOMINFO/Keamanan Jalan", "Jenis": "CCTV Kominfo", "SubJenis": "CCTV Kominfo Keamanan Jalan", "POINT_X": 112.738633963, "POINT_Y": -7.258785167, "POINT_Z": 0.0 }, "geometry": { "type": "Point", "coordinates": [ 112.738633963000098, -7.258785166999928, 0.0 ] } },
{ "type": "Feature", "properties": { "OID_": 0, "Name": "JL. PAHLAWAN (ROTONDE GUBERNURAN)", "FolderPath": "Data CCTV Usulan + 50 Jalur + Rencana 2026.kmz/CCTV KOMINFO 2025.kmz/CCTV KOMINFO/Keamanan Jalan", "Jenis": "CCTV Kominfo", "SubJenis": "CCTV Kominfo Keamanan Jalan", "POINT_X": 112.738711075, "POINT_Y": -7.246810557, "POINT_Z": 0.0 }, "geometry": { "type": "Point", "coordinates": [ 112.738711075000083, -7.246810556999947, 0.0 ] } },
{ "type": "Feature", "properties": { "OID_": 0, "Name": "AKSES SDN KETABANG", "FolderPath": "Data CCTV Usulan + 50 Jalur + Rencana 2026.kmz/CCTV KOMINFO 2025.kmz/CCTV KOMINFO/Keamanan Jalan", "Jenis": "CCTV Kominfo", "SubJenis": "CCTV Kominfo Keamanan Jalan", "POINT_X": 112.746214127, "POINT_Y": -7.253828534, "POINT_Z": 0.0 }, "geometry": { "type": "Point", "coordinates": [ 112.74621412700003, -7.253828533999979, 0.0 ] } },
{ "type": "Feature", "properties": { "OID_": 0, "Name": "AKSES SDN KERTAJAYA", "FolderPath": "Data CCTV Usulan + 50 Jalur + Rencana 2026.kmz/CCTV KOMINFO 2025.kmz/CCTV KOMINFO/Keamanan Jalan", "Jenis": "CCTV Kominfo", "SubJenis": "CCTV Kominfo Keamanan Jalan", "POINT_X": 112.760030116, "POINT_Y": -7.283487945, "POINT_Z": 0.0 }, "geometry": { "type": "Point", "coordinates": [ 112.760030116000053, -7.283487944999933, 0.0 ] } },
{ "type": "Feature", "properties": { "OID_": 0, "Name": "AKSES SDN NGAGEL 1", "FolderPath": "Data CCTV Usulan + 50 Jalur + Rencana 2026.kmz/CCTV KOMINFO 2025.kmz/CCTV KOMINFO/Keamanan Jalan", "Jenis": "CCTV Kominfo", "SubJenis": "CCTV Kominfo Keamanan Jalan", "POINT_X": 112.740954935, "POINT_Y": -7.298782154, "POINT_Z": 0.0 }, "geometry": { "type": "Point", "coordinates": [ 112.740954935000104, -7.29878215399998, 0.0 ] } },
{ "type": "Feature", "properties": { "OID_": 0, "Name": "AKSES SMPN 39", "FolderPath": "Data CCTV Usulan + 50 Jalur + Rencana 2026.kmz/CCTV KOMINFO 2025.kmz/CCTV KOMINFO/Keamanan Jalan", "Jenis": "CCTV Kominfo", "SubJenis": "CCTV Kominfo Keamanan Jalan", "POINT_X": 112.760040816, "POINT_Y": -7.308571716, "POINT_Z": 0.0 }, "geometry": { "type": "Point", "coordinates": [ 112.760040816000014, -7.30857171599996, 0.0 ] } },
{ "type": "Feature", "properties": { "OID_": 0, "Name": "AKSES SDN KAPASARI 8", "FolderPath": "Data CCTV Usulan + 50 Jalur + Rencana 2026.kmz/CCTV KOMINFO 2025.kmz/CCTV KOMINFO/Keamanan Jalan", "Jenis": "CCTV Kominfo", "SubJenis": "CCTV Kominfo Keamanan Jalan", "POINT_X": 112.749800249, "POINT_Y": -7.250601408, "POINT_Z": 0.0 }, "geometry": { "type": "Point", "coordinates": [ 112.749800249000032, -7.250601407999966, 0.0 ] } },
{ "type": "Feature", "properties": { "OID_": 0, "Name": "AKSES SMK MATER AMABILIS", "FolderPath": "Data CCTV Usulan + 50 Jalur + Rencana 2026.kmz/CCTV KOMINFO 2025.kmz/CCTV KOMINFO/Keamanan Jalan", "Jenis": "CCTV Kominfo", "SubJenis": "CCTV Kominfo Keamanan Jalan", "POINT_X": 112.755199801, "POINT_Y": -7.255131728, "POINT_Z": 0.0 }, "geometry": { "type": "Point", "coordinates": [ 112.755199801000117, -7.255131727999981, 0.0 ] } },
{ "type": "Feature", "properties": { "OID_": 0, "Name": "AKSES SDN PACAR KELING 1", "FolderPath": "Data CCTV Usulan + 50 Jalur + Rencana 2026.kmz/CCTV KOMINFO 2025.kmz/CCTV KOMINFO/Keamanan Jalan", "Jenis": "CCTV Kominfo", "SubJenis": "CCTV Kominfo Keamanan Jalan", "POINT_X": 112.76062668199999, "POINT_Y": -7.259155797, "POINT_Z": 0.0 }, "geometry": { "type": "Point", "coordinates": [ 112.760626682000066, -7.259155796999949, 0.0 ] } },
{ "type": "Feature", "properties": { "OID_": 0, "Name": "AKSES SDN KEBONSARI 1", "FolderPath": "Data CCTV Usulan + 50 Jalur + Rencana 2026.kmz/CCTV KOMINFO 2025.kmz/CCTV KOMINFO/Keamanan Jalan", "Jenis": "CCTV Kominfo", "SubJenis": "CCTV Kominfo Keamanan Jalan", "POINT_X": 112.713155015, "POINT_Y": -7.328613384, "POINT_Z": 0.0 }, "geometry": { "type": "Point", "coordinates": [ 112.713155015000098, -7.328613383999937, 0.0 ] } },
{ "type": "Feature", "properties": { "OID_": 0, "Name": "SAMPING SDN SEMOLOWARU IV", "FolderPath": "Data CCTV Usulan + 50 Jalur + Rencana 2026.kmz/CCTV KOMINFO 2025.kmz/CCTV KOMINFO/Keamanan Jalan", "Jenis": "CCTV Kominfo", "SubJenis": "CCTV Kominfo Keamanan Jalan", "POINT_X": 112.775477905, "POINT_Y": -7.303920495, "POINT_Z": 0.0 }, "geometry": { "type": "Point", "coordinates": [ 112.775477905000116, -7.303920494999943, 0.0 ] } },
{ "type": "Feature", "properties": { "OID_": 0, "Name": "AKSES SMPN 48", "FolderPath": "Data CCTV Usulan + 50 Jalur + Rencana 2026.kmz/CCTV KOMINFO 2025.kmz/CCTV KOMINFO/Keamanan Jalan", "Jenis": "CCTV Kominfo", "SubJenis": "CCTV Kominfo Keamanan Jalan", "POINT_X": 112.75623653700001, "POINT_Y": -7.296639425, "POINT_Z": 0.0 }, "geometry": { "type": "Point", "coordinates": [ 112.756236537000063, -7.296639424999967, 0.0 ] } },
{ "type": "Feature", "properties": { "OID_": 0, "Name": "AKSES MASUK UIN SUNAN AMPEL", "FolderPath": "Data CCTV Usulan + 50 Jalur + Rencana 2026.kmz/CCTV KOMINFO 2025.kmz/CCTV KOMINFO/Keamanan Jalan", "Jenis": "CCTV Kominfo", "SubJenis": "CCTV Kominfo Keamanan Jalan", "POINT_X": 112.73311205900001, "POINT_Y": -7.322132002, "POINT_Z": 0.0 }, "geometry": { "type": "Point", "coordinates": [ 112.733112059000064, -7.322132001999933, 0.0 ] } },
{ "type": "Feature", "properties": { "OID_": 0, "Name": "AKSES PARKIR MOBIL MASJID AL AKBAR", "FolderPath": "Data CCTV Usulan + 50 Jalur + Rencana 2026.kmz/CCTV KOMINFO 2025.kmz/CCTV KOMINFO/Keamanan Jalan", "Jenis": "CCTV Kominfo", "SubJenis": "CCTV Kominfo Keamanan Jalan", "POINT_X": 112.715347755, "POINT_Y": -7.335218584, "POINT_Z": 0.0 }, "geometry": { "type": "Point", "coordinates": [ 112.715347755000039, -7.335218583999961, 0.0 ] } },
{ "type": "Feature", "properties": { "OID_": 0, "Name": "AKSES PARKIR MOTOR MASJID AL AKBAR", "FolderPath": "Data CCTV Usulan + 50 Jalur + Rencana 2026.kmz/CCTV KOMINFO 2025.kmz/CCTV KOMINFO/Keamanan Jalan", "Jenis": "CCTV Kominfo", "SubJenis": "CCTV Kominfo Keamanan Jalan", "POINT_X": 112.715858024, "POINT_Y": -7.335330565, "POINT_Z": 0.0 }, "geometry": { "type": "Point", "coordinates": [ 112.715858024000113, -7.335330564999936, 0.0 ] } },
{ "type": "Feature", "properties": { "OID_": 0, "Name": "AKSES SEKOLAH SANTA MARIA DARMO", "FolderPath": "Data CCTV Usulan + 50 Jalur + Rencana 2026.kmz/CCTV KOMINFO 2025.kmz/CCTV KOMINFO/Keamanan Jalan", "Jenis": "CCTV Kominfo", "SubJenis": "CCTV Kominfo Keamanan Jalan", "POINT_X": 112.740215959, "POINT_Y": -7.283162711, "POINT_Z": 0.0 }, "geometry": { "type": "Point", "coordinates": [ 112.740215959000011, -7.283162710999932, 0.0 ] } },
{ "type": "Feature", "properties": { "OID_": 0, "Name": "AKSES GEREJA BETHANY NGINDEN", "FolderPath": "Data CCTV Usulan + 50 Jalur + Rencana 2026.kmz/CCTV KOMINFO 2025.kmz/CCTV KOMINFO/Keamanan Jalan", "Jenis": "CCTV Kominfo", "SubJenis": "CCTV Kominfo Keamanan Jalan", "POINT_X": 112.771636214, "POINT_Y": -7.307595142, "POINT_Z": 0.0 }, "geometry": { "type": "Point", "coordinates": [ 112.771636214000068, -7.307595141999968, 0.0 ] } },
{ "type": "Feature", "properties": { "OID_": 0, "Name": "AKSES GEREJA SANTO VINCENTIUS", "FolderPath": "Data CCTV Usulan + 50 Jalur + Rencana 2026.kmz/CCTV KOMINFO 2025.kmz/CCTV KOMINFO/Keamanan Jalan", "Jenis": "CCTV Kominfo", "SubJenis": "CCTV Kominfo Keamanan Jalan", "POINT_X": 112.73126059400001, "POINT_Y": -7.259680461, "POINT_Z": 0.0 }, "geometry": { "type": "Point", "coordinates": [ 112.731260594000105, -7.259680460999959, 0.0 ] } },
{ "type": "Feature", "properties": { "OID_": 0, "Name": "AKSES GEREJA PAROKI MAHA KUDUS", "FolderPath": "Data CCTV Usulan + 50 Jalur + Rencana 2026.kmz/CCTV KOMINFO 2025.kmz/CCTV KOMINFO/Keamanan Jalan", "Jenis": "CCTV Kominfo", "SubJenis": "CCTV Kominfo Keamanan Jalan", "POINT_X": 112.715647222, "POINT_Y": -7.333144444, "POINT_Z": 0.0 }, "geometry": { "type": "Point", "coordinates": [ 112.71564722200003, -7.33314444399997, 0.0 ] } },
{ "type": "Feature", "properties": { "OID_": 0, "Name": "AKSES GEREJA KATOLIK REDEMPTOR MUNDI", "FolderPath": "Data CCTV Usulan + 50 Jalur + Rencana 2026.kmz/CCTV KOMINFO 2025.kmz/CCTV KOMINFO/Keamanan Jalan", "Jenis": "CCTV Kominfo", "SubJenis": "CCTV Kominfo Keamanan Jalan", "POINT_X": 112.709712197, "POINT_Y": -7.284764407, "POINT_Z": 0.0 }, "geometry": { "type": "Point", "coordinates": [ 112.709712197000044, -7.284764406999955, 0.0 ] } },
{ "type": "Feature", "properties": { "OID_": 0, "Name": "AKSES GKJW LUNTAS", "FolderPath": "Data CCTV Usulan + 50 Jalur + Rencana 2026.kmz/CCTV KOMINFO 2025.kmz/CCTV KOMINFO/Keamanan Jalan", "Jenis": "CCTV Kominfo", "SubJenis": "CCTV Kominfo Keamanan Jalan", "POINT_X": 112.75543595800001, "POINT_Y": -7.265287359, "POINT_Z": 0.0 }, "geometry": { "type": "Point", "coordinates": [ 112.755435958000021, -7.265287358999956, 0.0 ] } },
{ "type": "Feature", "properties": { "OID_": 0, "Name": "SAMPING SDN BARATA JAYA", "FolderPath": "Data CCTV Usulan + 50 Jalur + Rencana 2026.kmz/CCTV KOMINFO 2025.kmz/CCTV KOMINFO/Keamanan Jalan", "Jenis": "CCTV Kominfo", "SubJenis": "CCTV Kominfo Keamanan Jalan", "POINT_X": 112.75756600299999, "POINT_Y": -7.300544552, "POINT_Z": 0.0 }, "geometry": { "type": "Point", "coordinates": [ 112.757566003000079, -7.300544551999963, 0.0 ] } },
{ "type": "Feature", "properties": { "OID_": 0, "Name": "AKSES KAMAR JENAZAH RS. DR. SOETOMO", "FolderPath": "Data CCTV Usulan + 50 Jalur + Rencana 2026.kmz/CCTV KOMINFO 2025.kmz/CCTV KOMINFO/Keamanan Jalan", "Jenis": "CCTV Kominfo", "SubJenis": "CCTV Kominfo Keamanan Jalan", "POINT_X": 112.760793678, "POINT_Y": -7.268043835, "POINT_Z": 0.0 }, "geometry": { "type": "Point", "coordinates": [ 112.760793678000027, -7.268043834999958, 0.0 ] } },
{ "type": "Feature", "properties": { "OID_": 0, "Name": "AKSES SMPN 3", "FolderPath": "Data CCTV Usulan + 50 Jalur + Rencana 2026.kmz/CCTV KOMINFO 2025.kmz/CCTV KOMINFO/Keamanan Jalan", "Jenis": "CCTV Kominfo", "SubJenis": "CCTV Kominfo Keamanan Jalan", "POINT_X": 112.736196664, "POINT_Y": -7.255812214, "POINT_Z": 0.0 }, "geometry": { "type": "Point", "coordinates": [ 112.73619666400009, -7.255812213999945, 0.0 ] } },
{ "type": "Feature", "properties": { "OID_": 0, "Name": "AKSES SMPN 29", "FolderPath": "Data CCTV Usulan + 50 Jalur + Rencana 2026.kmz/CCTV KOMINFO 2025.kmz/CCTV KOMINFO/Keamanan Jalan", "Jenis": "CCTV Kominfo", "SubJenis": "CCTV Kominfo Keamanan Jalan", "POINT_X": 112.753275, "POINT_Y": -7.265908333, "POINT_Z": 0.0 }, "geometry": { "type": "Point", "coordinates": [ 112.753275, -7.26590833299997, 0.0 ] } },
{ "type": "Feature", "properties": { "OID_": 0, "Name": "AKSES SMPN 6", "FolderPath": "Data CCTV Usulan + 50 Jalur + Rencana 2026.kmz/CCTV KOMINFO 2025.kmz/CCTV KOMINFO/Keamanan Jalan", "Jenis": "CCTV Kominfo", "SubJenis": "CCTV Kominfo Keamanan Jalan", "POINT_X": 112.748716667, "POINT_Y": -7.273616667, "POINT_Z": 0.0 }, "geometry": { "type": "Point", "coordinates": [ 112.748716667000053, -7.273616666999942, 0.0 ] } },
{ "type": "Feature", "properties": { "OID_": 0, "Name": "AKSES SMPN 36", "FolderPath": "Data CCTV Usulan + 50 Jalur + Rencana 2026.kmz/CCTV KOMINFO 2025.kmz/CCTV KOMINFO/Keamanan Jalan", "Jenis": "CCTV Kominfo", "SubJenis": "CCTV Kominfo Keamanan Jalan", "POINT_X": 112.71294678300001, "POINT_Y": -7.329801882, "POINT_Z": 0.0 }, "geometry": { "type": "Point", "coordinates": [ 112.712946783, -7.32980188199997, 0.0 ] } },
{ "type": "Feature", "properties": { "OID_": 0, "Name": "AKSES SDN SAMBIKEREP II", "FolderPath": "Data CCTV Usulan + 50 Jalur + Rencana 2026.kmz/CCTV KOMINFO 2025.kmz/CCTV KOMINFO/Keamanan Jalan", "Jenis": "CCTV Kominfo", "SubJenis": "CCTV Kominfo Keamanan Jalan", "POINT_X": 112.656209843, "POINT_Y": -7.266012808, "POINT_Z": 0.0 }, "geometry": { "type": "Point", "coordinates": [ 112.656209843000056, -7.266012807999971, 0.0 ] } },
{ "type": "Feature", "properties": { "OID_": 0, "Name": "AKSES SMPN 12", "FolderPath": "Data CCTV Usulan + 50 Jalur + Rencana 2026.kmz/CCTV KOMINFO 2025.kmz/CCTV KOMINFO/Keamanan Jalan", "Jenis": "CCTV Kominfo", "SubJenis": "CCTV Kominfo Keamanan Jalan", "POINT_X": 112.744861642, "POINT_Y": -7.297632532, "POINT_Z": 0.0 }, "geometry": { "type": "Point", "coordinates": [ 112.744861642000046, -7.297632531999966, 0.0 ] } },
{ "type": "Feature", "properties": { "OID_": 0, "Name": "AKSES SMPN 53", "FolderPath": "Data CCTV Usulan + 50 Jalur + Rencana 2026.kmz/CCTV KOMINFO 2025.kmz/CCTV KOMINFO/Keamanan Jalan", "Jenis": "CCTV Kominfo", "SubJenis": "CCTV Kominfo Keamanan Jalan", "POINT_X": 112.63503715100001, "POINT_Y": -7.256155948, "POINT_Z": 0.0 }, "geometry": { "type": "Point", "coordinates": [ 112.635037151, -7.256155947999957, 0.0 ] } },
{ "type": "Feature", "properties": { "OID_": 0, "Name": "JL. CANDI LONTAR (SAMPING TERMINAL MANUKAN)", "FolderPath": "Data CCTV Usulan + 50 Jalur + Rencana 2026.kmz/CCTV KOMINFO 2025.kmz/CCTV KOMINFO/Keamanan Jalan", "Jenis": "CCTV Kominfo", "SubJenis": "CCTV Kominfo Keamanan Jalan", "POINT_X": 112.66706691100001, "POINT_Y": -7.26846187, "POINT_Z": 0.0 }, "geometry": { "type": "Point", "coordinates": [ 112.667066911, -7.268461869999953, 0.0 ] } },
{ "type": "Feature", "properties": { "OID_": 0, "Name": "AKSES SMPN 5", "FolderPath": "Data CCTV Usulan + 50 Jalur + Rencana 2026.kmz/CCTV KOMINFO 2025.kmz/CCTV KOMINFO/Keamanan Jalan", "Jenis": "CCTV Kominfo", "SubJenis": "CCTV Kominfo Keamanan Jalan", "POINT_X": 112.73161320299999, "POINT_Y": -7.234475352, "POINT_Z": 0.0 }, "geometry": { "type": "Point", "coordinates": [ 112.731613203000052, -7.234475351999947, 0.0 ] } },
{ "type": "Feature", "properties": { "OID_": 0, "Name": "TROTOAR DEPAN GPDI RAJAWALI", "FolderPath": "Data CCTV Usulan + 50 Jalur + Rencana 2026.kmz/CCTV KOMINFO 2025.kmz/CCTV KOMINFO/Keamanan Jalan", "Jenis": "CCTV Kominfo", "SubJenis": "CCTV Kominfo Keamanan Jalan", "POINT_X": 112.72984449400001, "POINT_Y": -7.233555581, "POINT_Z": 0.0 }, "geometry": { "type": "Point", "coordinates": [ 112.729844494000076, -7.233555580999962, 0.0 ] } },
{ "type": "Feature", "properties": { "OID_": 0, "Name": "AKSES MASUK MAKAM PUTAT", "FolderPath": "Data CCTV Usulan + 50 Jalur + Rencana 2026.kmz/CCTV KOMINFO 2025.kmz/CCTV KOMINFO/Keamanan Jalan", "Jenis": "CCTV Kominfo", "SubJenis": "CCTV Kominfo Keamanan Jalan", "POINT_X": 112.718430556, "POINT_Y": -7.277675, "POINT_Z": 0.0 }, "geometry": { "type": "Point", "coordinates": [ 112.718430556000044, -7.277675, 0.0 ] } },
{ "type": "Feature", "properties": { "OID_": 0, "Name": "PUTAT JAYA B SELATAN 1", "FolderPath": "Data CCTV Usulan + 50 Jalur + Rencana 2026.kmz/CCTV KOMINFO 2025.kmz/CCTV KOMINFO/Keamanan Jalan", "Jenis": "CCTV Kominfo", "SubJenis": "CCTV Kominfo Keamanan Jalan", "POINT_X": 112.719191667, "POINT_Y": -7.280038889, "POINT_Z": 0.0 }, "geometry": { "type": "Point", "coordinates": [ 112.719191667000018, -7.280038888999968, 0.0 ] } },
{ "type": "Feature", "properties": { "OID_": 0, "Name": "PUTAT JAYA B SELATAN 2", "FolderPath": "Data CCTV Usulan + 50 Jalur + Rencana 2026.kmz/CCTV KOMINFO 2025.kmz/CCTV KOMINFO/Keamanan Jalan", "Jenis": "CCTV Kominfo", "SubJenis": "CCTV Kominfo Keamanan Jalan", "POINT_X": 112.71931944400001, "POINT_Y": -7.279986111, "POINT_Z": 0.0 }, "geometry": { "type": "Point", "coordinates": [ 112.719319444, -7.279986110999971, 0.0 ] } },
{ "type": "Feature", "properties": { "OID_": 0, "Name": "GANG DOLLY 2", "FolderPath": "Data CCTV Usulan + 50 Jalur + Rencana 2026.kmz/CCTV KOMINFO 2025.kmz/CCTV KOMINFO/Keamanan Jalan", "Jenis": "CCTV Kominfo", "SubJenis": "CCTV Kominfo Keamanan Jalan", "POINT_X": 112.721422211, "POINT_Y": -7.279817114, "POINT_Z": 0.0 }, "geometry": { "type": "Point", "coordinates": [ 112.721422211000117, -7.279817113999968, 0.0 ] } },
{ "type": "Feature", "properties": { "OID_": 0, "Name": "AKSES PASAR KUPANG GUNUNG", "FolderPath": "Data CCTV Usulan + 50 Jalur + Rencana 2026.kmz/CCTV KOMINFO 2025.kmz/CCTV KOMINFO/Keamanan Jalan", "Jenis": "CCTV Kominfo", "SubJenis": "CCTV Kominfo Keamanan Jalan", "POINT_X": 112.722602778, "POINT_Y": -7.279244444, "POINT_Z": 0.0 }, "geometry": { "type": "Point", "coordinates": [ 112.722602778, -7.279244443999971, 0.0 ] } },
{ "type": "Feature", "properties": { "OID_": 0, "Name": "GANG DOLLY POJOK", "FolderPath": "Data CCTV Usulan + 50 Jalur + Rencana 2026.kmz/CCTV KOMINFO 2025.kmz/CCTV KOMINFO/Keamanan Jalan", "Jenis": "CCTV Kominfo", "SubJenis": "CCTV Kominfo Keamanan Jalan", "POINT_X": 112.721272222, "POINT_Y": -7.281152778, "POINT_Z": 0.0 }, "geometry": { "type": "Point", "coordinates": [ 112.721272222000039, -7.281152777999978, 0.0 ] } },
{ "type": "Feature", "properties": { "OID_": 0, "Name": "PUTAT JAYA B UTARA", "FolderPath": "Data CCTV Usulan + 50 Jalur + Rencana 2026.kmz/CCTV KOMINFO 2025.kmz/CCTV KOMINFO/Keamanan Jalan", "Jenis": "CCTV Kominfo", "SubJenis": "CCTV Kominfo Keamanan Jalan", "POINT_X": 112.71908055599999, "POINT_Y": -7.279988889, "POINT_Z": 0.0 }, "geometry": { "type": "Point", "coordinates": [ 112.719080556000108, -7.279988888999981, 0.0 ] } },
{ "type": "Feature", "properties": { "OID_": 0, "Name": "AKSES POS POLISI KEPUTRAN", "FolderPath": "Data CCTV Usulan + 50 Jalur + Rencana 2026.kmz/CCTV KOMINFO 2025.kmz/CCTV KOMINFO/Keamanan Jalan", "Jenis": "CCTV Kominfo", "SubJenis": "CCTV Kominfo Keamanan Jalan", "POINT_X": 112.74356732299999, "POINT_Y": -7.273956076, "POINT_Z": 0.0 }, "geometry": { "type": "Point", "coordinates": [ 112.743567323000093, -7.273956075999934, 0.0 ] } },
{ "type": "Feature", "properties": { "OID_": 0, "Name": "PERTIGAAN PANGSUD-EMB. KENONGO", "FolderPath": "Data CCTV Usulan + 50 Jalur + Rencana 2026.kmz/CCTV KOMINFO 2025.kmz/CCTV KOMINFO/Keamanan Jalan", "Jenis": "CCTV Kominfo", "SubJenis": "CCTV Kominfo Keamanan Jalan", "POINT_X": 112.745103825, "POINT_Y": -7.265626064, "POINT_Z": 0.0 }, "geometry": { "type": "Point", "coordinates": [ 112.745103825000115, -7.265626063999946, 0.0 ] } },
{ "type": "Feature", "properties": { "OID_": 0, "Name": "PEREMPATAN TEMBAAN-BUBUTAN", "FolderPath": "Data CCTV Usulan + 50 Jalur + Rencana 2026.kmz/CCTV KOMINFO 2025.kmz/CCTV KOMINFO/Keamanan Jalan", "Jenis": "CCTV Kominfo", "SubJenis": "CCTV Kominfo Keamanan Jalan", "POINT_X": 112.737033688, "POINT_Y": -7.246862833, "POINT_Z": 0.0 }, "geometry": { "type": "Point", "coordinates": [ 112.73703368800011, -7.246862832999966, 0.0 ] } },
{ "type": "Feature", "properties": { "OID_": 0, "Name": "AKSES MASUK UNESA LIDAH", "FolderPath": "Data CCTV Usulan + 50 Jalur + Rencana 2026.kmz/CCTV KOMINFO 2025.kmz/CCTV KOMINFO/Keamanan Jalan", "Jenis": "CCTV Kominfo", "SubJenis": "CCTV Kominfo Keamanan Jalan", "POINT_X": 112.675391667, "POINT_Y": -7.299769444, "POINT_Z": 0.0 }, "geometry": { "type": "Point", "coordinates": [ 112.675391667000099, -7.299769443999935, 0.0 ] } },
{ "type": "Feature", "properties": { "OID_": 0, "Name": "TROTOAR SEBRANG WADUK UNESA", "FolderPath": "Data CCTV Usulan + 50 Jalur + Rencana 2026.kmz/CCTV KOMINFO 2025.kmz/CCTV KOMINFO/Keamanan Jalan", "Jenis": "CCTV Kominfo", "SubJenis": "CCTV Kominfo Keamanan Jalan", "POINT_X": 112.67571388899999, "POINT_Y": -7.300866667, "POINT_Z": 0.0 }, "geometry": { "type": "Point", "coordinates": [ 112.675713889, -7.30086666699998, 0.0 ] } },
{ "type": "Feature", "properties": { "OID_": 0, "Name": "AKSES HANG TUAH", "FolderPath": "Data CCTV Usulan + 50 Jalur + Rencana 2026.kmz/CCTV KOMINFO 2025.kmz/CCTV KOMINFO/Keamanan Jalan", "Jenis": "CCTV Kominfo", "SubJenis": "CCTV Kominfo Keamanan Jalan", "POINT_X": 112.793166937, "POINT_Y": -7.290570128, "POINT_Z": 0.0 }, "geometry": { "type": "Point", "coordinates": [ 112.793166937000024, -7.290570127999956, 0.0 ] } },
{ "type": "Feature", "properties": { "OID_": 0, "Name": "AKSES SMP KATOLIK STELLA MARIS", "FolderPath": "Data CCTV Usulan + 50 Jalur + Rencana 2026.kmz/CCTV KOMINFO 2025.kmz/CCTV KOMINFO/Keamanan Jalan", "Jenis": "CCTV Kominfo", "SubJenis": "CCTV Kominfo Keamanan Jalan", "POINT_X": 112.737037286, "POINT_Y": -7.246845361, "POINT_Z": 0.0 }, "geometry": { "type": "Point", "coordinates": [ 112.737037286000032, -7.246845360999941, 0.0 ] } },
{ "type": "Feature", "properties": { "OID_": 0, "Name": "TROTOAR PAHLAWAN (GRAHA PELNI)", "FolderPath": "Data CCTV Usulan + 50 Jalur + Rencana 2026.kmz/CCTV KOMINFO 2025.kmz/CCTV KOMINFO/Keamanan Jalan", "Jenis": "CCTV Kominfo", "SubJenis": "CCTV Kominfo Keamanan Jalan", "POINT_X": 112.73859166699999, "POINT_Y": -7.244933333, "POINT_Z": 0.0 }, "geometry": { "type": "Point", "coordinates": [ 112.738591667000037, -7.244933332999949, 0.0 ] } },
{ "type": "Feature", "properties": { "OID_": 0, "Name": "AKSES MASUK UNESA KETINTANG", "FolderPath": "Data CCTV Usulan + 50 Jalur + Rencana 2026.kmz/CCTV KOMINFO 2025.kmz/CCTV KOMINFO/Keamanan Jalan", "Jenis": "CCTV Kominfo", "SubJenis": "CCTV Kominfo Keamanan Jalan", "POINT_X": 112.729650355, "POINT_Y": -7.310758496, "POINT_Z": 0.0 }, "geometry": { "type": "Point", "coordinates": [ 112.729650355000103, -7.310758495999949, 0.0 ] } },
{ "type": "Feature", "properties": { "OID_": 0, "Name": "AKSES MASUK PENS", "FolderPath": "Data CCTV Usulan + 50 Jalur + Rencana 2026.kmz/CCTV KOMINFO 2025.kmz/CCTV KOMINFO/Keamanan Jalan", "Jenis": "CCTV Kominfo", "SubJenis": "CCTV Kominfo Keamanan Jalan", "POINT_X": 112.793040327, "POINT_Y": -7.275734073, "POINT_Z": 0.0 }, "geometry": { "type": "Point", "coordinates": [ 112.793040327000085, -7.275734072999967, 0.0 ] } },
{ "type": "Feature", "properties": { "OID_": 0, "Name": "SEBRANG POLRESTABES SURABAYA", "FolderPath": "Data CCTV Usulan + 50 Jalur + Rencana 2026.kmz/CCTV KOMINFO 2025.kmz/CCTV KOMINFO/Keamanan Jalan", "Jenis": "CCTV Kominfo", "SubJenis": "CCTV Kominfo Keamanan Jalan", "POINT_X": 112.737466974, "POINT_Y": -7.238616872, "POINT_Z": 0.0 }, "geometry": { "type": "Point", "coordinates": [ 112.737466974000085, -7.238616871999966, 0.0 ] } },
{ "type": "Feature", "properties": { "OID_": 0, "Name": "MARGOMULYO INDAH", "FolderPath": "Data CCTV Usulan + 50 Jalur + Rencana 2026.kmz/CCTV KOMINFO 2025.kmz/CCTV KOMINFO/Keamanan Jalan", "Jenis": "CCTV Kominfo", "SubJenis": "CCTV Kominfo Keamanan Jalan", "POINT_X": 112.670559334, "POINT_Y": -7.247011672, "POINT_Z": 0.0 }, "geometry": { "type": "Point", "coordinates": [ 112.670559334000018, -7.247011671999928, 0.0 ] } },
{ "type": "Feature", "properties": { "OID_": 0, "Name": "JL. NYAMPLUNGAN", "FolderPath": "Data CCTV Usulan + 50 Jalur + Rencana 2026.kmz/CCTV KOMINFO 2025.kmz/CCTV KOMINFO/Keamanan Jalan", "Jenis": "CCTV Kominfo", "SubJenis": "CCTV Kominfo Keamanan Jalan", "POINT_X": 112.744994444, "POINT_Y": -7.230597222, "POINT_Z": 0.0 }, "geometry": { "type": "Point", "coordinates": [ 112.744994444000099, -7.230597221999972, 0.0 ] } },
{ "type": "Feature", "properties": { "OID_": 0, "Name": "STAI ALI BIN ABU THOLIB", "FolderPath": "Data CCTV Usulan + 50 Jalur + Rencana 2026.kmz/CCTV KOMINFO 2025.kmz/CCTV KOMINFO/Keamanan Jalan", "Jenis": "CCTV Kominfo", "SubJenis": "CCTV Kominfo Keamanan Jalan", "POINT_X": 112.75245231, "POINT_Y": -7.232904117, "POINT_Z": 0.0 }, "geometry": { "type": "Point", "coordinates": [ 112.752452310000081, -7.232904116999975, 0.0 ] } },
{ "type": "Feature", "properties": { "OID_": 0, "Name": "AKSES GBT", "FolderPath": "Data CCTV Usulan + 50 Jalur + Rencana 2026.kmz/CCTV KOMINFO 2025.kmz/CCTV KOMINFO/Keamanan Jalan", "Jenis": "CCTV Kominfo", "SubJenis": "CCTV Kominfo Keamanan Jalan", "POINT_X": 112.617787666, "POINT_Y": -7.222247344, "POINT_Z": 0.0 }, "geometry": { "type": "Point", "coordinates": [ 112.617787666000027, -7.222247343999925, 0.0 ] } },
{ "type": "Feature", "properties": { "OID_": 0, "Name": "AKSES MASUK TPA BENOWO", "FolderPath": "Data CCTV Usulan + 50 Jalur + Rencana 2026.kmz/CCTV KOMINFO 2025.kmz/CCTV KOMINFO/Keamanan Jalan", "Jenis": "CCTV Kominfo", "SubJenis": "CCTV Kominfo Keamanan Jalan", "POINT_X": 112.61900863300001, "POINT_Y": -7.217775731, "POINT_Z": 0.0 }, "geometry": { "type": "Point", "coordinates": [ 112.619008633000021, -7.217775730999961, 0.0 ] } },
{ "type": "Feature", "properties": { "OID_": 0, "Name": "JL. BASUKI RAHMAT (KALIASIN POMPA)", "FolderPath": "Data CCTV Usulan + 50 Jalur + Rencana 2026.kmz/CCTV KOMINFO 2025.kmz/CCTV KOMINFO/Keamanan Jalan", "Jenis": "CCTV Kominfo", "SubJenis": "CCTV Kominfo Keamanan Jalan", "POINT_X": 112.741032514, "POINT_Y": -7.263891357, "POINT_Z": 0.0 }, "geometry": { "type": "Point", "coordinates": [ 112.74103251400004, -7.263891356999977, 0.0 ] } },
{ "type": "Feature", "properties": { "OID_": 0, "Name": "JL. SETAIL (KBS)", "FolderPath": "Data CCTV Usulan + 50 Jalur + Rencana 2026.kmz/CCTV KOMINFO 2025.kmz/CCTV KOMINFO/Keamanan Jalan", "Jenis": "CCTV Kominfo", "SubJenis": "CCTV Kominfo Keamanan Jalan", "POINT_X": 112.73807239, "POINT_Y": -7.296053735, "POINT_Z": 0.0 }, "geometry": { "type": "Point", "coordinates": [ 112.73807239000007, -7.29605373499993, 0.0 ] } },
{ "type": "Feature", "properties": { "OID_": 0, "Name": "JL. KALIBOKOR SELATAN NO.2", "FolderPath": "Data CCTV Usulan + 50 Jalur + Rencana 2026.kmz/CCTV KOMINFO 2025.kmz/CCTV KOMINFO/Keamanan Jalan", "Jenis": "CCTV Kominfo", "SubJenis": "CCTV Kominfo Keamanan Jalan", "POINT_X": 112.750297691, "POINT_Y": -7.287535848, "POINT_Z": 0.0 }, "geometry": { "type": "Point", "coordinates": [ 112.750297691000014, -7.287535847999948, 0.0 ] } },
{ "type": "Feature", "properties": { "OID_": 0, "Name": "PLATUK SIDOMULYO 1-A - UTARA", "FolderPath": "Data CCTV Usulan + 50 Jalur + Rencana 2026.kmz/CCTV KOMINFO 2025.kmz/CCTV KOMINFO/Keamanan Jalan", "Jenis": "CCTV Kominfo", "SubJenis": "CCTV Kominfo Keamanan Jalan", "POINT_X": 112.768007387, "POINT_Y": -7.224137907, "POINT_Z": 0.0 }, "geometry": { "type": "Point", "coordinates": [ 112.768007387000011, -7.224137906999943, 0.0 ] } },
{ "type": "Feature", "properties": { "OID_": 0, "Name": "DEPAN SDN SIDOTOPO WETAN V - UTARA", "FolderPath": "Data CCTV Usulan + 50 Jalur + Rencana 2026.kmz/CCTV KOMINFO 2025.kmz/CCTV KOMINFO/Keamanan Jalan", "Jenis": "CCTV Kominfo", "SubJenis": "CCTV Kominfo Keamanan Jalan", "POINT_X": 112.767742398, "POINT_Y": -7.227119575, "POINT_Z": 0.0 }, "geometry": { "type": "Point", "coordinates": [ 112.767742398000109, -7.227119574999961, 0.0 ] } },
{ "type": "Feature", "properties": { "OID_": 0, "Name": "DEPAN SDN SIDOTOPO WETAN V - SELATAN", "FolderPath": "Data CCTV Usulan + 50 Jalur + Rencana 2026.kmz/CCTV KOMINFO 2025.kmz/CCTV KOMINFO/Keamanan Jalan", "Jenis": "CCTV Kominfo", "SubJenis": "CCTV Kominfo Keamanan Jalan", "POINT_X": 112.767729003, "POINT_Y": -7.227173823, "POINT_Z": 0.0 }, "geometry": { "type": "Point", "coordinates": [ 112.767729003000113, -7.22717382299993, 0.0 ] } },
{ "type": "Feature", "properties": { "OID_": 0, "Name": "PLATUK SIDOMULYO UTARA 4 - UTARA", "FolderPath": "Data CCTV Usulan + 50 Jalur + Rencana 2026.kmz/CCTV KOMINFO 2025.kmz/CCTV KOMINFO/Keamanan Jalan", "Jenis": "CCTV Kominfo", "SubJenis": "CCTV Kominfo Keamanan Jalan", "POINT_X": 112.766669752, "POINT_Y": -7.230457339, "POINT_Z": 0.0 }, "geometry": { "type": "Point", "coordinates": [ 112.766669752000098, -7.23045733899994, 0.0 ] } },
{ "type": "Feature", "properties": { "OID_": 0, "Name": "PLATUK SIDOMULYO UTARA 4 - SELATAN", "FolderPath": "Data CCTV Usulan + 50 Jalur + Rencana 2026.kmz/CCTV KOMINFO 2025.kmz/CCTV KOMINFO/Keamanan Jalan", "Jenis": "CCTV Kominfo", "SubJenis": "CCTV Kominfo Keamanan Jalan", "POINT_X": 112.766669456, "POINT_Y": -7.230458341, "POINT_Z": 0.0 }, "geometry": { "type": "Point", "coordinates": [ 112.766669456000045, -7.230458340999974, 0.0 ] } },
{ "type": "Feature", "properties": { "OID_": 0, "Name": "PLATUK SIDOMULYO 1-A - SELATAN", "FolderPath": "Data CCTV Usulan + 50 Jalur + Rencana 2026.kmz/CCTV KOMINFO 2025.kmz/CCTV KOMINFO/Keamanan Jalan", "Jenis": "CCTV Kominfo", "SubJenis": "CCTV Kominfo Keamanan Jalan", "POINT_X": 112.76799372799999, "POINT_Y": -7.224261687, "POINT_Z": 0.0 }, "geometry": { "type": "Point", "coordinates": [ 112.767993728000079, -7.224261686999967, 0.0 ] } },
{ "type": "Feature", "properties": { "OID_": 0, "Name": "PLATUK DONOMULYO 4 - SELATAN", "FolderPath": "Data CCTV Usulan + 50 Jalur + Rencana 2026.kmz/CCTV KOMINFO 2025.kmz/CCTV KOMINFO/Keamanan Jalan", "Jenis": "CCTV Kominfo", "SubJenis": "CCTV Kominfo Keamanan Jalan", "POINT_X": 112.76807760200001, "POINT_Y": -7.222808619, "POINT_Z": 0.0 }, "geometry": { "type": "Point", "coordinates": [ 112.768077602000062, -7.222808618999977, 0.0 ] } },
{ "type": "Feature", "properties": { "OID_": 0, "Name": "PLATUK DONOMULYO 10 - SELATAN", "FolderPath": "Data CCTV Usulan + 50 Jalur + Rencana 2026.kmz/CCTV KOMINFO 2025.kmz/CCTV KOMINFO/Keamanan Jalan", "Jenis": "CCTV Kominfo", "SubJenis": "CCTV Kominfo Keamanan Jalan", "POINT_X": 112.767390295, "POINT_Y": -7.228396896, "POINT_Z": 0.0 }, "geometry": { "type": "Point", "coordinates": [ 112.767390295000041, -7.228396895999936, 0.0 ] } },
{ "type": "Feature", "properties": { "OID_": 0, "Name": "JL. MH NOER KEDUNG COWEK 80", "FolderPath": "Data CCTV Usulan + 50 Jalur + Rencana 2026.kmz/CCTV KOMINFO 2025.kmz/CCTV KOMINFO/Keamanan Jalan", "Jenis": "CCTV Kominfo", "SubJenis": "CCTV Kominfo Keamanan Jalan", "POINT_X": 112.770197224, "POINT_Y": -7.240074999, "POINT_Z": 0.0 }, "geometry": { "type": "Point", "coordinates": [ 112.770197224000071, -7.240074998999944, 0.0 ] } },
{ "type": "Feature", "properties": { "OID_": 0, "Name": "JL. PLATUK DONOMULYO", "FolderPath": "Data CCTV Usulan + 50 Jalur + Rencana 2026.kmz/CCTV KOMINFO 2025.kmz/CCTV KOMINFO/Keamanan Jalan", "Jenis": "CCTV Kominfo", "SubJenis": "CCTV Kominfo Keamanan Jalan", "POINT_X": 112.76614903700001, "POINT_Y": -7.231323817, "POINT_Z": 0.0 }, "geometry": { "type": "Point", "coordinates": [ 112.766149037000105, -7.231323816999975, 0.0 ] } },
{ "type": "Feature", "properties": { "OID_": 0, "Name": "AKSES SDN TANAH KALIKEDINDING 5", "FolderPath": "Data CCTV Usulan + 50 Jalur + Rencana 2026.kmz/CCTV KOMINFO 2025.kmz/CCTV KOMINFO/Keamanan Jalan", "Jenis": "CCTV Kominfo", "SubJenis": "CCTV Kominfo Keamanan Jalan", "POINT_X": 112.768239814, "POINT_Y": -7.226074076, "POINT_Z": 0.0 }, "geometry": { "type": "Point", "coordinates": [ 112.768239814000026, -7.226074075999975, 0.0 ] } },
{ "type": "Feature", "properties": { "OID_": 0, "Name": "JL. GUNUNG ANYAR JAYA 12 (H. KEMAS)", "FolderPath": "Data CCTV Usulan + 50 Jalur + Rencana 2026.kmz/CCTV KOMINFO 2025.kmz/CCTV KOMINFO/Keamanan Jalan", "Jenis": "CCTV Kominfo", "SubJenis": "CCTV Kominfo Keamanan Jalan", "POINT_X": 112.79930554000001, "POINT_Y": -7.33727771, "POINT_Z": 0.0 }, "geometry": { "type": "Point", "coordinates": [ 112.799305540000091, -7.337277709999967, 0.0 ] } },
{ "type": "Feature", "properties": { "OID_": 0, "Name": "AKSES TOL GUNUNG SARI - MALANG", "FolderPath": "Data CCTV Usulan + 50 Jalur + Rencana 2026.kmz/CCTV KOMINFO 2025.kmz/CCTV KOMINFO/Keamanan Jalan", "Jenis": "CCTV Kominfo", "SubJenis": "CCTV Kominfo Keamanan Jalan", "POINT_X": 112.711641074, "POINT_Y": -7.309167368, "POINT_Z": 0.0 }, "geometry": { "type": "Point", "coordinates": [ 112.711641074000113, -7.309167367999976, 0.0 ] } },
{ "type": "Feature", "properties": { "OID_": 0, "Name": "AKSES TOL GUNUNGSARI - PERAK", "FolderPath": "Data CCTV Usulan + 50 Jalur + Rencana 2026.kmz/CCTV KOMINFO 2025.kmz/CCTV KOMINFO/Keamanan Jalan", "Jenis": "CCTV Kominfo", "SubJenis": "CCTV Kominfo Keamanan Jalan", "POINT_X": 112.710805811, "POINT_Y": -7.31055512, "POINT_Z": 0.0 }, "geometry": { "type": "Point", "coordinates": [ 112.710805811000114, -7.310555119999947, 0.0 ] } },
{ "type": "Feature", "properties": { "OID_": 0, "Name": "EXIT TOL JAMBANGAN", "FolderPath": "Data CCTV Usulan + 50 Jalur + Rencana 2026.kmz/CCTV KOMINFO 2025.kmz/CCTV KOMINFO/Keamanan Jalan", "Jenis": "CCTV Kominfo", "SubJenis": "CCTV Kominfo Keamanan Jalan", "POINT_X": 112.714527717, "POINT_Y": -7.337805119, "POINT_Z": 0.0 }, "geometry": { "type": "Point", "coordinates": [ 112.71452771700001, -7.337805118999938, 0.0 ] } },
{ "type": "Feature", "properties": { "OID_": 0, "Name": "AKSES GKI JEMURSARI", "FolderPath": "Data CCTV Usulan + 50 Jalur + Rencana 2026.kmz/CCTV KOMINFO 2025.kmz/CCTV KOMINFO/Keamanan Jalan", "Jenis": "CCTV Kominfo", "SubJenis": "CCTV Kominfo Keamanan Jalan", "POINT_X": 112.740966554, "POINT_Y": -7.326716717, "POINT_Z": 0.0 }, "geometry": { "type": "Point", "coordinates": [ 112.740966554000011, -7.326716716999954, 0.0 ] } },
{ "type": "Feature", "properties": { "OID_": 0, "Name": "AKSES GKI PREGOLAN", "FolderPath": "Data CCTV Usulan + 50 Jalur + Rencana 2026.kmz/CCTV KOMINFO 2025.kmz/CCTV KOMINFO/Keamanan Jalan", "Jenis": "CCTV Kominfo", "SubJenis": "CCTV Kominfo Keamanan Jalan", "POINT_X": 112.737866758, "POINT_Y": -7.267057625, "POINT_Z": 0.0 }, "geometry": { "type": "Point", "coordinates": [ 112.737866758000109, -7.26705762499995, 0.0 ] } },
{ "type": "Feature", "properties": { "OID_": 0, "Name": "AKSES VIHARA MAHAVIRA GRAHA", "FolderPath": "Data CCTV Usulan + 50 Jalur + Rencana 2026.kmz/CCTV KOMINFO 2025.kmz/CCTV KOMINFO/Keamanan Jalan", "Jenis": "CCTV Kominfo", "SubJenis": "CCTV Kominfo Keamanan Jalan", "POINT_X": 112.74207674900001, "POINT_Y": -7.247558596, "POINT_Z": 0.0 }, "geometry": { "type": "Point", "coordinates": [ 112.742076749000034, -7.247558595999976, 0.0 ] } },
{ "type": "Feature", "properties": { "OID_": 0, "Name": "TROTOAR DEPAN GKKA SURABAYA", "FolderPath": "Data CCTV Usulan + 50 Jalur + Rencana 2026.kmz/CCTV KOMINFO 2025.kmz/CCTV KOMINFO/Keamanan Jalan", "Jenis": "CCTV Kominfo", "SubJenis": "CCTV Kominfo Keamanan Jalan", "POINT_X": 112.72692229499999, "POINT_Y": -7.261597155, "POINT_Z": 0.0 }, "geometry": { "type": "Point", "coordinates": [ 112.726922295, -7.261597154999947, 0.0 ] } },
{ "type": "Feature", "properties": { "OID_": 0, "Name": "TROTOAR JL. DARMO (SELATAN POLISI ISTIMEWA)", "FolderPath": "Data CCTV Usulan + 50 Jalur + Rencana 2026.kmz/CCTV KOMINFO 2025.kmz/CCTV KOMINFO/Keamanan Jalan", "Jenis": "CCTV Kominfo", "SubJenis": "CCTV Kominfo Keamanan Jalan", "POINT_X": 112.74056516, "POINT_Y": -7.281833859, "POINT_Z": 0.0 }, "geometry": { "type": "Point", "coordinates": [ 112.740565160000074, -7.28183385899996, 0.0 ] } },
{ "type": "Feature", "properties": { "OID_": 0, "Name": "GKI DIPONEGORO", "FolderPath": "Data CCTV Usulan + 50 Jalur + Rencana 2026.kmz/CCTV KOMINFO 2025.kmz/CCTV KOMINFO/Keamanan Jalan", "Jenis": "CCTV Kominfo", "SubJenis": "CCTV Kominfo Keamanan Jalan", "POINT_X": 112.732336418, "POINT_Y": -7.282047002, "POINT_Z": 0.0 }, "geometry": { "type": "Point", "coordinates": [ 112.732336418000045, -7.282047001999956, 0.0 ] } },
{ "type": "Feature", "properties": { "OID_": 0, "Name": "AKSES SMAK ST. LOUIS", "FolderPath": "Data CCTV Usulan + 50 Jalur + Rencana 2026.kmz/CCTV KOMINFO 2025.kmz/CCTV KOMINFO/Keamanan Jalan", "Jenis": "CCTV Kominfo", "SubJenis": "CCTV Kominfo Keamanan Jalan", "POINT_X": 112.743200992, "POINT_Y": -7.280162864, "POINT_Z": 0.0 }, "geometry": { "type": "Point", "coordinates": [ 112.743200992000084, -7.280162863999976, 0.0 ] } },
{ "type": "Feature", "properties": { "OID_": 0, "Name": "TROTOAR ARJUNO (PENGADILAN SURABAYA)", "FolderPath": "Data CCTV Usulan + 50 Jalur + Rencana 2026.kmz/CCTV KOMINFO 2025.kmz/CCTV KOMINFO/Keamanan Jalan", "Jenis": "CCTV Kominfo", "SubJenis": "CCTV Kominfo Keamanan Jalan", "POINT_X": 112.727163887, "POINT_Y": -7.258255556, "POINT_Z": 0.0 }, "geometry": { "type": "Point", "coordinates": [ 112.727163887000074, -7.258255555999938, 0.0 ] } },
{ "type": "Feature", "properties": { "OID_": 0, "Name": "TROTOAR RAJAWALI (SEBRANG SMPN 5)", "FolderPath": "Data CCTV Usulan + 50 Jalur + Rencana 2026.kmz/CCTV KOMINFO 2025.kmz/CCTV KOMINFO/Keamanan Jalan", "Jenis": "CCTV Kominfo", "SubJenis": "CCTV Kominfo Keamanan Jalan", "POINT_X": 112.73160717, "POINT_Y": -7.234458455, "POINT_Z": 0.0 }, "geometry": { "type": "Point", "coordinates": [ 112.731607170000075, -7.234458454999981, 0.0 ] } },
{ "type": "Feature", "properties": { "OID_": 0, "Name": "JL. RUNGKUT MADYA - TIMUR PEREMPATAN YKP", "FolderPath": "Data CCTV Usulan + 50 Jalur + Rencana 2026.kmz/CCTV KOMINFO 2025.kmz/CCTV KOMINFO/Keamanan Jalan", "Jenis": "CCTV Kominfo", "SubJenis": "CCTV Kominfo Keamanan Jalan", "POINT_X": 112.775944451, "POINT_Y": -7.331288884, "POINT_Z": 0.0 }, "geometry": { "type": "Point", "coordinates": [ 112.7759444510001, -7.331288883999946, 0.0 ] } },
{ "type": "Feature", "properties": { "OID_": 0, "Name": "PERTIGAAN KERTOMENANGGAL-MENANGGAL WISATA", "FolderPath": "Data CCTV Usulan + 50 Jalur + Rencana 2026.kmz/CCTV KOMINFO 2025.kmz/CCTV KOMINFO/Keamanan Jalan", "Jenis": "CCTV Kominfo", "SubJenis": "CCTV Kominfo Keamanan Jalan", "POINT_X": 112.72966671499999, "POINT_Y": -7.345663695, "POINT_Z": 0.0 }, "geometry": { "type": "Point", "coordinates": [ 112.729666715, -7.345663694999928, 0.0 ] } },
{ "type": "Feature", "properties": { "OID_": 0, "Name": "JL. TEGALSARI 1", "FolderPath": "Data CCTV Usulan + 50 Jalur + Rencana 2026.kmz/CCTV KOMINFO 2025.kmz/CCTV KOMINFO/Keamanan Jalan", "Jenis": "CCTV Kominfo", "SubJenis": "CCTV Kominfo Keamanan Jalan", "POINT_X": 112.7368721, "POINT_Y": -7.266004146, "POINT_Z": 0.0 }, "geometry": { "type": "Point", "coordinates": [ 112.736872100000028, -7.266004145999943, 0.0 ] } },
{ "type": "Feature", "properties": { "OID_": 0, "Name": "AKSES UNAIR B", "FolderPath": "Data CCTV Usulan + 50 Jalur + Rencana 2026.kmz/CCTV KOMINFO 2025.kmz/CCTV KOMINFO/Keamanan Jalan", "Jenis": "CCTV Kominfo", "SubJenis": "CCTV Kominfo Keamanan Jalan", "POINT_X": 112.75795241, "POINT_Y": -7.270461033, "POINT_Z": 0.0 }, "geometry": { "type": "Point", "coordinates": [ 112.75795241000003, -7.270461032999947, 0.0 ] } },
{ "type": "Feature", "properties": { "OID_": 0, "Name": "AKSES UNAIR A", "FolderPath": "Data CCTV Usulan + 50 Jalur + Rencana 2026.kmz/CCTV KOMINFO 2025.kmz/CCTV KOMINFO/Keamanan Jalan", "Jenis": "CCTV Kominfo", "SubJenis": "CCTV Kominfo Keamanan Jalan", "POINT_X": 112.758197223, "POINT_Y": -7.265794446, "POINT_Z": 0.0 }, "geometry": { "type": "Point", "coordinates": [ 112.758197223000025, -7.265794445999973, 0.0 ] } },
{ "type": "Feature", "properties": { "OID_": 0, "Name": "UNIVERSITAS WIJAYA KUSUMA", "FolderPath": "Data CCTV Usulan + 50 Jalur + Rencana 2026.kmz/CCTV KOMINFO 2025.kmz/CCTV KOMINFO/Keamanan Jalan", "Jenis": "CCTV Kominfo", "SubJenis": "CCTV Kominfo Keamanan Jalan", "POINT_X": 112.711286962, "POINT_Y": -7.282492167, "POINT_Z": 0.0 }, "geometry": { "type": "Point", "coordinates": [ 112.711286962000031, -7.28249216699993, 0.0 ] } },
{ "type": "Feature", "properties": { "OID_": 0, "Name": "AKSES UPN", "FolderPath": "Data CCTV Usulan + 50 Jalur + Rencana 2026.kmz/CCTV KOMINFO 2025.kmz/CCTV KOMINFO/Keamanan Jalan", "Jenis": "CCTV Kominfo", "SubJenis": "CCTV Kominfo Keamanan Jalan", "POINT_X": 112.78701494000001, "POINT_Y": -7.331734995, "POINT_Z": 0.0 }, "geometry": { "type": "Point", "coordinates": [ 112.787014940000063, -7.331734994999977, 0.0 ] } },
{ "type": "Feature", "properties": { "OID_": 0, "Name": "PERTIGAAN SIWALANKERTO TIMUR", "FolderPath": "Data CCTV Usulan + 50 Jalur + Rencana 2026.kmz/CCTV KOMINFO 2025.kmz/CCTV KOMINFO/Keamanan Jalan", "Jenis": "CCTV Kominfo", "SubJenis": "CCTV Kominfo Keamanan Jalan", "POINT_X": 112.73696244600001, "POINT_Y": -7.340041444, "POINT_Z": 0.0 }, "geometry": { "type": "Point", "coordinates": [ 112.736962446, -7.340041443999951, 0.0 ] } },
{ "type": "Feature", "properties": { "OID_": 0, "Name": "JL. KAPASAN (KLENTENG BOENBIO)", "FolderPath": "Data CCTV Usulan + 50 Jalur + Rencana 2026.kmz/CCTV KOMINFO 2025.kmz/CCTV KOMINFO/Keamanan Jalan", "Jenis": "CCTV Kominfo", "SubJenis": "CCTV Kominfo Keamanan Jalan", "POINT_X": 112.74778319399999, "POINT_Y": -7.239359632, "POINT_Z": 0.0 }, "geometry": { "type": "Point", "coordinates": [ 112.747783194000021, -7.239359631999946, 0.0 ] } },
{ "type": "Feature", "properties": { "OID_": 0, "Name": "AKSES GEREJA HATI KUDUS", "FolderPath": "Data CCTV Usulan + 50 Jalur + Rencana 2026.kmz/CCTV KOMINFO 2025.kmz/CCTV KOMINFO/Keamanan Jalan", "Jenis": "CCTV Kominfo", "SubJenis": "CCTV Kominfo Keamanan Jalan", "POINT_X": 112.741866669, "POINT_Y": -7.280725001, "POINT_Z": 0.0 }, "geometry": { "type": "Point", "coordinates": [ 112.741866669000046, -7.280725000999951, 0.0 ] } },
{ "type": "Feature", "properties": { "OID_": 0, "Name": "TROTOAR INDRAPURA (MASJID KEMAYORAN)", "FolderPath": "Data CCTV Usulan + 50 Jalur + Rencana 2026.kmz/CCTV KOMINFO 2025.kmz/CCTV KOMINFO/Keamanan Jalan", "Jenis": "CCTV Kominfo", "SubJenis": "CCTV Kominfo Keamanan Jalan", "POINT_X": 112.734567485, "POINT_Y": -7.242876461, "POINT_Z": 0.0 }, "geometry": { "type": "Point", "coordinates": [ 112.734567485000071, -7.24287646099998, 0.0 ] } },
{ "type": "Feature", "properties": { "OID_": 0, "Name": "JPO STASIUN WONOKROMO", "FolderPath": "Data CCTV Usulan + 50 Jalur + Rencana 2026.kmz/CCTV KOMINFO 2025.kmz/CCTV KOMINFO/Keamanan Jalan", "Jenis": "CCTV Kominfo", "SubJenis": "CCTV Kominfo Keamanan Jalan", "POINT_X": 112.738127621, "POINT_Y": -7.302819597, "POINT_Z": 0.0 }, "geometry": { "type": "Point", "coordinates": [ 112.738127621000103, -7.302819596999939, 0.0 ] } },
{ "type": "Feature", "properties": { "OID_": 0, "Name": "AKSES PURA AGUNG JAGAT KARANA", "FolderPath": "Data CCTV Usulan + 50 Jalur + Rencana 2026.kmz/CCTV KOMINFO 2025.kmz/CCTV KOMINFO/Keamanan Jalan", "Jenis": "CCTV Kominfo", "SubJenis": "CCTV Kominfo Keamanan Jalan", "POINT_X": 112.72152862199999, "POINT_Y": -7.231753948, "POINT_Z": 0.0 }, "geometry": { "type": "Point", "coordinates": [ 112.721528622000051, -7.231753947999948, 0.0 ] } },
{ "type": "Feature", "properties": { "OID_": 0, "Name": "AKSES GEREJA BEBAS ST. BONIFACIUS", "FolderPath": "Data CCTV Usulan + 50 Jalur + Rencana 2026.kmz/CCTV KOMINFO 2025.kmz/CCTV KOMINFO/Keamanan Jalan", "Jenis": "CCTV Kominfo", "SubJenis": "CCTV Kominfo Keamanan Jalan", "POINT_X": 112.740888117, "POINT_Y": -7.291125421, "POINT_Z": 0.0 }, "geometry": { "type": "Point", "coordinates": [ 112.740888117000054, -7.291125420999947, 0.0 ] } },
{ "type": "Feature", "properties": { "OID_": 0, "Name": "AKSES MASJID AL-FALAH", "FolderPath": "Data CCTV Usulan + 50 Jalur + Rencana 2026.kmz/CCTV KOMINFO 2025.kmz/CCTV KOMINFO/Keamanan Jalan", "Jenis": "CCTV Kominfo", "SubJenis": "CCTV Kominfo Keamanan Jalan", "POINT_X": 112.739916667, "POINT_Y": -7.295275001, "POINT_Z": 0.0 }, "geometry": { "type": "Point", "coordinates": [ 112.739916667000102, -7.295275000999936, 0.0 ] } },
{ "type": "Feature", "properties": { "OID_": 0, "Name": "TROTOAR LINMAS KOTA", "FolderPath": "Data CCTV Usulan + 50 Jalur + Rencana 2026.kmz/CCTV KOMINFO 2025.kmz/CCTV KOMINFO/Keamanan Jalan", "Jenis": "CCTV Kominfo", "SubJenis": "CCTV Kominfo Keamanan Jalan", "POINT_X": 112.746502737, "POINT_Y": -7.258903006, "POINT_Z": 0.0 }, "geometry": { "type": "Point", "coordinates": [ 112.746502737000014, -7.258903005999969, 0.0 ] } },
{ "type": "Feature", "properties": { "OID_": 0, "Name": "PARKIR JALAN RUMDIN", "FolderPath": "Data CCTV Usulan + 50 Jalur + Rencana 2026.kmz/CCTV KOMINFO 2025.kmz/CCTV KOMINFO/Keamanan Jalan", "Jenis": "CCTV Kominfo", "SubJenis": "CCTV Kominfo Keamanan Jalan", "POINT_X": 112.74738889, "POINT_Y": -7.260805555, "POINT_Z": 0.0 }, "geometry": { "type": "Point", "coordinates": [ 112.747388890000025, -7.260805554999934, 0.0 ] } },
{ "type": "Feature", "properties": { "OID_": 0, "Name": "JL. WIYUNG INDAH IX SISI TIMUR", "FolderPath": "Data CCTV Usulan + 50 Jalur + Rencana 2026.kmz/CCTV KOMINFO 2025.kmz/CCTV KOMINFO/Keamanan Jalan", "Jenis": "CCTV Kominfo", "SubJenis": "CCTV Kominfo Keamanan Jalan", "POINT_X": 112.70004114699999, "POINT_Y": -7.314682333, "POINT_Z": 0.0 }, "geometry": { "type": "Point", "coordinates": [ 112.700041147000093, -7.314682332999951, 0.0 ] } },
{ "type": "Feature", "properties": { "OID_": 0, "Name": "AKSES MASUK TAMAN PRESTASI", "FolderPath": "Data CCTV Usulan + 50 Jalur + Rencana 2026.kmz/CCTV KOMINFO 2025.kmz/CCTV KOMINFO/Keamanan Jalan", "Jenis": "CCTV Kominfo", "SubJenis": "CCTV Kominfo Keamanan Jalan", "POINT_X": 112.743108333, "POINT_Y": -7.261402778, "POINT_Z": 0.0 }, "geometry": { "type": "Point", "coordinates": [ 112.743108333, -7.261402777999933, 0.0 ] } },
{ "type": "Feature", "properties": { "OID_": 0, "Name": "TAMAN FLORA 1", "FolderPath": "Data CCTV Usulan + 50 Jalur + Rencana 2026.kmz/CCTV KOMINFO 2025.kmz/CCTV KOMINFO/Keamanan Jalan", "Jenis": "CCTV Kominfo", "SubJenis": "CCTV Kominfo Keamanan Jalan", "POINT_X": 112.761833333, "POINT_Y": -7.295463888, "POINT_Z": 0.0 }, "geometry": { "type": "Point", "coordinates": [ 112.761833333000027, -7.295463887999972, 0.0 ] } },
{ "type": "Feature", "properties": { "OID_": 0, "Name": "TAMAN FLORA 2", "FolderPath": "Data CCTV Usulan + 50 Jalur + Rencana 2026.kmz/CCTV KOMINFO 2025.kmz/CCTV KOMINFO/Keamanan Jalan", "Jenis": "CCTV Kominfo", "SubJenis": "CCTV Kominfo Keamanan Jalan", "POINT_X": 112.761714911, "POINT_Y": -7.295105852, "POINT_Z": 0.0 }, "geometry": { "type": "Point", "coordinates": [ 112.761714911000013, -7.295105851999949, 0.0 ] } },
{ "type": "Feature", "properties": { "OID_": 0, "Name": "KANDANG RUSA TAMAN FLORA", "FolderPath": "Data CCTV Usulan + 50 Jalur + Rencana 2026.kmz/CCTV KOMINFO 2025.kmz/CCTV KOMINFO/Keamanan Jalan", "Jenis": "CCTV Kominfo", "SubJenis": "CCTV Kominfo Keamanan Jalan", "POINT_X": 112.76163939600001, "POINT_Y": -7.294135082, "POINT_Z": 0.0 }, "geometry": { "type": "Point", "coordinates": [ 112.761639396000078, -7.294135081999968, 0.0 ] } },
{ "type": "Feature", "properties": { "OID_": 0, "Name": "TAMAN BERMAIN ANAK UTARA TAMAN FLORA", "FolderPath": "Data CCTV Usulan + 50 Jalur + Rencana 2026.kmz/CCTV KOMINFO 2025.kmz/CCTV KOMINFO/Keamanan Jalan", "Jenis": "CCTV Kominfo", "SubJenis": "CCTV Kominfo Keamanan Jalan", "POINT_X": 112.762053318, "POINT_Y": -7.294549924, "POINT_Z": 0.0 }, "geometry": { "type": "Point", "coordinates": [ 112.762053318000085, -7.294549923999966, 0.0 ] } },
{ "type": "Feature", "properties": { "OID_": 0, "Name": "AKSES MASUK TAMAN FLORA", "FolderPath": "Data CCTV Usulan + 50 Jalur + Rencana 2026.kmz/CCTV KOMINFO 2025.kmz/CCTV KOMINFO/Keamanan Jalan", "Jenis": "CCTV Kominfo", "SubJenis": "CCTV Kominfo Keamanan Jalan", "POINT_X": 112.761429596, "POINT_Y": -7.294751503, "POINT_Z": 0.0 }, "geometry": { "type": "Point", "coordinates": [ 112.761429596000085, -7.294751502999929, 0.0 ] } },
{ "type": "Feature", "properties": { "OID_": 0, "Name": "TAMAN BERMAIN ANAK SELATAN TAMAN FLORA 1", "FolderPath": "Data CCTV Usulan + 50 Jalur + Rencana 2026.kmz/CCTV KOMINFO 2025.kmz/CCTV KOMINFO/Keamanan Jalan", "Jenis": "CCTV Kominfo", "SubJenis": "CCTV Kominfo Keamanan Jalan", "POINT_X": 112.761653087, "POINT_Y": -7.296741284, "POINT_Z": 0.0 }, "geometry": { "type": "Point", "coordinates": [ 112.761653087000013, -7.29674128399995, 0.0 ] } },
{ "type": "Feature", "properties": { "OID_": 0, "Name": "TAMAN BERMAIN ANAK SELATAN TAMAN FLORA 2", "FolderPath": "Data CCTV Usulan + 50 Jalur + Rencana 2026.kmz/CCTV KOMINFO 2025.kmz/CCTV KOMINFO/Keamanan Jalan", "Jenis": "CCTV Kominfo", "SubJenis": "CCTV Kominfo Keamanan Jalan", "POINT_X": 112.761649385, "POINT_Y": -7.296749628, "POINT_Z": 0.0 }, "geometry": { "type": "Point", "coordinates": [ 112.761649385000055, -7.29674962799993, 0.0 ] } },
{ "type": "Feature", "properties": { "OID_": 0, "Name": "TAMAN BERMAIN ANAK TENGAH TAMAN FLORA", "FolderPath": "Data CCTV Usulan + 50 Jalur + Rencana 2026.kmz/CCTV KOMINFO 2025.kmz/CCTV KOMINFO/Keamanan Jalan", "Jenis": "CCTV Kominfo", "SubJenis": "CCTV Kominfo Keamanan Jalan", "POINT_X": 112.761714359, "POINT_Y": -7.296474958, "POINT_Z": 0.0 }, "geometry": { "type": "Point", "coordinates": [ 112.761714359000052, -7.296474957999976, 0.0 ] } },
{ "type": "Feature", "properties": { "OID_": 0, "Name": "AREA PLAZA TAMAN FLORA", "FolderPath": "Data CCTV Usulan + 50 Jalur + Rencana 2026.kmz/CCTV KOMINFO 2025.kmz/CCTV KOMINFO/Keamanan Jalan", "Jenis": "CCTV Kominfo", "SubJenis": "CCTV Kominfo Keamanan Jalan", "POINT_X": 112.761730429, "POINT_Y": -7.296101027, "POINT_Z": 0.0 }, "geometry": { "type": "Point", "coordinates": [ 112.761730429000067, -7.296101026999963, 0.0 ] } },
{ "type": "Feature", "properties": { "OID_": 0, "Name": "AKSES KELUAR TAMAN FLORA", "FolderPath": "Data CCTV Usulan + 50 Jalur + Rencana 2026.kmz/CCTV KOMINFO 2025.kmz/CCTV KOMINFO/Keamanan Jalan", "Jenis": "CCTV Kominfo", "SubJenis": "CCTV Kominfo Keamanan Jalan", "POINT_X": 112.76139263899999, "POINT_Y": -7.295547383, "POINT_Z": 0.0 }, "geometry": { "type": "Point", "coordinates": [ 112.761392639000064, -7.295547382999928, 0.0 ] } },
{ "type": "Feature", "properties": { "OID_": 0, "Name": "PENDOPO TAMAN FLORA", "FolderPath": "Data CCTV Usulan + 50 Jalur + Rencana 2026.kmz/CCTV KOMINFO 2025.kmz/CCTV KOMINFO/Keamanan Jalan", "Jenis": "CCTV Kominfo", "SubJenis": "CCTV Kominfo Keamanan Jalan", "POINT_X": 112.761406826, "POINT_Y": -7.295195312, "POINT_Z": 0.0 }, "geometry": { "type": "Point", "coordinates": [ 112.761406826000098, -7.295195311999976, 0.0 ] } },
{ "type": "Feature", "properties": { "OID_": 0, "Name": "AKSES KANTOR TAMAN FLORA", "FolderPath": "Data CCTV Usulan + 50 Jalur + Rencana 2026.kmz/CCTV KOMINFO 2025.kmz/CCTV KOMINFO/Keamanan Jalan", "Jenis": "CCTV Kominfo", "SubJenis": "CCTV Kominfo Keamanan Jalan", "POINT_X": 112.762021308, "POINT_Y": -7.294921547, "POINT_Z": 0.0 }, "geometry": { "type": "Point", "coordinates": [ 112.762021308000044, -7.294921546999944, 0.0 ] } },
{ "type": "Feature", "properties": { "OID_": 0, "Name": "AREA BLC DAN PERPUS TAMAN FLORA", "FolderPath": "Data CCTV Usulan + 50 Jalur + Rencana 2026.kmz/CCTV KOMINFO 2025.kmz/CCTV KOMINFO/Keamanan Jalan", "Jenis": "CCTV Kominfo", "SubJenis": "CCTV Kominfo Keamanan Jalan", "POINT_X": 112.761544808, "POINT_Y": -7.295577598, "POINT_Z": 0.0 }, "geometry": { "type": "Point", "coordinates": [ 112.761544808000053, -7.295577597999966, 0.0 ] } },
{ "type": "Feature", "properties": { "OID_": 0, "Name": "AKSES MASUK BLC TAMAN FLORA", "FolderPath": "Data CCTV Usulan + 50 Jalur + Rencana 2026.kmz/CCTV KOMINFO 2025.kmz/CCTV KOMINFO/Keamanan Jalan", "Jenis": "CCTV Kominfo", "SubJenis": "CCTV Kominfo Keamanan Jalan", "POINT_X": 112.761941448, "POINT_Y": -7.295724618, "POINT_Z": 0.0 }, "geometry": { "type": "Point", "coordinates": [ 112.761941448000016, -7.295724617999952, 0.0 ] } },
{ "type": "Feature", "properties": { "OID_": 0, "Name": "GUNUNG ANYAR TAMBAK (PERBATASAN)", "FolderPath": "Data CCTV Usulan + 50 Jalur + Rencana 2026.kmz/CCTV KOMINFO 2025.kmz/CCTV KOMINFO/Keamanan Jalan", "Jenis": "CCTV Kominfo", "SubJenis": "CCTV Kominfo Keamanan Jalan", "POINT_X": 112.802164459, "POINT_Y": -7.34493226, "POINT_Z": 0.0 }, "geometry": { "type": "Point", "coordinates": [ 112.802164459000096, -7.34493225999995, 0.0 ] } },
{ "type": "Feature", "properties": { "OID_": 0, "Name": "AKSES PERBATASAN SIER BERBEK", "FolderPath": "Data CCTV Usulan + 50 Jalur + Rencana 2026.kmz/CCTV KOMINFO 2025.kmz/CCTV KOMINFO/Keamanan Jalan", "Jenis": "CCTV Kominfo", "SubJenis": "CCTV Kominfo Keamanan Jalan", "POINT_X": 112.754192979, "POINT_Y": -7.336602159, "POINT_Z": 0.0 }, "geometry": { "type": "Point", "coordinates": [ 112.754192979000095, -7.336602158999938, 0.0 ] } },
{ "type": "Feature", "properties": { "OID_": 0, "Name": "DEPAN PUSKESMAS KETABANG", "FolderPath": "Data CCTV Usulan + 50 Jalur + Rencana 2026.kmz/CCTV KOMINFO 2025.kmz/CCTV KOMINFO/Keamanan Jalan", "Jenis": "CCTV Kominfo", "SubJenis": "CCTV Kominfo Keamanan Jalan", "POINT_X": 112.746725727, "POINT_Y": -7.257744944, "POINT_Z": 0.0 }, "geometry": { "type": "Point", "coordinates": [ 112.746725727000012, -7.257744943999967, 0.0 ] } },
{ "type": "Feature", "properties": { "OID_": 0, "Name": "AKSES BP2IP", "FolderPath": "Data CCTV Usulan + 50 Jalur + Rencana 2026.kmz/CCTV KOMINFO 2025.kmz/CCTV KOMINFO/Keamanan Jalan", "Jenis": "CCTV Kominfo", "SubJenis": "CCTV Kominfo Keamanan Jalan", "POINT_X": 112.79499834799999, "POINT_Y": -7.342703221, "POINT_Z": 0.0 }, "geometry": { "type": "Point", "coordinates": [ 112.794998348000036, -7.342703220999965, 0.0 ] } },
{ "type": "Feature", "properties": { "OID_": 0, "Name": "AKSES SAINTEK UNAIR", "FolderPath": "Data CCTV Usulan + 50 Jalur + Rencana 2026.kmz/CCTV KOMINFO 2025.kmz/CCTV KOMINFO/Keamanan Jalan", "Jenis": "CCTV Kominfo", "SubJenis": "CCTV Kominfo Keamanan Jalan", "POINT_X": 112.78282647499999, "POINT_Y": -7.2659335, "POINT_Z": 0.0 }, "geometry": { "type": "Point", "coordinates": [ 112.782826475000093, -7.26593349999996, 0.0 ] } },
{ "type": "Feature", "properties": { "OID_": 0, "Name": "AKSES JALAN DEPAN UTARA G10N", "FolderPath": "Data CCTV Usulan + 50 Jalur + Rencana 2026.kmz/CCTV KOMINFO 2025.kmz/CCTV KOMINFO/Keamanan Jalan", "Jenis": "CCTV Kominfo", "SubJenis": "CCTV Kominfo Keamanan Jalan", "POINT_X": 112.755255742, "POINT_Y": -7.251917861, "POINT_Z": 0.0 }, "geometry": { "type": "Point", "coordinates": [ 112.755255742000031, -7.251917860999981, 0.0 ] } },
{ "type": "Feature", "properties": { "OID_": 0, "Name": "TAMAN SEJARAH", "FolderPath": "Data CCTV Usulan + 50 Jalur + Rencana 2026.kmz/CCTV KOMINFO 2025.kmz/CCTV KOMINFO/Keamanan Jalan", "Jenis": "CCTV Kominfo", "SubJenis": "CCTV Kominfo Keamanan Jalan", "POINT_X": 112.73790507299999, "POINT_Y": -7.23583274, "POINT_Z": 0.0 }, "geometry": { "type": "Point", "coordinates": [ 112.737905073000093, -7.235832739999978, 0.0 ] } },
{ "type": "Feature", "properties": { "OID_": 0, "Name": "PENDESTRIAN TAMAN SEJARAH 3", "FolderPath": "Data CCTV Usulan + 50 Jalur + Rencana 2026.kmz/CCTV KOMINFO 2025.kmz/CCTV KOMINFO/Keamanan Jalan", "Jenis": "CCTV Kominfo", "SubJenis": "CCTV Kominfo Keamanan Jalan", "POINT_X": 112.737996475, "POINT_Y": -7.236375207, "POINT_Z": 0.0 }, "geometry": { "type": "Point", "coordinates": [ 112.737996475000045, -7.23637520699998, 0.0 ] } },
{ "type": "Feature", "properties": { "OID_": 0, "Name": "PENDESTRIAN TAMAN SEJARAH 4", "FolderPath": "Data CCTV Usulan + 50 Jalur + Rencana 2026.kmz/CCTV KOMINFO 2025.kmz/CCTV KOMINFO/Keamanan Jalan", "Jenis": "CCTV Kominfo", "SubJenis": "CCTV Kominfo Keamanan Jalan", "POINT_X": 112.738233059, "POINT_Y": -7.235950829, "POINT_Z": 0.0 }, "geometry": { "type": "Point", "coordinates": [ 112.738233059000095, -7.235950828999933, 0.0 ] } },
{ "type": "Feature", "properties": { "OID_": 0, "Name": "PENDESTRIAN TAMAN SEJARAH 5", "FolderPath": "Data CCTV Usulan + 50 Jalur + Rencana 2026.kmz/CCTV KOMINFO 2025.kmz/CCTV KOMINFO/Keamanan Jalan", "Jenis": "CCTV Kominfo", "SubJenis": "CCTV Kominfo Keamanan Jalan", "POINT_X": 112.738216816, "POINT_Y": -7.235883112, "POINT_Z": 0.0 }, "geometry": { "type": "Point", "coordinates": [ 112.73821681600009, -7.235883111999954, 0.0 ] } },
{ "type": "Feature", "properties": { "OID_": 0, "Name": "PENDESTRIAN TAMAN SEJARAH 6", "FolderPath": "Data CCTV Usulan + 50 Jalur + Rencana 2026.kmz/CCTV KOMINFO 2025.kmz/CCTV KOMINFO/Keamanan Jalan", "Jenis": "CCTV Kominfo", "SubJenis": "CCTV Kominfo Keamanan Jalan", "POINT_X": 112.73797581700001, "POINT_Y": -7.23579044, "POINT_Z": 0.0 }, "geometry": { "type": "Point", "coordinates": [ 112.737975817, -7.23579043999996, 0.0 ] } },
{ "type": "Feature", "properties": { "OID_": 0, "Name": "PENDESTRIAN TAMAN SEJARAH 7", "FolderPath": "Data CCTV Usulan + 50 Jalur + Rencana 2026.kmz/CCTV KOMINFO 2025.kmz/CCTV KOMINFO/Keamanan Jalan", "Jenis": "CCTV Kominfo", "SubJenis": "CCTV Kominfo Keamanan Jalan", "POINT_X": 112.737889823, "POINT_Y": -7.235759476, "POINT_Z": 0.0 }, "geometry": { "type": "Point", "coordinates": [ 112.737889823000046, -7.235759475999942, 0.0 ] } },
{ "type": "Feature", "properties": { "OID_": 0, "Name": "CAFE KALIMAS", "FolderPath": "Data CCTV Usulan + 50 Jalur + Rencana 2026.kmz/CCTV KOMINFO 2025.kmz/CCTV KOMINFO/Keamanan Jalan", "Jenis": "CCTV Kominfo", "SubJenis": "CCTV Kominfo Keamanan Jalan", "POINT_X": 112.73802841, "POINT_Y": -7.23681713, "POINT_Z": 0.0 }, "geometry": { "type": "Point", "coordinates": [ 112.738028410000084, -7.236817129999963, 0.0 ] } },
{ "type": "Feature", "properties": { "OID_": 0, "Name": "AKSES TAMAN SEJARAH BARAT", "FolderPath": "Data CCTV Usulan + 50 Jalur + Rencana 2026.kmz/CCTV KOMINFO 2025.kmz/CCTV KOMINFO/Keamanan Jalan", "Jenis": "CCTV Kominfo", "SubJenis": "CCTV Kominfo Keamanan Jalan", "POINT_X": 112.73743633399999, "POINT_Y": -7.236261457, "POINT_Z": 0.0 }, "geometry": { "type": "Point", "coordinates": [ 112.737436334000108, -7.236261456999955, 0.0 ] } },
{ "type": "Feature", "properties": { "OID_": 0, "Name": "MUSEUM TAMAN SEJARAH (MOBIL MALABY)", "FolderPath": "Data CCTV Usulan + 50 Jalur + Rencana 2026.kmz/CCTV KOMINFO 2025.kmz/CCTV KOMINFO/Keamanan Jalan", "Jenis": "CCTV Kominfo", "SubJenis": "CCTV Kominfo Keamanan Jalan", "POINT_X": 112.737965425, "POINT_Y": -7.236371481, "POINT_Z": 0.0 }, "geometry": { "type": "Point", "coordinates": [ 112.737965425000084, -7.236371480999935, 0.0 ] } },
{ "type": "Feature", "properties": { "OID_": 0, "Name": "DEMARGA KALIMAS TAMAN SEJARAH", "FolderPath": "Data CCTV Usulan + 50 Jalur + Rencana 2026.kmz/CCTV KOMINFO 2025.kmz/CCTV KOMINFO/Keamanan Jalan", "Jenis": "CCTV Kominfo", "SubJenis": "CCTV Kominfo Keamanan Jalan", "POINT_X": 112.73813977099999, "POINT_Y": -7.236117852, "POINT_Z": 0.0 }, "geometry": { "type": "Point", "coordinates": [ 112.738139771000078, -7.23611785199995, 0.0 ] } },
{ "type": "Feature", "properties": { "OID_": 0, "Name": "WILLEMSPLEIN STORE", "FolderPath": "Data CCTV Usulan + 50 Jalur + Rencana 2026.kmz/CCTV KOMINFO 2025.kmz/CCTV KOMINFO/Keamanan Jalan", "Jenis": "CCTV Kominfo", "SubJenis": "CCTV Kominfo Keamanan Jalan", "POINT_X": 112.73816048, "POINT_Y": -7.236001523, "POINT_Z": 0.0 }, "geometry": { "type": "Point", "coordinates": [ 112.738160480000033, -7.23600152299997, 0.0 ] } },
{ "type": "Feature", "properties": { "OID_": 0, "Name": "TAMAN KREMBANGAN BARAT", "FolderPath": "Data CCTV Usulan + 50 Jalur + Rencana 2026.kmz/CCTV KOMINFO 2025.kmz/CCTV KOMINFO/Keamanan Jalan", "Jenis": "CCTV Kominfo", "SubJenis": "CCTV Kominfo Keamanan Jalan", "POINT_X": 112.734394561, "POINT_Y": -7.236549943, "POINT_Z": 0.0 }, "geometry": { "type": "Point", "coordinates": [ 112.734394561000045, -7.236549942999943, 0.0 ] } },
{ "type": "Feature", "properties": { "OID_": 0, "Name": "MUSHOLA TAMAN SEJARAH", "FolderPath": "Data CCTV Usulan + 50 Jalur + Rencana 2026.kmz/CCTV KOMINFO 2025.kmz/CCTV KOMINFO/Keamanan Jalan", "Jenis": "CCTV Kominfo", "SubJenis": "CCTV Kominfo Keamanan Jalan", "POINT_X": 112.737491909, "POINT_Y": -7.236204802, "POINT_Z": 0.0 }, "geometry": { "type": "Point", "coordinates": [ 112.737491909000028, -7.236204801999975, 0.0 ] } },
{ "type": "Feature", "properties": { "OID_": 0, "Name": "PENDESTRIAN TAMAN SEJARAH 1", "FolderPath": "Data CCTV Usulan + 50 Jalur + Rencana 2026.kmz/CCTV KOMINFO 2025.kmz/CCTV KOMINFO/Keamanan Jalan", "Jenis": "CCTV Kominfo", "SubJenis": "CCTV Kominfo Keamanan Jalan", "POINT_X": 112.737423112, "POINT_Y": -7.23624016, "POINT_Z": 0.0 }, "geometry": { "type": "Point", "coordinates": [ 112.737423112000101, -7.236240159999966, 0.0 ] } },
{ "type": "Feature", "properties": { "OID_": 0, "Name": "AKSES TAMAN SEJARAH TIMUR", "FolderPath": "Data CCTV Usulan + 50 Jalur + Rencana 2026.kmz/CCTV KOMINFO 2025.kmz/CCTV KOMINFO/Keamanan Jalan", "Jenis": "CCTV Kominfo", "SubJenis": "CCTV Kominfo Keamanan Jalan", "POINT_X": 112.737980951, "POINT_Y": -7.236381953, "POINT_Z": 0.0 }, "geometry": { "type": "Point", "coordinates": [ 112.737980951000054, -7.236381952999977, 0.0 ] } },
{ "type": "Feature", "properties": { "OID_": 0, "Name": "DEPAN POS POLISI SURAMAADU", "FolderPath": "Data CCTV Usulan + 50 Jalur + Rencana 2026.kmz/CCTV KOMINFO 2025.kmz/CCTV KOMINFO/Keamanan Jalan", "Jenis": "CCTV Kominfo", "SubJenis": "CCTV Kominfo Keamanan Jalan", "POINT_X": 112.77796881099999, "POINT_Y": -7.214762157, "POINT_Z": 0.0 }, "geometry": { "type": "Point", "coordinates": [ 112.777968811000051, -7.214762156999939, 0.0 ] } },
{ "type": "Feature", "properties": { "OID_": 0, "Name": "TROTOAR JL. TUNJUNGAN 1", "FolderPath": "Data CCTV Usulan + 50 Jalur + Rencana 2026.kmz/CCTV KOMINFO 2025.kmz/CCTV KOMINFO/Keamanan Jalan", "Jenis": "CCTV Kominfo", "SubJenis": "CCTV Kominfo Keamanan Jalan", "POINT_X": 112.737894905, "POINT_Y": -7.257740041, "POINT_Z": 0.0 }, "geometry": { "type": "Point", "coordinates": [ 112.737894905000076, -7.257740040999977, 0.0 ] } },
{ "type": "Feature", "properties": { "OID_": 0, "Name": "AKSES PASAR PAKIS", "FolderPath": "Data CCTV Usulan + 50 Jalur + Rencana 2026.kmz/CCTV KOMINFO 2025.kmz/CCTV KOMINFO/TPS", "Jenis": "CCTV Kominfo", "SubJenis": "CCTV Kominfo TPS", "POINT_X": 112.73, "POINT_Y": -7.285611111, "POINT_Z": 0.0 }, "geometry": { "type": "Point", "coordinates": [ 112.73, -7.28561111099998, 0.0 ] } },
{ "type": "Feature", "properties": { "OID_": 0, "Name": "PAKIS KEMBANG KUNING", "FolderPath": "Data CCTV Usulan + 50 Jalur + Rencana 2026.kmz/CCTV KOMINFO 2025.kmz/CCTV KOMINFO/TPS", "Jenis": "CCTV Kominfo", "SubJenis": "CCTV Kominfo TPS", "POINT_X": 112.729075, "POINT_Y": -7.281758333, "POINT_Z": 0.0 }, "geometry": { "type": "Point", "coordinates": [ 112.729075, -7.281758332999971, 0.0 ] } },
{ "type": "Feature", "properties": { "OID_": 0, "Name": "TPS BABATAN PRATAMA", "FolderPath": "Data CCTV Usulan + 50 Jalur + Rencana 2026.kmz/CCTV KOMINFO 2025.kmz/CCTV KOMINFO/TPS", "Jenis": "CCTV Kominfo", "SubJenis": "CCTV Kominfo TPS", "POINT_X": 112.67385914, "POINT_Y": -7.310228372, "POINT_Z": 0.0 }, "geometry": { "type": "Point", "coordinates": [ 112.673859140000104, -7.310228371999926, 0.0 ] } },
{ "type": "Feature", "properties": { "OID_": 0, "Name": "TPS BALAS KLUMPRIK", "FolderPath": "Data CCTV Usulan + 50 Jalur + Rencana 2026.kmz/CCTV KOMINFO 2025.kmz/CCTV KOMINFO/TPS", "Jenis": "CCTV Kominfo", "SubJenis": "CCTV Kominfo TPS", "POINT_X": 112.685373205, "POINT_Y": -7.3284639, "POINT_Z": 0.0 }, "geometry": { "type": "Point", "coordinates": [ 112.685373205000019, -7.328463899999974, 0.0 ] } },
{ "type": "Feature", "properties": { "OID_": 0, "Name": "TPS BALONGSARI", "FolderPath": "Data CCTV Usulan + 50 Jalur + Rencana 2026.kmz/CCTV KOMINFO 2025.kmz/CCTV KOMINFO/TPS", "Jenis": "CCTV Kominfo", "SubJenis": "CCTV Kominfo TPS", "POINT_X": 112.67855245200001, "POINT_Y": -7.259497071, "POINT_Z": 0.0 }, "geometry": { "type": "Point", "coordinates": [ 112.678552452000076, -7.259497070999942, 0.0 ] } },
{ "type": "Feature", "properties": { "OID_": 0, "Name": "TPS BANGKINGAN (SUMUR WELUT)", "FolderPath": "Data CCTV Usulan + 50 Jalur + Rencana 2026.kmz/CCTV KOMINFO 2025.kmz/CCTV KOMINFO/TPS", "Jenis": "CCTV Kominfo", "SubJenis": "CCTV Kominfo TPS", "POINT_X": 112.651778064, "POINT_Y": -7.321333325, "POINT_Z": 0.0 }, "geometry": { "type": "Point", "coordinates": [ 112.651778064000041, -7.321333324999955, 0.0 ] } },
{ "type": "Feature", "properties": { "OID_": 0, "Name": "TPS BANGKINGAN ASPOL", "FolderPath": "Data CCTV Usulan + 50 Jalur + Rencana 2026.kmz/CCTV KOMINFO 2025.kmz/CCTV KOMINFO/TPS", "Jenis": "CCTV Kominfo", "SubJenis": "CCTV Kominfo TPS", "POINT_X": 112.650927778, "POINT_Y": -7.321730556, "POINT_Z": 0.0 }, "geometry": { "type": "Point", "coordinates": [ 112.650927778000096, -7.321730555999977, 0.0 ] } },
{ "type": "Feature", "properties": { "OID_": 0, "Name": "TPS BENDUL MERISI", "FolderPath": "Data CCTV Usulan + 50 Jalur + Rencana 2026.kmz/CCTV KOMINFO 2025.kmz/CCTV KOMINFO/TPS", "Jenis": "CCTV Kominfo", "SubJenis": "CCTV Kominfo TPS", "POINT_X": 112.74372674200001, "POINT_Y": -7.311314369, "POINT_Z": 0.0 }, "geometry": { "type": "Point", "coordinates": [ 112.743726742000035, -7.311314368999945, 0.0 ] } },
{ "type": "Feature", "properties": { "OID_": 0, "Name": "TPS BENOWO KRAJAN", "FolderPath": "Data CCTV Usulan + 50 Jalur + Rencana 2026.kmz/CCTV KOMINFO 2025.kmz/CCTV KOMINFO/TPS", "Jenis": "CCTV Kominfo", "SubJenis": "CCTV Kominfo TPS", "POINT_X": 112.61091402300001, "POINT_Y": -7.237527532, "POINT_Z": 0.0 }, "geometry": { "type": "Point", "coordinates": [ 112.610914023000078, -7.237527531999945, 0.0 ] } },
{ "type": "Feature", "properties": { "OID_": 0, "Name": "TPS BENTENG", "FolderPath": "Data CCTV Usulan + 50 Jalur + Rencana 2026.kmz/CCTV KOMINFO 2025.kmz/CCTV KOMINFO/TPS", "Jenis": "CCTV Kominfo", "SubJenis": "CCTV Kominfo TPS", "POINT_X": 112.738431303, "POINT_Y": -7.224152277, "POINT_Z": 0.0 }, "geometry": { "type": "Point", "coordinates": [ 112.738431303000084, -7.224152276999973, 0.0 ] } },
{ "type": "Feature", "properties": { "OID_": 0, "Name": "TPS BINTANG DIPONGGO", "FolderPath": "Data CCTV Usulan + 50 Jalur + Rencana 2026.kmz/CCTV KOMINFO 2025.kmz/CCTV KOMINFO/TPS", "Jenis": "CCTV Kominfo", "SubJenis": "CCTV Kominfo TPS", "POINT_X": 112.720274577, "POINT_Y": -7.284485306, "POINT_Z": 0.0 }, "geometry": { "type": "Point", "coordinates": [ 112.720274577000055, -7.284485305999965, 0.0 ] } },
{ "type": "Feature", "properties": { "OID_": 0, "Name": "TPS BINTANG DIPONGGO 2", "FolderPath": "Data CCTV Usulan + 50 Jalur + Rencana 2026.kmz/CCTV KOMINFO 2025.kmz/CCTV KOMINFO/TPS", "Jenis": "CCTV Kominfo", "SubJenis": "CCTV Kominfo TPS", "POINT_X": 112.720264125, "POINT_Y": -7.284507156, "POINT_Z": 0.0 }, "geometry": { "type": "Point", "coordinates": [ 112.720264125000085, -7.284507155999961, 0.0 ] } },
{ "type": "Feature", "properties": { "OID_": 0, "Name": "TPS BOGANGIN", "FolderPath": "Data CCTV Usulan + 50 Jalur + Rencana 2026.kmz/CCTV KOMINFO 2025.kmz/CCTV KOMINFO/TPS", "Jenis": "CCTV Kominfo", "SubJenis": "CCTV Kominfo TPS", "POINT_X": 112.70870252, "POINT_Y": -7.326887453, "POINT_Z": 0.0 }, "geometry": { "type": "Point", "coordinates": [ 112.708702520000088, -7.326887452999927, 0.0 ] } },
{ "type": "Feature", "properties": { "OID_": 0, "Name": "TPS BOGEN TAMBAKSARI", "FolderPath": "Data CCTV Usulan + 50 Jalur + Rencana 2026.kmz/CCTV KOMINFO 2025.kmz/CCTV KOMINFO/TPS", "Jenis": "CCTV Kominfo", "SubJenis": "CCTV Kominfo TPS", "POINT_X": 112.757666317, "POINT_Y": -7.251436024, "POINT_Z": 0.0 }, "geometry": { "type": "Point", "coordinates": [ 112.75766631700003, -7.251436023999929, 0.0 ] } },
{ "type": "Feature", "properties": { "OID_": 0, "Name": "TPS BRATANG", "FolderPath": "Data CCTV Usulan + 50 Jalur + Rencana 2026.kmz/CCTV KOMINFO 2025.kmz/CCTV KOMINFO/TPS", "Jenis": "CCTV Kominfo", "SubJenis": "CCTV Kominfo TPS", "POINT_X": 112.76146666699999, "POINT_Y": -7.297305556, "POINT_Z": 0.0 }, "geometry": { "type": "Point", "coordinates": [ 112.761466667000036, -7.297305555999969, 0.0 ] } },
{ "type": "Feature", "properties": { "OID_": 0, "Name": "TPS BRATANG LAPANGAN", "FolderPath": "Data CCTV Usulan + 50 Jalur + Rencana 2026.kmz/CCTV KOMINFO 2025.kmz/CCTV KOMINFO/TPS", "Jenis": "CCTV Kominfo", "SubJenis": "CCTV Kominfo TPS", "POINT_X": 112.748183333, "POINT_Y": -7.301883333, "POINT_Z": 0.0 }, "geometry": { "type": "Point", "coordinates": [ 112.748183333000043, -7.301883332999978, 0.0 ] } },
{ "type": "Feature", "properties": { "OID_": 0, "Name": "TPS BRINGIN", "FolderPath": "Data CCTV Usulan + 50 Jalur + Rencana 2026.kmz/CCTV KOMINFO 2025.kmz/CCTV KOMINFO/TPS", "Jenis": "CCTV Kominfo", "SubJenis": "CCTV Kominfo TPS", "POINT_X": 112.652385256, "POINT_Y": -7.260359666, "POINT_Z": 0.0 }, "geometry": { "type": "Point", "coordinates": [ 112.652385256000116, -7.260359665999943, 0.0 ] } },
{ "type": "Feature", "properties": { "OID_": 0, "Name": "TPS BUKIT BARISAN", "FolderPath": "Data CCTV Usulan + 50 Jalur + Rencana 2026.kmz/CCTV KOMINFO 2025.kmz/CCTV KOMINFO/TPS", "Jenis": "CCTV Kominfo", "SubJenis": "CCTV Kominfo TPS", "POINT_X": 112.72353333300001, "POINT_Y": -7.259886111, "POINT_Z": 0.0 }, "geometry": { "type": "Point", "coordinates": [ 112.723533333000091, -7.259886110999958, 0.0 ] } },
{ "type": "Feature", "properties": { "OID_": 0, "Name": "TPS BUKIT MAS", "FolderPath": "Data CCTV Usulan + 50 Jalur + Rencana 2026.kmz/CCTV KOMINFO 2025.kmz/CCTV KOMINFO/TPS", "Jenis": "CCTV Kominfo", "SubJenis": "CCTV Kominfo TPS", "POINT_X": 112.70713095799999, "POINT_Y": -7.302595015, "POINT_Z": 0.0 }, "geometry": { "type": "Point", "coordinates": [ 112.707130958000107, -7.302595014999952, 0.0 ] } },
{ "type": "Feature", "properties": { "OID_": 0, "Name": "TPS BUKTONG", "FolderPath": "Data CCTV Usulan + 50 Jalur + Rencana 2026.kmz/CCTV KOMINFO 2025.kmz/CCTV KOMINFO/TPS", "Jenis": "CCTV Kominfo", "SubJenis": "CCTV Kominfo TPS", "POINT_X": 112.76338333299999, "POINT_Y": -7.287783333, "POINT_Z": 0.0 }, "geometry": { "type": "Point", "coordinates": [ 112.763383333000093, -7.287783332999936, 0.0 ] } },
{ "type": "Feature", "properties": { "OID_": 0, "Name": "TPS BULAK BANTENG TIMUR", "FolderPath": "Data CCTV Usulan + 50 Jalur + Rencana 2026.kmz/CCTV KOMINFO 2025.kmz/CCTV KOMINFO/TPS", "Jenis": "CCTV Kominfo", "SubJenis": "CCTV Kominfo TPS", "POINT_X": 112.76883583599999, "POINT_Y": -7.219623951, "POINT_Z": 0.0 }, "geometry": { "type": "Point", "coordinates": [ 112.768835836000108, -7.21962395099996, 0.0 ] } },
{ "type": "Feature", "properties": { "OID_": 0, "Name": "TPS BUNTARAN", "FolderPath": "Data CCTV Usulan + 50 Jalur + Rencana 2026.kmz/CCTV KOMINFO 2025.kmz/CCTV KOMINFO/TPS", "Jenis": "CCTV Kominfo", "SubJenis": "CCTV Kominfo TPS", "POINT_X": 112.67365, "POINT_Y": -7.2504, "POINT_Z": 0.0 }, "geometry": { "type": "Point", "coordinates": [ 112.67365, -7.2504, 0.0 ] } },
{ "type": "Feature", "properties": { "OID_": 0, "Name": "TPS CANDI LONTAR", "FolderPath": "Data CCTV Usulan + 50 Jalur + Rencana 2026.kmz/CCTV KOMINFO 2025.kmz/CCTV KOMINFO/TPS", "Jenis": "CCTV Kominfo", "SubJenis": "CCTV Kominfo TPS", "POINT_X": 112.66889866699999, "POINT_Y": -7.265084171, "POINT_Z": 0.0 }, "geometry": { "type": "Point", "coordinates": [ 112.668898667, -7.265084170999955, 0.0 ] } },
{ "type": "Feature", "properties": { "OID_": 0, "Name": "TPS CANDI PURO", "FolderPath": "Data CCTV Usulan + 50 Jalur + Rencana 2026.kmz/CCTV KOMINFO 2025.kmz/CCTV KOMINFO/TPS", "Jenis": "CCTV Kominfo", "SubJenis": "CCTV Kominfo TPS", "POINT_X": 112.758716667, "POINT_Y": -7.258116667, "POINT_Z": 0.0 }, "geometry": { "type": "Point", "coordinates": [ 112.758716667000044, -7.258116666999967, 0.0 ] } },
{ "type": "Feature", "properties": { "OID_": 0, "Name": "TPS DARMO INDAH", "FolderPath": "Data CCTV Usulan + 50 Jalur + Rencana 2026.kmz/CCTV KOMINFO 2025.kmz/CCTV KOMINFO/TPS", "Jenis": "CCTV Kominfo", "SubJenis": "CCTV Kominfo TPS", "POINT_X": 112.684319535, "POINT_Y": -7.260869024, "POINT_Z": 0.0 }, "geometry": { "type": "Point", "coordinates": [ 112.6843195350001, -7.260869023999931, 0.0 ] } },
{ "type": "Feature", "properties": { "OID_": 0, "Name": "TPS DINOYO", "FolderPath": "Data CCTV Usulan + 50 Jalur + Rencana 2026.kmz/CCTV KOMINFO 2025.kmz/CCTV KOMINFO/TPS", "Jenis": "CCTV Kominfo", "SubJenis": "CCTV Kominfo TPS", "POINT_X": 112.746451931, "POINT_Y": -7.282863287, "POINT_Z": 0.0 }, "geometry": { "type": "Point", "coordinates": [ 112.746451931000024, -7.282863286999941, 0.0 ] } },
{ "type": "Feature", "properties": { "OID_": 0, "Name": "TPS DUKUH MENANGGAL", "FolderPath": "Data CCTV Usulan + 50 Jalur + Rencana 2026.kmz/CCTV KOMINFO 2025.kmz/CCTV KOMINFO/TPS", "Jenis": "CCTV Kominfo", "SubJenis": "CCTV Kominfo TPS", "POINT_X": 112.72259995899999, "POINT_Y": -7.343592973, "POINT_Z": 0.0 }, "geometry": { "type": "Point", "coordinates": [ 112.722599959000036, -7.343592972999943, 0.0 ] } },
{ "type": "Feature", "properties": { "OID_": 0, "Name": "TPS DUPAK BANGUNSARI", "FolderPath": "Data CCTV Usulan + 50 Jalur + Rencana 2026.kmz/CCTV KOMINFO 2025.kmz/CCTV KOMINFO/TPS", "Jenis": "CCTV Kominfo", "SubJenis": "CCTV Kominfo TPS", "POINT_X": 112.71750612300001, "POINT_Y": -7.238888433, "POINT_Z": 0.0 }, "geometry": { "type": "Point", "coordinates": [ 112.717506123000021, -7.238888432999943, 0.0 ] } },
{ "type": "Feature", "properties": { "OID_": 0, "Name": "TPS DUPAK PRAU", "FolderPath": "Data CCTV Usulan + 50 Jalur + Rencana 2026.kmz/CCTV KOMINFO 2025.kmz/CCTV KOMINFO/TPS", "Jenis": "CCTV Kominfo", "SubJenis": "CCTV Kominfo TPS", "POINT_X": 112.727416358, "POINT_Y": -7.24476676, "POINT_Z": 0.0 }, "geometry": { "type": "Point", "coordinates": [ 112.727416358000028, -7.244766759999948, 0.0 ] } },
{ "type": "Feature", "properties": { "OID_": 0, "Name": "TPS GAYUNG KEBONSARI", "FolderPath": "Data CCTV Usulan + 50 Jalur + Rencana 2026.kmz/CCTV KOMINFO 2025.kmz/CCTV KOMINFO/TPS", "Jenis": "CCTV Kominfo", "SubJenis": "CCTV Kominfo TPS", "POINT_X": 112.71939808, "POINT_Y": -7.327230746, "POINT_Z": 0.0 }, "geometry": { "type": "Point", "coordinates": [ 112.719398080000019, -7.327230745999941, 0.0 ] } },
{ "type": "Feature", "properties": { "OID_": 0, "Name": "TPS GAYUNG SARI", "FolderPath": "Data CCTV Usulan + 50 Jalur + Rencana 2026.kmz/CCTV KOMINFO 2025.kmz/CCTV KOMINFO/TPS", "Jenis": "CCTV Kominfo", "SubJenis": "CCTV Kominfo TPS", "POINT_X": 112.72366766899999, "POINT_Y": -7.331640315, "POINT_Z": 0.0 }, "geometry": { "type": "Point", "coordinates": [ 112.723667669000065, -7.331640314999959, 0.0 ] } },
{ "type": "Feature", "properties": { "OID_": 0, "Name": "TPS GEBANG KEPUTIH", "FolderPath": "Data CCTV Usulan + 50 Jalur + Rencana 2026.kmz/CCTV KOMINFO 2025.kmz/CCTV KOMINFO/TPS", "Jenis": "CCTV Kominfo", "SubJenis": "CCTV Kominfo TPS", "POINT_X": 112.78570409700001, "POINT_Y": -7.283174246, "POINT_Z": 0.0 }, "geometry": { "type": "Point", "coordinates": [ 112.785704097, -7.28317424599993, 0.0 ] } },
{ "type": "Feature", "properties": { "OID_": 0, "Name": "TPS INDRAPURA PLN", "FolderPath": "Data CCTV Usulan + 50 Jalur + Rencana 2026.kmz/CCTV KOMINFO 2025.kmz/CCTV KOMINFO/TPS", "Jenis": "CCTV Kominfo", "SubJenis": "CCTV Kominfo TPS", "POINT_X": 112.73180998300001, "POINT_Y": -7.230554864, "POINT_Z": 0.0 }, "geometry": { "type": "Point", "coordinates": [ 112.731809983000062, -7.230554863999942, 0.0 ] } },
{ "type": "Feature", "properties": { "OID_": 0, "Name": "TPS ITS", "FolderPath": "Data CCTV Usulan + 50 Jalur + Rencana 2026.kmz/CCTV KOMINFO 2025.kmz/CCTV KOMINFO/TPS", "Jenis": "CCTV Kominfo", "SubJenis": "CCTV Kominfo TPS", "POINT_X": 112.785726525, "POINT_Y": -7.289823301, "POINT_Z": 0.0 }, "geometry": { "type": "Point", "coordinates": [ 112.785726525000086, -7.289823300999956, 0.0 ] } },
{ "type": "Feature", "properties": { "OID_": 0, "Name": "TPS JAGIR", "FolderPath": "Data CCTV Usulan + 50 Jalur + Rencana 2026.kmz/CCTV KOMINFO 2025.kmz/CCTV KOMINFO/TPS", "Jenis": "CCTV Kominfo", "SubJenis": "CCTV Kominfo TPS", "POINT_X": 112.746983333, "POINT_Y": -7.302586111, "POINT_Z": 0.0 }, "geometry": { "type": "Point", "coordinates": [ 112.746983333000117, -7.302586110999925, 0.0 ] } },
{ "type": "Feature", "properties": { "OID_": 0, "Name": "TPS JAMBANGAN", "FolderPath": "Data CCTV Usulan + 50 Jalur + Rencana 2026.kmz/CCTV KOMINFO 2025.kmz/CCTV KOMINFO/TPS", "Jenis": "CCTV Kominfo", "SubJenis": "CCTV Kominfo TPS", "POINT_X": 112.716396704, "POINT_Y": -7.317260051, "POINT_Z": 0.0 }, "geometry": { "type": "Point", "coordinates": [ 112.71639670400009, -7.317260050999948, 0.0 ] } },
{ "type": "Feature", "properties": { "OID_": 0, "Name": "TPS JATI PURWO", "FolderPath": "Data CCTV Usulan + 50 Jalur + Rencana 2026.kmz/CCTV KOMINFO 2025.kmz/CCTV KOMINFO/TPS", "Jenis": "CCTV Kominfo", "SubJenis": "CCTV Kominfo TPS", "POINT_X": 112.74975879500001, "POINT_Y": -7.222382954, "POINT_Z": 0.0 }, "geometry": { "type": "Point", "coordinates": [ 112.749758795000048, -7.222382953999954, 0.0 ] } },
{ "type": "Feature", "properties": { "OID_": 0, "Name": "TPS JATI SRONO", "FolderPath": "Data CCTV Usulan + 50 Jalur + Rencana 2026.kmz/CCTV KOMINFO 2025.kmz/CCTV KOMINFO/TPS", "Jenis": "CCTV Kominfo", "SubJenis": "CCTV Kominfo TPS", "POINT_X": 112.749310929, "POINT_Y": -7.218280107, "POINT_Z": 0.0 }, "geometry": { "type": "Point", "coordinates": [ 112.749310929000103, -7.218280106999941, 0.0 ] } },
{ "type": "Feature", "properties": { "OID_": 0, "Name": "TPS JEMUR WONOSARI", "FolderPath": "Data CCTV Usulan + 50 Jalur + Rencana 2026.kmz/CCTV KOMINFO 2025.kmz/CCTV KOMINFO/TPS", "Jenis": "CCTV Kominfo", "SubJenis": "CCTV Kominfo TPS", "POINT_X": 112.73906388100001, "POINT_Y": -7.324795608, "POINT_Z": 0.0 }, "geometry": { "type": "Point", "coordinates": [ 112.739063881000106, -7.324795607999931, 0.0 ] } },
{ "type": "Feature", "properties": { "OID_": 0, "Name": "TPS JL.GREGES", "FolderPath": "Data CCTV Usulan + 50 Jalur + Rencana 2026.kmz/CCTV KOMINFO 2025.kmz/CCTV KOMINFO/TPS", "Jenis": "CCTV Kominfo", "SubJenis": "CCTV Kominfo TPS", "POINT_X": 112.682561111, "POINT_Y": -7.22975, "POINT_Z": 0.0 }, "geometry": { "type": "Point", "coordinates": [ 112.682561111000041, -7.22975, 0.0 ] } },
{ "type": "Feature", "properties": { "OID_": 0, "Name": "TPS JL.JETIS KULON", "FolderPath": "Data CCTV Usulan + 50 Jalur + Rencana 2026.kmz/CCTV KOMINFO 2025.kmz/CCTV KOMINFO/TPS", "Jenis": "CCTV Kominfo", "SubJenis": "CCTV Kominfo TPS", "POINT_X": 112.7345656, "POINT_Y": -7.307262256, "POINT_Z": 0.0 }, "geometry": { "type": "Point", "coordinates": [ 112.73456560000011, -7.307262255999945, 0.0 ] } },
{ "type": "Feature", "properties": { "OID_": 0, "Name": "TPS JL.SEMUT KALI", "FolderPath": "Data CCTV Usulan + 50 Jalur + Rencana 2026.kmz/CCTV KOMINFO 2025.kmz/CCTV KOMINFO/TPS", "Jenis": "CCTV Kominfo", "SubJenis": "CCTV Kominfo TPS", "POINT_X": 112.742593368, "POINT_Y": -7.243725493, "POINT_Z": 0.0 }, "geometry": { "type": "Point", "coordinates": [ 112.74259336800003, -7.243725492999943, 0.0 ] } },
{ "type": "Feature", "properties": { "OID_": 0, "Name": "TPS JOGOLOYO", "FolderPath": "Data CCTV Usulan + 50 Jalur + Rencana 2026.kmz/CCTV KOMINFO 2025.kmz/CCTV KOMINFO/TPS", "Jenis": "CCTV Kominfo", "SubJenis": "CCTV Kominfo TPS", "POINT_X": 112.710479187, "POINT_Y": -7.307475523, "POINT_Z": 0.0 }, "geometry": { "type": "Point", "coordinates": [ 112.710479187000033, -7.307475522999937, 0.0 ] } },
{ "type": "Feature", "properties": { "OID_": 0, "Name": "TPS JOYOBOYO", "FolderPath": "Data CCTV Usulan + 50 Jalur + Rencana 2026.kmz/CCTV KOMINFO 2025.kmz/CCTV KOMINFO/TPS", "Jenis": "CCTV Kominfo", "SubJenis": "CCTV Kominfo TPS", "POINT_X": 112.731143652, "POINT_Y": -7.299492227, "POINT_Z": 0.0 }, "geometry": { "type": "Point", "coordinates": [ 112.731143652000014, -7.299492226999973, 0.0 ] } },
{ "type": "Feature", "properties": { "OID_": 0, "Name": "TPS JURANG KUPING", "FolderPath": "Data CCTV Usulan + 50 Jalur + Rencana 2026.kmz/CCTV KOMINFO 2025.kmz/CCTV KOMINFO/TPS", "Jenis": "CCTV Kominfo", "SubJenis": "CCTV Kominfo TPS", "POINT_X": 112.607652398, "POINT_Y": -7.242568484, "POINT_Z": 0.0 }, "geometry": { "type": "Point", "coordinates": [ 112.607652398000027, -7.242568483999946, 0.0 ] } },
{ "type": "Feature", "properties": { "OID_": 0, "Name": "TPS KALI KEDINDING", "FolderPath": "Data CCTV Usulan + 50 Jalur + Rencana 2026.kmz/CCTV KOMINFO 2025.kmz/CCTV KOMINFO/TPS", "Jenis": "CCTV Kominfo", "SubJenis": "CCTV Kominfo TPS", "POINT_X": 112.777868535, "POINT_Y": -7.223374214, "POINT_Z": 0.0 }, "geometry": { "type": "Point", "coordinates": [ 112.777868535000039, -7.223374213999932, 0.0 ] } },
{ "type": "Feature", "properties": { "OID_": 0, "Name": "TPS KALIBOKOR", "FolderPath": "Data CCTV Usulan + 50 Jalur + Rencana 2026.kmz/CCTV KOMINFO 2025.kmz/CCTV KOMINFO/TPS", "Jenis": "CCTV Kominfo", "SubJenis": "CCTV Kominfo TPS", "POINT_X": 112.75063361399999, "POINT_Y": -7.287183354, "POINT_Z": 0.0 }, "geometry": { "type": "Point", "coordinates": [ 112.750633614000094, -7.287183353999978, 0.0 ] } },
{ "type": "Feature", "properties": { "OID_": 0, "Name": "TPS KALIBUTUH", "FolderPath": "Data CCTV Usulan + 50 Jalur + Rencana 2026.kmz/CCTV KOMINFO 2025.kmz/CCTV KOMINFO/TPS", "Jenis": "CCTV Kominfo", "SubJenis": "CCTV Kominfo TPS", "POINT_X": 112.72054019, "POINT_Y": -7.253707751, "POINT_Z": 0.0 }, "geometry": { "type": "Point", "coordinates": [ 112.720540190000065, -7.253707750999979, 0.0 ] } },
{ "type": "Feature", "properties": { "OID_": 0, "Name": "TPS KALIJUDAN", "FolderPath": "Data CCTV Usulan + 50 Jalur + Rencana 2026.kmz/CCTV KOMINFO 2025.kmz/CCTV KOMINFO/TPS", "Jenis": "CCTV Kominfo", "SubJenis": "CCTV Kominfo TPS", "POINT_X": 112.78248116, "POINT_Y": -7.258405559, "POINT_Z": 0.0 }, "geometry": { "type": "Point", "coordinates": [ 112.782481160000088, -7.258405558999925, 0.0 ] } },
{ "type": "Feature", "properties": { "OID_": 0, "Name": "TPS KANGEAN", "FolderPath": "Data CCTV Usulan + 50 Jalur + Rencana 2026.kmz/CCTV KOMINFO 2025.kmz/CCTV KOMINFO/TPS", "Jenis": "CCTV Kominfo", "SubJenis": "CCTV Kominfo TPS", "POINT_X": 112.74541194699999, "POINT_Y": -7.272281268, "POINT_Z": 0.0 }, "geometry": { "type": "Point", "coordinates": [ 112.745411947000093, -7.272281267999972, 0.0 ] } },
{ "type": "Feature", "properties": { "OID_": 0, "Name": "TPS KAPASAN", "FolderPath": "Data CCTV Usulan + 50 Jalur + Rencana 2026.kmz/CCTV KOMINFO 2025.kmz/CCTV KOMINFO/TPS", "Jenis": "CCTV Kominfo", "SubJenis": "CCTV Kominfo TPS", "POINT_X": 112.75015623900001, "POINT_Y": -7.239635538, "POINT_Z": 0.0 }, "geometry": { "type": "Point", "coordinates": [ 112.750156239000034, -7.239635537999959, 0.0 ] } },
{ "type": "Feature", "properties": { "OID_": 0, "Name": "TPS KARAH", "FolderPath": "Data CCTV Usulan + 50 Jalur + Rencana 2026.kmz/CCTV KOMINFO 2025.kmz/CCTV KOMINFO/TPS", "Jenis": "CCTV Kominfo", "SubJenis": "CCTV Kominfo TPS", "POINT_X": 112.71413159399999, "POINT_Y": -7.312721201, "POINT_Z": 0.0 }, "geometry": { "type": "Point", "coordinates": [ 112.714131594000037, -7.312721200999931, 0.0 ] } },
{ "type": "Feature", "properties": { "OID_": 0, "Name": "TPS KAYOON", "FolderPath": "Data CCTV Usulan + 50 Jalur + Rencana 2026.kmz/CCTV KOMINFO 2025.kmz/CCTV KOMINFO/TPS", "Jenis": "CCTV Kominfo", "SubJenis": "CCTV Kominfo TPS", "POINT_X": 112.747594863, "POINT_Y": -7.269209891, "POINT_Z": 0.0 }, "geometry": { "type": "Point", "coordinates": [ 112.747594863000018, -7.269209890999946, 0.0 ] } },
{ "type": "Feature", "properties": { "OID_": 0, "Name": "TPS KEBRAON II", "FolderPath": "Data CCTV Usulan + 50 Jalur + Rencana 2026.kmz/CCTV KOMINFO 2025.kmz/CCTV KOMINFO/TPS", "Jenis": "CCTV Kominfo", "SubJenis": "CCTV Kominfo TPS", "POINT_X": 112.69635329499999, "POINT_Y": -7.331746568, "POINT_Z": 0.0 }, "geometry": { "type": "Point", "coordinates": [ 112.696353295000108, -7.331746567999971, 0.0 ] } },
{ "type": "Feature", "properties": { "OID_": 0, "Name": "TPS KEDUNG ANYAR", "FolderPath": "Data CCTV Usulan + 50 Jalur + Rencana 2026.kmz/CCTV KOMINFO 2025.kmz/CCTV KOMINFO/TPS", "Jenis": "CCTV Kominfo", "SubJenis": "CCTV Kominfo TPS", "POINT_X": 112.730988889, "POINT_Y": -7.265266667, "POINT_Z": 0.0 }, "geometry": { "type": "Point", "coordinates": [ 112.730988889000059, -7.265266666999935, 0.0 ] } },
{ "type": "Feature", "properties": { "OID_": 0, "Name": "TPS KEJAWEN PUTIH", "FolderPath": "Data CCTV Usulan + 50 Jalur + Rencana 2026.kmz/CCTV KOMINFO 2025.kmz/CCTV KOMINFO/TPS", "Jenis": "CCTV Kominfo", "SubJenis": "CCTV Kominfo TPS", "POINT_X": 112.802527484, "POINT_Y": -7.280303547, "POINT_Z": 0.0 }, "geometry": { "type": "Point", "coordinates": [ 112.802527484000052, -7.28030354699996, 0.0 ] } },
{ "type": "Feature", "properties": { "OID_": 0, "Name": "TPS KEMBANG KUNING", "FolderPath": "Data CCTV Usulan + 50 Jalur + Rencana 2026.kmz/CCTV KOMINFO 2025.kmz/CCTV KOMINFO/TPS", "Jenis": "CCTV Kominfo", "SubJenis": "CCTV Kominfo TPS", "POINT_X": 112.728832353, "POINT_Y": -7.281766564, "POINT_Z": 0.0 }, "geometry": { "type": "Point", "coordinates": [ 112.72883235300003, -7.281766563999952, 0.0 ] } },
{ "type": "Feature", "properties": { "OID_": 0, "Name": "TPS KEMLATEN", "FolderPath": "Data CCTV Usulan + 50 Jalur + Rencana 2026.kmz/CCTV KOMINFO 2025.kmz/CCTV KOMINFO/TPS", "Jenis": "CCTV Kominfo", "SubJenis": "CCTV Kominfo TPS", "POINT_X": 112.7080708, "POINT_Y": -7.330461122, "POINT_Z": 0.0 }, "geometry": { "type": "Point", "coordinates": [ 112.708070800000087, -7.330461121999974, 0.0 ] } },
{ "type": "Feature", "properties": { "OID_": 0, "Name": "TPS KENDAL SARI", "FolderPath": "Data CCTV Usulan + 50 Jalur + Rencana 2026.kmz/CCTV KOMINFO 2025.kmz/CCTV KOMINFO/TPS", "Jenis": "CCTV Kominfo", "SubJenis": "CCTV Kominfo TPS", "POINT_X": 112.784455335, "POINT_Y": -7.313116579, "POINT_Z": 0.0 }, "geometry": { "type": "Point", "coordinates": [ 112.784455335000075, -7.313116578999939, 0.0 ] } },
{ "type": "Feature", "properties": { "OID_": 0, "Name": "TPS KENDANGSARI", "FolderPath": "Data CCTV Usulan + 50 Jalur + Rencana 2026.kmz/CCTV KOMINFO 2025.kmz/CCTV KOMINFO/TPS", "Jenis": "CCTV Kominfo", "SubJenis": "CCTV Kominfo TPS", "POINT_X": 112.745951017, "POINT_Y": -7.329393231, "POINT_Z": 0.0 }, "geometry": { "type": "Point", "coordinates": [ 112.745951017000039, -7.329393230999926, 0.0 ] } },
{ "type": "Feature", "properties": { "OID_": 0, "Name": "TPS KENDUNG BDH", "FolderPath": "Data CCTV Usulan + 50 Jalur + Rencana 2026.kmz/CCTV KOMINFO 2025.kmz/CCTV KOMINFO/TPS", "Jenis": "CCTV Kominfo", "SubJenis": "CCTV Kominfo TPS", "POINT_X": 112.634923065, "POINT_Y": -7.256184984, "POINT_Z": 0.0 }, "geometry": { "type": "Point", "coordinates": [ 112.634923065000066, -7.256184983999958, 0.0 ] } },
{ "type": "Feature", "properties": { "OID_": 0, "Name": "TPS KENDUNG MAKAM", "FolderPath": "Data CCTV Usulan + 50 Jalur + Rencana 2026.kmz/CCTV KOMINFO 2025.kmz/CCTV KOMINFO/TPS", "Jenis": "CCTV Kominfo", "SubJenis": "CCTV Kominfo TPS", "POINT_X": 112.635466667, "POINT_Y": -7.247783333, "POINT_Z": 0.0 }, "geometry": { "type": "Point", "coordinates": [ 112.63546666700006, -7.247783332999973, 0.0 ] } },
{ "type": "Feature", "properties": { "OID_": 0, "Name": "TPS KERTOPATEN", "FolderPath": "Data CCTV Usulan + 50 Jalur + Rencana 2026.kmz/CCTV KOMINFO 2025.kmz/CCTV KOMINFO/TPS", "Jenis": "CCTV Kominfo", "SubJenis": "CCTV Kominfo TPS", "POINT_X": 112.743109483, "POINT_Y": -7.234644139, "POINT_Z": 0.0 }, "geometry": { "type": "Point", "coordinates": [ 112.743109483000012, -7.234644138999954, 0.0 ] } },
{ "type": "Feature", "properties": { "OID_": 0, "Name": "TPS KETINTANG BARU SELATAN", "FolderPath": "Data CCTV Usulan + 50 Jalur + Rencana 2026.kmz/CCTV KOMINFO 2025.kmz/CCTV KOMINFO/TPS", "Jenis": "CCTV Kominfo", "SubJenis": "CCTV Kominfo TPS", "POINT_X": 112.72626168799999, "POINT_Y": -7.325115398, "POINT_Z": 0.0 }, "geometry": { "type": "Point", "coordinates": [ 112.726261688000022, -7.32511539799998, 0.0 ] } },
{ "type": "Feature", "properties": { "OID_": 0, "Name": "TPS KLAKAH REJO", "FolderPath": "Data CCTV Usulan + 50 Jalur + Rencana 2026.kmz/CCTV KOMINFO 2025.kmz/CCTV KOMINFO/TPS", "Jenis": "CCTV Kominfo", "SubJenis": "CCTV Kominfo TPS", "POINT_X": 112.648694178, "POINT_Y": -7.253344859, "POINT_Z": 0.0 }, "geometry": { "type": "Point", "coordinates": [ 112.648694178000028, -7.253344858999981, 0.0 ] } },
{ "type": "Feature", "properties": { "OID_": 0, "Name": "TPS KLAMPIS", "FolderPath": "Data CCTV Usulan + 50 Jalur + Rencana 2026.kmz/CCTV KOMINFO 2025.kmz/CCTV KOMINFO/TPS", "Jenis": "CCTV Kominfo", "SubJenis": "CCTV Kominfo TPS", "POINT_X": 112.77625, "POINT_Y": -7.285733333, "POINT_Z": 0.0 }, "geometry": { "type": "Point", "coordinates": [ 112.77625, -7.285733332999939, 0.0 ] } },
{ "type": "Feature", "properties": { "OID_": 0, "Name": "TPS KREMBANGAN BARAT", "FolderPath": "Data CCTV Usulan + 50 Jalur + Rencana 2026.kmz/CCTV KOMINFO 2025.kmz/CCTV KOMINFO/TPS", "Jenis": "CCTV Kominfo", "SubJenis": "CCTV Kominfo TPS", "POINT_X": 112.73438448, "POINT_Y": -7.236382027, "POINT_Z": 0.0 }, "geometry": { "type": "Point", "coordinates": [ 112.734384480000017, -7.236382026999934, 0.0 ] } },
{ "type": "Feature", "properties": { "OID_": 0, "Name": "TPS KUTISARI PLN II", "FolderPath": "Data CCTV Usulan + 50 Jalur + Rencana 2026.kmz/CCTV KOMINFO 2025.kmz/CCTV KOMINFO/TPS", "Jenis": "CCTV Kominfo", "SubJenis": "CCTV Kominfo TPS", "POINT_X": 112.74731599099999, "POINT_Y": -7.340298733, "POINT_Z": 0.0 }, "geometry": { "type": "Point", "coordinates": [ 112.74731599100005, -7.340298732999941, 0.0 ] } },
{ "type": "Feature", "properties": { "OID_": 0, "Name": "TPS KUWUKAN", "FolderPath": "Data CCTV Usulan + 50 Jalur + Rencana 2026.kmz/CCTV KOMINFO 2025.kmz/CCTV KOMINFO/TPS", "Jenis": "CCTV Kominfo", "SubJenis": "CCTV Kominfo TPS", "POINT_X": 112.659226644, "POINT_Y": -7.276556846, "POINT_Z": 0.0 }, "geometry": { "type": "Point", "coordinates": [ 112.659226644000114, -7.276556845999949, 0.0 ] } },
{ "type": "Feature", "properties": { "OID_": 0, "Name": "TPS LANGKIR", "FolderPath": "Data CCTV Usulan + 50 Jalur + Rencana 2026.kmz/CCTV KOMINFO 2025.kmz/CCTV KOMINFO/TPS", "Jenis": "CCTV Kominfo", "SubJenis": "CCTV Kominfo TPS", "POINT_X": 112.626484471, "POINT_Y": -7.256369192, "POINT_Z": 0.0 }, "geometry": { "type": "Point", "coordinates": [ 112.626484471000026, -7.256369191999966, 0.0 ] } },
{ "type": "Feature", "properties": { "OID_": 0, "Name": "TPS LEGUNDI ANGGREK", "FolderPath": "Data CCTV Usulan + 50 Jalur + Rencana 2026.kmz/CCTV KOMINFO 2025.kmz/CCTV KOMINFO/TPS", "Jenis": "CCTV Kominfo", "SubJenis": "CCTV Kominfo TPS", "POINT_X": 112.75202858, "POINT_Y": -7.262166424, "POINT_Z": 0.0 }, "geometry": { "type": "Point", "coordinates": [ 112.752028580000115, -7.262166423999929, 0.0 ] } },
{ "type": "Feature", "properties": { "OID_": 0, "Name": "TPS LEMPUNG PERDANA", "FolderPath": "Data CCTV Usulan + 50 Jalur + Rencana 2026.kmz/CCTV KOMINFO 2025.kmz/CCTV KOMINFO/TPS", "Jenis": "CCTV Kominfo", "SubJenis": "CCTV Kominfo TPS", "POINT_X": 112.673390873, "POINT_Y": -7.265248772, "POINT_Z": 0.0 }, "geometry": { "type": "Point", "coordinates": [ 112.673390873000017, -7.26524877199995, 0.0 ] } },
{ "type": "Feature", "properties": { "OID_": 0, "Name": "TPS LIDAH KULON", "FolderPath": "Data CCTV Usulan + 50 Jalur + Rencana 2026.kmz/CCTV KOMINFO 2025.kmz/CCTV KOMINFO/TPS", "Jenis": "CCTV Kominfo", "SubJenis": "CCTV Kominfo TPS", "POINT_X": 112.652085861, "POINT_Y": -7.312302206, "POINT_Z": 0.0 }, "geometry": { "type": "Point", "coordinates": [ 112.652085861000046, -7.31230220599997, 0.0 ] } },
{ "type": "Feature", "properties": { "OID_": 0, "Name": "TPS MAKAM PENELEH", "FolderPath": "Data CCTV Usulan + 50 Jalur + Rencana 2026.kmz/CCTV KOMINFO 2025.kmz/CCTV KOMINFO/TPS", "Jenis": "CCTV Kominfo", "SubJenis": "CCTV Kominfo TPS", "POINT_X": 112.741402913, "POINT_Y": -7.252262349, "POINT_Z": 0.0 }, "geometry": { "type": "Point", "coordinates": [ 112.741402913000115, -7.252262348999977, 0.0 ] } },
{ "type": "Feature", "properties": { "OID_": 0, "Name": "TPS MANUKAN KULON", "FolderPath": "Data CCTV Usulan + 50 Jalur + Rencana 2026.kmz/CCTV KOMINFO 2025.kmz/CCTV KOMINFO/TPS", "Jenis": "CCTV Kominfo", "SubJenis": "CCTV Kominfo TPS", "POINT_X": 112.66201445, "POINT_Y": -7.26027959, "POINT_Z": 0.0 }, "geometry": { "type": "Point", "coordinates": [ 112.662014450000015, -7.260279589999925, 0.0 ] } },
{ "type": "Feature", "properties": { "OID_": 0, "Name": "TPS MANUKAN TELAGA", "FolderPath": "Data CCTV Usulan + 50 Jalur + Rencana 2026.kmz/CCTV KOMINFO 2025.kmz/CCTV KOMINFO/TPS", "Jenis": "CCTV Kominfo", "SubJenis": "CCTV Kominfo TPS", "POINT_X": 112.669337099, "POINT_Y": -7.260839495, "POINT_Z": 0.0 }, "geometry": { "type": "Point", "coordinates": [ 112.669337099000018, -7.260839494999971, 0.0 ] } },
{ "type": "Feature", "properties": { "OID_": 0, "Name": "TPS MATARAM UTARA", "FolderPath": "Data CCTV Usulan + 50 Jalur + Rencana 2026.kmz/CCTV KOMINFO 2025.kmz/CCTV KOMINFO/TPS", "Jenis": "CCTV Kominfo", "SubJenis": "CCTV Kominfo TPS", "POINT_X": 112.71513224900001, "POINT_Y": -7.275133278, "POINT_Z": 0.0 }, "geometry": { "type": "Point", "coordinates": [ 112.715132249000021, -7.275133277999942, 0.0 ] } },
{ "type": "Feature", "properties": { "OID_": 0, "Name": "TPS MEDOKAN AYU II", "FolderPath": "Data CCTV Usulan + 50 Jalur + Rencana 2026.kmz/CCTV KOMINFO 2025.kmz/CCTV KOMINFO/TPS", "Jenis": "CCTV Kominfo", "SubJenis": "CCTV Kominfo TPS", "POINT_X": 112.794180008, "POINT_Y": -7.325734464, "POINT_Z": 0.0 }, "geometry": { "type": "Point", "coordinates": [ 112.794180008000012, -7.325734463999936, 0.0 ] } },
{ "type": "Feature", "properties": { "OID_": 0, "Name": "TPS MEDOKAN SEMAMPIR", "FolderPath": "Data CCTV Usulan + 50 Jalur + Rencana 2026.kmz/CCTV KOMINFO 2025.kmz/CCTV KOMINFO/TPS", "Jenis": "CCTV Kominfo", "SubJenis": "CCTV Kominfo TPS", "POINT_X": 112.782785299, "POINT_Y": -7.307166781, "POINT_Z": 0.0 }, "geometry": { "type": "Point", "coordinates": [ 112.782785299000011, -7.307166780999978, 0.0 ] } },
{ "type": "Feature", "properties": { "OID_": 0, "Name": "TPS MEMET", "FolderPath": "Data CCTV Usulan + 50 Jalur + Rencana 2026.kmz/CCTV KOMINFO 2025.kmz/CCTV KOMINFO/TPS", "Jenis": "CCTV Kominfo", "SubJenis": "CCTV Kominfo TPS", "POINT_X": 112.790371314, "POINT_Y": -7.245497026, "POINT_Z": 0.0 }, "geometry": { "type": "Point", "coordinates": [ 112.790371314000026, -7.245497025999953, 0.0 ] } },
{ "type": "Feature", "properties": { "OID_": 0, "Name": "TPS MENANGGAL", "FolderPath": "Data CCTV Usulan + 50 Jalur + Rencana 2026.kmz/CCTV KOMINFO 2025.kmz/CCTV KOMINFO/TPS", "Jenis": "CCTV Kominfo", "SubJenis": "CCTV Kominfo TPS", "POINT_X": 112.72095, "POINT_Y": -7.336747222, "POINT_Z": 0.0 }, "geometry": { "type": "Point", "coordinates": [ 112.72095, -7.336747221999929, 0.0 ] } },
{ "type": "Feature", "properties": { "OID_": 0, "Name": "TPS MOJOARUM", "FolderPath": "Data CCTV Usulan + 50 Jalur + Rencana 2026.kmz/CCTV KOMINFO 2025.kmz/CCTV KOMINFO/TPS", "Jenis": "CCTV Kominfo", "SubJenis": "CCTV Kominfo TPS", "POINT_X": 112.774731929, "POINT_Y": -7.264018566, "POINT_Z": 0.0 }, "geometry": { "type": "Point", "coordinates": [ 112.774731929000041, -7.264018565999947, 0.0 ] } },
{ "type": "Feature", "properties": { "OID_": 0, "Name": "TPS MOROKREMBANGAN", "FolderPath": "Data CCTV Usulan + 50 Jalur + Rencana 2026.kmz/CCTV KOMINFO 2025.kmz/CCTV KOMINFO/TPS", "Jenis": "CCTV Kominfo", "SubJenis": "CCTV Kominfo TPS", "POINT_X": 112.71237351400001, "POINT_Y": -7.232507263, "POINT_Z": 0.0 }, "geometry": { "type": "Point", "coordinates": [ 112.712373514000092, -7.232507262999945, 0.0 ] } },
{ "type": "Feature", "properties": { "OID_": 0, "Name": "TPS MRUTU KALIANYAR II", "FolderPath": "Data CCTV Usulan + 50 Jalur + Rencana 2026.kmz/CCTV KOMINFO 2025.kmz/CCTV KOMINFO/TPS", "Jenis": "CCTV Kominfo", "SubJenis": "CCTV Kominfo TPS", "POINT_X": 112.754994672, "POINT_Y": -7.212907232, "POINT_Z": 0.0 }, "geometry": { "type": "Point", "coordinates": [ 112.754994672000066, -7.212907231999964, 0.0 ] } },
{ "type": "Feature", "properties": { "OID_": 0, "Name": "TPS NGAGEL", "FolderPath": "Data CCTV Usulan + 50 Jalur + Rencana 2026.kmz/CCTV KOMINFO 2025.kmz/CCTV KOMINFO/TPS", "Jenis": "CCTV Kominfo", "SubJenis": "CCTV Kominfo TPS", "POINT_X": 112.742319882, "POINT_Y": -7.293938891, "POINT_Z": 0.0 }, "geometry": { "type": "Point", "coordinates": [ 112.742319882000061, -7.293938890999925, 0.0 ] } },
{ "type": "Feature", "properties": { "OID_": 0, "Name": "TPS PAGESANGAN", "FolderPath": "Data CCTV Usulan + 50 Jalur + Rencana 2026.kmz/CCTV KOMINFO 2025.kmz/CCTV KOMINFO/TPS", "Jenis": "CCTV Kominfo", "SubJenis": "CCTV Kominfo TPS", "POINT_X": 112.713597345, "POINT_Y": -7.334862197, "POINT_Z": 0.0 }, "geometry": { "type": "Point", "coordinates": [ 112.713597345000039, -7.33486219699995, 0.0 ] } },
{ "type": "Feature", "properties": { "OID_": 0, "Name": "TPS PAKAL MADYA", "FolderPath": "Data CCTV Usulan + 50 Jalur + Rencana 2026.kmz/CCTV KOMINFO 2025.kmz/CCTV KOMINFO/TPS", "Jenis": "CCTV Kominfo", "SubJenis": "CCTV Kominfo TPS", "POINT_X": 112.617092738, "POINT_Y": -7.244711025, "POINT_Z": 0.0 }, "geometry": { "type": "Point", "coordinates": [ 112.61709273800011, -7.244711024999958, 0.0 ] } },
{ "type": "Feature", "properties": { "OID_": 0, "Name": "TPS PBI", "FolderPath": "Data CCTV Usulan + 50 Jalur + Rencana 2026.kmz/CCTV KOMINFO 2025.kmz/CCTV KOMINFO/TPS", "Jenis": "CCTV Kominfo", "SubJenis": "CCTV Kominfo TPS", "POINT_X": 112.628633796, "POINT_Y": -7.240600238, "POINT_Z": 0.0 }, "geometry": { "type": "Point", "coordinates": [ 112.628633796000031, -7.240600237999956, 0.0 ] } },
{ "type": "Feature", "properties": { "OID_": 0, "Name": "TPS PESAPEN POMPA", "FolderPath": "Data CCTV Usulan + 50 Jalur + Rencana 2026.kmz/CCTV KOMINFO 2025.kmz/CCTV KOMINFO/TPS", "Jenis": "CCTV Kominfo", "SubJenis": "CCTV Kominfo TPS", "POINT_X": 112.731103847, "POINT_Y": -7.232440318, "POINT_Z": 0.0 }, "geometry": { "type": "Point", "coordinates": [ 112.731103847000099, -7.232440317999931, 0.0 ] } },
{ "type": "Feature", "properties": { "OID_": 0, "Name": "TPS PETEMON KUBURAN", "FolderPath": "Data CCTV Usulan + 50 Jalur + Rencana 2026.kmz/CCTV KOMINFO 2025.kmz/CCTV KOMINFO/TPS", "Jenis": "CCTV Kominfo", "SubJenis": "CCTV Kominfo TPS", "POINT_X": 112.726175678, "POINT_Y": -7.267331904, "POINT_Z": 0.0 }, "geometry": { "type": "Point", "coordinates": [ 112.726175678000118, -7.267331903999946, 0.0 ] } },
{ "type": "Feature", "properties": { "OID_": 0, "Name": "TPS PETOJO", "FolderPath": "Data CCTV Usulan + 50 Jalur + Rencana 2026.kmz/CCTV KOMINFO 2025.kmz/CCTV KOMINFO/TPS", "Jenis": "CCTV Kominfo", "SubJenis": "CCTV Kominfo TPS", "POINT_X": 112.756066667, "POINT_Y": -7.26375, "POINT_Z": 0.0 }, "geometry": { "type": "Point", "coordinates": [ 112.756066667000027, -7.26375, 0.0 ] } },
{ "type": "Feature", "properties": { "OID_": 0, "Name": "TPS PIRNGADI", "FolderPath": "Data CCTV Usulan + 50 Jalur + Rencana 2026.kmz/CCTV KOMINFO 2025.kmz/CCTV KOMINFO/TPS", "Jenis": "CCTV Kominfo", "SubJenis": "CCTV Kominfo TPS", "POINT_X": 112.733183333, "POINT_Y": -7.252483333, "POINT_Z": 0.0 }, "geometry": { "type": "Point", "coordinates": [ 112.733183333000056, -7.25248333299993, 0.0 ] } },
{ "type": "Feature", "properties": { "OID_": 0, "Name": "TPS PLATUK DONOMULYO", "FolderPath": "Data CCTV Usulan + 50 Jalur + Rencana 2026.kmz/CCTV KOMINFO 2025.kmz/CCTV KOMINFO/TPS", "Jenis": "CCTV Kominfo", "SubJenis": "CCTV Kominfo TPS", "POINT_X": 112.768290355, "POINT_Y": -7.219515837, "POINT_Z": 0.0 }, "geometry": { "type": "Point", "coordinates": [ 112.76829035500009, -7.21951583699996, 0.0 ] } },
{ "type": "Feature", "properties": { "OID_": 0, "Name": "TPS PODOMORO", "FolderPath": "Data CCTV Usulan + 50 Jalur + Rencana 2026.kmz/CCTV KOMINFO 2025.kmz/CCTV KOMINFO/TPS", "Jenis": "CCTV Kominfo", "SubJenis": "CCTV Kominfo TPS", "POINT_X": 112.766010722, "POINT_Y": -7.21734072, "POINT_Z": 0.0 }, "geometry": { "type": "Point", "coordinates": [ 112.766010722000033, -7.217340719999982, 0.0 ] } },
{ "type": "Feature", "properties": { "OID_": 0, "Name": "TPS PONDOK MANGGALA", "FolderPath": "Data CCTV Usulan + 50 Jalur + Rencana 2026.kmz/CCTV KOMINFO 2025.kmz/CCTV KOMINFO/TPS", "Jenis": "CCTV Kominfo", "SubJenis": "CCTV Kominfo TPS", "POINT_X": 112.682777778, "POINT_Y": -7.327361111, "POINT_Z": 0.0 }, "geometry": { "type": "Point", "coordinates": [ 112.682777778000059, -7.327361110999959, 0.0 ] } },
{ "type": "Feature", "properties": { "OID_": 0, "Name": "TPS PRADAH KALI KENDAL", "FolderPath": "Data CCTV Usulan + 50 Jalur + Rencana 2026.kmz/CCTV KOMINFO 2025.kmz/CCTV KOMINFO/TPS", "Jenis": "CCTV Kominfo", "SubJenis": "CCTV Kominfo TPS", "POINT_X": 112.693695269, "POINT_Y": -7.27923846, "POINT_Z": 0.0 }, "geometry": { "type": "Point", "coordinates": [ 112.693695269000045, -7.279238459999931, 0.0 ] } },
{ "type": "Feature", "properties": { "OID_": 0, "Name": "TPS PRAPEN 88", "FolderPath": "Data CCTV Usulan + 50 Jalur + Rencana 2026.kmz/CCTV KOMINFO 2025.kmz/CCTV KOMINFO/TPS", "Jenis": "CCTV Kominfo", "SubJenis": "CCTV Kominfo TPS", "POINT_X": 112.753427797, "POINT_Y": -7.316045445, "POINT_Z": 0.0 }, "geometry": { "type": "Point", "coordinates": [ 112.753427797000086, -7.316045444999929, 0.0 ] } },
{ "type": "Feature", "properties": { "OID_": 0, "Name": "TPS PS. BENOWO", "FolderPath": "Data CCTV Usulan + 50 Jalur + Rencana 2026.kmz/CCTV KOMINFO 2025.kmz/CCTV KOMINFO/TPS", "Jenis": "CCTV Kominfo", "SubJenis": "CCTV Kominfo TPS", "POINT_X": 112.611583333, "POINT_Y": -7.234166667, "POINT_Z": 0.0 }, "geometry": { "type": "Point", "coordinates": [ 112.611583333000112, -7.234166666999954, 0.0 ] } },
{ "type": "Feature", "properties": { "OID_": 0, "Name": "TPS PS.BERAS BENDUL MERISI", "FolderPath": "Data CCTV Usulan + 50 Jalur + Rencana 2026.kmz/CCTV KOMINFO 2025.kmz/CCTV KOMINFO/TPS", "Jenis": "CCTV Kominfo", "SubJenis": "CCTV Kominfo TPS", "POINT_X": 112.73809852700001, "POINT_Y": -7.304501389, "POINT_Z": 0.0 }, "geometry": { "type": "Point", "coordinates": [ 112.738098527000034, -7.304501388999938, 0.0 ] } },
{ "type": "Feature", "properties": { "OID_": 0, "Name": "TPS PS.GUBENG MASJID", "FolderPath": "Data CCTV Usulan + 50 Jalur + Rencana 2026.kmz/CCTV KOMINFO 2025.kmz/CCTV KOMINFO/TPS", "Jenis": "CCTV Kominfo", "SubJenis": "CCTV Kominfo TPS", "POINT_X": 112.752549411, "POINT_Y": -7.267688841, "POINT_Z": 0.0 }, "geometry": { "type": "Point", "coordinates": [ 112.752549411000018, -7.267688840999938, 0.0 ] } },
{ "type": "Feature", "properties": { "OID_": 0, "Name": "TPS PS.KEDURUS", "FolderPath": "Data CCTV Usulan + 50 Jalur + Rencana 2026.kmz/CCTV KOMINFO 2025.kmz/CCTV KOMINFO/TPS", "Jenis": "CCTV Kominfo", "SubJenis": "CCTV Kominfo TPS", "POINT_X": 112.705798433, "POINT_Y": -7.320474778, "POINT_Z": 0.0 }, "geometry": { "type": "Point", "coordinates": [ 112.705798433000041, -7.320474777999948, 0.0 ] } },
{ "type": "Feature", "properties": { "OID_": 0, "Name": "TPS PS.KEMBANG", "FolderPath": "Data CCTV Usulan + 50 Jalur + Rencana 2026.kmz/CCTV KOMINFO 2025.kmz/CCTV KOMINFO/TPS", "Jenis": "CCTV Kominfo", "SubJenis": "CCTV Kominfo TPS", "POINT_X": 112.729139244, "POINT_Y": -7.269063621, "POINT_Z": 0.0 }, "geometry": { "type": "Point", "coordinates": [ 112.729139244000066, -7.26906362099993, 0.0 ] } },
{ "type": "Feature", "properties": { "OID_": 0, "Name": "TPS PS.KEPUTRAN UTARA II", "FolderPath": "Data CCTV Usulan + 50 Jalur + Rencana 2026.kmz/CCTV KOMINFO 2025.kmz/CCTV KOMINFO/TPS", "Jenis": "CCTV Kominfo", "SubJenis": "CCTV Kominfo TPS", "POINT_X": 112.743457873, "POINT_Y": -7.274492031, "POINT_Z": 0.0 }, "geometry": { "type": "Point", "coordinates": [ 112.743457873000011, -7.274492030999966, 0.0 ] } },
{ "type": "Feature", "properties": { "OID_": 0, "Name": "TPS PS.PACAR KELING", "FolderPath": "Data CCTV Usulan + 50 Jalur + Rencana 2026.kmz/CCTV KOMINFO 2025.kmz/CCTV KOMINFO/TPS", "Jenis": "CCTV Kominfo", "SubJenis": "CCTV Kominfo TPS", "POINT_X": 112.7586, "POINT_Y": -7.260616667, "POINT_Z": 0.0 }, "geometry": { "type": "Point", "coordinates": [ 112.758600000000115, -7.260616666999965, 0.0 ] } },
{ "type": "Feature", "properties": { "OID_": 0, "Name": "TPS PS.SIMOLAWANG", "FolderPath": "Data CCTV Usulan + 50 Jalur + Rencana 2026.kmz/CCTV KOMINFO 2025.kmz/CCTV KOMINFO/TPS", "Jenis": "CCTV Kominfo", "SubJenis": "CCTV Kominfo TPS", "POINT_X": 112.75354270299999, "POINT_Y": -7.237608809, "POINT_Z": 0.0 }, "geometry": { "type": "Point", "coordinates": [ 112.753542703000107, -7.237608808999937, 0.0 ] } },
{ "type": "Feature", "properties": { "OID_": 0, "Name": "TPS PS.WIYUNG", "FolderPath": "Data CCTV Usulan + 50 Jalur + Rencana 2026.kmz/CCTV KOMINFO 2025.kmz/CCTV KOMINFO/TPS", "Jenis": "CCTV Kominfo", "SubJenis": "CCTV Kominfo TPS", "POINT_X": 112.695449587, "POINT_Y": -7.314028201, "POINT_Z": 0.0 }, "geometry": { "type": "Point", "coordinates": [ 112.695449587000098, -7.314028200999928, 0.0 ] } },
{ "type": "Feature", "properties": { "OID_": 0, "Name": "TPS PURIMAS", "FolderPath": "Data CCTV Usulan + 50 Jalur + Rencana 2026.kmz/CCTV KOMINFO 2025.kmz/CCTV KOMINFO/TPS", "Jenis": "CCTV Kominfo", "SubJenis": "CCTV Kominfo TPS", "POINT_X": 112.78579519199999, "POINT_Y": -7.34088076, "POINT_Z": 0.0 }, "geometry": { "type": "Point", "coordinates": [ 112.785795192000023, -7.340880759999948, 0.0 ] } },
{ "type": "Feature", "properties": { "OID_": 0, "Name": "TPS PUTAT GEDE", "FolderPath": "Data CCTV Usulan + 50 Jalur + Rencana 2026.kmz/CCTV KOMINFO 2025.kmz/CCTV KOMINFO/TPS", "Jenis": "CCTV Kominfo", "SubJenis": "CCTV Kominfo TPS", "POINT_X": 112.701712562, "POINT_Y": -7.285214348, "POINT_Z": 0.0 }, "geometry": { "type": "Point", "coordinates": [ 112.701712562000012, -7.285214347999954, 0.0 ] } },
{ "type": "Feature", "properties": { "OID_": 0, "Name": "TPS ROMO KALISARI", "FolderPath": "Data CCTV Usulan + 50 Jalur + Rencana 2026.kmz/CCTV KOMINFO 2025.kmz/CCTV KOMINFO/TPS", "Jenis": "CCTV Kominfo", "SubJenis": "CCTV Kominfo TPS", "POINT_X": 112.64696836, "POINT_Y": -7.197497041, "POINT_Z": 0.0 }, "geometry": { "type": "Point", "coordinates": [ 112.646968360000074, -7.197497040999963, 0.0 ] } },
{ "type": "Feature", "properties": { "OID_": 0, "Name": "TPS RUNGKUT ALANG ALANG", "FolderPath": "Data CCTV Usulan + 50 Jalur + Rencana 2026.kmz/CCTV KOMINFO 2025.kmz/CCTV KOMINFO/TPS", "Jenis": "CCTV Kominfo", "SubJenis": "CCTV Kominfo TPS", "POINT_X": 112.771911903, "POINT_Y": -7.322283818, "POINT_Z": 0.0 }, "geometry": { "type": "Point", "coordinates": [ 112.771911903000046, -7.32228381799996, 0.0 ] } },
{ "type": "Feature", "properties": { "OID_": 0, "Name": "TPS RUNGKUT ASRI", "FolderPath": "Data CCTV Usulan + 50 Jalur + Rencana 2026.kmz/CCTV KOMINFO 2025.kmz/CCTV KOMINFO/TPS", "Jenis": "CCTV Kominfo", "SubJenis": "CCTV Kominfo TPS", "POINT_X": 112.779929646, "POINT_Y": -7.327264077, "POINT_Z": 0.0 }, "geometry": { "type": "Point", "coordinates": [ 112.779929646000028, -7.327264076999938, 0.0 ] } },
{ "type": "Feature", "properties": { "OID_": 0, "Name": "TPS RUNGKUT KIDUL II", "FolderPath": "Data CCTV Usulan + 50 Jalur + Rencana 2026.kmz/CCTV KOMINFO 2025.kmz/CCTV KOMINFO/TPS", "Jenis": "CCTV Kominfo", "SubJenis": "CCTV Kominfo TPS", "POINT_X": 112.771334696, "POINT_Y": -7.331276051, "POINT_Z": 0.0 }, "geometry": { "type": "Point", "coordinates": [ 112.771334696000054, -7.331276050999975, 0.0 ] } },
{ "type": "Feature", "properties": { "OID_": 0, "Name": "TPS RUNGKUT MENANGGAL", "FolderPath": "Data CCTV Usulan + 50 Jalur + Rencana 2026.kmz/CCTV KOMINFO 2025.kmz/CCTV KOMINFO/TPS", "Jenis": "CCTV Kominfo", "SubJenis": "CCTV Kominfo TPS", "POINT_X": 112.777704812, "POINT_Y": -7.339171797, "POINT_Z": 0.0 }, "geometry": { "type": "Point", "coordinates": [ 112.777704812000025, -7.339171796999949, 0.0 ] } },
{ "type": "Feature", "properties": { "OID_": 0, "Name": "TPS RUSUN WARU GUNUNG", "FolderPath": "Data CCTV Usulan + 50 Jalur + Rencana 2026.kmz/CCTV KOMINFO 2025.kmz/CCTV KOMINFO/TPS", "Jenis": "CCTV Kominfo", "SubJenis": "CCTV Kominfo TPS", "POINT_X": 112.665237121, "POINT_Y": -7.342344898, "POINT_Z": 0.0 }, "geometry": { "type": "Point", "coordinates": [ 112.665237121000018, -7.342344897999965, 0.0 ] } },
{ "type": "Feature", "properties": { "OID_": 0, "Name": "TPS SIMOHILIR", "FolderPath": "Data CCTV Usulan + 50 Jalur + Rencana 2026.kmz/CCTV KOMINFO 2025.kmz/CCTV KOMINFO/TPS", "Jenis": "CCTV Kominfo", "SubJenis": "CCTV Kominfo TPS", "POINT_X": 112.705383333, "POINT_Y": -7.274366667, "POINT_Z": 0.0 }, "geometry": { "type": "Point", "coordinates": [ 112.7053833330001, -7.274366666999981, 0.0 ] } },
{ "type": "Feature", "properties": { "OID_": 0, "Name": "TPS SIMPANG DUKUH", "FolderPath": "Data CCTV Usulan + 50 Jalur + Rencana 2026.kmz/CCTV KOMINFO 2025.kmz/CCTV KOMINFO/TPS", "Jenis": "CCTV Kominfo", "SubJenis": "CCTV Kominfo TPS", "POINT_X": 112.742220215, "POINT_Y": -7.260476169, "POINT_Z": 0.0 }, "geometry": { "type": "Point", "coordinates": [ 112.742220215000089, -7.260476168999958, 0.0 ] } },
{ "type": "Feature", "properties": { "OID_": 0, "Name": "TPS SIWALANKERTO LANDASAN", "FolderPath": "Data CCTV Usulan + 50 Jalur + Rencana 2026.kmz/CCTV KOMINFO 2025.kmz/CCTV KOMINFO/TPS", "Jenis": "CCTV Kominfo", "SubJenis": "CCTV Kominfo TPS", "POINT_X": 112.72963194099999, "POINT_Y": -7.341054764, "POINT_Z": 0.0 }, "geometry": { "type": "Point", "coordinates": [ 112.729631941000093, -7.341054763999978, 0.0 ] } },
{ "type": "Feature", "properties": { "OID_": 0, "Name": "TPS SONOKWIJENAN", "FolderPath": "Data CCTV Usulan + 50 Jalur + Rencana 2026.kmz/CCTV KOMINFO 2025.kmz/CCTV KOMINFO/TPS", "Jenis": "CCTV Kominfo", "SubJenis": "CCTV Kominfo TPS", "POINT_X": 112.698058566, "POINT_Y": -7.277029017, "POINT_Z": 0.0 }, "geometry": { "type": "Point", "coordinates": [ 112.6980585660001, -7.277029016999961, 0.0 ] } },
{ "type": "Feature", "properties": { "OID_": 0, "Name": "TPS SRIKANA", "FolderPath": "Data CCTV Usulan + 50 Jalur + Rencana 2026.kmz/CCTV KOMINFO 2025.kmz/CCTV KOMINFO/TPS", "Jenis": "CCTV Kominfo", "SubJenis": "CCTV Kominfo TPS", "POINT_X": 112.730988889, "POINT_Y": -7.265266667, "POINT_Z": 0.0 }, "geometry": { "type": "Point", "coordinates": [ 112.730988889000059, -7.265266666999935, 0.0 ] } },
{ "type": "Feature", "properties": { "OID_": 0, "Name": "TPS SUKOMANUNGGAL", "FolderPath": "Data CCTV Usulan + 50 Jalur + Rencana 2026.kmz/CCTV KOMINFO 2025.kmz/CCTV KOMINFO/TPS", "Jenis": "CCTV Kominfo", "SubJenis": "CCTV Kominfo TPS", "POINT_X": 112.697154466, "POINT_Y": -7.264433149, "POINT_Z": 0.0 }, "geometry": { "type": "Point", "coordinates": [ 112.697154466000029, -7.264433148999956, 0.0 ] } },
{ "type": "Feature", "properties": { "OID_": 0, "Name": "TPS SULUNG", "FolderPath": "Data CCTV Usulan + 50 Jalur + Rencana 2026.kmz/CCTV KOMINFO 2025.kmz/CCTV KOMINFO/TPS", "Jenis": "CCTV Kominfo", "SubJenis": "CCTV Kominfo TPS", "POINT_X": 112.742461999, "POINT_Y": -7.244231049, "POINT_Z": 0.0 }, "geometry": { "type": "Point", "coordinates": [ 112.742461999000056, -7.24423104899995, 0.0 ] } },
{ "type": "Feature", "properties": { "OID_": 0, "Name": "TPS SUMBEREJO", "FolderPath": "Data CCTV Usulan + 50 Jalur + Rencana 2026.kmz/CCTV KOMINFO 2025.kmz/CCTV KOMINFO/TPS", "Jenis": "CCTV Kominfo", "SubJenis": "CCTV Kominfo TPS", "POINT_X": 112.60118896199999, "POINT_Y": -7.226177824, "POINT_Z": 0.0 }, "geometry": { "type": "Point", "coordinates": [ 112.601188962000037, -7.226177823999933, 0.0 ] } },
{ "type": "Feature", "properties": { "OID_": 0, "Name": "TPS SUTOREJO", "FolderPath": "Data CCTV Usulan + 50 Jalur + Rencana 2026.kmz/CCTV KOMINFO 2025.kmz/CCTV KOMINFO/TPS", "Jenis": "CCTV Kominfo", "SubJenis": "CCTV Kominfo TPS", "POINT_X": 112.794784681, "POINT_Y": -7.258225788, "POINT_Z": 0.0 }, "geometry": { "type": "Point", "coordinates": [ 112.79478468100001, -7.258225787999947, 0.0 ] } },
{ "type": "Feature", "properties": { "OID_": 0, "Name": "TPS TAMAN KETAMPON", "FolderPath": "Data CCTV Usulan + 50 Jalur + Rencana 2026.kmz/CCTV KOMINFO 2025.kmz/CCTV KOMINFO/TPS", "Jenis": "CCTV Kominfo", "SubJenis": "CCTV Kominfo TPS", "POINT_X": 112.7369325, "POINT_Y": -7.287955153, "POINT_Z": 0.0 }, "geometry": { "type": "Point", "coordinates": [ 112.73693250000008, -7.287955152999928, 0.0 ] } },
{ "type": "Feature", "properties": { "OID_": 0, "Name": "TPS TAMBAK ASRI", "FolderPath": "Data CCTV Usulan + 50 Jalur + Rencana 2026.kmz/CCTV KOMINFO 2025.kmz/CCTV KOMINFO/TPS", "Jenis": "CCTV Kominfo", "SubJenis": "CCTV Kominfo TPS", "POINT_X": 112.713887731, "POINT_Y": -7.239806969, "POINT_Z": 0.0 }, "geometry": { "type": "Point", "coordinates": [ 112.713887731000113, -7.239806968999972, 0.0 ] } },
{ "type": "Feature", "properties": { "OID_": 0, "Name": "TPS TAMBAK DERES", "FolderPath": "Data CCTV Usulan + 50 Jalur + Rencana 2026.kmz/CCTV KOMINFO 2025.kmz/CCTV KOMINFO/TPS", "Jenis": "CCTV Kominfo", "SubJenis": "CCTV Kominfo TPS", "POINT_X": 112.785536124, "POINT_Y": -7.231095288, "POINT_Z": 0.0 }, "geometry": { "type": "Point", "coordinates": [ 112.785536124000032, -7.231095287999949, 0.0 ] } },
{ "type": "Feature", "properties": { "OID_": 0, "Name": "TPS TAMBAK REJO", "FolderPath": "Data CCTV Usulan + 50 Jalur + Rencana 2026.kmz/CCTV KOMINFO 2025.kmz/CCTV KOMINFO/TPS", "Jenis": "CCTV Kominfo", "SubJenis": "CCTV Kominfo TPS", "POINT_X": 112.75996598, "POINT_Y": -7.243104755, "POINT_Z": 0.0 }, "geometry": { "type": "Point", "coordinates": [ 112.759965980000061, -7.243104754999933, 0.0 ] } },
{ "type": "Feature", "properties": { "OID_": 0, "Name": "TPS TANJUNG SADARI", "FolderPath": "Data CCTV Usulan + 50 Jalur + Rencana 2026.kmz/CCTV KOMINFO 2025.kmz/CCTV KOMINFO/TPS", "Jenis": "CCTV Kominfo", "SubJenis": "CCTV Kominfo TPS", "POINT_X": 112.721941411, "POINT_Y": -7.228415898, "POINT_Z": 0.0 }, "geometry": { "type": "Point", "coordinates": [ 112.721941411000103, -7.22841589799998, 0.0 ] } },
{ "type": "Feature", "properties": { "OID_": 0, "Name": "TPS TENGGILIS MEJOYO", "FolderPath": "Data CCTV Usulan + 50 Jalur + Rencana 2026.kmz/CCTV KOMINFO 2025.kmz/CCTV KOMINFO/TPS", "Jenis": "CCTV Kominfo", "SubJenis": "CCTV Kominfo TPS", "POINT_X": 112.76363888900001, "POINT_Y": -7.317972222, "POINT_Z": 0.0 }, "geometry": { "type": "Point", "coordinates": [ 112.763638889000049, -7.31797222199998, 0.0 ] } },
{ "type": "Feature", "properties": { "OID_": 0, "Name": "TPS TENGGILIS UTARA", "FolderPath": "Data CCTV Usulan + 50 Jalur + Rencana 2026.kmz/CCTV KOMINFO 2025.kmz/CCTV KOMINFO/TPS", "Jenis": "CCTV Kominfo", "SubJenis": "CCTV Kominfo TPS", "POINT_X": 112.75418333, "POINT_Y": -7.318266556, "POINT_Z": 0.0 }, "geometry": { "type": "Point", "coordinates": [ 112.754183330000046, -7.318266555999969, 0.0 ] } },
{ "type": "Feature", "properties": { "OID_": 0, "Name": "TPS THP KENJERAN", "FolderPath": "Data CCTV Usulan + 50 Jalur + Rencana 2026.kmz/CCTV KOMINFO 2025.kmz/CCTV KOMINFO/TPS", "Jenis": "CCTV Kominfo", "SubJenis": "CCTV Kominfo TPS", "POINT_X": 112.795248435, "POINT_Y": -7.238195685, "POINT_Z": 0.0 }, "geometry": { "type": "Point", "coordinates": [ 112.795248435000076, -7.238195684999937, 0.0 ] } },
{ "type": "Feature", "properties": { "OID_": 0, "Name": "TPS TUBANAN", "FolderPath": "Data CCTV Usulan + 50 Jalur + Rencana 2026.kmz/CCTV KOMINFO 2025.kmz/CCTV KOMINFO/TPS", "Jenis": "CCTV Kominfo", "SubJenis": "CCTV Kominfo TPS", "POINT_X": 112.684288366, "POINT_Y": -7.275498943, "POINT_Z": 0.0 }, "geometry": { "type": "Point", "coordinates": [ 112.684288366000033, -7.275498942999945, 0.0 ] } },
{ "type": "Feature", "properties": { "OID_": 0, "Name": "TPS UNESA", "FolderPath": "Data CCTV Usulan + 50 Jalur + Rencana 2026.kmz/CCTV KOMINFO 2025.kmz/CCTV KOMINFO/TPS", "Jenis": "CCTV Kominfo", "SubJenis": "CCTV Kominfo TPS", "POINT_X": 112.67416476, "POINT_Y": -7.305208567, "POINT_Z": 0.0 }, "geometry": { "type": "Point", "coordinates": [ 112.674164760000053, -7.305208566999966, 0.0 ] } },
{ "type": "Feature", "properties": { "OID_": 0, "Name": "TPS WIGUNA TIMUR", "FolderPath": "Data CCTV Usulan + 50 Jalur + Rencana 2026.kmz/CCTV KOMINFO 2025.kmz/CCTV KOMINFO/TPS", "Jenis": "CCTV Kominfo", "SubJenis": "CCTV Kominfo TPS", "POINT_X": 112.803749908, "POINT_Y": -7.337416605, "POINT_Z": 0.0 }, "geometry": { "type": "Point", "coordinates": [ 112.8037499080001, -7.33741660499993, 0.0 ] } },
{ "type": "Feature", "properties": { "OID_": 0, "Name": "TPS WISMA PERMAI II", "FolderPath": "Data CCTV Usulan + 50 Jalur + Rencana 2026.kmz/CCTV KOMINFO 2025.kmz/CCTV KOMINFO/TPS", "Jenis": "CCTV Kominfo", "SubJenis": "CCTV Kominfo TPS", "POINT_X": 112.797095079, "POINT_Y": -7.273904604, "POINT_Z": 0.0 }, "geometry": { "type": "Point", "coordinates": [ 112.797095079000087, -7.273904603999938, 0.0 ] } },
{ "type": "Feature", "properties": { "OID_": 0, "Name": "TPS WONOBOYO", "FolderPath": "Data CCTV Usulan + 50 Jalur + Rencana 2026.kmz/CCTV KOMINFO 2025.kmz/CCTV KOMINFO/TPS", "Jenis": "CCTV Kominfo", "SubJenis": "CCTV Kominfo TPS", "POINT_X": 112.72808691199999, "POINT_Y": -7.294425205, "POINT_Z": 0.0 }, "geometry": { "type": "Point", "coordinates": [ 112.728086912000094, -7.294425204999925, 0.0 ] } },
{ "type": "Feature", "properties": { "OID_": 0, "Name": "TPS WONOKUSUMO KIDUL", "FolderPath": "Data CCTV Usulan + 50 Jalur + Rencana 2026.kmz/CCTV KOMINFO 2025.kmz/CCTV KOMINFO/TPS", "Jenis": "CCTV Kominfo", "SubJenis": "CCTV Kominfo TPS", "POINT_X": 112.752225908, "POINT_Y": -7.225537847, "POINT_Z": 0.0 }, "geometry": { "type": "Point", "coordinates": [ 112.752225908000014, -7.225537846999941, 0.0 ] } },
{ "type": "Feature", "properties": { "OID_": 0, "Name": "TPS WONOREJO", "FolderPath": "Data CCTV Usulan + 50 Jalur + Rencana 2026.kmz/CCTV KOMINFO 2025.kmz/CCTV KOMINFO/TPS", "Jenis": "CCTV Kominfo", "SubJenis": "CCTV Kominfo TPS", "POINT_X": 112.790672023, "POINT_Y": -7.312082773, "POINT_Z": 0.0 }, "geometry": { "type": "Point", "coordinates": [ 112.79067202300007, -7.312082772999929, 0.0 ] } },
{ "type": "Feature", "properties": { "OID_": 0, "Name": "TPS YANI GOLF", "FolderPath": "Data CCTV Usulan + 50 Jalur + Rencana 2026.kmz/CCTV KOMINFO 2025.kmz/CCTV KOMINFO/TPS", "Jenis": "CCTV Kominfo", "SubJenis": "CCTV Kominfo TPS", "POINT_X": 112.707092952, "POINT_Y": -7.305713074, "POINT_Z": 0.0 }, "geometry": { "type": "Point", "coordinates": [ 112.707092952000039, -7.305713073999925, 0.0 ] } },
{ "type": "Feature", "properties": { "OID_": 0, "Name": "A YANI JEMURSARI", "FolderPath": "Data CCTV Usulan + 50 Jalur + Rencana 2026.kmz/CCTV DISHUB 2025/SELATAN", "Jenis": "CCTV Dishub 2025", "SubJenis": "CCTV Dishub 2025 Selatan", "POINT_X": 112.73158707499999, "POINT_Y": -7.327090607, "POINT_Z": 0.0 }, "geometry": { "type": "Point", "coordinates": [ 112.731587075000107, -7.327090606999946, 0.0 ] } },
{ "type": "Feature", "properties": { "OID_": 0, "Name": "BUNDARAN WARU", "FolderPath": "Data CCTV Usulan + 50 Jalur + Rencana 2026.kmz/CCTV DISHUB 2025/SELATAN", "Jenis": "CCTV Dishub 2025", "SubJenis": "CCTV Dishub 2025 Selatan", "POINT_X": 112.72927354799999, "POINT_Y": -7.345999083, "POINT_Z": 0.0 }, "geometry": { "type": "Point", "coordinates": [ 112.729273548000037, -7.345999082999981, 0.0 ] } },
{ "type": "Feature", "properties": { "OID_": 0, "Name": "BUNDARAN WARU ARAH TOL", "FolderPath": "Data CCTV Usulan + 50 Jalur + Rencana 2026.kmz/CCTV DISHUB 2025/SELATAN", "Jenis": "CCTV Dishub 2025", "SubJenis": "CCTV Dishub 2025 Selatan", "POINT_X": 112.727601691, "POINT_Y": -7.347538184, "POINT_Z": 0.0 }, "geometry": { "type": "Point", "coordinates": [ 112.727601691000018, -7.347538183999973, 0.0 ] } },
{ "type": "Feature", "properties": { "OID_": 0, "Name": "BUNDARAN WARU SPC", "FolderPath": "Data CCTV Usulan + 50 Jalur + Rencana 2026.kmz/CCTV DISHUB 2025/SELATAN", "Jenis": "CCTV Dishub 2025", "SubJenis": "CCTV Dishub 2025 Selatan", "POINT_X": 112.727750142, "POINT_Y": -7.347645951, "POINT_Z": 0.0 }, "geometry": { "type": "Point", "coordinates": [ 112.727750142000104, -7.347645950999947, 0.0 ] } },
{ "type": "Feature", "properties": { "OID_": 0, "Name": "BUNDARAN WARU CITO", "FolderPath": "Data CCTV Usulan + 50 Jalur + Rencana 2026.kmz/CCTV DISHUB 2025/SELATAN", "Jenis": "CCTV Dishub 2025", "SubJenis": "CCTV Dishub 2025 Selatan", "POINT_X": 112.729048105, "POINT_Y": -7.34584718, "POINT_Z": 0.0 }, "geometry": { "type": "Point", "coordinates": [ 112.729048105000061, -7.345847179999964, 0.0 ] } },
{ "type": "Feature", "properties": { "OID_": 0, "Name": "DUKUH MENANGGAL WARU", "FolderPath": "Data CCTV Usulan + 50 Jalur + Rencana 2026.kmz/CCTV DISHUB 2025/SELATAN", "Jenis": "CCTV Dishub 2025", "SubJenis": "CCTV Dishub 2025 Selatan", "POINT_X": 112.725021199, "POINT_Y": -7.346735913, "POINT_Z": 0.0 }, "geometry": { "type": "Point", "coordinates": [ 112.725021199000025, -7.346735912999975, 0.0 ] } },
{ "type": "Feature", "properties": { "OID_": 0, "Name": "A YANI DOLOG", "FolderPath": "Data CCTV Usulan + 50 Jalur + Rencana 2026.kmz/CCTV DISHUB 2025/SELATAN", "Jenis": "CCTV Dishub 2025", "SubJenis": "CCTV Dishub 2025 Selatan", "POINT_X": 112.73158818500001, "POINT_Y": -7.326476112, "POINT_Z": 0.0 }, "geometry": { "type": "Point", "coordinates": [ 112.731588185000078, -7.326476111999966, 0.0 ] } },
{ "type": "Feature", "properties": { "OID_": 0, "Name": "TAMAN PELANGI DOLOG PTZ", "FolderPath": "Data CCTV Usulan + 50 Jalur + Rencana 2026.kmz/CCTV DISHUB 2025/SELATAN", "Jenis": "CCTV Dishub 2025", "SubJenis": "CCTV Dishub 2025 Selatan", "POINT_X": 112.730986122, "POINT_Y": -7.326682604, "POINT_Z": 0.0 }, "geometry": { "type": "Point", "coordinates": [ 112.730986122000104, -7.326682603999927, 0.0 ] } },
{ "type": "Feature", "properties": { "OID_": 0, "Name": "A YANI TAMAN PELANGI", "FolderPath": "Data CCTV Usulan + 50 Jalur + Rencana 2026.kmz/CCTV DISHUB 2025/SELATAN", "Jenis": "CCTV Dishub 2025", "SubJenis": "CCTV Dishub 2025 Selatan", "POINT_X": 112.731074355, "POINT_Y": -7.328440073, "POINT_Z": 0.0 }, "geometry": { "type": "Point", "coordinates": [ 112.731074355000032, -7.328440072999967, 0.0 ] } },
{ "type": "Feature", "properties": { "OID_": 0, "Name": "A YANI DOLOG UTARA", "FolderPath": "Data CCTV Usulan + 50 Jalur + Rencana 2026.kmz/CCTV DISHUB 2025/SELATAN", "Jenis": "CCTV Dishub 2025", "SubJenis": "CCTV Dishub 2025 Selatan", "POINT_X": 112.731890083, "POINT_Y": -7.326453004, "POINT_Z": 0.0 }, "geometry": { "type": "Point", "coordinates": [ 112.731890083000053, -7.326453003999973, 0.0 ] } },
{ "type": "Feature", "properties": { "OID_": 0, "Name": "PAGESANGAN", "FolderPath": "Data CCTV Usulan + 50 Jalur + Rencana 2026.kmz/CCTV DISHUB 2025/SELATAN", "Jenis": "CCTV Dishub 2025", "SubJenis": "CCTV Dishub 2025 Selatan", "POINT_X": 112.705617206, "POINT_Y": -7.336704804, "POINT_Z": 0.0 }, "geometry": { "type": "Point", "coordinates": [ 112.705617206000056, -7.336704803999964, 0.0 ] } },
{ "type": "Feature", "properties": { "OID_": 0, "Name": "MASJID AGUNG PTZ", "FolderPath": "Data CCTV Usulan + 50 Jalur + Rencana 2026.kmz/CCTV DISHUB 2025/SELATAN", "Jenis": "CCTV Dishub 2025", "SubJenis": "CCTV Dishub 2025 Selatan", "POINT_X": 112.716545107, "POINT_Y": -7.337053513, "POINT_Z": 0.0 }, "geometry": { "type": "Point", "coordinates": [ 112.716545107000115, -7.337053512999944, 0.0 ] } },
{ "type": "Feature", "properties": { "OID_": 0, "Name": "RUNGKUT ALANG ALANG UTARA", "FolderPath": "Data CCTV Usulan + 50 Jalur + Rencana 2026.kmz/CCTV DISHUB 2025/SELATAN", "Jenis": "CCTV Dishub 2025", "SubJenis": "CCTV Dishub 2025 Selatan", "POINT_X": 112.769721885, "POINT_Y": -7.32233166, "POINT_Z": 0.0 }, "geometry": { "type": "Point", "coordinates": [ 112.769721885000081, -7.322331659999975, 0.0 ] } },
{ "type": "Feature", "properties": { "OID_": 0, "Name": "RUNGKUT ALANG ALANG SELATAN", "FolderPath": "Data CCTV Usulan + 50 Jalur + Rencana 2026.kmz/CCTV DISHUB 2025/SELATAN", "Jenis": "CCTV Dishub 2025", "SubJenis": "CCTV Dishub 2025 Selatan", "POINT_X": 112.769700517, "POINT_Y": -7.32257541, "POINT_Z": 0.0 }, "geometry": { "type": "Point", "coordinates": [ 112.769700517000047, -7.322575409999956, 0.0 ] } },
{ "type": "Feature", "properties": { "OID_": 0, "Name": "RUNGKUT ALANG ALANG TIMUR", "FolderPath": "Data CCTV Usulan + 50 Jalur + Rencana 2026.kmz/CCTV DISHUB 2025/SELATAN", "Jenis": "CCTV Dishub 2025", "SubJenis": "CCTV Dishub 2025 Selatan", "POINT_X": 112.76980178300001, "POINT_Y": -7.322459917, "POINT_Z": 0.0 }, "geometry": { "type": "Point", "coordinates": [ 112.769801783000048, -7.322459916999946, 0.0 ] } },
{ "type": "Feature", "properties": { "OID_": 0, "Name": "RUNGKUT KIDUL ZAMHURI UTARA", "FolderPath": "Data CCTV Usulan + 50 Jalur + Rencana 2026.kmz/CCTV DISHUB 2025/SELATAN", "Jenis": "CCTV Dishub 2025", "SubJenis": "CCTV Dishub 2025 Selatan", "POINT_X": 112.768739248, "POINT_Y": -7.330923045, "POINT_Z": 0.0 }, "geometry": { "type": "Point", "coordinates": [ 112.768739248000088, -7.330923044999963, 0.0 ] } },
{ "type": "Feature", "properties": { "OID_": 0, "Name": "RUNGKUT KIDUL ZAMHURI TIMUR", "FolderPath": "Data CCTV Usulan + 50 Jalur + Rencana 2026.kmz/CCTV DISHUB 2025/SELATAN", "Jenis": "CCTV Dishub 2025", "SubJenis": "CCTV Dishub 2025 Selatan", "POINT_X": 112.768814099, "POINT_Y": -7.33129569, "POINT_Z": 0.0 }, "geometry": { "type": "Point", "coordinates": [ 112.76881409900011, -7.331295689999934, 0.0 ] } },
{ "type": "Feature", "properties": { "OID_": 0, "Name": "MANYAR NGAGEL BARAT", "FolderPath": "Data CCTV Usulan + 50 Jalur + Rencana 2026.kmz/CCTV DISHUB 2025/SELATAN", "Jenis": "CCTV Dishub 2025", "SubJenis": "CCTV Dishub 2025 Selatan", "POINT_X": 112.762172351, "POINT_Y": -7.293685943, "POINT_Z": 0.0 }, "geometry": { "type": "Point", "coordinates": [ 112.762172351000117, -7.293685942999957, 0.0 ] } },
{ "type": "Feature", "properties": { "OID_": 0, "Name": "MANYAR NGAGEL UTARA", "FolderPath": "Data CCTV Usulan + 50 Jalur + Rencana 2026.kmz/CCTV DISHUB 2025/SELATAN", "Jenis": "CCTV Dishub 2025", "SubJenis": "CCTV Dishub 2025 Selatan", "POINT_X": 112.762504439, "POINT_Y": -7.293554871, "POINT_Z": 0.0 }, "geometry": { "type": "Point", "coordinates": [ 112.762504439000054, -7.293554870999969, 0.0 ] } },
{ "type": "Feature", "properties": { "OID_": 0, "Name": "MANYAR NGAGEL TIMUR", "FolderPath": "Data CCTV Usulan + 50 Jalur + Rencana 2026.kmz/CCTV DISHUB 2025/SELATAN", "Jenis": "CCTV Dishub 2025", "SubJenis": "CCTV Dishub 2025 Selatan", "POINT_X": 112.762531256, "POINT_Y": -7.293790753, "POINT_Z": 0.0 }, "geometry": { "type": "Point", "coordinates": [ 112.762531256000102, -7.293790752999939, 0.0 ] } },
{ "type": "Feature", "properties": { "OID_": 0, "Name": "NGAGEL JAYA UTARA GEREJA UTARA", "FolderPath": "Data CCTV Usulan + 50 Jalur + Rencana 2026.kmz/CCTV DISHUB 2025/SELATAN", "Jenis": "CCTV Dishub 2025", "SubJenis": "CCTV Dishub 2025 Selatan", "POINT_X": 112.759959446, "POINT_Y": -7.289158786, "POINT_Z": 0.0 }, "geometry": { "type": "Point", "coordinates": [ 112.759959446000039, -7.289158785999973, 0.0 ] } },
{ "type": "Feature", "properties": { "OID_": 0, "Name": "NGAGEL JAYA UTARA GEREJA SELATAN", "FolderPath": "Data CCTV Usulan + 50 Jalur + Rencana 2026.kmz/CCTV DISHUB 2025/SELATAN", "Jenis": "CCTV Dishub 2025", "SubJenis": "CCTV Dishub 2025 Selatan", "POINT_X": 112.75997911899999, "POINT_Y": -7.289368117, "POINT_Z": 0.0 }, "geometry": { "type": "Point", "coordinates": [ 112.759979119000036, -7.289368116999981, 0.0 ] } },
{ "type": "Feature", "properties": { "OID_": 0, "Name": "NGAGEL JAYA UTARA GEREJA PANO", "FolderPath": "Data CCTV Usulan + 50 Jalur + Rencana 2026.kmz/CCTV DISHUB 2025/SELATAN", "Jenis": "CCTV Dishub 2025", "SubJenis": "CCTV Dishub 2025 Selatan", "POINT_X": 112.759993478, "POINT_Y": -7.289295468, "POINT_Z": 0.0 }, "geometry": { "type": "Point", "coordinates": [ 112.759993478000069, -7.289295467999978, 0.0 ] } },
{ "type": "Feature", "properties": { "OID_": 0, "Name": "NAGGEL UPA JIWA BARAT", "FolderPath": "Data CCTV Usulan + 50 Jalur + Rencana 2026.kmz/CCTV DISHUB 2025/SELATAN", "Jenis": "CCTV Dishub 2025", "SubJenis": "CCTV Dishub 2025 Selatan", "POINT_X": 112.74714529800001, "POINT_Y": -7.291116405, "POINT_Z": 0.0 }, "geometry": { "type": "Point", "coordinates": [ 112.747145298000078, -7.291116404999968, 0.0 ] } },
{ "type": "Feature", "properties": { "OID_": 0, "Name": "NGAGEL UPA JIWA TIMUR", "FolderPath": "Data CCTV Usulan + 50 Jalur + Rencana 2026.kmz/CCTV DISHUB 2025/SELATAN", "Jenis": "CCTV Dishub 2025", "SubJenis": "CCTV Dishub 2025 Selatan", "POINT_X": 112.747362239, "POINT_Y": -7.291326953, "POINT_Z": 0.0 }, "geometry": { "type": "Point", "coordinates": [ 112.74736223900004, -7.291326952999952, 0.0 ] } },
{ "type": "Feature", "properties": { "OID_": 0, "Name": "DINOYO BAT DOME", "FolderPath": "Data CCTV Usulan + 50 Jalur + Rencana 2026.kmz/CCTV DISHUB 2025/SELATAN", "Jenis": "CCTV Dishub 2025", "SubJenis": "CCTV Dishub 2025 Selatan", "POINT_X": 112.744039481, "POINT_Y": -7.288465441, "POINT_Z": 0.0 }, "geometry": { "type": "Point", "coordinates": [ 112.744039481000073, -7.288465440999971, 0.0 ] } },
{ "type": "Feature", "properties": { "OID_": 0, "Name": "NGAGEL BAT PTZ", "FolderPath": "Data CCTV Usulan + 50 Jalur + Rencana 2026.kmz/CCTV DISHUB 2025/SELATAN", "Jenis": "CCTV Dishub 2025", "SubJenis": "CCTV Dishub 2025 Selatan", "POINT_X": 112.74470784099999, "POINT_Y": -7.288811296, "POINT_Z": 0.0 }, "geometry": { "type": "Point", "coordinates": [ 112.744707841000036, -7.288811295999949, 0.0 ] } },
{ "type": "Feature", "properties": { "OID_": 0, "Name": "NGAGEL BAT SELATAN", "FolderPath": "Data CCTV Usulan + 50 Jalur + Rencana 2026.kmz/CCTV DISHUB 2025/SELATAN", "Jenis": "CCTV Dishub 2025", "SubJenis": "CCTV Dishub 2025 Selatan", "POINT_X": 112.744571032, "POINT_Y": -7.288984723, "POINT_Z": 0.0 }, "geometry": { "type": "Point", "coordinates": [ 112.744571032000067, -7.288984722999942, 0.0 ] } },
{ "type": "Feature", "properties": { "OID_": 0, "Name": "NGAGEL UJUNG GALUH UTARA", "FolderPath": "Data CCTV Usulan + 50 Jalur + Rencana 2026.kmz/CCTV DISHUB 2025/SELATAN", "Jenis": "CCTV Dishub 2025", "SubJenis": "CCTV Dishub 2025 Selatan", "POINT_X": 112.74302462, "POINT_Y": -7.291340869, "POINT_Z": 0.0 }, "geometry": { "type": "Point", "coordinates": [ 112.743024620000028, -7.291340868999953, 0.0 ] } },
{ "type": "Feature", "properties": { "OID_": 0, "Name": "DARMOKALI BENGAWAN SELATAN", "FolderPath": "Data CCTV Usulan + 50 Jalur + Rencana 2026.kmz/CCTV DISHUB 2025/SELATAN", "Jenis": "CCTV Dishub 2025", "SubJenis": "CCTV Dishub 2025 Selatan", "POINT_X": 112.742254261, "POINT_Y": -7.291013388, "POINT_Z": 0.0 }, "geometry": { "type": "Point", "coordinates": [ 112.742254261000085, -7.291013387999953, 0.0 ] } },
{ "type": "Feature", "properties": { "OID_": 0, "Name": "DARMOKALI BENGAWAN TIMUR", "FolderPath": "Data CCTV Usulan + 50 Jalur + Rencana 2026.kmz/CCTV DISHUB 2025/SELATAN", "Jenis": "CCTV Dishub 2025", "SubJenis": "CCTV Dishub 2025 Selatan", "POINT_X": 112.742304999, "POINT_Y": -7.290976418, "POINT_Z": 0.0 }, "geometry": { "type": "Point", "coordinates": [ 112.742304999000112, -7.290976417999957, 0.0 ] } },
{ "type": "Feature", "properties": { "OID_": 0, "Name": "BRATANG KRUKAH", "FolderPath": "Data CCTV Usulan + 50 Jalur + Rencana 2026.kmz/CCTV DISHUB 2025/SELATAN", "Jenis": "CCTV Dishub 2025", "SubJenis": "CCTV Dishub 2025 Selatan", "POINT_X": 112.75599596399999, "POINT_Y": -7.298559914, "POINT_Z": 0.0 }, "geometry": { "type": "Point", "coordinates": [ 112.755995964000022, -7.298559913999952, 0.0 ] } },
{ "type": "Feature", "properties": { "OID_": 0, "Name": "BRATANG BARATA JAYA SELATAN", "FolderPath": "Data CCTV Usulan + 50 Jalur + Rencana 2026.kmz/CCTV DISHUB 2025/SELATAN", "Jenis": "CCTV Dishub 2025", "SubJenis": "CCTV Dishub 2025 Selatan", "POINT_X": 112.759677713, "POINT_Y": -7.299115483, "POINT_Z": 0.0 }, "geometry": { "type": "Point", "coordinates": [ 112.759677713000087, -7.29911548299998, 0.0 ] } },
{ "type": "Feature", "properties": { "OID_": 0, "Name": "BRATANG BARATA JAYA TIMUR", "FolderPath": "Data CCTV Usulan + 50 Jalur + Rencana 2026.kmz/CCTV DISHUB 2025/SELATAN", "Jenis": "CCTV Dishub 2025", "SubJenis": "CCTV Dishub 2025 Selatan", "POINT_X": 112.759739096, "POINT_Y": -7.29908164, "POINT_Z": 0.0 }, "geometry": { "type": "Point", "coordinates": [ 112.759739096000089, -7.29908163999994, 0.0 ] } },
{ "type": "Feature", "properties": { "OID_": 0, "Name": "BRATANG BARATA JAYA BARAT", "FolderPath": "Data CCTV Usulan + 50 Jalur + Rencana 2026.kmz/CCTV DISHUB 2025/SELATAN", "Jenis": "CCTV Dishub 2025", "SubJenis": "CCTV Dishub 2025 Selatan", "POINT_X": 112.759639428, "POINT_Y": -7.299055861, "POINT_Z": 0.0 }, "geometry": { "type": "Point", "coordinates": [ 112.759639428000014, -7.299055860999943, 0.0 ] } },
{ "type": "Feature", "properties": { "OID_": 0, "Name": "BRATANG BARATA JAYA PANO", "FolderPath": "Data CCTV Usulan + 50 Jalur + Rencana 2026.kmz/CCTV DISHUB 2025/SELATAN", "Jenis": "CCTV Dishub 2025", "SubJenis": "CCTV Dishub 2025 Selatan", "POINT_X": 112.75970577299999, "POINT_Y": -7.299084521, "POINT_Z": 0.0 }, "geometry": { "type": "Point", "coordinates": [ 112.759705773000064, -7.299084520999941, 0.0 ] } },
{ "type": "Feature", "properties": { "OID_": 0, "Name": "JAGIR WONOKROMO BARAT", "FolderPath": "Data CCTV Usulan + 50 Jalur + Rencana 2026.kmz/CCTV DISHUB 2025/SELATAN", "Jenis": "CCTV Dishub 2025", "SubJenis": "CCTV Dishub 2025 Selatan", "POINT_X": 112.73975278100001, "POINT_Y": -7.300714763, "POINT_Z": 0.0 }, "geometry": { "type": "Point", "coordinates": [ 112.739752781000107, -7.300714762999974, 0.0 ] } },
{ "type": "Feature", "properties": { "OID_": 0, "Name": "JAGIR WONOKROMO SELATAN", "FolderPath": "Data CCTV Usulan + 50 Jalur + Rencana 2026.kmz/CCTV DISHUB 2025/SELATAN", "Jenis": "CCTV Dishub 2025", "SubJenis": "CCTV Dishub 2025 Selatan", "POINT_X": 112.739742546, "POINT_Y": -7.300826074, "POINT_Z": 0.0 }, "geometry": { "type": "Point", "coordinates": [ 112.739742546000116, -7.300826073999929, 0.0 ] } },
{ "type": "Feature", "properties": { "OID_": 0, "Name": "SIMPANG JAGIR WONOKROMO", "FolderPath": "Data CCTV Usulan + 50 Jalur + Rencana 2026.kmz/CCTV DISHUB 2025/SELATAN", "Jenis": "CCTV Dishub 2025", "SubJenis": "CCTV Dishub 2025 Selatan", "POINT_X": 112.739846929, "POINT_Y": -7.300786813, "POINT_Z": 0.0 }, "geometry": { "type": "Point", "coordinates": [ 112.739846929, -7.300786812999945, 0.0 ] } },
{ "type": "Feature", "properties": { "OID_": 0, "Name": "MARGOREJO PRAPEN DOME", "FolderPath": "Data CCTV Usulan + 50 Jalur + Rencana 2026.kmz/CCTV DISHUB 2025/SELATAN", "Jenis": "CCTV Dishub 2025", "SubJenis": "CCTV Dishub 2025 Selatan", "POINT_X": 112.751327257, "POINT_Y": -7.317662265, "POINT_Z": 0.0 }, "geometry": { "type": "Point", "coordinates": [ 112.751327257000071, -7.317662264999967, 0.0 ] } },
{ "type": "Feature", "properties": { "OID_": 0, "Name": "MARGOREJO PRAPEN UTARA", "FolderPath": "Data CCTV Usulan + 50 Jalur + Rencana 2026.kmz/CCTV DISHUB 2025/SELATAN", "Jenis": "CCTV Dishub 2025", "SubJenis": "CCTV Dishub 2025 Selatan", "POINT_X": 112.75160530399999, "POINT_Y": -7.317697412, "POINT_Z": 0.0 }, "geometry": { "type": "Point", "coordinates": [ 112.751605304, -7.317697411999973, 0.0 ] } },
{ "type": "Feature", "properties": { "OID_": 0, "Name": "JEMURSARI TENGGILIS TIMUR", "FolderPath": "Data CCTV Usulan + 50 Jalur + Rencana 2026.kmz/CCTV DISHUB 2025/SELATAN", "Jenis": "CCTV Dishub 2025", "SubJenis": "CCTV Dishub 2025 Selatan", "POINT_X": 112.746301125, "POINT_Y": -7.320906757, "POINT_Z": 0.0 }, "geometry": { "type": "Point", "coordinates": [ 112.746301125000059, -7.320906756999932, 0.0 ] } },
{ "type": "Feature", "properties": { "OID_": 0, "Name": "JEMURSARI TENGGILIS UTARA", "FolderPath": "Data CCTV Usulan + 50 Jalur + Rencana 2026.kmz/CCTV DISHUB 2025/SELATAN", "Jenis": "CCTV Dishub 2025", "SubJenis": "CCTV Dishub 2025 Selatan", "POINT_X": 112.74635259, "POINT_Y": -7.320822238, "POINT_Z": 0.0 }, "geometry": { "type": "Point", "coordinates": [ 112.746352590000015, -7.320822237999948, 0.0 ] } },
{ "type": "Feature", "properties": { "OID_": 0, "Name": "JEMURSARI TENGGILIS DOME", "FolderPath": "Data CCTV Usulan + 50 Jalur + Rencana 2026.kmz/CCTV DISHUB 2025/SELATAN", "Jenis": "CCTV Dishub 2025", "SubJenis": "CCTV Dishub 2025 Selatan", "POINT_X": 112.74575209299999, "POINT_Y": -7.320972873, "POINT_Z": 0.0 }, "geometry": { "type": "Point", "coordinates": [ 112.745752093000078, -7.32097287299996, 0.0 ] } },
{ "type": "Feature", "properties": { "OID_": 0, "Name": "JEMUR KUTISARI TIMUR", "FolderPath": "Data CCTV Usulan + 50 Jalur + Rencana 2026.kmz/CCTV DISHUB 2025/SELATAN", "Jenis": "CCTV Dishub 2025", "SubJenis": "CCTV Dishub 2025 Selatan", "POINT_X": 112.74248711600001, "POINT_Y": -7.329074495, "POINT_Z": 0.0 }, "geometry": { "type": "Point", "coordinates": [ 112.742487116, -7.329074494999929, 0.0 ] } },
{ "type": "Feature", "properties": { "OID_": 0, "Name": "JEMUR KUTISARI BARAT", "FolderPath": "Data CCTV Usulan + 50 Jalur + Rencana 2026.kmz/CCTV DISHUB 2025/SELATAN", "Jenis": "CCTV Dishub 2025", "SubJenis": "CCTV Dishub 2025 Selatan", "POINT_X": 112.742393068, "POINT_Y": -7.329083203, "POINT_Z": 0.0 }, "geometry": { "type": "Point", "coordinates": [ 112.742393068000069, -7.329083202999925, 0.0 ] } },
{ "type": "Feature", "properties": { "OID_": 0, "Name": "JEMURSARI JEMUR ANDAYANI DOME", "FolderPath": "Data CCTV Usulan + 50 Jalur + Rencana 2026.kmz/CCTV DISHUB 2025/SELATAN", "Jenis": "CCTV Dishub 2025", "SubJenis": "CCTV Dishub 2025 Selatan", "POINT_X": 112.731031168, "POINT_Y": -7.331510345, "POINT_Z": 0.0 }, "geometry": { "type": "Point", "coordinates": [ 112.731031168000072, -7.33151034499997, 0.0 ] } },
{ "type": "Feature", "properties": { "OID_": 0, "Name": "JEMURSARI NGAWINAN DOME", "FolderPath": "Data CCTV Usulan + 50 Jalur + Rencana 2026.kmz/CCTV DISHUB 2025/SELATAN", "Jenis": "CCTV Dishub 2025", "SubJenis": "CCTV Dishub 2025 Selatan", "POINT_X": 112.73343755800001, "POINT_Y": -7.327421336, "POINT_Z": 0.0 }, "geometry": { "type": "Point", "coordinates": [ 112.733437558000105, -7.327421335999929, 0.0 ] } },
{ "type": "Feature", "properties": { "OID_": 0, "Name": "MASTRIP KARANG PILANG UTARA", "FolderPath": "Data CCTV Usulan + 50 Jalur + Rencana 2026.kmz/CCTV DISHUB 2025/SELATAN", "Jenis": "CCTV Dishub 2025", "SubJenis": "CCTV Dishub 2025 Selatan", "POINT_X": 112.694674627, "POINT_Y": -7.342610126, "POINT_Z": 0.0 }, "geometry": { "type": "Point", "coordinates": [ 112.69467462700004, -7.342610125999954, 0.0 ] } },
{ "type": "Feature", "properties": { "OID_": 0, "Name": "MASTRIP KARANG PILANG TIMUR", "FolderPath": "Data CCTV Usulan + 50 Jalur + Rencana 2026.kmz/CCTV DISHUB 2025/SELATAN", "Jenis": "CCTV Dishub 2025", "SubJenis": "CCTV Dishub 2025 Selatan", "POINT_X": 112.694763548, "POINT_Y": -7.342558962, "POINT_Z": 0.0 }, "geometry": { "type": "Point", "coordinates": [ 112.694763548000083, -7.342558961999941, 0.0 ] } },
{ "type": "Feature", "properties": { "OID_": 0, "Name": "MASTRIP KARANG PILANG SELATAN", "FolderPath": "Data CCTV Usulan + 50 Jalur + Rencana 2026.kmz/CCTV DISHUB 2025/SELATAN", "Jenis": "CCTV Dishub 2025", "SubJenis": "CCTV Dishub 2025 Selatan", "POINT_X": 112.694655365, "POINT_Y": -7.342660663, "POINT_Z": 0.0 }, "geometry": { "type": "Point", "coordinates": [ 112.694655365000017, -7.342660662999947, 0.0 ] } },
{ "type": "Feature", "properties": { "OID_": 0, "Name": "GKJW WIYUNG", "FolderPath": "Data CCTV Usulan + 50 Jalur + Rencana 2026.kmz/CCTV DISHUB 2025/SELATAN", "Jenis": "CCTV Dishub 2025", "SubJenis": "CCTV Dishub 2025 Selatan", "POINT_X": 112.695323776, "POINT_Y": -7.313835975, "POINT_Z": 0.0 }, "geometry": { "type": "Point", "coordinates": [ 112.695323776, -7.313835974999961, 0.0 ] } },
{ "type": "Feature", "properties": { "OID_": 0, "Name": "MASTRIP WIYUNG PTZ", "FolderPath": "Data CCTV Usulan + 50 Jalur + Rencana 2026.kmz/CCTV DISHUB 2025/SELATAN", "Jenis": "CCTV Dishub 2025", "SubJenis": "CCTV Dishub 2025 Selatan", "POINT_X": 112.709646138, "POINT_Y": -7.312827274, "POINT_Z": 0.0 }, "geometry": { "type": "Point", "coordinates": [ 112.709646138000039, -7.312827273999972, 0.0 ] } },
{ "type": "Feature", "properties": { "OID_": 0, "Name": "GUNUNGSARI EXIT TOL MALANG", "FolderPath": "Data CCTV Usulan + 50 Jalur + Rencana 2026.kmz/CCTV DISHUB 2025/SELATAN", "Jenis": "CCTV Dishub 2025", "SubJenis": "CCTV Dishub 2025 Selatan", "POINT_X": 112.71153596000001, "POINT_Y": -7.309122748, "POINT_Z": 0.0 }, "geometry": { "type": "Point", "coordinates": [ 112.711535960000106, -7.309122747999936, 0.0 ] } },
{ "type": "Feature", "properties": { "OID_": 0, "Name": "GUNUNGSARI EXIT TOL PERAK", "FolderPath": "Data CCTV Usulan + 50 Jalur + Rencana 2026.kmz/CCTV DISHUB 2025/SELATAN", "Jenis": "CCTV Dishub 2025", "SubJenis": "CCTV Dishub 2025 Selatan", "POINT_X": 112.710771599, "POINT_Y": -7.310454045, "POINT_Z": 0.0 }, "geometry": { "type": "Point", "coordinates": [ 112.710771599000054, -7.310454044999972, 0.0 ] } },
{ "type": "Feature", "properties": { "OID_": 0, "Name": "GUNUNGSARI BUMI MARINIR", "FolderPath": "Data CCTV Usulan + 50 Jalur + Rencana 2026.kmz/CCTV DISHUB 2025/SELATAN", "Jenis": "CCTV Dishub 2025", "SubJenis": "CCTV Dishub 2025 Selatan", "POINT_X": 112.71490056099999, "POINT_Y": -7.307182356, "POINT_Z": 0.0 }, "geometry": { "type": "Point", "coordinates": [ 112.714900561000036, -7.307182355999942, 0.0 ] } },
{ "type": "Feature", "properties": { "OID_": 0, "Name": "GUNUNGSARI SINGGASANA", "FolderPath": "Data CCTV Usulan + 50 Jalur + Rencana 2026.kmz/CCTV DISHUB 2025/SELATAN", "Jenis": "CCTV Dishub 2025", "SubJenis": "CCTV Dishub 2025 Selatan", "POINT_X": 112.71650294600001, "POINT_Y": -7.307518356, "POINT_Z": 0.0 }, "geometry": { "type": "Point", "coordinates": [ 112.716502946000105, -7.307518355999946, 0.0 ] } },
{ "type": "Feature", "properties": { "OID_": 0, "Name": "GUNUNGSARI ROLAK SELATAN", "FolderPath": "Data CCTV Usulan + 50 Jalur + Rencana 2026.kmz/CCTV DISHUB 2025/SELATAN", "Jenis": "CCTV Dishub 2025", "SubJenis": "CCTV Dishub 2025 Selatan", "POINT_X": 112.71892424399999, "POINT_Y": -7.307659847, "POINT_Z": 0.0 }, "geometry": { "type": "Point", "coordinates": [ 112.71892424400005, -7.307659846999968, 0.0 ] } },
{ "type": "Feature", "properties": { "OID_": 0, "Name": "GUNUNGSARI ROLAK BARAT", "FolderPath": "Data CCTV Usulan + 50 Jalur + Rencana 2026.kmz/CCTV DISHUB 2025/SELATAN", "Jenis": "CCTV Dishub 2025", "SubJenis": "CCTV Dishub 2025 Selatan", "POINT_X": 112.718669041, "POINT_Y": -7.307389244, "POINT_Z": 0.0 }, "geometry": { "type": "Point", "coordinates": [ 112.718669041000112, -7.307389243999978, 0.0 ] } },
{ "type": "Feature", "properties": { "OID_": 0, "Name": "GUNUNGSARI ROLAK PTZ", "FolderPath": "Data CCTV Usulan + 50 Jalur + Rencana 2026.kmz/CCTV DISHUB 2025/SELATAN", "Jenis": "CCTV Dishub 2025", "SubJenis": "CCTV Dishub 2025 Selatan", "POINT_X": 112.719598862, "POINT_Y": -7.307117658, "POINT_Z": 0.0 }, "geometry": { "type": "Point", "coordinates": [ 112.719598862000112, -7.307117657999981, 0.0 ] } },
{ "type": "Feature", "properties": { "OID_": 0, "Name": "GUNUNGSARI PASAR IKAN", "FolderPath": "Data CCTV Usulan + 50 Jalur + Rencana 2026.kmz/CCTV DISHUB 2025/SELATAN", "Jenis": "CCTV Dishub 2025", "SubJenis": "CCTV Dishub 2025 Selatan", "POINT_X": 112.72397589099999, "POINT_Y": -7.305870597, "POINT_Z": 0.0 }, "geometry": { "type": "Point", "coordinates": [ 112.723975891, -7.305870596999966, 0.0 ] } },
{ "type": "Feature", "properties": { "OID_": 0, "Name": "GUNUNGSARI GAJAH MADA BARAT", "FolderPath": "Data CCTV Usulan + 50 Jalur + Rencana 2026.kmz/CCTV DISHUB 2025/SELATAN", "Jenis": "CCTV Dishub 2025", "SubJenis": "CCTV Dishub 2025 Selatan", "POINT_X": 112.72556416499999, "POINT_Y": -7.303889438, "POINT_Z": 0.0 }, "geometry": { "type": "Point", "coordinates": [ 112.725564165000037, -7.303889437999942, 0.0 ] } },
{ "type": "Feature", "properties": { "OID_": 0, "Name": "GUNUNGSARI GAJAHMADA DOME", "FolderPath": "Data CCTV Usulan + 50 Jalur + Rencana 2026.kmz/CCTV DISHUB 2025/SELATAN", "Jenis": "CCTV Dishub 2025", "SubJenis": "CCTV Dishub 2025 Selatan", "POINT_X": 112.725682996, "POINT_Y": -7.303948786, "POINT_Z": 0.0 }, "geometry": { "type": "Point", "coordinates": [ 112.725682996000046, -7.303948785999978, 0.0 ] } },
{ "type": "Feature", "properties": { "OID_": 0, "Name": "JOYOBOYO BRAWIJAYA BARAT", "FolderPath": "Data CCTV Usulan + 50 Jalur + Rencana 2026.kmz/CCTV DISHUB 2025/SELATAN", "Jenis": "CCTV Dishub 2025", "SubJenis": "CCTV Dishub 2025 Selatan", "POINT_X": 112.731328988, "POINT_Y": -7.299404683, "POINT_Z": 0.0 }, "geometry": { "type": "Point", "coordinates": [ 112.731328988000087, -7.299404682999977, 0.0 ] } },
{ "type": "Feature", "properties": { "OID_": 0, "Name": "JOYOBOYO BRAWIJAYA UTARA", "FolderPath": "Data CCTV Usulan + 50 Jalur + Rencana 2026.kmz/CCTV DISHUB 2025/SELATAN", "Jenis": "CCTV Dishub 2025", "SubJenis": "CCTV Dishub 2025 Selatan", "POINT_X": 112.73138318300001, "POINT_Y": -7.299268263, "POINT_Z": 0.0 }, "geometry": { "type": "Point", "coordinates": [ 112.731383183000048, -7.299268262999931, 0.0 ] } },
{ "type": "Feature", "properties": { "OID_": 0, "Name": "JEMBATAN SAWUNGGALING", "FolderPath": "Data CCTV Usulan + 50 Jalur + Rencana 2026.kmz/CCTV DISHUB 2025/SELATAN", "Jenis": "CCTV Dishub 2025", "SubJenis": "CCTV Dishub 2025 Selatan", "POINT_X": 112.73731621899999, "POINT_Y": -7.299351356, "POINT_Z": 0.0 }, "geometry": { "type": "Point", "coordinates": [ 112.737316219000036, -7.299351355999931, 0.0 ] } },
{ "type": "Feature", "properties": { "OID_": 0, "Name": "JOYOBOYO PTZ", "FolderPath": "Data CCTV Usulan + 50 Jalur + Rencana 2026.kmz/CCTV DISHUB 2025/SELATAN", "Jenis": "CCTV Dishub 2025", "SubJenis": "CCTV Dishub 2025 Selatan", "POINT_X": 112.737579801, "POINT_Y": -7.298534015, "POINT_Z": 0.0 }, "geometry": { "type": "Point", "coordinates": [ 112.737579801000038, -7.298534014999973, 0.0 ] } },
{ "type": "Feature", "properties": { "OID_": 0, "Name": "JEMBATAN JOYOBOYO", "FolderPath": "Data CCTV Usulan + 50 Jalur + Rencana 2026.kmz/CCTV DISHUB 2025/SELATAN", "Jenis": "CCTV Dishub 2025", "SubJenis": "CCTV Dishub 2025 Selatan", "POINT_X": 112.737375797, "POINT_Y": -7.300624345, "POINT_Z": 0.0 }, "geometry": { "type": "Point", "coordinates": [ 112.737375797000027, -7.30062434499996, 0.0 ] } },
{ "type": "Feature", "properties": { "OID_": 0, "Name": "WONOKROMO DTC BARAT PTZ", "FolderPath": "Data CCTV Usulan + 50 Jalur + Rencana 2026.kmz/CCTV DISHUB 2025/SELATAN", "Jenis": "CCTV Dishub 2025", "SubJenis": "CCTV Dishub 2025 Selatan", "POINT_X": 112.737173293, "POINT_Y": -7.301550274, "POINT_Z": 0.0 }, "geometry": { "type": "Point", "coordinates": [ 112.737173293000069, -7.301550273999965, 0.0 ] } },
{ "type": "Feature", "properties": { "OID_": 0, "Name": "WONOKROMO DTC TIMUR DOME", "FolderPath": "Data CCTV Usulan + 50 Jalur + Rencana 2026.kmz/CCTV DISHUB 2025/SELATAN", "Jenis": "CCTV Dishub 2025", "SubJenis": "CCTV Dishub 2025 Selatan", "POINT_X": 112.738114487, "POINT_Y": -7.302842145, "POINT_Z": 0.0 }, "geometry": { "type": "Point", "coordinates": [ 112.738114487000075, -7.302842144999943, 0.0 ] } },
{ "type": "Feature", "properties": { "OID_": 0, "Name": "FLYOVER MAYANGKARA", "FolderPath": "Data CCTV Usulan + 50 Jalur + Rencana 2026.kmz/CCTV DISHUB 2025/SELATAN", "Jenis": "CCTV Dishub 2025", "SubJenis": "CCTV Dishub 2025 Selatan", "POINT_X": 112.736609206, "POINT_Y": -7.304723324, "POINT_Z": 0.0 }, "geometry": { "type": "Point", "coordinates": [ 112.736609206000026, -7.304723323999951, 0.0 ] } },
{ "type": "Feature", "properties": { "OID_": 0, "Name": "WONOKROMO RSI DOME", "FolderPath": "Data CCTV Usulan + 50 Jalur + Rencana 2026.kmz/CCTV DISHUB 2025/SELATAN", "Jenis": "CCTV Dishub 2025", "SubJenis": "CCTV Dishub 2025 Selatan", "POINT_X": 112.735515953, "POINT_Y": -7.306009693, "POINT_Z": 0.0 }, "geometry": { "type": "Point", "coordinates": [ 112.735515953000117, -7.306009692999964, 0.0 ] } },
{ "type": "Feature", "properties": { "OID_": 0, "Name": "WONOKROMO MAYANGKARA DOME", "FolderPath": "Data CCTV Usulan + 50 Jalur + Rencana 2026.kmz/CCTV DISHUB 2025/SELATAN", "Jenis": "CCTV Dishub 2025", "SubJenis": "CCTV Dishub 2025 Selatan", "POINT_X": 112.735729444, "POINT_Y": -7.307205108, "POINT_Z": 0.0 }, "geometry": { "type": "Point", "coordinates": [ 112.735729444000071, -7.307205107999948, 0.0 ] } },
{ "type": "Feature", "properties": { "OID_": 0, "Name": "FRONTAGE RSAL", "FolderPath": "Data CCTV Usulan + 50 Jalur + Rencana 2026.kmz/CCTV DISHUB 2025/SELATAN", "Jenis": "CCTV Dishub 2025", "SubJenis": "CCTV Dishub 2025 Selatan", "POINT_X": 112.736135168, "POINT_Y": -7.307733149, "POINT_Z": 0.0 }, "geometry": { "type": "Point", "coordinates": [ 112.736135168000033, -7.307733148999944, 0.0 ] } },
{ "type": "Feature", "properties": { "OID_": 0, "Name": "A YANI MAYANGKARA", "FolderPath": "Data CCTV Usulan + 50 Jalur + Rencana 2026.kmz/CCTV DISHUB 2025/SELATAN", "Jenis": "CCTV Dishub 2025", "SubJenis": "CCTV Dishub 2025 Selatan", "POINT_X": 112.735648142, "POINT_Y": -7.308478789, "POINT_Z": 0.0 }, "geometry": { "type": "Point", "coordinates": [ 112.735648142000059, -7.308478788999935, 0.0 ] } },
{ "type": "Feature", "properties": { "OID_": 0, "Name": "A YANI PAPILIO UTARA", "FolderPath": "Data CCTV Usulan + 50 Jalur + Rencana 2026.kmz/CCTV DISHUB 2025/SELATAN", "Jenis": "CCTV Dishub 2025", "SubJenis": "CCTV Dishub 2025 Selatan", "POINT_X": 112.730783656, "POINT_Y": -7.331531591, "POINT_Z": 0.0 }, "geometry": { "type": "Point", "coordinates": [ 112.730783656000085, -7.33153159099993, 0.0 ] } },
{ "type": "Feature", "properties": { "OID_": 0, "Name": "A YANI PAPILIO SELATAN", "FolderPath": "Data CCTV Usulan + 50 Jalur + Rencana 2026.kmz/CCTV DISHUB 2025/SELATAN", "Jenis": "CCTV Dishub 2025", "SubJenis": "CCTV Dishub 2025 Selatan", "POINT_X": 112.730644766, "POINT_Y": -7.331502286, "POINT_Z": 0.0 }, "geometry": { "type": "Point", "coordinates": [ 112.730644766000069, -7.331502285999932, 0.0 ] } },
{ "type": "Feature", "properties": { "OID_": 0, "Name": "A YANI KEBONSARI", "FolderPath": "Data CCTV Usulan + 50 Jalur + Rencana 2026.kmz/CCTV DISHUB 2025/SELATAN", "Jenis": "CCTV Dishub 2025", "SubJenis": "CCTV Dishub 2025 Selatan", "POINT_X": 112.730708783, "POINT_Y": -7.329756687, "POINT_Z": 0.0 }, "geometry": { "type": "Point", "coordinates": [ 112.730708783000068, -7.329756686999929, 0.0 ] } },
{ "type": "Feature", "properties": { "OID_": 0, "Name": "A YANI KFC SELATAN", "FolderPath": "Data CCTV Usulan + 50 Jalur + Rencana 2026.kmz/CCTV DISHUB 2025/SELATAN", "Jenis": "CCTV Dishub 2025", "SubJenis": "CCTV Dishub 2025 Selatan", "POINT_X": 112.732976837, "POINT_Y": -7.319329195, "POINT_Z": 0.0 }, "geometry": { "type": "Point", "coordinates": [ 112.732976837000024, -7.319329194999966, 0.0 ] } },
{ "type": "Feature", "properties": { "OID_": 0, "Name": "A YANI KFC BARAT", "FolderPath": "Data CCTV Usulan + 50 Jalur + Rencana 2026.kmz/CCTV DISHUB 2025/SELATAN", "Jenis": "CCTV Dishub 2025", "SubJenis": "CCTV Dishub 2025 Selatan", "POINT_X": 112.73313960199999, "POINT_Y": -7.319227502, "POINT_Z": 0.0 }, "geometry": { "type": "Point", "coordinates": [ 112.733139602000051, -7.319227501999933, 0.0 ] } },
{ "type": "Feature", "properties": { "OID_": 0, "Name": "A YANI KEJATI", "FolderPath": "Data CCTV Usulan + 50 Jalur + Rencana 2026.kmz/CCTV DISHUB 2025/SELATAN", "Jenis": "CCTV Dishub 2025", "SubJenis": "CCTV Dishub 2025 Selatan", "POINT_X": 112.734627738, "POINT_Y": -7.313633644, "POINT_Z": 0.0 }, "geometry": { "type": "Point", "coordinates": [ 112.734627738000086, -7.313633643999935, 0.0 ] } },
{ "type": "Feature", "properties": { "OID_": 0, "Name": "PCTL A YANI DOLOG", "FolderPath": "Data CCTV Usulan + 50 Jalur + Rencana 2026.kmz/CCTV DISHUB 2025/SELATAN", "Jenis": "CCTV Dishub 2025", "SubJenis": "CCTV Dishub 2025 Selatan", "POINT_X": 112.73263585700001, "POINT_Y": -7.323035998, "POINT_Z": 0.0 }, "geometry": { "type": "Point", "coordinates": [ 112.732635857000105, -7.323035997999966, 0.0 ] } },
{ "type": "Feature", "properties": { "OID_": 0, "Name": "PERTIGAAN MARMOYO", "FolderPath": "Data CCTV Usulan + 50 Jalur + Rencana 2026.kmz/CCTV DISHUB 2025/SELATAN", "Jenis": "CCTV Dishub 2025", "SubJenis": "CCTV Dishub 2025 Selatan", "POINT_X": 112.73950390100001, "POINT_Y": -7.296912142, "POINT_Z": 0.0 }, "geometry": { "type": "Point", "coordinates": [ 112.739503901000035, -7.29691214199994, 0.0 ] } },
{ "type": "Feature", "properties": { "OID_": 0, "Name": "GAYUNGSARI BARAT SISI UTARA FIX", "FolderPath": "Data CCTV Usulan + 50 Jalur + Rencana 2026.kmz/CCTV DISHUB 2025/SELATAN", "Jenis": "CCTV Dishub 2025", "SubJenis": "CCTV Dishub 2025 Selatan", "POINT_X": 112.719093203, "POINT_Y": -7.33737996, "POINT_Z": 0.0 }, "geometry": { "type": "Point", "coordinates": [ 112.719093203000057, -7.337379959999964, 0.0 ] } },
{ "type": "Feature", "properties": { "OID_": 0, "Name": "GAYUNGSARI BARAT SISI SELATAN", "FolderPath": "Data CCTV Usulan + 50 Jalur + Rencana 2026.kmz/CCTV DISHUB 2025/SELATAN", "Jenis": "CCTV Dishub 2025", "SubJenis": "CCTV Dishub 2025 Selatan", "POINT_X": 112.719001844, "POINT_Y": -7.337470641, "POINT_Z": 0.0 }, "geometry": { "type": "Point", "coordinates": [ 112.719001844000104, -7.337470640999925, 0.0 ] } },
{ "type": "Feature", "properties": { "OID_": 0, "Name": "GAYUNGSARI BARAT SISI BARAT", "FolderPath": "Data CCTV Usulan + 50 Jalur + Rencana 2026.kmz/CCTV DISHUB 2025/SELATAN", "Jenis": "CCTV Dishub 2025", "SubJenis": "CCTV Dishub 2025 Selatan", "POINT_X": 112.718962585, "POINT_Y": -7.337409914, "POINT_Z": 0.0 }, "geometry": { "type": "Point", "coordinates": [ 112.718962585000099, -7.337409913999977, 0.0 ] } },
{ "type": "Feature", "properties": { "OID_": 0, "Name": "FRONTAGE SIWALANKERTO UTARA", "FolderPath": "Data CCTV Usulan + 50 Jalur + Rencana 2026.kmz/CCTV DISHUB 2025/SELATAN", "Jenis": "CCTV Dishub 2025", "SubJenis": "CCTV Dishub 2025 Selatan", "POINT_X": 112.7300845, "POINT_Y": -7.337278564, "POINT_Z": 0.0 }, "geometry": { "type": "Point", "coordinates": [ 112.730084500000089, -7.337278563999973, 0.0 ] } },
{ "type": "Feature", "properties": { "OID_": 0, "Name": "FRONTAGE SIWALANKERTO SELATAN", "FolderPath": "Data CCTV Usulan + 50 Jalur + Rencana 2026.kmz/CCTV DISHUB 2025/SELATAN", "Jenis": "CCTV Dishub 2025", "SubJenis": "CCTV Dishub 2025 Selatan", "POINT_X": 112.730056676, "POINT_Y": -7.337453592, "POINT_Z": 0.0 }, "geometry": { "type": "Point", "coordinates": [ 112.730056676000117, -7.337453591999974, 0.0 ] } },
{ "type": "Feature", "properties": { "OID_": 0, "Name": "AHMAD YANI SIWALANKERTO", "FolderPath": "Data CCTV Usulan + 50 Jalur + Rencana 2026.kmz/CCTV DISHUB 2025/SELATAN", "Jenis": "CCTV Dishub 2025", "SubJenis": "CCTV Dishub 2025 Selatan", "POINT_X": 112.72945246099999, "POINT_Y": -7.337368453, "POINT_Z": 0.0 }, "geometry": { "type": "Point", "coordinates": [ 112.729452461000051, -7.337368452999954, 0.0 ] } },
{ "type": "Feature", "properties": { "OID_": 0, "Name": "AHMAD YANI MARGOREJO PTZ", "FolderPath": "Data CCTV Usulan + 50 Jalur + Rencana 2026.kmz/CCTV DISHUB 2025/SELATAN", "Jenis": "CCTV Dishub 2025", "SubJenis": "CCTV Dishub 2025 Selatan", "POINT_X": 112.73396729300001, "POINT_Y": -7.316374039, "POINT_Z": 0.0 }, "geometry": { "type": "Point", "coordinates": [ 112.733967293000092, -7.316374038999925, 0.0 ] } },
{ "type": "Feature", "properties": { "OID_": 0, "Name": "AHMAD YANI MARGOREJO SELATAN", "FolderPath": "Data CCTV Usulan + 50 Jalur + Rencana 2026.kmz/CCTV DISHUB 2025/SELATAN", "Jenis": "CCTV Dishub 2025", "SubJenis": "CCTV Dishub 2025 Selatan", "POINT_X": 112.733873553, "POINT_Y": -7.316404421, "POINT_Z": 0.0 }, "geometry": { "type": "Point", "coordinates": [ 112.73387355300008, -7.316404420999959, 0.0 ] } },
{ "type": "Feature", "properties": { "OID_": 0, "Name": "AHMAD YANI MARGOREJO UTARA", "FolderPath": "Data CCTV Usulan + 50 Jalur + Rencana 2026.kmz/CCTV DISHUB 2025/SELATAN", "Jenis": "CCTV Dishub 2025", "SubJenis": "CCTV Dishub 2025 Selatan", "POINT_X": 112.734070777, "POINT_Y": -7.316273899, "POINT_Z": 0.0 }, "geometry": { "type": "Point", "coordinates": [ 112.734070777000056, -7.316273898999953, 0.0 ] } },
{ "type": "Feature", "properties": { "OID_": 0, "Name": "JEMBATAN WONOKROMO", "FolderPath": "Data CCTV Usulan + 50 Jalur + Rencana 2026.kmz/CCTV DISHUB 2025/SELATAN", "Jenis": "CCTV Dishub 2025", "SubJenis": "CCTV Dishub 2025 Selatan", "POINT_X": 112.737355608, "POINT_Y": -7.300699445, "POINT_Z": 0.0 }, "geometry": { "type": "Point", "coordinates": [ 112.73735560800003, -7.300699444999964, 0.0 ] } },
{ "type": "Feature", "properties": { "OID_": 0, "Name": "NGAGEL UJUNG GALUH SELATAN SPC", "FolderPath": "Data CCTV Usulan + 50 Jalur + Rencana 2026.kmz/CCTV DISHUB 2025/SELATAN", "Jenis": "CCTV Dishub 2025", "SubJenis": "CCTV Dishub 2025 Selatan", "POINT_X": 112.743007148, "POINT_Y": -7.291377922, "POINT_Z": 0.0 }, "geometry": { "type": "Point", "coordinates": [ 112.743007148000061, -7.291377921999981, 0.0 ] } },
{ "type": "Feature", "properties": { "OID_": 0, "Name": "KARAH PTZ", "FolderPath": "Data CCTV Usulan + 50 Jalur + Rencana 2026.kmz/CCTV DISHUB 2025/SELATAN", "Jenis": "CCTV Dishub 2025", "SubJenis": "CCTV Dishub 2025 Selatan", "POINT_X": 112.719536511, "POINT_Y": -7.309125667, "POINT_Z": 0.0 }, "geometry": { "type": "Point", "coordinates": [ 112.719536511000115, -7.309125666999932, 0.0 ] } },
{ "type": "Feature", "properties": { "OID_": 0, "Name": "JIMERTO TIMUR PARKIR", "FolderPath": "Data CCTV Usulan + 50 Jalur + Rencana 2026.kmz/CCTV DISHUB 2025/SELATAN", "Jenis": "CCTV Dishub 2025", "SubJenis": "CCTV Dishub 2025 Selatan", "POINT_X": 112.748169078, "POINT_Y": -7.258126213, "POINT_Z": 0.0 }, "geometry": { "type": "Point", "coordinates": [ 112.748169078000046, -7.258126212999969, 0.0 ] } },
{ "type": "Feature", "properties": { "OID_": 0, "Name": "JIMERTO SELATAN  PARKIR", "FolderPath": "Data CCTV Usulan + 50 Jalur + Rencana 2026.kmz/CCTV DISHUB 2025/SELATAN", "Jenis": "CCTV Dishub 2025", "SubJenis": "CCTV Dishub 2025 Selatan", "POINT_X": 112.74806714100001, "POINT_Y": -7.258118499, "POINT_Z": 0.0 }, "geometry": { "type": "Point", "coordinates": [ 112.748067141000092, -7.258118498999977, 0.0 ] } },
{ "type": "Feature", "properties": { "OID_": 0, "Name": "JIMERTO PARKIR MOBIL", "FolderPath": "Data CCTV Usulan + 50 Jalur + Rencana 2026.kmz/CCTV DISHUB 2025/SELATAN", "Jenis": "CCTV Dishub 2025", "SubJenis": "CCTV Dishub 2025 Selatan", "POINT_X": 112.747954814, "POINT_Y": -7.258115431, "POINT_Z": 0.0 }, "geometry": { "type": "Point", "coordinates": [ 112.747954814000082, -7.258115430999965, 0.0 ] } },
{ "type": "Feature", "properties": { "OID_": 0, "Name": "JIMERTO BARAT PARKIR", "FolderPath": "Data CCTV Usulan + 50 Jalur + Rencana 2026.kmz/CCTV DISHUB 2025/SELATAN", "Jenis": "CCTV Dishub 2025", "SubJenis": "CCTV Dishub 2025 Selatan", "POINT_X": 112.747767087, "POINT_Y": -7.258075797, "POINT_Z": 0.0 }, "geometry": { "type": "Point", "coordinates": [ 112.747767087000057, -7.258075796999947, 0.0 ] } },
{ "type": "Feature", "properties": { "OID_": 0, "Name": "SEDAP MALAM PARKIR 1", "FolderPath": "Data CCTV Usulan + 50 Jalur + Rencana 2026.kmz/CCTV DISHUB 2025/SELATAN", "Jenis": "CCTV Dishub 2025", "SubJenis": "CCTV Dishub 2025 Selatan", "POINT_X": 112.747424581, "POINT_Y": -7.260673583, "POINT_Z": 0.0 }, "geometry": { "type": "Point", "coordinates": [ 112.747424581000018, -7.260673582999971, 0.0 ] } },
{ "type": "Feature", "properties": { "OID_": 0, "Name": "SEDAP MALAM PARKIR 2", "FolderPath": "Data CCTV Usulan + 50 Jalur + Rencana 2026.kmz/CCTV DISHUB 2025/SELATAN", "Jenis": "CCTV Dishub 2025", "SubJenis": "CCTV Dishub 2025 Selatan", "POINT_X": 112.747326112, "POINT_Y": -7.260756782, "POINT_Z": 0.0 }, "geometry": { "type": "Point", "coordinates": [ 112.74732611200011, -7.26075678199993, 0.0 ] } },
{ "type": "Feature", "properties": { "OID_": 0, "Name": "SEDAP MALAM PARKIR 3", "FolderPath": "Data CCTV Usulan + 50 Jalur + Rencana 2026.kmz/CCTV DISHUB 2025/SELATAN", "Jenis": "CCTV Dishub 2025", "SubJenis": "CCTV Dishub 2025 Selatan", "POINT_X": 112.747367821, "POINT_Y": -7.260613757, "POINT_Z": 0.0 }, "geometry": { "type": "Point", "coordinates": [ 112.747367821000012, -7.260613756999931, 0.0 ] } },
{ "type": "Feature", "properties": { "OID_": 0, "Name": "DARMO AL FALAH SELATAN", "FolderPath": "Data CCTV Usulan + 50 Jalur + Rencana 2026.kmz/CCTV DISHUB 2025/E-TLE", "Jenis": "CCTV Dishub 2025", "SubJenis": "CCTV Dishub 2025 E-TLE", "POINT_X": 112.739242734, "POINT_Y": -7.295312187, "POINT_Z": 0.0 }, "geometry": { "type": "Point", "coordinates": [ 112.739242734000072, -7.295312186999979, 0.0 ] } },
{ "type": "Feature", "properties": { "OID_": 0, "Name": "DARMO AL FALAH UTARA", "FolderPath": "Data CCTV Usulan + 50 Jalur + Rencana 2026.kmz/CCTV DISHUB 2025/E-TLE", "Jenis": "CCTV Dishub 2025", "SubJenis": "CCTV Dishub 2025 E-TLE", "POINT_X": 112.739088886, "POINT_Y": -7.295792, "POINT_Z": 0.0 }, "geometry": { "type": "Point", "coordinates": [ 112.739088886000104, -7.295792, 0.0 ] } },
{ "type": "Feature", "properties": { "OID_": 0, "Name": "MOESTOPO DHARMAWANGSA BARAT", "FolderPath": "Data CCTV Usulan + 50 Jalur + Rencana 2026.kmz/CCTV DISHUB 2025/E-TLE", "Jenis": "CCTV Dishub 2025", "SubJenis": "CCTV Dishub 2025 E-TLE", "POINT_X": 112.75626400500001, "POINT_Y": -7.265663999, "POINT_Z": 0.0 }, "geometry": { "type": "Point", "coordinates": [ 112.756264005000048, -7.265663998999969, 0.0 ] } },
{ "type": "Feature", "properties": { "OID_": 0, "Name": "MOESTOPO DHARMAWANGSA TIMUR", "FolderPath": "Data CCTV Usulan + 50 Jalur + Rencana 2026.kmz/CCTV DISHUB 2025/E-TLE", "Jenis": "CCTV Dishub 2025", "SubJenis": "CCTV Dishub 2025 E-TLE", "POINT_X": 112.75691731000001, "POINT_Y": -7.26576365, "POINT_Z": 0.0 }, "geometry": { "type": "Point", "coordinates": [ 112.756917310000063, -7.26576364999994, 0.0 ] } },
{ "type": "Feature", "properties": { "OID_": 0, "Name": "KERTAJAYA DHARMAWANGSA SELATAN", "FolderPath": "Data CCTV Usulan + 50 Jalur + Rencana 2026.kmz/CCTV DISHUB 2025/E-TLE", "Jenis": "CCTV Dishub 2025", "SubJenis": "CCTV Dishub 2025 E-TLE", "POINT_X": 112.755769535, "POINT_Y": -7.278697453, "POINT_Z": 0.0 }, "geometry": { "type": "Point", "coordinates": [ 112.755769535000013, -7.27869745299995, 0.0 ] } },
{ "type": "Feature", "properties": { "OID_": 0, "Name": "KERTAJAYA DHARMAWANGSA TIMUR", "FolderPath": "Data CCTV Usulan + 50 Jalur + Rencana 2026.kmz/CCTV DISHUB 2025/E-TLE", "Jenis": "CCTV Dishub 2025", "SubJenis": "CCTV Dishub 2025 E-TLE", "POINT_X": 112.756227168, "POINT_Y": -7.278454684, "POINT_Z": 0.0 }, "geometry": { "type": "Point", "coordinates": [ 112.756227168, -7.278454683999939, 0.0 ] } },
{ "type": "Feature", "properties": { "OID_": 0, "Name": "KERTAJAYA DHARMAWANGSA UTARA", "FolderPath": "Data CCTV Usulan + 50 Jalur + Rencana 2026.kmz/CCTV DISHUB 2025/E-TLE", "Jenis": "CCTV Dishub 2025", "SubJenis": "CCTV Dishub 2025 E-TLE", "POINT_X": 112.755850408, "POINT_Y": -7.277942213, "POINT_Z": 0.0 }, "geometry": { "type": "Point", "coordinates": [ 112.755850408000015, -7.27794221299996, 0.0 ] } },
{ "type": "Feature", "properties": { "OID_": 0, "Name": "AIRLANGGA DHARMAWANGSA UTARA", "FolderPath": "Data CCTV Usulan + 50 Jalur + Rencana 2026.kmz/CCTV DISHUB 2025/E-TLE", "Jenis": "CCTV Dishub 2025", "SubJenis": "CCTV Dishub 2025 E-TLE", "POINT_X": 112.756444089, "POINT_Y": -7.270169023, "POINT_Z": 0.0 }, "geometry": { "type": "Point", "coordinates": [ 112.75644408900007, -7.270169022999937, 0.0 ] } },
{ "type": "Feature", "properties": { "OID_": 0, "Name": "AIRLANGGA DHARMAWANGSA SELATAN", "FolderPath": "Data CCTV Usulan + 50 Jalur + Rencana 2026.kmz/CCTV DISHUB 2025/E-TLE", "Jenis": "CCTV Dishub 2025", "SubJenis": "CCTV Dishub 2025 E-TLE", "POINT_X": 112.756366523, "POINT_Y": -7.270735047, "POINT_Z": 0.0 }, "geometry": { "type": "Point", "coordinates": [ 112.756366523000111, -7.27073504699996, 0.0 ] } },
{ "type": "Feature", "properties": { "OID_": 0, "Name": "BRATANG NGINDEN SELATAN", "FolderPath": "Data CCTV Usulan + 50 Jalur + Rencana 2026.kmz/CCTV DISHUB 2025/E-TLE", "Jenis": "CCTV Dishub 2025", "SubJenis": "CCTV Dishub 2025 E-TLE", "POINT_X": 112.76201233499999, "POINT_Y": -7.299538268, "POINT_Z": 0.0 }, "geometry": { "type": "Point", "coordinates": [ 112.762012335, -7.299538267999935, 0.0 ] } },
{ "type": "Feature", "properties": { "OID_": 0, "Name": "BRATANG NGINDEN UTARA", "FolderPath": "Data CCTV Usulan + 50 Jalur + Rencana 2026.kmz/CCTV DISHUB 2025/E-TLE", "Jenis": "CCTV Dishub 2025", "SubJenis": "CCTV Dishub 2025 E-TLE", "POINT_X": 112.762150637, "POINT_Y": -7.299089655, "POINT_Z": 0.0 }, "geometry": { "type": "Point", "coordinates": [ 112.762150637000104, -7.299089654999932, 0.0 ] } },
{ "type": "Feature", "properties": { "OID_": 0, "Name": "MANYAR NGAGEL JAYA SELATAN SELATAN", "FolderPath": "Data CCTV Usulan + 50 Jalur + Rencana 2026.kmz/CCTV DISHUB 2025/E-TLE", "Jenis": "CCTV Dishub 2025", "SubJenis": "CCTV Dishub 2025 E-TLE", "POINT_X": 112.76228663800001, "POINT_Y": -7.293994359, "POINT_Z": 0.0 }, "geometry": { "type": "Point", "coordinates": [ 112.762286638000091, -7.293994358999953, 0.0 ] } },
{ "type": "Feature", "properties": { "OID_": 0, "Name": "MANYAR NGAGEL JAYA SELATAN UTARA", "FolderPath": "Data CCTV Usulan + 50 Jalur + Rencana 2026.kmz/CCTV DISHUB 2025/E-TLE", "Jenis": "CCTV Dishub 2025", "SubJenis": "CCTV Dishub 2025 E-TLE", "POINT_X": 112.762498627, "POINT_Y": -7.293483453, "POINT_Z": 0.0 }, "geometry": { "type": "Point", "coordinates": [ 112.762498627000014, -7.293483452999965, 0.0 ] } },
{ "type": "Feature", "properties": { "OID_": 0, "Name": "MASTRIP WIYUNG SELATAN", "FolderPath": "Data CCTV Usulan + 50 Jalur + Rencana 2026.kmz/CCTV DISHUB 2025/E-TLE", "Jenis": "CCTV Dishub 2025", "SubJenis": "CCTV Dishub 2025 E-TLE", "POINT_X": 112.709592446, "POINT_Y": -7.313095462, "POINT_Z": 0.0 }, "geometry": { "type": "Point", "coordinates": [ 112.709592446000102, -7.313095461999978, 0.0 ] } },
{ "type": "Feature", "properties": { "OID_": 0, "Name": "KERTAJAYA MANYAR TIMUR", "FolderPath": "Data CCTV Usulan + 50 Jalur + Rencana 2026.kmz/CCTV DISHUB 2025/E-TLE", "Jenis": "CCTV Dishub 2025", "SubJenis": "CCTV Dishub 2025 E-TLE", "POINT_X": 112.76246076300001, "POINT_Y": -7.279455089, "POINT_Z": 0.0 }, "geometry": { "type": "Point", "coordinates": [ 112.762460763000036, -7.279455088999953, 0.0 ] } },
{ "type": "Feature", "properties": { "OID_": 0, "Name": "KERTAJAYA MANYAR BARAT", "FolderPath": "Data CCTV Usulan + 50 Jalur + Rencana 2026.kmz/CCTV DISHUB 2025/E-TLE", "Jenis": "CCTV Dishub 2025", "SubJenis": "CCTV Dishub 2025 E-TLE", "POINT_X": 112.76178833100001, "POINT_Y": -7.27924646, "POINT_Z": 0.0 }, "geometry": { "type": "Point", "coordinates": [ 112.761788331000048, -7.279246459999968, 0.0 ] } },
{ "type": "Feature", "properties": { "OID_": 0, "Name": "TUNJUNGAN SIOLA", "FolderPath": "Data CCTV Usulan + 50 Jalur + Rencana 2026.kmz/CCTV DISHUB 2025/E-TLE", "Jenis": "CCTV Dishub 2025", "SubJenis": "CCTV Dishub 2025 E-TLE", "POINT_X": 112.737473663, "POINT_Y": -7.255894997, "POINT_Z": 0.0 }, "geometry": { "type": "Point", "coordinates": [ 112.73747366300006, -7.255894996999928, 0.0 ] } },
{ "type": "Feature", "properties": { "OID_": 0, "Name": "GUNUNG SARI GAJAH MADA BARAT", "FolderPath": "Data CCTV Usulan + 50 Jalur + Rencana 2026.kmz/CCTV DISHUB 2025/E-TLE", "Jenis": "CCTV Dishub 2025", "SubJenis": "CCTV Dishub 2025 E-TLE", "POINT_X": 112.725380919, "POINT_Y": -7.304116245, "POINT_Z": 0.0 }, "geometry": { "type": "Point", "coordinates": [ 112.725380919000031, -7.304116244999932, 0.0 ] } },
{ "type": "Feature", "properties": { "OID_": 0, "Name": "GUNUNG SARI GAJAH MADA TIMUR", "FolderPath": "Data CCTV Usulan + 50 Jalur + Rencana 2026.kmz/CCTV DISHUB 2025/E-TLE", "Jenis": "CCTV Dishub 2025", "SubJenis": "CCTV Dishub 2025 E-TLE", "POINT_X": 112.725759947, "POINT_Y": -7.303712575, "POINT_Z": 0.0 }, "geometry": { "type": "Point", "coordinates": [ 112.725759947000029, -7.303712574999963, 0.0 ] } },
{ "type": "Feature", "properties": { "OID_": 0, "Name": "ADITYAWARMAN INDRAGIRI BARAT", "FolderPath": "Data CCTV Usulan + 50 Jalur + Rencana 2026.kmz/CCTV DISHUB 2025/E-TLE", "Jenis": "CCTV Dishub 2025", "SubJenis": "CCTV Dishub 2025 E-TLE", "POINT_X": 112.729496035, "POINT_Y": -7.292692486, "POINT_Z": 0.0 }, "geometry": { "type": "Point", "coordinates": [ 112.729496035000011, -7.292692485999964, 0.0 ] } },
{ "type": "Feature", "properties": { "OID_": 0, "Name": "ADITYAWARMAN INDRAGIRI TIMUR", "FolderPath": "Data CCTV Usulan + 50 Jalur + Rencana 2026.kmz/CCTV DISHUB 2025/E-TLE", "Jenis": "CCTV Dishub 2025", "SubJenis": "CCTV Dishub 2025 E-TLE", "POINT_X": 112.729911351, "POINT_Y": -7.293094718, "POINT_Z": 0.0 }, "geometry": { "type": "Point", "coordinates": [ 112.729911351000055, -7.293094717999963, 0.0 ] } },
{ "type": "Feature", "properties": { "OID_": 0, "Name": "HAYAM WURUK KUTAI BARAT", "FolderPath": "Data CCTV Usulan + 50 Jalur + Rencana 2026.kmz/CCTV DISHUB 2025/E-TLE", "Jenis": "CCTV Dishub 2025", "SubJenis": "CCTV Dishub 2025 E-TLE", "POINT_X": 112.73158795099999, "POINT_Y": -7.294215443, "POINT_Z": 0.0 }, "geometry": { "type": "Point", "coordinates": [ 112.731587951000051, -7.294215442999928, 0.0 ] } },
{ "type": "Feature", "properties": { "OID_": 0, "Name": "HAYAM WURUK KUTAI TIMUR", "FolderPath": "Data CCTV Usulan + 50 Jalur + Rencana 2026.kmz/CCTV DISHUB 2025/E-TLE", "Jenis": "CCTV Dishub 2025", "SubJenis": "CCTV Dishub 2025 E-TLE", "POINT_X": 112.73195903, "POINT_Y": -7.294637579, "POINT_Z": 0.0 }, "geometry": { "type": "Point", "coordinates": [ 112.731959030000098, -7.294637578999925, 0.0 ] } },
{ "type": "Feature", "properties": { "OID_": 0, "Name": "MERR UNAIR KAMPUS C SELATAN", "FolderPath": "Data CCTV Usulan + 50 Jalur + Rencana 2026.kmz/CCTV DISHUB 2025/E-TLE", "Jenis": "CCTV Dishub 2025", "SubJenis": "CCTV Dishub 2025 E-TLE", "POINT_X": 112.782022119, "POINT_Y": -7.270394082, "POINT_Z": 0.0 }, "geometry": { "type": "Point", "coordinates": [ 112.782022119000089, -7.270394081999939, 0.0 ] } },
{ "type": "Feature", "properties": { "OID_": 0, "Name": "MERR KENJERAN SELATAN", "FolderPath": "Data CCTV Usulan + 50 Jalur + Rencana 2026.kmz/CCTV DISHUB 2025/E-TLE", "Jenis": "CCTV Dishub 2025", "SubJenis": "CCTV Dishub 2025 E-TLE", "POINT_X": 112.784148208, "POINT_Y": -7.250179467, "POINT_Z": 0.0 }, "geometry": { "type": "Point", "coordinates": [ 112.784148208000033, -7.250179466999953, 0.0 ] } },
{ "type": "Feature", "properties": { "OID_": 0, "Name": "A YANI MARGOREJO UTARA", "FolderPath": "Data CCTV Usulan + 50 Jalur + Rencana 2026.kmz/CCTV DISHUB 2025/E-TLE", "Jenis": "CCTV Dishub 2025", "SubJenis": "CCTV Dishub 2025 E-TLE", "POINT_X": 112.73384100600001, "POINT_Y": -7.316519764, "POINT_Z": 0.0 }, "geometry": { "type": "Point", "coordinates": [ 112.733841006000034, -7.316519763999963, 0.0 ] } },
{ "type": "Feature", "properties": { "OID_": 0, "Name": "MERR KERTAJAYA SELATAN", "FolderPath": "Data CCTV Usulan + 50 Jalur + Rencana 2026.kmz/CCTV DISHUB 2025/E-TLE", "Jenis": "CCTV Dishub 2025", "SubJenis": "CCTV Dishub 2025 E-TLE", "POINT_X": 112.78079398, "POINT_Y": -7.280966186, "POINT_Z": 0.0 }, "geometry": { "type": "Point", "coordinates": [ 112.780793980000112, -7.280966185999944, 0.0 ] } },
{ "type": "Feature", "properties": { "OID_": 0, "Name": "AMBENGAN KUSUMA BANGSA", "FolderPath": "Data CCTV Usulan + 50 Jalur + Rencana 2026.kmz/CCTV DISHUB 2025/E-TLE", "Jenis": "CCTV Dishub 2025", "SubJenis": "CCTV Dishub 2025 E-TLE", "POINT_X": 112.750461859, "POINT_Y": -7.256333703, "POINT_Z": 0.0 }, "geometry": { "type": "Point", "coordinates": [ 112.750461859000097, -7.256333702999939, 0.0 ] } },
{ "type": "Feature", "properties": { "OID_": 0, "Name": "MAYJEND BINTANG DIPONGGO BARAT", "FolderPath": "Data CCTV Usulan + 50 Jalur + Rencana 2026.kmz/CCTV DISHUB 2025/E-TLE", "Jenis": "CCTV Dishub 2025", "SubJenis": "CCTV Dishub 2025 E-TLE", "POINT_X": 112.71850737600001, "POINT_Y": -7.291620975, "POINT_Z": 0.0 }, "geometry": { "type": "Point", "coordinates": [ 112.718507376000048, -7.291620974999944, 0.0 ] } },
{ "type": "Feature", "properties": { "OID_": 0, "Name": "MAYJEND BINTANG DIPONGGO TIMUR", "FolderPath": "Data CCTV Usulan + 50 Jalur + Rencana 2026.kmz/CCTV DISHUB 2025/E-TLE", "Jenis": "CCTV Dishub 2025", "SubJenis": "CCTV Dishub 2025 E-TLE", "POINT_X": 112.719181707, "POINT_Y": -7.291821167, "POINT_Z": 0.0 }, "geometry": { "type": "Point", "coordinates": [ 112.719181707000075, -7.291821166999966, 0.0 ] } },
{ "type": "Feature", "properties": { "OID_": 0, "Name": "ARIEF RAHMAN HAKIM MERR SELATAN", "FolderPath": "Data CCTV Usulan + 50 Jalur + Rencana 2026.kmz/CCTV DISHUB 2025/E-TLE", "Jenis": "CCTV Dishub 2025", "SubJenis": "CCTV Dishub 2025 E-TLE", "POINT_X": 112.780485981, "POINT_Y": -7.289992274, "POINT_Z": 0.0 }, "geometry": { "type": "Point", "coordinates": [ 112.780485981000083, -7.289992273999928, 0.0 ] } },
{ "type": "Feature", "properties": { "OID_": 0, "Name": "SPEEDCAM DEPAN KEC.KENJERAN ARAH KELUAR KOTA", "FolderPath": "Data CCTV Usulan + 50 Jalur + Rencana 2026.kmz/CCTV DISHUB 2025/SPEED CAM", "Jenis": "CCTV Dishub 2025", "SubJenis": "CCTV Dishub 2025 Speed Cam", "POINT_X": 112.77496089, "POINT_Y": -7.226623415, "POINT_Z": 0.0 }, "geometry": { "type": "Point", "coordinates": [ 112.774960890000102, -7.226623414999949, 0.0 ] } },
{ "type": "Feature", "properties": { "OID_": 0, "Name": "SPEEDCAM PUCANG ANOM ARAH KE SELATAN", "FolderPath": "Data CCTV Usulan + 50 Jalur + Rencana 2026.kmz/CCTV DISHUB 2025/SPEED CAM", "Jenis": "CCTV Dishub 2025", "SubJenis": "CCTV Dishub 2025 Speed Cam", "POINT_X": 112.75583327699999, "POINT_Y": -7.279509147, "POINT_Z": 0.0 }, "geometry": { "type": "Point", "coordinates": [ 112.755833277000079, -7.279509146999942, 0.0 ] } },
{ "type": "Feature", "properties": { "OID_": 0, "Name": "SPEEDCAM KENJERAN RS.MITRA KELUARGA", "FolderPath": "Data CCTV Usulan + 50 Jalur + Rencana 2026.kmz/CCTV DISHUB 2025/SPEED CAM", "Jenis": "CCTV Dishub 2025", "SubJenis": "CCTV Dishub 2025 Speed Cam", "POINT_X": 112.78622347, "POINT_Y": -7.250436002, "POINT_Z": 0.0 }, "geometry": { "type": "Point", "coordinates": [ 112.786223470000095, -7.250436001999958, 0.0 ] } },
{ "type": "Feature", "properties": { "OID_": 0, "Name": "SPEEDCAM SEMOLOWARU UTARA", "FolderPath": "Data CCTV Usulan + 50 Jalur + Rencana 2026.kmz/CCTV DISHUB 2025/SPEED CAM", "Jenis": "CCTV Dishub 2025", "SubJenis": "CCTV Dishub 2025 Speed Cam", "POINT_X": 112.78188559, "POINT_Y": -7.298524103, "POINT_Z": 0.0 }, "geometry": { "type": "Point", "coordinates": [ 112.781885590000115, -7.298524102999977, 0.0 ] } },
{ "type": "Feature", "properties": { "OID_": 0, "Name": "SPEEDCAM DEPAN KEC.KENJERAN ARAH MASUK KOTA", "FolderPath": "Data CCTV Usulan + 50 Jalur + Rencana 2026.kmz/CCTV DISHUB 2025/SPEED CAM", "Jenis": "CCTV Dishub 2025", "SubJenis": "CCTV Dishub 2025 Speed Cam", "POINT_X": 112.775210723, "POINT_Y": -7.226694002, "POINT_Z": 0.0 }, "geometry": { "type": "Point", "coordinates": [ 112.7752107230001, -7.226694001999931, 0.0 ] } },
{ "type": "Feature", "properties": { "OID_": 0, "Name": "KERTAJAYA UFO", "FolderPath": "Data CCTV Usulan + 50 Jalur + Rencana 2026.kmz/CCTV DISHUB 2025/SPEED CAM", "Jenis": "CCTV Dishub 2025", "SubJenis": "CCTV Dishub 2025 Speed Cam", "POINT_X": 112.759290737, "POINT_Y": -7.278761318, "POINT_Z": 0.0 }, "geometry": { "type": "Point", "coordinates": [ 112.759290737000015, -7.278761317999965, 0.0 ] } },
{ "type": "Feature", "properties": { "OID_": 0, "Name": "A YANI SIWALANKERTO", "FolderPath": "Data CCTV Usulan + 50 Jalur + Rencana 2026.kmz/CCTV DISHUB 2025/SPEED CAM", "Jenis": "CCTV Dishub 2025", "SubJenis": "CCTV Dishub 2025 Speed Cam", "POINT_X": 112.729137264, "POINT_Y": -7.337062763, "POINT_Z": 0.0 }, "geometry": { "type": "Point", "coordinates": [ 112.729137264000087, -7.337062762999949, 0.0 ] } },
{ "type": "Feature", "properties": { "OID_": 0, "Name": "MAYJEND SUNGKONO WONOKITRI UTARA", "FolderPath": "Data CCTV Usulan + 50 Jalur + Rencana 2026.kmz/CCTV DISHUB 2025/SPEED CAM", "Jenis": "CCTV Dishub 2025", "SubJenis": "CCTV Dishub 2025 Speed Cam", "POINT_X": 112.723315662, "POINT_Y": -7.292026343, "POINT_Z": 0.0 }, "geometry": { "type": "Point", "coordinates": [ 112.723315662, -7.292026342999975, 0.0 ] } },
{ "type": "Feature", "properties": { "OID_": 0, "Name": "MAYJEND SUNGKONO WONOKITRI SELATAN", "FolderPath": "Data CCTV Usulan + 50 Jalur + Rencana 2026.kmz/CCTV DISHUB 2025/SPEED CAM", "Jenis": "CCTV Dishub 2025", "SubJenis": "CCTV Dishub 2025 Speed Cam", "POINT_X": 112.723325512, "POINT_Y": -7.292121444, "POINT_Z": 0.0 }, "geometry": { "type": "Point", "coordinates": [ 112.723325512000088, -7.292121443999974, 0.0 ] } },
{ "type": "Feature", "properties": { "OID_": 0, "Name": "KEMBANG JEPUN KAPASAN", "FolderPath": "Data CCTV Usulan + 50 Jalur + Rencana 2026.kmz/CCTV DISHUB 2025/UTARA", "Jenis": "CCTV Dishub 2025", "SubJenis": "CCTV Dishub 2025 Utara", "POINT_X": 112.744851438, "POINT_Y": -7.238368977, "POINT_Z": 0.0 }, "geometry": { "type": "Point", "coordinates": [ 112.744851438000069, -7.238368976999936, 0.0 ] } },
{ "type": "Feature", "properties": { "OID_": 0, "Name": "SIMOKERTO KAPASAN PTZ", "FolderPath": "Data CCTV Usulan + 50 Jalur + Rencana 2026.kmz/CCTV DISHUB 2025/UTARA", "Jenis": "CCTV Dishub 2025", "SubJenis": "CCTV Dishub 2025 Utara", "POINT_X": 112.75284273600001, "POINT_Y": -7.240776213, "POINT_Z": 0.0 }, "geometry": { "type": "Point", "coordinates": [ 112.752842736000048, -7.240776212999947, 0.0 ] } },
{ "type": "Feature", "properties": { "OID_": 0, "Name": "SIMOKERTO KAPASAN SELATAN", "FolderPath": "Data CCTV Usulan + 50 Jalur + Rencana 2026.kmz/CCTV DISHUB 2025/UTARA", "Jenis": "CCTV Dishub 2025", "SubJenis": "CCTV Dishub 2025 Utara", "POINT_X": 112.75288928800001, "POINT_Y": -7.240888754, "POINT_Z": 0.0 }, "geometry": { "type": "Point", "coordinates": [ 112.752889288, -7.240888753999968, 0.0 ] } },
{ "type": "Feature", "properties": { "OID_": 0, "Name": "JAGALAN KALIANYAR UTARA", "FolderPath": "Data CCTV Usulan + 50 Jalur + Rencana 2026.kmz/CCTV DISHUB 2025/UTARA", "Jenis": "CCTV Dishub 2025", "SubJenis": "CCTV Dishub 2025 Utara", "POINT_X": 112.746996455, "POINT_Y": -7.248409387, "POINT_Z": 0.0 }, "geometry": { "type": "Point", "coordinates": [ 112.746996455000044, -7.248409386999981, 0.0 ] } },
{ "type": "Feature", "properties": { "OID_": 0, "Name": "JAGALAN KALIANYAR SELATAN", "FolderPath": "Data CCTV Usulan + 50 Jalur + Rencana 2026.kmz/CCTV DISHUB 2025/UTARA", "Jenis": "CCTV Dishub 2025", "SubJenis": "CCTV Dishub 2025 Utara", "POINT_X": 112.74669435200001, "POINT_Y": -7.248378057, "POINT_Z": 0.0 }, "geometry": { "type": "Point", "coordinates": [ 112.746694352000077, -7.248378056999968, 0.0 ] } },
{ "type": "Feature", "properties": { "OID_": 0, "Name": "PCTL INDRAPURA GKN SELATAN", "FolderPath": "Data CCTV Usulan + 50 Jalur + Rencana 2026.kmz/CCTV DISHUB 2025/UTARA", "Jenis": "CCTV Dishub 2025", "SubJenis": "CCTV Dishub 2025 Utara", "POINT_X": 112.73263329700001, "POINT_Y": -7.241385564, "POINT_Z": 0.0 }, "geometry": { "type": "Point", "coordinates": [ 112.732633297, -7.241385563999927, 0.0 ] } },
{ "type": "Feature", "properties": { "OID_": 0, "Name": "PCTL INDRAPURA PPPPK UTARA", "FolderPath": "Data CCTV Usulan + 50 Jalur + Rencana 2026.kmz/CCTV DISHUB 2025/UTARA", "Jenis": "CCTV Dishub 2025", "SubJenis": "CCTV Dishub 2025 Utara", "POINT_X": 112.73170433, "POINT_Y": -7.240214928, "POINT_Z": 0.0 }, "geometry": { "type": "Point", "coordinates": [ 112.731704330000071, -7.240214927999943, 0.0 ] } },
{ "type": "Feature", "properties": { "OID_": 0, "Name": "JAGALAN PASAR BESAR TIMUR", "FolderPath": "Data CCTV Usulan + 50 Jalur + Rencana 2026.kmz/CCTV DISHUB 2025/UTARA", "Jenis": "CCTV Dishub 2025", "SubJenis": "CCTV Dishub 2025 Utara", "POINT_X": 112.742445119, "POINT_Y": -7.24783904, "POINT_Z": 0.0 }, "geometry": { "type": "Point", "coordinates": [ 112.742445119000081, -7.247839039999974, 0.0 ] } },
{ "type": "Feature", "properties": { "OID_": 0, "Name": "HANGTUAH UJUNG PERAK UTARA", "FolderPath": "Data CCTV Usulan + 50 Jalur + Rencana 2026.kmz/CCTV DISHUB 2025/UTARA", "Jenis": "CCTV Dishub 2025", "SubJenis": "CCTV Dishub 2025 Utara", "POINT_X": 112.740951624, "POINT_Y": -7.225235359, "POINT_Z": 0.0 }, "geometry": { "type": "Point", "coordinates": [ 112.740951624000104, -7.225235358999953, 0.0 ] } },
{ "type": "Feature", "properties": { "OID_": 0, "Name": "INDRAPURA RAJAWALI", "FolderPath": "Data CCTV Usulan + 50 Jalur + Rencana 2026.kmz/CCTV DISHUB 2025/UTARA", "Jenis": "CCTV Dishub 2025", "SubJenis": "CCTV Dishub 2025 Utara", "POINT_X": 112.730695923, "POINT_Y": -7.23466079, "POINT_Z": 0.0 }, "geometry": { "type": "Point", "coordinates": [ 112.730695923000098, -7.234660789999964, 0.0 ] } },
{ "type": "Feature", "properties": { "OID_": 0, "Name": "PAHLAWAN KEBONROJO", "FolderPath": "Data CCTV Usulan + 50 Jalur + Rencana 2026.kmz/CCTV DISHUB 2025/UTARA", "Jenis": "CCTV Dishub 2025", "SubJenis": "CCTV Dishub 2025 Utara", "POINT_X": 112.738089585, "POINT_Y": -7.243344726, "POINT_Z": 0.0 }, "geometry": { "type": "Point", "coordinates": [ 112.738089585000012, -7.243344725999975, 0.0 ] } },
{ "type": "Feature", "properties": { "OID_": 0, "Name": "BUBUTAN TEMBAAN PANO", "FolderPath": "Data CCTV Usulan + 50 Jalur + Rencana 2026.kmz/CCTV DISHUB 2025/UTARA", "Jenis": "CCTV Dishub 2025", "SubJenis": "CCTV Dishub 2025 Utara", "POINT_X": 112.73685833, "POINT_Y": -7.247064607, "POINT_Z": 0.0 }, "geometry": { "type": "Point", "coordinates": [ 112.736858330000018, -7.24706460699997, 0.0 ] } },
{ "type": "Feature", "properties": { "OID_": 0, "Name": "BUBUTAN TEMBAAN TIMUR", "FolderPath": "Data CCTV Usulan + 50 Jalur + Rencana 2026.kmz/CCTV DISHUB 2025/UTARA", "Jenis": "CCTV Dishub 2025", "SubJenis": "CCTV Dishub 2025 Utara", "POINT_X": 112.7370616, "POINT_Y": -7.247150686, "POINT_Z": 0.0 }, "geometry": { "type": "Point", "coordinates": [ 112.737061600000061, -7.247150685999941, 0.0 ] } },
{ "type": "Feature", "properties": { "OID_": 0, "Name": "BUBUTAN TEMBAAN SELATAN", "FolderPath": "Data CCTV Usulan + 50 Jalur + Rencana 2026.kmz/CCTV DISHUB 2025/UTARA", "Jenis": "CCTV Dishub 2025", "SubJenis": "CCTV Dishub 2025 Utara", "POINT_X": 112.736764515, "POINT_Y": -7.247237594, "POINT_Z": 0.0 }, "geometry": { "type": "Point", "coordinates": [ 112.736764515, -7.247237593999955, 0.0 ] } },
{ "type": "Feature", "properties": { "OID_": 0, "Name": "GEMBLONGAN PENELEH", "FolderPath": "Data CCTV Usulan + 50 Jalur + Rencana 2026.kmz/CCTV DISHUB 2025/UTARA", "Jenis": "CCTV Dishub 2025", "SubJenis": "CCTV Dishub 2025 Utara", "POINT_X": 112.73680404300001, "POINT_Y": -7.252472197, "POINT_Z": 0.0 }, "geometry": { "type": "Point", "coordinates": [ 112.736804043, -7.252472196999975, 0.0 ] } },
{ "type": "Feature", "properties": { "OID_": 0, "Name": "BUBUTAN KEBONROJO SELATAN", "FolderPath": "Data CCTV Usulan + 50 Jalur + Rencana 2026.kmz/CCTV DISHUB 2025/UTARA", "Jenis": "CCTV Dishub 2025", "SubJenis": "CCTV Dishub 2025 Utara", "POINT_X": 112.736869048, "POINT_Y": -7.243621635, "POINT_Z": 0.0 }, "geometry": { "type": "Point", "coordinates": [ 112.736869048000017, -7.243621634999954, 0.0 ] } },
{ "type": "Feature", "properties": { "OID_": 0, "Name": "INDRAPURA DPRD", "FolderPath": "Data CCTV Usulan + 50 Jalur + Rencana 2026.kmz/CCTV DISHUB 2025/UTARA", "Jenis": "CCTV Dishub 2025", "SubJenis": "CCTV Dishub 2025 Utara", "POINT_X": 112.734606666, "POINT_Y": -7.243110705, "POINT_Z": 0.0 }, "geometry": { "type": "Point", "coordinates": [ 112.734606666000104, -7.243110704999935, 0.0 ] } },
{ "type": "Feature", "properties": { "OID_": 0, "Name": "DEMAK GRESIK", "FolderPath": "Data CCTV Usulan + 50 Jalur + Rencana 2026.kmz/CCTV DISHUB 2025/UTARA", "Jenis": "CCTV Dishub 2025", "SubJenis": "CCTV Dishub 2025 Utara", "POINT_X": 112.721370042, "POINT_Y": -7.232383215, "POINT_Z": 0.0 }, "geometry": { "type": "Point", "coordinates": [ 112.721370042000103, -7.23238321499997, 0.0 ] } },
{ "type": "Feature", "properties": { "OID_": 0, "Name": "DUPAK PASAR TURI SELATAN", "FolderPath": "Data CCTV Usulan + 50 Jalur + Rencana 2026.kmz/CCTV DISHUB 2025/UTARA", "Jenis": "CCTV Dishub 2025", "SubJenis": "CCTV Dishub 2025 Utara", "POINT_X": 112.733567896, "POINT_Y": -7.246451694, "POINT_Z": 0.0 }, "geometry": { "type": "Point", "coordinates": [ 112.733567896000068, -7.246451693999973, 0.0 ] } },
{ "type": "Feature", "properties": { "OID_": 0, "Name": "DUPAK PASAR TURI BARAT", "FolderPath": "Data CCTV Usulan + 50 Jalur + Rencana 2026.kmz/CCTV DISHUB 2025/UTARA", "Jenis": "CCTV Dishub 2025", "SubJenis": "CCTV Dishub 2025 Utara", "POINT_X": 112.733670328, "POINT_Y": -7.246202855, "POINT_Z": 0.0 }, "geometry": { "type": "Point", "coordinates": [ 112.733670328000017, -7.246202854999979, 0.0 ] } },
{ "type": "Feature", "properties": { "OID_": 0, "Name": "DUPAK PASAR TURI PTZ", "FolderPath": "Data CCTV Usulan + 50 Jalur + Rencana 2026.kmz/CCTV DISHUB 2025/UTARA", "Jenis": "CCTV Dishub 2025", "SubJenis": "CCTV Dishub 2025 Utara", "POINT_X": 112.733789094, "POINT_Y": -7.246468281, "POINT_Z": 0.0 }, "geometry": { "type": "Point", "coordinates": [ 112.733789094000031, -7.246468280999977, 0.0 ] } },
{ "type": "Feature", "properties": { "OID_": 0, "Name": "DUPAK DEMAK PANO", "FolderPath": "Data CCTV Usulan + 50 Jalur + Rencana 2026.kmz/CCTV DISHUB 2025/UTARA", "Jenis": "CCTV Dishub 2025", "SubJenis": "CCTV Dishub 2025 Utara", "POINT_X": 112.72092924499999, "POINT_Y": -7.245210779, "POINT_Z": 0.0 }, "geometry": { "type": "Point", "coordinates": [ 112.720929245000093, -7.245210778999933, 0.0 ] } },
{ "type": "Feature", "properties": { "OID_": 0, "Name": "DUPAK DEMAK UTARA", "FolderPath": "Data CCTV Usulan + 50 Jalur + Rencana 2026.kmz/CCTV DISHUB 2025/UTARA", "Jenis": "CCTV Dishub 2025", "SubJenis": "CCTV Dishub 2025 Utara", "POINT_X": 112.721004566, "POINT_Y": -7.245065499, "POINT_Z": 0.0 }, "geometry": { "type": "Point", "coordinates": [ 112.721004566000033, -7.245065498999963, 0.0 ] } },
{ "type": "Feature", "properties": { "OID_": 0, "Name": "DUPAK DEMAK TIMUR", "FolderPath": "Data CCTV Usulan + 50 Jalur + Rencana 2026.kmz/CCTV DISHUB 2025/UTARA", "Jenis": "CCTV Dishub 2025", "SubJenis": "CCTV Dishub 2025 Utara", "POINT_X": 112.721186596, "POINT_Y": -7.245304473, "POINT_Z": 0.0 }, "geometry": { "type": "Point", "coordinates": [ 112.721186596000052, -7.245304472999976, 0.0 ] } },
{ "type": "Feature", "properties": { "OID_": 0, "Name": "DUPAK RUKUN BABATAN", "FolderPath": "Data CCTV Usulan + 50 Jalur + Rencana 2026.kmz/CCTV DISHUB 2025/UTARA", "Jenis": "CCTV Dishub 2025", "SubJenis": "CCTV Dishub 2025 Utara", "POINT_X": 112.71866196400001, "POINT_Y": -7.245115918, "POINT_Z": 0.0 }, "geometry": { "type": "Point", "coordinates": [ 112.718661964000034, -7.245115917999954, 0.0 ] } },
{ "type": "Feature", "properties": { "OID_": 0, "Name": "KALIBUTUH SEMARANG BARAT", "FolderPath": "Data CCTV Usulan + 50 Jalur + Rencana 2026.kmz/CCTV DISHUB 2025/UTARA", "Jenis": "CCTV Dishub 2025", "SubJenis": "CCTV Dishub 2025 Utara", "POINT_X": 112.727493955, "POINT_Y": -7.255918091, "POINT_Z": 0.0 }, "geometry": { "type": "Point", "coordinates": [ 112.727493955000114, -7.255918090999955, 0.0 ] } },
{ "type": "Feature", "properties": { "OID_": 0, "Name": "KALIBUTUH SEMARANG SELATAN", "FolderPath": "Data CCTV Usulan + 50 Jalur + Rencana 2026.kmz/CCTV DISHUB 2025/UTARA", "Jenis": "CCTV Dishub 2025", "SubJenis": "CCTV Dishub 2025 Utara", "POINT_X": 112.727587662, "POINT_Y": -7.256111605, "POINT_Z": 0.0 }, "geometry": { "type": "Point", "coordinates": [ 112.727587662000019, -7.256111604999944, 0.0 ] } },
{ "type": "Feature", "properties": { "OID_": 0, "Name": "KALIBUTUH SEMARANG UTARA", "FolderPath": "Data CCTV Usulan + 50 Jalur + Rencana 2026.kmz/CCTV DISHUB 2025/UTARA", "Jenis": "CCTV Dishub 2025", "SubJenis": "CCTV Dishub 2025 Utara", "POINT_X": 112.727787943, "POINT_Y": -7.255875012, "POINT_Z": 0.0 }, "geometry": { "type": "Point", "coordinates": [ 112.727787943000067, -7.255875011999933, 0.0 ] } },
{ "type": "Feature", "properties": { "OID_": 0, "Name": "KENJERAN TEMPUREJO UTARA", "FolderPath": "Data CCTV Usulan + 50 Jalur + Rencana 2026.kmz/CCTV DISHUB 2025/UTARA", "Jenis": "CCTV Dishub 2025", "SubJenis": "CCTV Dishub 2025 Utara", "POINT_X": 112.795442263, "POINT_Y": -7.252776675, "POINT_Z": 0.0 }, "geometry": { "type": "Point", "coordinates": [ 112.795442263000041, -7.25277667499995, 0.0 ] } },
{ "type": "Feature", "properties": { "OID_": 0, "Name": "PINTU MASUK JEMBATAN SUROBOYO DOME", "FolderPath": "Data CCTV Usulan + 50 Jalur + Rencana 2026.kmz/CCTV DISHUB 2025/UTARA", "Jenis": "CCTV Dishub 2025", "SubJenis": "CCTV Dishub 2025 Utara", "POINT_X": 112.795174393, "POINT_Y": -7.235383018, "POINT_Z": 0.0 }, "geometry": { "type": "Point", "coordinates": [ 112.795174393000025, -7.235383017999936, 0.0 ] } },
{ "type": "Feature", "properties": { "OID_": 0, "Name": "PINTU MASUK JEMBATAN SUROBOYO TIMUR", "FolderPath": "Data CCTV Usulan + 50 Jalur + Rencana 2026.kmz/CCTV DISHUB 2025/UTARA", "Jenis": "CCTV Dishub 2025", "SubJenis": "CCTV Dishub 2025 Utara", "POINT_X": 112.795191557, "POINT_Y": -7.235439174, "POINT_Z": 0.0 }, "geometry": { "type": "Point", "coordinates": [ 112.795191557000066, -7.235439173999964, 0.0 ] } },
{ "type": "Feature", "properties": { "OID_": 0, "Name": "PINTU MASUK JEMBATAN SUROBOYO UTARA", "FolderPath": "Data CCTV Usulan + 50 Jalur + Rencana 2026.kmz/CCTV DISHUB 2025/UTARA", "Jenis": "CCTV Dishub 2025", "SubJenis": "CCTV Dishub 2025 Utara", "POINT_X": 112.79501997, "POINT_Y": -7.235323591, "POINT_Z": 0.0 }, "geometry": { "type": "Point", "coordinates": [ 112.795019970000112, -7.23532359099994, 0.0 ] } },
{ "type": "Feature", "properties": { "OID_": 0, "Name": "PINTU KELUAR JEMBATAN SUROBOYO UTARA", "FolderPath": "Data CCTV Usulan + 50 Jalur + Rencana 2026.kmz/CCTV DISHUB 2025/UTARA", "Jenis": "CCTV Dishub 2025", "SubJenis": "CCTV Dishub 2025 Utara", "POINT_X": 112.797692854, "POINT_Y": -7.240826167, "POINT_Z": 0.0 }, "geometry": { "type": "Point", "coordinates": [ 112.797692854000047, -7.240826166999966, 0.0 ] } },
{ "type": "Feature", "properties": { "OID_": 0, "Name": "PINTU KELUAR JEMBATAN SUROBOYO DOME", "FolderPath": "Data CCTV Usulan + 50 Jalur + Rencana 2026.kmz/CCTV DISHUB 2025/UTARA", "Jenis": "CCTV Dishub 2025", "SubJenis": "CCTV Dishub 2025 Utara", "POINT_X": 112.79776246500001, "POINT_Y": -7.240853967, "POINT_Z": 0.0 }, "geometry": { "type": "Point", "coordinates": [ 112.797762465, -7.240853966999964, 0.0 ] } },
{ "type": "Feature", "properties": { "OID_": 0, "Name": "PINTU MASUK JEMBATAN SUROBOYO BARAT", "FolderPath": "Data CCTV Usulan + 50 Jalur + Rencana 2026.kmz/CCTV DISHUB 2025/UTARA", "Jenis": "CCTV Dishub 2025", "SubJenis": "CCTV Dishub 2025 Utara", "POINT_X": 112.79762823, "POINT_Y": -7.24090141, "POINT_Z": 0.0 }, "geometry": { "type": "Point", "coordinates": [ 112.7976282300001, -7.240901409999935, 0.0 ] } },
{ "type": "Feature", "properties": { "OID_": 0, "Name": "PAHLAWAN TEMBAAN TIMUR", "FolderPath": "Data CCTV Usulan + 50 Jalur + Rencana 2026.kmz/CCTV DISHUB 2025/UTARA", "Jenis": "CCTV Dishub 2025", "SubJenis": "CCTV Dishub 2025 Utara", "POINT_X": 112.73905742, "POINT_Y": -7.247430759, "POINT_Z": 0.0 }, "geometry": { "type": "Point", "coordinates": [ 112.739057420000108, -7.24743075899994, 0.0 ] } },
{ "type": "Feature", "properties": { "OID_": 0, "Name": "ARJUNO TIDAR SELATAN", "FolderPath": "Data CCTV Usulan + 50 Jalur + Rencana 2026.kmz/CCTV DISHUB 2025/UTARA", "Jenis": "CCTV Dishub 2025", "SubJenis": "CCTV Dishub 2025 Utara", "POINT_X": 112.727388578, "POINT_Y": -7.257174956, "POINT_Z": 0.0 }, "geometry": { "type": "Point", "coordinates": [ 112.727388578000046, -7.257174955999972, 0.0 ] } },
{ "type": "Feature", "properties": { "OID_": 0, "Name": "ARJUNO TIDAR BARAT", "FolderPath": "Data CCTV Usulan + 50 Jalur + Rencana 2026.kmz/CCTV DISHUB 2025/UTARA", "Jenis": "CCTV Dishub 2025", "SubJenis": "CCTV Dishub 2025 Utara", "POINT_X": 112.72730589, "POINT_Y": -7.257029528, "POINT_Z": 0.0 }, "geometry": { "type": "Point", "coordinates": [ 112.727305890000025, -7.257029527999975, 0.0 ] } },
{ "type": "Feature", "properties": { "OID_": 0, "Name": "STASIUN KOTA BONGKARAN", "FolderPath": "Data CCTV Usulan + 50 Jalur + Rencana 2026.kmz/CCTV DISHUB 2025/UTARA", "Jenis": "CCTV Dishub 2025", "SubJenis": "CCTV Dishub 2025 Utara", "POINT_X": 112.74072030400001, "POINT_Y": -7.242570992, "POINT_Z": 0.0 }, "geometry": { "type": "Point", "coordinates": [ 112.740720304000092, -7.242570991999969, 0.0 ] } },
{ "type": "Feature", "properties": { "OID_": 0, "Name": "PEGIRIAN PANO", "FolderPath": "Data CCTV Usulan + 50 Jalur + Rencana 2026.kmz/CCTV DISHUB 2025/UTARA", "Jenis": "CCTV Dishub 2025", "SubJenis": "CCTV Dishub 2025 Utara", "POINT_X": 112.74627064800001, "POINT_Y": -7.226400836, "POINT_Z": 0.0 }, "geometry": { "type": "Point", "coordinates": [ 112.746270648000063, -7.226400835999925, 0.0 ] } },
{ "type": "Feature", "properties": { "OID_": 0, "Name": "GEMBONG TEBASAN KAPASARI UTARA", "FolderPath": "Data CCTV Usulan + 50 Jalur + Rencana 2026.kmz/CCTV DISHUB 2025/UTARA", "Jenis": "CCTV Dishub 2025", "SubJenis": "CCTV Dishub 2025 Utara", "POINT_X": 112.751331339, "POINT_Y": -7.245494141, "POINT_Z": 0.0 }, "geometry": { "type": "Point", "coordinates": [ 112.751331339000103, -7.245494140999938, 0.0 ] } },
{ "type": "Feature", "properties": { "OID_": 0, "Name": "TERMINAL TOW SELATAN", "FolderPath": "Data CCTV Usulan + 50 Jalur + Rencana 2026.kmz/CCTV DISHUB 2025/UTARA", "Jenis": "CCTV Dishub 2025", "SubJenis": "CCTV Dishub 2025 Utara", "POINT_X": 112.654539865, "POINT_Y": -7.217325316, "POINT_Z": 0.0 }, "geometry": { "type": "Point", "coordinates": [ 112.654539865000061, -7.217325315999972, 0.0 ] } },
{ "type": "Feature", "properties": { "OID_": 0, "Name": "TERMINAL TOW UTARA", "FolderPath": "Data CCTV Usulan + 50 Jalur + Rencana 2026.kmz/CCTV DISHUB 2025/UTARA", "Jenis": "CCTV Dishub 2025", "SubJenis": "CCTV Dishub 2025 Utara", "POINT_X": 112.654423026, "POINT_Y": -7.216995312, "POINT_Z": 0.0 }, "geometry": { "type": "Point", "coordinates": [ 112.654423026000018, -7.216995311999938, 0.0 ] } },
{ "type": "Feature", "properties": { "OID_": 0, "Name": "DIPONEGORO KARTINI UTARA", "FolderPath": "Data CCTV Usulan + 50 Jalur + Rencana 2026.kmz/CCTV DISHUB 2025/UTARA", "Jenis": "CCTV Dishub 2025", "SubJenis": "CCTV Dishub 2025 Utara", "POINT_X": 112.729080458, "POINT_Y": -7.278022601, "POINT_Z": 0.0 }, "geometry": { "type": "Point", "coordinates": [ 112.729080458000112, -7.278022600999975, 0.0 ] } },
{ "type": "Feature", "properties": { "OID_": 0, "Name": "DIPONEGORO KARTINI SELATAN", "FolderPath": "Data CCTV Usulan + 50 Jalur + Rencana 2026.kmz/CCTV DISHUB 2025/UTARA", "Jenis": "CCTV Dishub 2025", "SubJenis": "CCTV Dishub 2025 Utara", "POINT_X": 112.729134563, "POINT_Y": -7.278123638, "POINT_Z": 0.0 }, "geometry": { "type": "Point", "coordinates": [ 112.729134563000116, -7.278123637999954, 0.0 ] } },
{ "type": "Feature", "properties": { "OID_": 0, "Name": "MARGOMULYO KALIANAK", "FolderPath": "Data CCTV Usulan + 50 Jalur + Rencana 2026.kmz/CCTV DISHUB 2025/UTARA", "Jenis": "CCTV Dishub 2025", "SubJenis": "CCTV Dishub 2025 Utara", "POINT_X": 112.682719338, "POINT_Y": -7.229707505, "POINT_Z": 0.0 }, "geometry": { "type": "Point", "coordinates": [ 112.682719338000084, -7.229707504999965, 0.0 ] } },
{ "type": "Feature", "properties": { "OID_": 0, "Name": "MARGOMULYO KALIANAK BARAT", "FolderPath": "Data CCTV Usulan + 50 Jalur + Rencana 2026.kmz/CCTV DISHUB 2025/UTARA", "Jenis": "CCTV Dishub 2025", "SubJenis": "CCTV Dishub 2025 Utara", "POINT_X": 112.682446515, "POINT_Y": -7.229778717, "POINT_Z": 0.0 }, "geometry": { "type": "Point", "coordinates": [ 112.682446515000038, -7.229778716999931, 0.0 ] } },
{ "type": "Feature", "properties": { "OID_": 0, "Name": "MARGOMULYO KALIANAK SELATAN", "FolderPath": "Data CCTV Usulan + 50 Jalur + Rencana 2026.kmz/CCTV DISHUB 2025/UTARA", "Jenis": "CCTV Dishub 2025", "SubJenis": "CCTV Dishub 2025 Utara", "POINT_X": 112.682627205, "POINT_Y": -7.229847366, "POINT_Z": 0.0 }, "geometry": { "type": "Point", "coordinates": [ 112.682627205000017, -7.229847365999944, 0.0 ] } },
{ "type": "Feature", "properties": { "OID_": 0, "Name": "ROMOKALISARI GRESIK", "FolderPath": "Data CCTV Usulan + 50 Jalur + Rencana 2026.kmz/CCTV DISHUB 2025/UTARA", "Jenis": "CCTV Dishub 2025", "SubJenis": "CCTV Dishub 2025 Utara", "POINT_X": 112.645889086, "POINT_Y": -7.196006682, "POINT_Z": 0.0 }, "geometry": { "type": "Point", "coordinates": [ 112.645889086000011, -7.196006681999961, 0.0 ] } },
{ "type": "Feature", "properties": { "OID_": 0, "Name": "BALONGSARI TANDES", "FolderPath": "Data CCTV Usulan + 50 Jalur + Rencana 2026.kmz/CCTV DISHUB 2025/UTARA", "Jenis": "CCTV Dishub 2025", "SubJenis": "CCTV Dishub 2025 Utara", "POINT_X": 112.680025175, "POINT_Y": -7.25845281, "POINT_Z": 0.0 }, "geometry": { "type": "Point", "coordinates": [ 112.680025175000083, -7.258452809999937, 0.0 ] } },
{ "type": "Feature", "properties": { "OID_": 0, "Name": "TANJUNGSARI DOME", "FolderPath": "Data CCTV Usulan + 50 Jalur + Rencana 2026.kmz/CCTV DISHUB 2025/UTARA", "Jenis": "CCTV Dishub 2025", "SubJenis": "CCTV Dishub 2025 Utara", "POINT_X": 112.69218150499999, "POINT_Y": -7.260767418, "POINT_Z": 0.0 }, "geometry": { "type": "Point", "coordinates": [ 112.692181505, -7.260767417999944, 0.0 ] } },
{ "type": "Feature", "properties": { "OID_": 0, "Name": "ROMOKALISARI GRESIK TIMUR", "FolderPath": "Data CCTV Usulan + 50 Jalur + Rencana 2026.kmz/CCTV DISHUB 2025/UTARA", "Jenis": "CCTV Dishub 2025", "SubJenis": "CCTV Dishub 2025 Utara", "POINT_X": 112.64616311100001, "POINT_Y": -7.196665636, "POINT_Z": 0.0 }, "geometry": { "type": "Point", "coordinates": [ 112.646163111000078, -7.196665635999977, 0.0 ] } },
{ "type": "Feature", "properties": { "OID_": 0, "Name": "MARGOMULYO SPBU", "FolderPath": "Data CCTV Usulan + 50 Jalur + Rencana 2026.kmz/CCTV DISHUB 2025/UTARA", "Jenis": "CCTV Dishub 2025", "SubJenis": "CCTV Dishub 2025 Utara", "POINT_X": 112.680703475, "POINT_Y": -7.257911017, "POINT_Z": 0.0 }, "geometry": { "type": "Point", "coordinates": [ 112.680703475000087, -7.257911016999969, 0.0 ] } },
{ "type": "Feature", "properties": { "OID_": 0, "Name": "KAPASARI NGAGLIK PTZ", "FolderPath": "Data CCTV Usulan + 50 Jalur + Rencana 2026.kmz/CCTV DISHUB 2025/UTARA", "Jenis": "CCTV Dishub 2025", "SubJenis": "CCTV Dishub 2025 Utara", "POINT_X": 112.75048030799999, "POINT_Y": -7.248912118, "POINT_Z": 0.0 }, "geometry": { "type": "Point", "coordinates": [ 112.750480308000078, -7.248912117999964, 0.0 ] } },
{ "type": "Feature", "properties": { "OID_": 0, "Name": "NGAGLIK KALIANYAR", "FolderPath": "Data CCTV Usulan + 50 Jalur + Rencana 2026.kmz/CCTV DISHUB 2025/UTARA", "Jenis": "CCTV Dishub 2025", "SubJenis": "CCTV Dishub 2025 Utara", "POINT_X": 112.75019101, "POINT_Y": -7.248928708, "POINT_Z": 0.0 }, "geometry": { "type": "Point", "coordinates": [ 112.750191010000094, -7.248928707999937, 0.0 ] } },
{ "type": "Feature", "properties": { "OID_": 0, "Name": "KUSUMA BANGSA NGAGLIK SELATAN", "FolderPath": "Data CCTV Usulan + 50 Jalur + Rencana 2026.kmz/CCTV DISHUB 2025/UTARA", "Jenis": "CCTV Dishub 2025", "SubJenis": "CCTV Dishub 2025 Utara", "POINT_X": 112.750271064, "POINT_Y": -7.249015442, "POINT_Z": 0.0 }, "geometry": { "type": "Point", "coordinates": [ 112.750271064000117, -7.249015441999973, 0.0 ] } },
{ "type": "Feature", "properties": { "OID_": 0, "Name": "PECINDILAN PENGAMPON", "FolderPath": "Data CCTV Usulan + 50 Jalur + Rencana 2026.kmz/CCTV DISHUB 2025/UTARA", "Jenis": "CCTV Dishub 2025", "SubJenis": "CCTV Dishub 2025 Utara", "POINT_X": 112.74715210700001, "POINT_Y": -7.244648108, "POINT_Z": 0.0 }, "geometry": { "type": "Point", "coordinates": [ 112.747152107000034, -7.244648107999978, 0.0 ] } },
{ "type": "Feature", "properties": { "OID_": 0, "Name": "PECINDILAN PENGAMPON SELATAN", "FolderPath": "Data CCTV Usulan + 50 Jalur + Rencana 2026.kmz/CCTV DISHUB 2025/UTARA", "Jenis": "CCTV Dishub 2025", "SubJenis": "CCTV Dishub 2025 Utara", "POINT_X": 112.74714173300001, "POINT_Y": -7.244762639, "POINT_Z": 0.0 }, "geometry": { "type": "Point", "coordinates": [ 112.747141733000035, -7.24476263899993, 0.0 ] } },
{ "type": "Feature", "properties": { "OID_": 0, "Name": "PECINDILAN PENGAMPON BARAT", "FolderPath": "Data CCTV Usulan + 50 Jalur + Rencana 2026.kmz/CCTV DISHUB 2025/UTARA", "Jenis": "CCTV Dishub 2025", "SubJenis": "CCTV Dishub 2025 Utara", "POINT_X": 112.74703108600001, "POINT_Y": -7.24468087, "POINT_Z": 0.0 }, "geometry": { "type": "Point", "coordinates": [ 112.747031086000106, -7.244680869999968, 0.0 ] } },
{ "type": "Feature", "properties": { "OID_": 0, "Name": "KENJERAN TAMBAKREJO BARAT", "FolderPath": "Data CCTV Usulan + 50 Jalur + Rencana 2026.kmz/CCTV DISHUB 2025/UTARA", "Jenis": "CCTV Dishub 2025", "SubJenis": "CCTV Dishub 2025 Utara", "POINT_X": 112.75900757399999, "POINT_Y": -7.242619902, "POINT_Z": 0.0 }, "geometry": { "type": "Point", "coordinates": [ 112.759007574000066, -7.242619901999944, 0.0 ] } },
{ "type": "Feature", "properties": { "OID_": 0, "Name": "KENJERAN TAMBAKREJO TIMUR", "FolderPath": "Data CCTV Usulan + 50 Jalur + Rencana 2026.kmz/CCTV DISHUB 2025/UTARA", "Jenis": "CCTV Dishub 2025", "SubJenis": "CCTV Dishub 2025 Utara", "POINT_X": 112.75916178600001, "POINT_Y": -7.242690905, "POINT_Z": 0.0 }, "geometry": { "type": "Point", "coordinates": [ 112.75916178600005, -7.242690904999961, 0.0 ] } },
{ "type": "Feature", "properties": { "OID_": 0, "Name": "KENJERAN MAKAM WR SOEPRATMAN", "FolderPath": "Data CCTV Usulan + 50 Jalur + Rencana 2026.kmz/CCTV DISHUB 2025/UTARA", "Jenis": "CCTV Dishub 2025", "SubJenis": "CCTV Dishub 2025 Utara", "POINT_X": 112.76113285, "POINT_Y": -7.243261671, "POINT_Z": 0.0 }, "geometry": { "type": "Point", "coordinates": [ 112.761132850000081, -7.243261670999971, 0.0 ] } },
{ "type": "Feature", "properties": { "OID_": 0, "Name": "KENJERAN KEDUNG COWEK UTARA", "FolderPath": "Data CCTV Usulan + 50 Jalur + Rencana 2026.kmz/CCTV DISHUB 2025/UTARA", "Jenis": "CCTV Dishub 2025", "SubJenis": "CCTV Dishub 2025 Utara", "POINT_X": 112.76909055500001, "POINT_Y": -7.245320175, "POINT_Z": 0.0 }, "geometry": { "type": "Point", "coordinates": [ 112.769090555000048, -7.245320174999961, 0.0 ] } },
{ "type": "Feature", "properties": { "OID_": 0, "Name": "KENJERAN KEDUNG COWEK SELATAN", "FolderPath": "Data CCTV Usulan + 50 Jalur + Rencana 2026.kmz/CCTV DISHUB 2025/UTARA", "Jenis": "CCTV Dishub 2025", "SubJenis": "CCTV Dishub 2025 Utara", "POINT_X": 112.76884887200001, "POINT_Y": -7.245528178, "POINT_Z": 0.0 }, "geometry": { "type": "Point", "coordinates": [ 112.768848872000035, -7.245528177999972, 0.0 ] } },
{ "type": "Feature", "properties": { "OID_": 0, "Name": "KENJERAN KEDUNG COWEK BARAT", "FolderPath": "Data CCTV Usulan + 50 Jalur + Rencana 2026.kmz/CCTV DISHUB 2025/UTARA", "Jenis": "CCTV Dishub 2025", "SubJenis": "CCTV Dishub 2025 Utara", "POINT_X": 112.768773667, "POINT_Y": -7.245308196, "POINT_Z": 0.0 }, "geometry": { "type": "Point", "coordinates": [ 112.768773667, -7.245308195999939, 0.0 ] } },
{ "type": "Feature", "properties": { "OID_": 0, "Name": "KENJERAN KEDUNG COWEK TIMUR", "FolderPath": "Data CCTV Usulan + 50 Jalur + Rencana 2026.kmz/CCTV DISHUB 2025/UTARA", "Jenis": "CCTV Dishub 2025", "SubJenis": "CCTV Dishub 2025 Utara", "POINT_X": 112.769230073, "POINT_Y": -7.245483153, "POINT_Z": 0.0 }, "geometry": { "type": "Point", "coordinates": [ 112.769230073000017, -7.245483152999952, 0.0 ] } },
{ "type": "Feature", "properties": { "OID_": 0, "Name": "KENJERAN KEDUNG COWEK PANO", "FolderPath": "Data CCTV Usulan + 50 Jalur + Rencana 2026.kmz/CCTV DISHUB 2025/UTARA", "Jenis": "CCTV Dishub 2025", "SubJenis": "CCTV Dishub 2025 Utara", "POINT_X": 112.768969012, "POINT_Y": -7.245421141, "POINT_Z": 0.0 }, "geometry": { "type": "Point", "coordinates": [ 112.768969012000071, -7.245421140999952, 0.0 ] } },
{ "type": "Feature", "properties": { "OID_": 0, "Name": "KEDUNG COWEK SMA 19", "FolderPath": "Data CCTV Usulan + 50 Jalur + Rencana 2026.kmz/CCTV DISHUB 2025/UTARA", "Jenis": "CCTV Dishub 2025", "SubJenis": "CCTV Dishub 2025 Utara", "POINT_X": 112.776931817, "POINT_Y": -7.222018343, "POINT_Z": 0.0 }, "geometry": { "type": "Point", "coordinates": [ 112.776931817000104, -7.222018342999945, 0.0 ] } },
{ "type": "Feature", "properties": { "OID_": 0, "Name": "KEDUNG COWEK SAMSAT", "FolderPath": "Data CCTV Usulan + 50 Jalur + Rencana 2026.kmz/CCTV DISHUB 2025/UTARA", "Jenis": "CCTV Dishub 2025", "SubJenis": "CCTV Dishub 2025 Utara", "POINT_X": 112.776476402, "POINT_Y": -7.222462087, "POINT_Z": 0.0 }, "geometry": { "type": "Point", "coordinates": [ 112.776476402000071, -7.22246208699994, 0.0 ] } },
{ "type": "Feature", "properties": { "OID_": 0, "Name": "TAMBAK WEDI BARU", "FolderPath": "Data CCTV Usulan + 50 Jalur + Rencana 2026.kmz/CCTV DISHUB 2025/UTARA", "Jenis": "CCTV Dishub 2025", "SubJenis": "CCTV Dishub 2025 Utara", "POINT_X": 112.777089445, "POINT_Y": -7.218446859, "POINT_Z": 0.0 }, "geometry": { "type": "Point", "coordinates": [ 112.777089445000115, -7.218446858999926, 0.0 ] } },
{ "type": "Feature", "properties": { "OID_": 0, "Name": "TAMBAK WEDI LAMA PTZ", "FolderPath": "Data CCTV Usulan + 50 Jalur + Rencana 2026.kmz/CCTV DISHUB 2025/UTARA", "Jenis": "CCTV Dishub 2025", "SubJenis": "CCTV Dishub 2025 Utara", "POINT_X": 112.77827953800001, "POINT_Y": -7.21094594, "POINT_Z": 0.0 }, "geometry": { "type": "Point", "coordinates": [ 112.778279538000106, -7.210945939999931, 0.0 ] } },
{ "type": "Feature", "properties": { "OID_": 0, "Name": "SURAMADU BOSEM", "FolderPath": "Data CCTV Usulan + 50 Jalur + Rencana 2026.kmz/CCTV DISHUB 2025/UTARA", "Jenis": "CCTV Dishub 2025", "SubJenis": "CCTV Dishub 2025 Utara", "POINT_X": 112.779293272, "POINT_Y": -7.211073342, "POINT_Z": 0.0 }, "geometry": { "type": "Point", "coordinates": [ 112.779293272000018, -7.211073341999963, 0.0 ] } },
{ "type": "Feature", "properties": { "OID_": 0, "Name": "JEMBATAN SURAMADU PTZ", "FolderPath": "Data CCTV Usulan + 50 Jalur + Rencana 2026.kmz/CCTV DISHUB 2025/UTARA", "Jenis": "CCTV Dishub 2025", "SubJenis": "CCTV Dishub 2025 Utara", "POINT_X": 112.778313775, "POINT_Y": -7.208385267, "POINT_Z": 0.0 }, "geometry": { "type": "Point", "coordinates": [ 112.778313775000015, -7.208385266999926, 0.0 ] } },
{ "type": "Feature", "properties": { "OID_": 0, "Name": "NAMBANGAN PTZ", "FolderPath": "Data CCTV Usulan + 50 Jalur + Rencana 2026.kmz/CCTV DISHUB 2025/UTARA", "Jenis": "CCTV Dishub 2025", "SubJenis": "CCTV Dishub 2025 Utara", "POINT_X": 112.787786991, "POINT_Y": -7.225815194, "POINT_Z": 0.0 }, "geometry": { "type": "Point", "coordinates": [ 112.787786991000075, -7.225815193999949, 0.0 ] } },
{ "type": "Feature", "properties": { "OID_": 0, "Name": "TAMBAKREJO KRAMPUNG TIMUR", "FolderPath": "Data CCTV Usulan + 50 Jalur + Rencana 2026.kmz/CCTV DISHUB 2025/UTARA", "Jenis": "CCTV Dishub 2025", "SubJenis": "CCTV Dishub 2025 Utara", "POINT_X": 112.757779191, "POINT_Y": -7.248688338, "POINT_Z": 0.0 }, "geometry": { "type": "Point", "coordinates": [ 112.757779191000054, -7.248688337999965, 0.0 ] } },
{ "type": "Feature", "properties": { "OID_": 0, "Name": "TAMBAKREJO KRAMPUNG B ARAT", "FolderPath": "Data CCTV Usulan + 50 Jalur + Rencana 2026.kmz/CCTV DISHUB 2025/UTARA", "Jenis": "CCTV Dishub 2025", "SubJenis": "CCTV Dishub 2025 Utara", "POINT_X": 112.7575739, "POINT_Y": -7.248721369, "POINT_Z": 0.0 }, "geometry": { "type": "Point", "coordinates": [ 112.757573900000011, -7.248721368999952, 0.0 ] } },
{ "type": "Feature", "properties": { "OID_": 0, "Name": "TAMBAKREJO KRAMPUNG PANO", "FolderPath": "Data CCTV Usulan + 50 Jalur + Rencana 2026.kmz/CCTV DISHUB 2025/UTARA", "Jenis": "CCTV Dishub 2025", "SubJenis": "CCTV Dishub 2025 Utara", "POINT_X": 112.75766089299999, "POINT_Y": -7.248679547, "POINT_Z": 0.0 }, "geometry": { "type": "Point", "coordinates": [ 112.757660893000093, -7.248679546999938, 0.0 ] } },
{ "type": "Feature", "properties": { "OID_": 0, "Name": "KAPAS KRAMPUNG PUTRO AGUNG BARAT", "FolderPath": "Data CCTV Usulan + 50 Jalur + Rencana 2026.kmz/CCTV DISHUB 2025/UTARA", "Jenis": "CCTV Dishub 2025", "SubJenis": "CCTV Dishub 2025 Utara", "POINT_X": 112.767580561, "POINT_Y": -7.251125812, "POINT_Z": 0.0 }, "geometry": { "type": "Point", "coordinates": [ 112.767580561000045, -7.251125811999941, 0.0 ] } },
{ "type": "Feature", "properties": { "OID_": 0, "Name": "KAPAS KRAMPUNG PUTRO AGUNG UTARA", "FolderPath": "Data CCTV Usulan + 50 Jalur + Rencana 2026.kmz/CCTV DISHUB 2025/UTARA", "Jenis": "CCTV Dishub 2025", "SubJenis": "CCTV Dishub 2025 Utara", "POINT_X": 112.76781276600001, "POINT_Y": -7.251136765, "POINT_Z": 0.0 }, "geometry": { "type": "Point", "coordinates": [ 112.76781276600002, -7.251136764999956, 0.0 ] } },
{ "type": "Feature", "properties": { "OID_": 0, "Name": "NGAGLIK TAMBAKSARI", "FolderPath": "Data CCTV Usulan + 50 Jalur + Rencana 2026.kmz/CCTV DISHUB 2025/UTARA", "Jenis": "CCTV Dishub 2025", "SubJenis": "CCTV Dishub 2025 Utara", "POINT_X": 112.75553336199999, "POINT_Y": -7.249337247, "POINT_Z": 0.0 }, "geometry": { "type": "Point", "coordinates": [ 112.755533362000051, -7.249337246999971, 0.0 ] } },
{ "type": "Feature", "properties": { "OID_": 0, "Name": "KALASAN", "FolderPath": "Data CCTV Usulan + 50 Jalur + Rencana 2026.kmz/CCTV DISHUB 2025/UTARA", "Jenis": "CCTV Dishub 2025", "SubJenis": "CCTV Dishub 2025 Utara", "POINT_X": 112.756813224, "POINT_Y": -7.259375504, "POINT_Z": 0.0 }, "geometry": { "type": "Point", "coordinates": [ 112.756813224000098, -7.259375503999934, 0.0 ] } },
{ "type": "Feature", "properties": { "OID_": 0, "Name": "PAHLAWAN GUBERNURAN", "FolderPath": "Data CCTV Usulan + 50 Jalur + Rencana 2026.kmz/CCTV DISHUB 2025/UTARA", "Jenis": "CCTV Dishub 2025", "SubJenis": "CCTV Dishub 2025 Utara", "POINT_X": 112.738707464, "POINT_Y": -7.246671444, "POINT_Z": 0.0 }, "geometry": { "type": "Point", "coordinates": [ 112.738707464000072, -7.246671443999958, 0.0 ] } },
{ "type": "Feature", "properties": { "OID_": 0, "Name": "SDN PACAR KELING", "FolderPath": "Data CCTV Usulan + 50 Jalur + Rencana 2026.kmz/CCTV DISHUB 2025/UTARA", "Jenis": "CCTV Dishub 2025", "SubJenis": "CCTV Dishub 2025 Utara", "POINT_X": 112.754863759, "POINT_Y": -7.258293744, "POINT_Z": 0.0 }, "geometry": { "type": "Point", "coordinates": [ 112.754863759000045, -7.258293743999957, 0.0 ] } },
{ "type": "Feature", "properties": { "OID_": 0, "Name": "SDN RANGKAH 1", "FolderPath": "Data CCTV Usulan + 50 Jalur + Rencana 2026.kmz/CCTV DISHUB 2025/UTARA", "Jenis": "CCTV Dishub 2025", "SubJenis": "CCTV Dishub 2025 Utara", "POINT_X": 112.759536376, "POINT_Y": -7.248985721, "POINT_Z": 0.0 }, "geometry": { "type": "Point", "coordinates": [ 112.759536376000028, -7.24898572099994, 0.0 ] } },
{ "type": "Feature", "properties": { "OID_": 0, "Name": "PERAK KREMBANGAN", "FolderPath": "Data CCTV Usulan + 50 Jalur + Rencana 2026.kmz/CCTV DISHUB 2025/UTARA", "Jenis": "CCTV Dishub 2025", "SubJenis": "CCTV Dishub 2025 Utara", "POINT_X": 112.728448214, "POINT_Y": -7.232356611, "POINT_Z": 0.0 }, "geometry": { "type": "Point", "coordinates": [ 112.728448214000082, -7.232356610999943, 0.0 ] } },
{ "type": "Feature", "properties": { "OID_": 0, "Name": "PERAK KREMBANGAN UTARA", "FolderPath": "Data CCTV Usulan + 50 Jalur + Rencana 2026.kmz/CCTV DISHUB 2025/UTARA", "Jenis": "CCTV Dishub 2025", "SubJenis": "CCTV Dishub 2025 Utara", "POINT_X": 112.72840082499999, "POINT_Y": -7.232136908, "POINT_Z": 0.0 }, "geometry": { "type": "Point", "coordinates": [ 112.728400825000108, -7.232136907999973, 0.0 ] } },
{ "type": "Feature", "properties": { "OID_": 0, "Name": "SDN BUBUTAN 4", "FolderPath": "Data CCTV Usulan + 50 Jalur + Rencana 2026.kmz/CCTV DISHUB 2025/UTARA", "Jenis": "CCTV Dishub 2025", "SubJenis": "CCTV Dishub 2025 Utara", "POINT_X": 112.729235855, "POINT_Y": -7.251435026, "POINT_Z": 0.0 }, "geometry": { "type": "Point", "coordinates": [ 112.72923585500007, -7.251435025999967, 0.0 ] } },
{ "type": "Feature", "properties": { "OID_": 0, "Name": "SIDOTOPO WETAN", "FolderPath": "Data CCTV Usulan + 50 Jalur + Rencana 2026.kmz/CCTV DISHUB 2025/UTARA", "Jenis": "CCTV Dishub 2025", "SubJenis": "CCTV Dishub 2025 Utara", "POINT_X": 112.75823271900001, "POINT_Y": -7.238861299, "POINT_Z": 0.0 }, "geometry": { "type": "Point", "coordinates": [ 112.758232719000034, -7.23886129899995, 0.0 ] } },
{ "type": "Feature", "properties": { "OID_": 0, "Name": "BUBUTAN PENGHELA", "FolderPath": "Data CCTV Usulan + 50 Jalur + Rencana 2026.kmz/CCTV DISHUB 2025/UTARA", "Jenis": "CCTV Dishub 2025", "SubJenis": "CCTV Dishub 2025 Utara", "POINT_X": 112.736556331, "POINT_Y": -7.248477037, "POINT_Z": 0.0 }, "geometry": { "type": "Point", "coordinates": [ 112.736556331000088, -7.24847703699993, 0.0 ] } },
{ "type": "Feature", "properties": { "OID_": 0, "Name": "PERTIGAAN TEMBOK DUKUH", "FolderPath": "Data CCTV Usulan + 50 Jalur + Rencana 2026.kmz/CCTV DISHUB 2025/UTARA", "Jenis": "CCTV Dishub 2025", "SubJenis": "CCTV Dishub 2025 Utara", "POINT_X": 112.720257225, "POINT_Y": -7.254818307, "POINT_Z": 0.0 }, "geometry": { "type": "Point", "coordinates": [ 112.720257225000069, -7.254818306999937, 0.0 ] } },
{ "type": "Feature", "properties": { "OID_": 0, "Name": "PCTL SMPN 5 PANO", "FolderPath": "Data CCTV Usulan + 50 Jalur + Rencana 2026.kmz/CCTV DISHUB 2025/UTARA", "Jenis": "CCTV Dishub 2025", "SubJenis": "CCTV Dishub 2025 Utara", "POINT_X": 112.731970922, "POINT_Y": -7.234646327, "POINT_Z": 0.0 }, "geometry": { "type": "Point", "coordinates": [ 112.731970922000073, -7.23464632699995, 0.0 ] } },
{ "type": "Feature", "properties": { "OID_": 0, "Name": "GRAMEDIA BASUKI RAHMAT", "FolderPath": "Data CCTV Usulan + 50 Jalur + Rencana 2026.kmz/CCTV DISHUB 2025/UTARA", "Jenis": "CCTV Dishub 2025", "SubJenis": "CCTV Dishub 2025 Utara", "POINT_X": 112.741621841, "POINT_Y": -7.269702437, "POINT_Z": 0.0 }, "geometry": { "type": "Point", "coordinates": [ 112.741621841000097, -7.269702436999978, 0.0 ] } },
{ "type": "Feature", "properties": { "OID_": 0, "Name": "UNDAAN JAGALAN PTZ", "FolderPath": "Data CCTV Usulan + 50 Jalur + Rencana 2026.kmz/CCTV DISHUB 2025/UTARA", "Jenis": "CCTV Dishub 2025", "SubJenis": "CCTV Dishub 2025 Utara", "POINT_X": 112.746946674, "POINT_Y": -7.248487203, "POINT_Z": 0.0 }, "geometry": { "type": "Point", "coordinates": [ 112.746946674000014, -7.248487202999968, 0.0 ] } },
{ "type": "Feature", "properties": { "OID_": 0, "Name": "EXIT JEMBATAN SURAMADU", "FolderPath": "Data CCTV Usulan + 50 Jalur + Rencana 2026.kmz/CCTV DISHUB 2025/UTARA", "Jenis": "CCTV Dishub 2025", "SubJenis": "CCTV Dishub 2025 Utara", "POINT_X": 112.77849327600001, "POINT_Y": -7.213764663, "POINT_Z": 0.0 }, "geometry": { "type": "Point", "coordinates": [ 112.778493276000063, -7.213764662999949, 0.0 ] } },
{ "type": "Feature", "properties": { "OID_": 0, "Name": "JAKARTA PERAK BARAT", "FolderPath": "Data CCTV Usulan + 50 Jalur + Rencana 2026.kmz/CCTV DISHUB 2025/UTARA", "Jenis": "CCTV Dishub 2025", "SubJenis": "CCTV Dishub 2025 Utara", "POINT_X": 112.732171288, "POINT_Y": -7.223123572, "POINT_Z": 0.0 }, "geometry": { "type": "Point", "coordinates": [ 112.732171288000018, -7.223123571999963, 0.0 ] } },
{ "type": "Feature", "properties": { "OID_": 0, "Name": "BUBUTAN PAHLAWAN UTARA FIX", "FolderPath": "Data CCTV Usulan + 50 Jalur + Rencana 2026.kmz/CCTV DISHUB 2025/UTARA", "Jenis": "CCTV Dishub 2025", "SubJenis": "CCTV Dishub 2025 Utara", "POINT_X": 112.73865113, "POINT_Y": -7.247047508, "POINT_Z": 0.0 }, "geometry": { "type": "Point", "coordinates": [ 112.738651130000108, -7.24704750799998, 0.0 ] } },
{ "type": "Feature", "properties": { "OID_": 0, "Name": "DIPONEGORO CILIWUNG UTARA", "FolderPath": "Data CCTV Usulan + 50 Jalur + Rencana 2026.kmz/CCTV DISHUB 2025/BARAT", "Jenis": "CCTV Dishub 2025", "SubJenis": "CCTV Dishub 2025 Barat", "POINT_X": 112.737199608, "POINT_Y": -7.292073201, "POINT_Z": 0.0 }, "geometry": { "type": "Point", "coordinates": [ 112.737199608000083, -7.292073200999937, 0.0 ] } },
{ "type": "Feature", "properties": { "OID_": 0, "Name": "DIPONEGORO CILIWUNG BARAT", "FolderPath": "Data CCTV Usulan + 50 Jalur + Rencana 2026.kmz/CCTV DISHUB 2025/BARAT", "Jenis": "CCTV Dishub 2025", "SubJenis": "CCTV Dishub 2025 Barat", "POINT_X": 112.73696984, "POINT_Y": -7.292384314, "POINT_Z": 0.0 }, "geometry": { "type": "Point", "coordinates": [ 112.736969840000029, -7.292384313999946, 0.0 ] } },
{ "type": "Feature", "properties": { "OID_": 0, "Name": "DIPONEGORO CILIWUNG SELATAN", "FolderPath": "Data CCTV Usulan + 50 Jalur + Rencana 2026.kmz/CCTV DISHUB 2025/BARAT", "Jenis": "CCTV Dishub 2025", "SubJenis": "CCTV Dishub 2025 Barat", "POINT_X": 112.737125577, "POINT_Y": -7.292102001, "POINT_Z": 0.0 }, "geometry": { "type": "Point", "coordinates": [ 112.737125577000029, -7.292102000999932, 0.0 ] } },
{ "type": "Feature", "properties": { "OID_": 0, "Name": "DIPONEGORO KUTAI BARAT", "FolderPath": "Data CCTV Usulan + 50 Jalur + Rencana 2026.kmz/CCTV DISHUB 2025/BARAT", "Jenis": "CCTV Dishub 2025", "SubJenis": "CCTV Dishub 2025 Barat", "POINT_X": 112.735969084, "POINT_Y": -7.290272407, "POINT_Z": 0.0 }, "geometry": { "type": "Point", "coordinates": [ 112.735969084000089, -7.290272406999975, 0.0 ] } },
{ "type": "Feature", "properties": { "OID_": 0, "Name": "DIPONEGORO MUSI UTARA", "FolderPath": "Data CCTV Usulan + 50 Jalur + Rencana 2026.kmz/CCTV DISHUB 2025/BARAT", "Jenis": "CCTV Dishub 2025", "SubJenis": "CCTV Dishub 2025 Barat", "POINT_X": 112.734276721, "POINT_Y": -7.286195384, "POINT_Z": 0.0 }, "geometry": { "type": "Point", "coordinates": [ 112.734276721000015, -7.286195383999939, 0.0 ] } },
{ "type": "Feature", "properties": { "OID_": 0, "Name": "DIPONEGORO MUSI SELATAN", "FolderPath": "Data CCTV Usulan + 50 Jalur + Rencana 2026.kmz/CCTV DISHUB 2025/BARAT", "Jenis": "CCTV Dishub 2025", "SubJenis": "CCTV Dishub 2025 Barat", "POINT_X": 112.73421477799999, "POINT_Y": -7.286450567, "POINT_Z": 0.0 }, "geometry": { "type": "Point", "coordinates": [ 112.734214778000023, -7.286450566999974, 0.0 ] } },
{ "type": "Feature", "properties": { "OID_": 0, "Name": "DIPONEGORO MUSI DOME", "FolderPath": "Data CCTV Usulan + 50 Jalur + Rencana 2026.kmz/CCTV DISHUB 2025/BARAT", "Jenis": "CCTV Dishub 2025", "SubJenis": "CCTV Dishub 2025 Barat", "POINT_X": 112.734217754, "POINT_Y": -7.286269674, "POINT_Z": 0.0 }, "geometry": { "type": "Point", "coordinates": [ 112.734217754000042, -7.286269673999925, 0.0 ] } },
{ "type": "Feature", "properties": { "OID_": 0, "Name": "MUSI OPAK BARAT", "FolderPath": "Data CCTV Usulan + 50 Jalur + Rencana 2026.kmz/CCTV DISHUB 2025/BARAT", "Jenis": "CCTV Dishub 2025", "SubJenis": "CCTV Dishub 2025 Barat", "POINT_X": 112.73333196599999, "POINT_Y": -7.286797819, "POINT_Z": 0.0 }, "geometry": { "type": "Point", "coordinates": [ 112.733331966000037, -7.286797818999958, 0.0 ] } },
{ "type": "Feature", "properties": { "OID_": 0, "Name": "INDRAGIRI MUSI", "FolderPath": "Data CCTV Usulan + 50 Jalur + Rencana 2026.kmz/CCTV DISHUB 2025/BARAT", "Jenis": "CCTV Dishub 2025", "SubJenis": "CCTV Dishub 2025 Barat", "POINT_X": 112.73162080199999, "POINT_Y": -7.287614407, "POINT_Z": 0.0 }, "geometry": { "type": "Point", "coordinates": [ 112.731620802000066, -7.287614406999978, 0.0 ] } },
{ "type": "Feature", "properties": { "OID_": 0, "Name": "DIPONEGORO SUTOMO UTARA", "FolderPath": "Data CCTV Usulan + 50 Jalur + Rencana 2026.kmz/CCTV DISHUB 2025/BARAT", "Jenis": "CCTV Dishub 2025", "SubJenis": "CCTV Dishub 2025 Barat", "POINT_X": 112.733564242, "POINT_Y": -7.284482107, "POINT_Z": 0.0 }, "geometry": { "type": "Point", "coordinates": [ 112.733564242000057, -7.284482106999974, 0.0 ] } },
{ "type": "Feature", "properties": { "OID_": 0, "Name": "DIPONEGORO SOETOMO TIMUR", "FolderPath": "Data CCTV Usulan + 50 Jalur + Rencana 2026.kmz/CCTV DISHUB 2025/BARAT", "Jenis": "CCTV Dishub 2025", "SubJenis": "CCTV Dishub 2025 Barat", "POINT_X": 112.73339225799999, "POINT_Y": -7.284583721, "POINT_Z": 0.0 }, "geometry": { "type": "Point", "coordinates": [ 112.733392258000094, -7.284583720999933, 0.0 ] } },
{ "type": "Feature", "properties": { "OID_": 0, "Name": "DIPONEGORO KARTINI", "FolderPath": "Data CCTV Usulan + 50 Jalur + Rencana 2026.kmz/CCTV DISHUB 2025/BARAT", "Jenis": "CCTV Dishub 2025", "SubJenis": "CCTV Dishub 2025 Barat", "POINT_X": 112.72919128, "POINT_Y": -7.278028807, "POINT_Z": 0.0 }, "geometry": { "type": "Point", "coordinates": [ 112.72919128, -7.278028806999941, 0.0 ] } },
{ "type": "Feature", "properties": { "OID_": 0, "Name": "BANYU URIP POSPOL", "FolderPath": "Data CCTV Usulan + 50 Jalur + Rencana 2026.kmz/CCTV DISHUB 2025/BARAT", "Jenis": "CCTV Dishub 2025", "SubJenis": "CCTV Dishub 2025 Barat", "POINT_X": 112.72651563300001, "POINT_Y": -7.274927889, "POINT_Z": 0.0 }, "geometry": { "type": "Point", "coordinates": [ 112.726515633000076, -7.274927888999969, 0.0 ] } },
{ "type": "Feature", "properties": { "OID_": 0, "Name": "BANYU URIP PUTAT", "FolderPath": "Data CCTV Usulan + 50 Jalur + Rencana 2026.kmz/CCTV DISHUB 2025/BARAT", "Jenis": "CCTV Dishub 2025", "SubJenis": "CCTV Dishub 2025 Barat", "POINT_X": 112.726390538, "POINT_Y": -7.274848324, "POINT_Z": 0.0 }, "geometry": { "type": "Point", "coordinates": [ 112.726390538000032, -7.274848323999947, 0.0 ] } },
{ "type": "Feature", "properties": { "OID_": 0, "Name": "BANYU URIP TOKO EMAS", "FolderPath": "Data CCTV Usulan + 50 Jalur + Rencana 2026.kmz/CCTV DISHUB 2025/BARAT", "Jenis": "CCTV Dishub 2025", "SubJenis": "CCTV Dishub 2025 Barat", "POINT_X": 112.726913154, "POINT_Y": -7.274829818, "POINT_Z": 0.0 }, "geometry": { "type": "Point", "coordinates": [ 112.726913154000044, -7.274829817999944, 0.0 ] } },
{ "type": "Feature", "properties": { "OID_": 0, "Name": "PASAR KEMBANG ARJUNO", "FolderPath": "Data CCTV Usulan + 50 Jalur + Rencana 2026.kmz/CCTV DISHUB 2025/BARAT", "Jenis": "CCTV Dishub 2025", "SubJenis": "CCTV Dishub 2025 Barat", "POINT_X": 112.728966941, "POINT_Y": -7.268668105, "POINT_Z": 0.0 }, "geometry": { "type": "Point", "coordinates": [ 112.728966941000067, -7.268668104999961, 0.0 ] } },
{ "type": "Feature", "properties": { "OID_": 0, "Name": "KEDUNGDORO KEDUNGSARI", "FolderPath": "Data CCTV Usulan + 50 Jalur + Rencana 2026.kmz/CCTV DISHUB 2025/BARAT", "Jenis": "CCTV Dishub 2025", "SubJenis": "CCTV Dishub 2025 Barat", "POINT_X": 112.730221524, "POINT_Y": -7.265582182, "POINT_Z": 0.0 }, "geometry": { "type": "Point", "coordinates": [ 112.730221524000058, -7.265582181999946, 0.0 ] } },
{ "type": "Feature", "properties": { "OID_": 0, "Name": "KEDUNGDORO KEDUNGSARI SELATAN", "FolderPath": "Data CCTV Usulan + 50 Jalur + Rencana 2026.kmz/CCTV DISHUB 2025/BARAT", "Jenis": "CCTV Dishub 2025", "SubJenis": "CCTV Dishub 2025 Barat", "POINT_X": 112.730396459, "POINT_Y": -7.265643499, "POINT_Z": 0.0 }, "geometry": { "type": "Point", "coordinates": [ 112.730396459000076, -7.265643498999964, 0.0 ] } },
{ "type": "Feature", "properties": { "OID_": 0, "Name": "BANYU URIP TOL BARAT", "FolderPath": "Data CCTV Usulan + 50 Jalur + Rencana 2026.kmz/CCTV DISHUB 2025/BARAT", "Jenis": "CCTV Dishub 2025", "SubJenis": "CCTV Dishub 2025 Barat", "POINT_X": 112.706982997, "POINT_Y": -7.266173324, "POINT_Z": 0.0 }, "geometry": { "type": "Point", "coordinates": [ 112.706982997000068, -7.266173323999965, 0.0 ] } },
{ "type": "Feature", "properties": { "OID_": 0, "Name": "BANYU URIP TOL TIMUR", "FolderPath": "Data CCTV Usulan + 50 Jalur + Rencana 2026.kmz/CCTV DISHUB 2025/BARAT", "Jenis": "CCTV Dishub 2025", "SubJenis": "CCTV Dishub 2025 Barat", "POINT_X": 112.7071696, "POINT_Y": -7.266103595, "POINT_Z": 0.0 }, "geometry": { "type": "Point", "coordinates": [ 112.707169600000043, -7.266103594999947, 0.0 ] } },
{ "type": "Feature", "properties": { "OID_": 0, "Name": "BANYU URIP TOL UTARA", "FolderPath": "Data CCTV Usulan + 50 Jalur + Rencana 2026.kmz/CCTV DISHUB 2025/BARAT", "Jenis": "CCTV Dishub 2025", "SubJenis": "CCTV Dishub 2025 Barat", "POINT_X": 112.707125464, "POINT_Y": -7.266349639, "POINT_Z": 0.0 }, "geometry": { "type": "Point", "coordinates": [ 112.707125464000114, -7.266349638999941, 0.0 ] } },
{ "type": "Feature", "properties": { "OID_": 0, "Name": "SUKOMANUNGGAL SATELIT PANO", "FolderPath": "Data CCTV Usulan + 50 Jalur + Rencana 2026.kmz/CCTV DISHUB 2025/BARAT", "Jenis": "CCTV Dishub 2025", "SubJenis": "CCTV Dishub 2025 Barat", "POINT_X": 112.69499981600001, "POINT_Y": -7.262797919, "POINT_Z": 0.0 }, "geometry": { "type": "Point", "coordinates": [ 112.694999816000063, -7.262797918999979, 0.0 ] } },
{ "type": "Feature", "properties": { "OID_": 0, "Name": "SUKOMANUNGGAL SATELIT BARAT", "FolderPath": "Data CCTV Usulan + 50 Jalur + Rencana 2026.kmz/CCTV DISHUB 2025/BARAT", "Jenis": "CCTV Dishub 2025", "SubJenis": "CCTV Dishub 2025 Barat", "POINT_X": 112.69494106400001, "POINT_Y": -7.262596059, "POINT_Z": 0.0 }, "geometry": { "type": "Point", "coordinates": [ 112.694941064000091, -7.262596058999975, 0.0 ] } },
{ "type": "Feature", "properties": { "OID_": 0, "Name": "SUKOMANUNGGAL SATELIT TIMUR", "FolderPath": "Data CCTV Usulan + 50 Jalur + Rencana 2026.kmz/CCTV DISHUB 2025/BARAT", "Jenis": "CCTV Dishub 2025", "SubJenis": "CCTV Dishub 2025 Barat", "POINT_X": 112.695205575, "POINT_Y": -7.262856782, "POINT_Z": 0.0 }, "geometry": { "type": "Point", "coordinates": [ 112.695205575000045, -7.262856781999972, 0.0 ] } },
{ "type": "Feature", "properties": { "OID_": 0, "Name": "TANDES TANJUNGSARI UTARA", "FolderPath": "Data CCTV Usulan + 50 Jalur + Rencana 2026.kmz/CCTV DISHUB 2025/BARAT", "Jenis": "CCTV Dishub 2025", "SubJenis": "CCTV Dishub 2025 Barat", "POINT_X": 112.69231544500001, "POINT_Y": -7.260731119, "POINT_Z": 0.0 }, "geometry": { "type": "Point", "coordinates": [ 112.692315445000077, -7.260731118999956, 0.0 ] } },
{ "type": "Feature", "properties": { "OID_": 0, "Name": "TANDES TANJUNGSARI DOME", "FolderPath": "Data CCTV Usulan + 50 Jalur + Rencana 2026.kmz/CCTV DISHUB 2025/BARAT", "Jenis": "CCTV Dishub 2025", "SubJenis": "CCTV Dishub 2025 Barat", "POINT_X": 112.692272397, "POINT_Y": -7.260794368, "POINT_Z": 0.0 }, "geometry": { "type": "Point", "coordinates": [ 112.692272397000011, -7.260794367999949, 0.0 ] } },
{ "type": "Feature", "properties": { "OID_": 0, "Name": "TANDES TANJUNGSARI BARAT", "FolderPath": "Data CCTV Usulan + 50 Jalur + Rencana 2026.kmz/CCTV DISHUB 2025/BARAT", "Jenis": "CCTV Dishub 2025", "SubJenis": "CCTV Dishub 2025 Barat", "POINT_X": 112.692217681, "POINT_Y": -7.26076664, "POINT_Z": 0.0 }, "geometry": { "type": "Point", "coordinates": [ 112.692217681000102, -7.260766639999929, 0.0 ] } },
{ "type": "Feature", "properties": { "OID_": 0, "Name": "TANDES IMIGRASI BARAT", "FolderPath": "Data CCTV Usulan + 50 Jalur + Rencana 2026.kmz/CCTV DISHUB 2025/BARAT", "Jenis": "CCTV Dishub 2025", "SubJenis": "CCTV Dishub 2025 Barat", "POINT_X": 112.684781878, "POINT_Y": -7.259198895, "POINT_Z": 0.0 }, "geometry": { "type": "Point", "coordinates": [ 112.684781878000081, -7.25919889499994, 0.0 ] } },
{ "type": "Feature", "properties": { "OID_": 0, "Name": "TANDES IMIGRASI TIMUR", "FolderPath": "Data CCTV Usulan + 50 Jalur + Rencana 2026.kmz/CCTV DISHUB 2025/BARAT", "Jenis": "CCTV Dishub 2025", "SubJenis": "CCTV Dishub 2025 Barat", "POINT_X": 112.685019274, "POINT_Y": -7.259230544, "POINT_Z": 0.0 }, "geometry": { "type": "Point", "coordinates": [ 112.685019274000069, -7.259230543999934, 0.0 ] } },
{ "type": "Feature", "properties": { "OID_": 0, "Name": "TANDES IMIGRASI SELATAN", "FolderPath": "Data CCTV Usulan + 50 Jalur + Rencana 2026.kmz/CCTV DISHUB 2025/BARAT", "Jenis": "CCTV Dishub 2025", "SubJenis": "CCTV Dishub 2025 Barat", "POINT_X": 112.684917441, "POINT_Y": -7.259114881, "POINT_Z": 0.0 }, "geometry": { "type": "Point", "coordinates": [ 112.684917441000039, -7.259114880999959, 0.0 ] } },
{ "type": "Feature", "properties": { "OID_": 0, "Name": "KYAI AMIR TIMUR", "FolderPath": "Data CCTV Usulan + 50 Jalur + Rencana 2026.kmz/CCTV DISHUB 2025/BARAT", "Jenis": "CCTV Dishub 2025", "SubJenis": "CCTV Dishub 2025 Barat", "POINT_X": 112.668637483, "POINT_Y": -7.257192021, "POINT_Z": 0.0 }, "geometry": { "type": "Point", "coordinates": [ 112.668637483000111, -7.25719202099998, 0.0 ] } },
{ "type": "Feature", "properties": { "OID_": 0, "Name": "KYAI AMIR BARAT", "FolderPath": "Data CCTV Usulan + 50 Jalur + Rencana 2026.kmz/CCTV DISHUB 2025/BARAT", "Jenis": "CCTV Dishub 2025", "SubJenis": "CCTV Dishub 2025 Barat", "POINT_X": 112.668537388, "POINT_Y": -7.257124919, "POINT_Z": 0.0 }, "geometry": { "type": "Point", "coordinates": [ 112.668537388, -7.257124918999978, 0.0 ] } },
{ "type": "Feature", "properties": { "OID_": 0, "Name": "KYAI MAIR PANO", "FolderPath": "Data CCTV Usulan + 50 Jalur + Rencana 2026.kmz/CCTV DISHUB 2025/BARAT", "Jenis": "CCTV Dishub 2025", "SubJenis": "CCTV Dishub 2025 Barat", "POINT_X": 112.668605898, "POINT_Y": -7.257236446, "POINT_Z": 0.0 }, "geometry": { "type": "Point", "coordinates": [ 112.66860589800001, -7.257236445999979, 0.0 ] } },
{ "type": "Feature", "properties": { "OID_": 0, "Name": "TERMINAL MANUKAN", "FolderPath": "Data CCTV Usulan + 50 Jalur + Rencana 2026.kmz/CCTV DISHUB 2025/BARAT", "Jenis": "CCTV Dishub 2025", "SubJenis": "CCTV Dishub 2025 Barat", "POINT_X": 112.666138679, "POINT_Y": -7.26837871, "POINT_Z": 0.0 }, "geometry": { "type": "Point", "coordinates": [ 112.666138679000028, -7.268378709999979, 0.0 ] } },
{ "type": "Feature", "properties": { "OID_": 0, "Name": "ADITYAWARMAN INDRAGIRI BARAT", "FolderPath": "Data CCTV Usulan + 50 Jalur + Rencana 2026.kmz/CCTV DISHUB 2025/BARAT", "Jenis": "CCTV Dishub 2025", "SubJenis": "CCTV Dishub 2025 Barat", "POINT_X": 112.729605677, "POINT_Y": -7.292699561, "POINT_Z": 0.0 }, "geometry": { "type": "Point", "coordinates": [ 112.729605677000109, -7.292699560999949, 0.0 ] } },
{ "type": "Feature", "properties": { "OID_": 0, "Name": "ADITYAWARMAN INDRAGIRI TIMUR", "FolderPath": "Data CCTV Usulan + 50 Jalur + Rencana 2026.kmz/CCTV DISHUB 2025/BARAT", "Jenis": "CCTV Dishub 2025", "SubJenis": "CCTV Dishub 2025 Barat", "POINT_X": 112.729803911, "POINT_Y": -7.292988511, "POINT_Z": 0.0 }, "geometry": { "type": "Point", "coordinates": [ 112.72980391100009, -7.292988510999976, 0.0 ] } },
{ "type": "Feature", "properties": { "OID_": 0, "Name": "ADITYAWARMAN INDRAGIRI UTARA", "FolderPath": "Data CCTV Usulan + 50 Jalur + Rencana 2026.kmz/CCTV DISHUB 2025/BARAT", "Jenis": "CCTV Dishub 2025", "SubJenis": "CCTV Dishub 2025 Barat", "POINT_X": 112.72979606, "POINT_Y": -7.292781549, "POINT_Z": 0.0 }, "geometry": { "type": "Point", "coordinates": [ 112.729796060000012, -7.292781548999926, 0.0 ] } },
{ "type": "Feature", "properties": { "OID_": 0, "Name": "MAYJEND SUNGKONO DIPONGGO PANO", "FolderPath": "Data CCTV Usulan + 50 Jalur + Rencana 2026.kmz/CCTV DISHUB 2025/BARAT", "Jenis": "CCTV Dishub 2025", "SubJenis": "CCTV Dishub 2025 Barat", "POINT_X": 112.718797713, "POINT_Y": -7.29184298, "POINT_Z": 0.0 }, "geometry": { "type": "Point", "coordinates": [ 112.718797713000072, -7.291842979999956, 0.0 ] } },
{ "type": "Feature", "properties": { "OID_": 0, "Name": "MAYJEND SUNGKONO DIPONGGO UTARA", "FolderPath": "Data CCTV Usulan + 50 Jalur + Rencana 2026.kmz/CCTV DISHUB 2025/BARAT", "Jenis": "CCTV Dishub 2025", "SubJenis": "CCTV Dishub 2025 Barat", "POINT_X": 112.718938038, "POINT_Y": -7.291528452, "POINT_Z": 0.0 }, "geometry": { "type": "Point", "coordinates": [ 112.718938038000033, -7.291528451999966, 0.0 ] } },
{ "type": "Feature", "properties": { "OID_": 0, "Name": "MAYJEND SUNGKONO DIPONGGO BARAT", "FolderPath": "Data CCTV Usulan + 50 Jalur + Rencana 2026.kmz/CCTV DISHUB 2025/BARAT", "Jenis": "CCTV Dishub 2025", "SubJenis": "CCTV Dishub 2025 Barat", "POINT_X": 112.718699726, "POINT_Y": -7.291697379, "POINT_Z": 0.0 }, "geometry": { "type": "Point", "coordinates": [ 112.718699726000068, -7.29169737899997, 0.0 ] } },
{ "type": "Feature", "properties": { "OID_": 0, "Name": "MAYJEND SUNGKONO DIPONGGO TIMUR", "FolderPath": "Data CCTV Usulan + 50 Jalur + Rencana 2026.kmz/CCTV DISHUB 2025/BARAT", "Jenis": "CCTV Dishub 2025", "SubJenis": "CCTV Dishub 2025 Barat", "POINT_X": 112.718978315, "POINT_Y": -7.291830212, "POINT_Z": 0.0 }, "geometry": { "type": "Point", "coordinates": [ 112.718978315000072, -7.291830211999979, 0.0 ] } },
{ "type": "Feature", "properties": { "OID_": 0, "Name": "MAYJEND SUNGKONO TVRI PANO", "FolderPath": "Data CCTV Usulan + 50 Jalur + Rencana 2026.kmz/CCTV DISHUB 2025/BARAT", "Jenis": "CCTV Dishub 2025", "SubJenis": "CCTV Dishub 2025 Barat", "POINT_X": 112.71346661, "POINT_Y": -7.290459827, "POINT_Z": 0.0 }, "geometry": { "type": "Point", "coordinates": [ 112.713466610000069, -7.29045982699995, 0.0 ] } },
{ "type": "Feature", "properties": { "OID_": 0, "Name": "MAYJEND SUNGKONO TVRI BARAT", "FolderPath": "Data CCTV Usulan + 50 Jalur + Rencana 2026.kmz/CCTV DISHUB 2025/BARAT", "Jenis": "CCTV Dishub 2025", "SubJenis": "CCTV Dishub 2025 Barat", "POINT_X": 112.71327062, "POINT_Y": -7.290281737, "POINT_Z": 0.0 }, "geometry": { "type": "Point", "coordinates": [ 112.713270620000117, -7.29028173699993, 0.0 ] } },
{ "type": "Feature", "properties": { "OID_": 0, "Name": "MAYJEND SUNGKONO TVRI TIMUR", "FolderPath": "Data CCTV Usulan + 50 Jalur + Rencana 2026.kmz/CCTV DISHUB 2025/BARAT", "Jenis": "CCTV Dishub 2025", "SubJenis": "CCTV Dishub 2025 Barat", "POINT_X": 112.713550607, "POINT_Y": -7.290497837, "POINT_Z": 0.0 }, "geometry": { "type": "Point", "coordinates": [ 112.713550607000116, -7.290497836999975, 0.0 ] } },
{ "type": "Feature", "properties": { "OID_": 0, "Name": "BUNDARAN SATELIT EXIT TOL", "FolderPath": "Data CCTV Usulan + 50 Jalur + Rencana 2026.kmz/CCTV DISHUB 2025/BARAT", "Jenis": "CCTV Dishub 2025", "SubJenis": "CCTV Dishub 2025 Barat", "POINT_X": 112.70539096900001, "POINT_Y": -7.288435961, "POINT_Z": 0.0 }, "geometry": { "type": "Point", "coordinates": [ 112.705390969000064, -7.288435960999948, 0.0 ] } },
{ "type": "Feature", "properties": { "OID_": 0, "Name": "BUNDARAN SATELIT NGESONG", "FolderPath": "Data CCTV Usulan + 50 Jalur + Rencana 2026.kmz/CCTV DISHUB 2025/BARAT", "Jenis": "CCTV Dishub 2025", "SubJenis": "CCTV Dishub 2025 Barat", "POINT_X": 112.705945675, "POINT_Y": -7.287304884, "POINT_Z": 0.0 }, "geometry": { "type": "Point", "coordinates": [ 112.705945675000066, -7.28730488399998, 0.0 ] } },
{ "type": "Feature", "properties": { "OID_": 0, "Name": "UNDERPASS TMP SATELIT", "FolderPath": "Data CCTV Usulan + 50 Jalur + Rencana 2026.kmz/CCTV DISHUB 2025/BARAT", "Jenis": "CCTV Dishub 2025", "SubJenis": "CCTV Dishub 2025 Barat", "POINT_X": 112.707559555, "POINT_Y": -7.288466301, "POINT_Z": 0.0 }, "geometry": { "type": "Point", "coordinates": [ 112.707559555000103, -7.288466300999971, 0.0 ] } },
{ "type": "Feature", "properties": { "OID_": 0, "Name": "UNDERPASS SATELIT TIMUR", "FolderPath": "Data CCTV Usulan + 50 Jalur + Rencana 2026.kmz/CCTV DISHUB 2025/BARAT", "Jenis": "CCTV Dishub 2025", "SubJenis": "CCTV Dishub 2025 Barat", "POINT_X": 112.705879236, "POINT_Y": -7.287918349, "POINT_Z": 0.0 }, "geometry": { "type": "Point", "coordinates": [ 112.705879236000101, -7.287918348999938, 0.0 ] } },
{ "type": "Feature", "properties": { "OID_": 0, "Name": "UNDERPASS ATELIT BARAT", "FolderPath": "Data CCTV Usulan + 50 Jalur + Rencana 2026.kmz/CCTV DISHUB 2025/BARAT", "Jenis": "CCTV Dishub 2025", "SubJenis": "CCTV Dishub 2025 Barat", "POINT_X": 112.705610745, "POINT_Y": -7.287829404, "POINT_Z": 0.0 }, "geometry": { "type": "Point", "coordinates": [ 112.705610745000058, -7.287829403999979, 0.0 ] } },
{ "type": "Feature", "properties": { "OID_": 0, "Name": "HR MUHAMMAD GRAHA FAMILY", "FolderPath": "Data CCTV Usulan + 50 Jalur + Rencana 2026.kmz/CCTV DISHUB 2025/BARAT", "Jenis": "CCTV Dishub 2025", "SubJenis": "CCTV Dishub 2025 Barat", "POINT_X": 112.70168651100001, "POINT_Y": -7.286770926, "POINT_Z": 0.0 }, "geometry": { "type": "Point", "coordinates": [ 112.701686511000048, -7.286770925999974, 0.0 ] } },
{ "type": "Feature", "properties": { "OID_": 0, "Name": "GEREJA KOTA SATELIT", "FolderPath": "Data CCTV Usulan + 50 Jalur + Rencana 2026.kmz/CCTV DISHUB 2025/BARAT", "Jenis": "CCTV Dishub 2025", "SubJenis": "CCTV Dishub 2025 Barat", "POINT_X": 112.700647252, "POINT_Y": -7.286200579, "POINT_Z": 0.0 }, "geometry": { "type": "Point", "coordinates": [ 112.700647252000067, -7.286200578999967, 0.0 ] } },
{ "type": "Feature", "properties": { "OID_": 0, "Name": "HR MUHAMMAD GRAPARI", "FolderPath": "Data CCTV Usulan + 50 Jalur + Rencana 2026.kmz/CCTV DISHUB 2025/BARAT", "Jenis": "CCTV Dishub 2025", "SubJenis": "CCTV Dishub 2025 Barat", "POINT_X": 112.698045494, "POINT_Y": -7.285616914, "POINT_Z": 0.0 }, "geometry": { "type": "Point", "coordinates": [ 112.698045494000098, -7.285616913999945, 0.0 ] } },
{ "type": "Feature", "properties": { "OID_": 0, "Name": "SDN PRADAH KALI KENDA", "FolderPath": "Data CCTV Usulan + 50 Jalur + Rencana 2026.kmz/CCTV DISHUB 2025/BARAT", "Jenis": "CCTV Dishub 2025", "SubJenis": "CCTV Dishub 2025 Barat", "POINT_X": 112.688082745, "POINT_Y": -7.283010581, "POINT_Z": 0.0 }, "geometry": { "type": "Point", "coordinates": [ 112.688082745000088, -7.283010580999928, 0.0 ] } },
{ "type": "Feature", "properties": { "OID_": 0, "Name": "HR MUHAMMAD PTC TIMUR", "FolderPath": "Data CCTV Usulan + 50 Jalur + Rencana 2026.kmz/CCTV DISHUB 2025/BARAT", "Jenis": "CCTV Dishub 2025", "SubJenis": "CCTV Dishub 2025 Barat", "POINT_X": 112.68464461000001, "POINT_Y": -7.281124641, "POINT_Z": 0.0 }, "geometry": { "type": "Point", "coordinates": [ 112.684644610000078, -7.281124640999963, 0.0 ] } },
{ "type": "Feature", "properties": { "OID_": 0, "Name": "HR MUHAMMAD PTC SELATAN", "FolderPath": "Data CCTV Usulan + 50 Jalur + Rencana 2026.kmz/CCTV DISHUB 2025/BARAT", "Jenis": "CCTV Dishub 2025", "SubJenis": "CCTV Dishub 2025 Barat", "POINT_X": 112.684787931, "POINT_Y": -7.281491185, "POINT_Z": 0.0 }, "geometry": { "type": "Point", "coordinates": [ 112.684787931000074, -7.281491184999936, 0.0 ] } },
{ "type": "Feature", "properties": { "OID_": 0, "Name": "HR MUHAMMAD PTC BARAT", "FolderPath": "Data CCTV Usulan + 50 Jalur + Rencana 2026.kmz/CCTV DISHUB 2025/BARAT", "Jenis": "CCTV Dishub 2025", "SubJenis": "CCTV Dishub 2025 Barat", "POINT_X": 112.684568528, "POINT_Y": -7.28136645, "POINT_Z": 0.0 }, "geometry": { "type": "Point", "coordinates": [ 112.684568528000113, -7.28136644999995, 0.0 ] } },
{ "type": "Feature", "properties": { "OID_": 0, "Name": "BALONGSARI PRAJA SELATAN", "FolderPath": "Data CCTV Usulan + 50 Jalur + Rencana 2026.kmz/CCTV DISHUB 2025/BARAT", "Jenis": "CCTV Dishub 2025", "SubJenis": "CCTV Dishub 2025 Barat", "POINT_X": 112.677419122, "POINT_Y": -7.264009293, "POINT_Z": 0.0 }, "geometry": { "type": "Point", "coordinates": [ 112.67741912200006, -7.264009292999958, 0.0 ] } },
{ "type": "Feature", "properties": { "OID_": 0, "Name": "ADITYAWARMAN KUTAI PANO", "FolderPath": "Data CCTV Usulan + 50 Jalur + Rencana 2026.kmz/CCTV DISHUB 2025/BARAT", "Jenis": "CCTV Dishub 2025", "SubJenis": "CCTV Dishub 2025 Barat", "POINT_X": 112.73170212799999, "POINT_Y": -7.294582375, "POINT_Z": 0.0 }, "geometry": { "type": "Point", "coordinates": [ 112.731702128000052, -7.294582374999948, 0.0 ] } },
{ "type": "Feature", "properties": { "OID_": 0, "Name": "ADITYAWARMAN SUTOS SELATAN", "FolderPath": "Data CCTV Usulan + 50 Jalur + Rencana 2026.kmz/CCTV DISHUB 2025/BARAT", "Jenis": "CCTV Dishub 2025", "SubJenis": "CCTV Dishub 2025 Barat", "POINT_X": 112.731604496, "POINT_Y": -7.29453217, "POINT_Z": 0.0 }, "geometry": { "type": "Point", "coordinates": [ 112.731604496000045, -7.294532169999968, 0.0 ] } },
{ "type": "Feature", "properties": { "OID_": 0, "Name": "SUKOMANUNGGAL KUPANG JAYA BARAT", "FolderPath": "Data CCTV Usulan + 50 Jalur + Rencana 2026.kmz/CCTV DISHUB 2025/BARAT", "Jenis": "CCTV Dishub 2025", "SubJenis": "CCTV Dishub 2025 Barat", "POINT_X": 112.69829976699999, "POINT_Y": -7.273818906, "POINT_Z": 0.0 }, "geometry": { "type": "Point", "coordinates": [ 112.698299767000094, -7.273818905999974, 0.0 ] } },
{ "type": "Feature", "properties": { "OID_": 0, "Name": "ALAS MALANG KENDUNG SELATAN", "FolderPath": "Data CCTV Usulan + 50 Jalur + Rencana 2026.kmz/CCTV DISHUB 2025/BARAT", "Jenis": "CCTV Dishub 2025", "SubJenis": "CCTV Dishub 2025 Barat", "POINT_X": 112.63409565000001, "POINT_Y": -7.2610544, "POINT_Z": 0.0 }, "geometry": { "type": "Point", "coordinates": [ 112.634095650000063, -7.261054399999978, 0.0 ] } },
{ "type": "Feature", "properties": { "OID_": 0, "Name": "SAMBI KEREP LONTAR SELATAN", "FolderPath": "Data CCTV Usulan + 50 Jalur + Rencana 2026.kmz/CCTV DISHUB 2025/BARAT", "Jenis": "CCTV Dishub 2025", "SubJenis": "CCTV Dishub 2025 Barat", "POINT_X": 112.658053733, "POINT_Y": -7.281041588, "POINT_Z": 0.0 }, "geometry": { "type": "Point", "coordinates": [ 112.658053733000088, -7.281041587999937, 0.0 ] } },
{ "type": "Feature", "properties": { "OID_": 0, "Name": "SAMBIKEREP", "FolderPath": "Data CCTV Usulan + 50 Jalur + Rencana 2026.kmz/CCTV DISHUB 2025/BARAT", "Jenis": "CCTV Dishub 2025", "SubJenis": "CCTV Dishub 2025 Barat", "POINT_X": 112.65362678300001, "POINT_Y": -7.274360273, "POINT_Z": 0.0 }, "geometry": { "type": "Point", "coordinates": [ 112.65362678300005, -7.274360272999957, 0.0 ] } },
{ "type": "Feature", "properties": { "OID_": 0, "Name": "PATIMURA IPH SCHOOL", "FolderPath": "Data CCTV Usulan + 50 Jalur + Rencana 2026.kmz/CCTV DISHUB 2025/BARAT", "Jenis": "CCTV Dishub 2025", "SubJenis": "CCTV Dishub 2025 Barat", "POINT_X": 112.69525471599999, "POINT_Y": -7.275302795, "POINT_Z": 0.0 }, "geometry": { "type": "Point", "coordinates": [ 112.695254716000022, -7.275302794999959, 0.0 ] } },
{ "type": "Feature", "properties": { "OID_": 0, "Name": "DUKUH KUPANG ISLAMIC CENTER", "FolderPath": "Data CCTV Usulan + 50 Jalur + Rencana 2026.kmz/CCTV DISHUB 2025/BARAT", "Jenis": "CCTV Dishub 2025", "SubJenis": "CCTV Dishub 2025 Barat", "POINT_X": 112.714036804, "POINT_Y": -7.288183488, "POINT_Z": 0.0 }, "geometry": { "type": "Point", "coordinates": [ 112.714036804000102, -7.288183487999959, 0.0 ] } },
{ "type": "Feature", "properties": { "OID_": 0, "Name": "BABATAN MENGANTI BARAT", "FolderPath": "Data CCTV Usulan + 50 Jalur + Rencana 2026.kmz/CCTV DISHUB 2025/BARAT", "Jenis": "CCTV Dishub 2025", "SubJenis": "CCTV Dishub 2025 Barat", "POINT_X": 112.67386302600001, "POINT_Y": -7.308903966, "POINT_Z": 0.0 }, "geometry": { "type": "Point", "coordinates": [ 112.673863026000049, -7.308903965999946, 0.0 ] } },
{ "type": "Feature", "properties": { "OID_": 0, "Name": "BABATAN MENGANTI TIMUR", "FolderPath": "Data CCTV Usulan + 50 Jalur + Rencana 2026.kmz/CCTV DISHUB 2025/BARAT", "Jenis": "CCTV Dishub 2025", "SubJenis": "CCTV Dishub 2025 Barat", "POINT_X": 112.67423710600001, "POINT_Y": -7.30915272, "POINT_Z": 0.0 }, "geometry": { "type": "Point", "coordinates": [ 112.674237106000078, -7.309152719999929, 0.0 ] } },
{ "type": "Feature", "properties": { "OID_": 0, "Name": "DRIYOREJO LAKARSANTRI BARAT", "FolderPath": "Data CCTV Usulan + 50 Jalur + Rencana 2026.kmz/CCTV DISHUB 2025/BARAT", "Jenis": "CCTV Dishub 2025", "SubJenis": "CCTV Dishub 2025 Barat", "POINT_X": 112.63600925199999, "POINT_Y": -7.304380659, "POINT_Z": 0.0 }, "geometry": { "type": "Point", "coordinates": [ 112.636009252, -7.304380658999946, 0.0 ] } },
{ "type": "Feature", "properties": { "OID_": 0, "Name": "MADE LAKARSANTRI UTARA", "FolderPath": "Data CCTV Usulan + 50 Jalur + Rencana 2026.kmz/CCTV DISHUB 2025/BARAT", "Jenis": "CCTV Dishub 2025", "SubJenis": "CCTV Dishub 2025 Barat", "POINT_X": 112.63315203000001, "POINT_Y": -7.303192602, "POINT_Z": 0.0 }, "geometry": { "type": "Point", "coordinates": [ 112.633152030000019, -7.303192601999967, 0.0 ] } },
{ "type": "Feature", "properties": { "OID_": 0, "Name": "MADE LAKARSANTRI BARAT", "FolderPath": "Data CCTV Usulan + 50 Jalur + Rencana 2026.kmz/CCTV DISHUB 2025/BARAT", "Jenis": "CCTV Dishub 2025", "SubJenis": "CCTV Dishub 2025 Barat", "POINT_X": 112.633078971, "POINT_Y": -7.303236673, "POINT_Z": 0.0 }, "geometry": { "type": "Point", "coordinates": [ 112.633078971000032, -7.303236672999958, 0.0 ] } },
{ "type": "Feature", "properties": { "OID_": 0, "Name": "SUKOMANUNGGAL KEJARI", "FolderPath": "Data CCTV Usulan + 50 Jalur + Rencana 2026.kmz/CCTV DISHUB 2025/BARAT", "Jenis": "CCTV Dishub 2025", "SubJenis": "CCTV Dishub 2025 Barat", "POINT_X": 112.693418591, "POINT_Y": -7.269046074, "POINT_Z": 0.0 }, "geometry": { "type": "Point", "coordinates": [ 112.693418591000068, -7.269046073999959, 0.0 ] } },
{ "type": "Feature", "properties": { "OID_": 0, "Name": "HAYAM WURUK BRAWIJAYA SUTOS", "FolderPath": "Data CCTV Usulan + 50 Jalur + Rencana 2026.kmz/CCTV DISHUB 2025/BARAT", "Jenis": "CCTV Dishub 2025", "SubJenis": "CCTV Dishub 2025 Barat", "POINT_X": 112.729217686, "POINT_Y": -7.297652111, "POINT_Z": 0.0 }, "geometry": { "type": "Point", "coordinates": [ 112.729217686000084, -7.297652110999934, 0.0 ] } },
{ "type": "Feature", "properties": { "OID_": 0, "Name": "PCTL MAYJEND SUNGKONO BARAT", "FolderPath": "Data CCTV Usulan + 50 Jalur + Rencana 2026.kmz/CCTV DISHUB 2025/BARAT", "Jenis": "CCTV Dishub 2025", "SubJenis": "CCTV Dishub 2025 Barat", "POINT_X": 112.727157777, "POINT_Y": -7.292367064, "POINT_Z": 0.0 }, "geometry": { "type": "Point", "coordinates": [ 112.727157777000116, -7.292367063999961, 0.0 ] } },
{ "type": "Feature", "properties": { "OID_": 0, "Name": "PCTL JERUK BARAT", "FolderPath": "Data CCTV Usulan + 50 Jalur + Rencana 2026.kmz/CCTV DISHUB 2025/BARAT", "Jenis": "CCTV Dishub 2025", "SubJenis": "CCTV Dishub 2025 Barat", "POINT_X": 112.64389812899999, "POINT_Y": -7.305305538, "POINT_Z": 0.0 }, "geometry": { "type": "Point", "coordinates": [ 112.643898129000036, -7.305305537999971, 0.0 ] } },
{ "type": "Feature", "properties": { "OID_": 0, "Name": "PCTL JERUK TIMUR", "FolderPath": "Data CCTV Usulan + 50 Jalur + Rencana 2026.kmz/CCTV DISHUB 2025/BARAT", "Jenis": "CCTV Dishub 2025", "SubJenis": "CCTV Dishub 2025 Barat", "POINT_X": 112.643920163, "POINT_Y": -7.305241083, "POINT_Z": 0.0 }, "geometry": { "type": "Point", "coordinates": [ 112.643920163000075, -7.305241082999942, 0.0 ] } },
{ "type": "Feature", "properties": { "OID_": 0, "Name": "ROYAL RESIDENCE PANO", "FolderPath": "Data CCTV Usulan + 50 Jalur + Rencana 2026.kmz/CCTV DISHUB 2025/BARAT", "Jenis": "CCTV Dishub 2025", "SubJenis": "CCTV Dishub 2025 Barat", "POINT_X": 112.679788246, "POINT_Y": -7.310390708, "POINT_Z": 0.0 }, "geometry": { "type": "Point", "coordinates": [ 112.679788246000044, -7.310390707999943, 0.0 ] } },
{ "type": "Feature", "properties": { "OID_": 0, "Name": "ROYAL RESIDENCE TIMUR", "FolderPath": "Data CCTV Usulan + 50 Jalur + Rencana 2026.kmz/CCTV DISHUB 2025/BARAT", "Jenis": "CCTV Dishub 2025", "SubJenis": "CCTV Dishub 2025 Barat", "POINT_X": 112.680223743, "POINT_Y": -7.310441434, "POINT_Z": 0.0 }, "geometry": { "type": "Point", "coordinates": [ 112.680223743000056, -7.310441433999927, 0.0 ] } },
{ "type": "Feature", "properties": { "OID_": 0, "Name": "ROYAL RESIDENCE BARAT", "FolderPath": "Data CCTV Usulan + 50 Jalur + Rencana 2026.kmz/CCTV DISHUB 2025/BARAT", "Jenis": "CCTV Dishub 2025", "SubJenis": "CCTV Dishub 2025 Barat", "POINT_X": 112.679672762, "POINT_Y": -7.31013208, "POINT_Z": 0.0 }, "geometry": { "type": "Point", "coordinates": [ 112.679672762000109, -7.31013207999996, 0.0 ] } },
{ "type": "Feature", "properties": { "OID_": 0, "Name": "DARMO PERMAI BARAT", "FolderPath": "Data CCTV Usulan + 50 Jalur + Rencana 2026.kmz/CCTV DISHUB 2025/BARAT", "Jenis": "CCTV Dishub 2025", "SubJenis": "CCTV Dishub 2025 Barat", "POINT_X": 112.689798921, "POINT_Y": -7.276796237, "POINT_Z": 0.0 }, "geometry": { "type": "Point", "coordinates": [ 112.689798921000033, -7.276796236999928, 0.0 ] } },
{ "type": "Feature", "properties": { "OID_": 0, "Name": "DARMO PERMAI UTARA", "FolderPath": "Data CCTV Usulan + 50 Jalur + Rencana 2026.kmz/CCTV DISHUB 2025/BARAT", "Jenis": "CCTV Dishub 2025", "SubJenis": "CCTV Dishub 2025 Barat", "POINT_X": 112.69011170100001, "POINT_Y": -7.27692806, "POINT_Z": 0.0 }, "geometry": { "type": "Point", "coordinates": [ 112.690111701000092, -7.276928059999932, 0.0 ] } },
{ "type": "Feature", "properties": { "OID_": 0, "Name": "DARMO PERMAI TIMUR", "FolderPath": "Data CCTV Usulan + 50 Jalur + Rencana 2026.kmz/CCTV DISHUB 2025/BARAT", "Jenis": "CCTV Dishub 2025", "SubJenis": "CCTV Dishub 2025 Barat", "POINT_X": 112.69001568199999, "POINT_Y": -7.277178389, "POINT_Z": 0.0 }, "geometry": { "type": "Point", "coordinates": [ 112.69001568200008, -7.277178388999971, 0.0 ] } },
{ "type": "Feature", "properties": { "OID_": 0, "Name": "SATELIT INDAH WIDYAMERTI", "FolderPath": "Data CCTV Usulan + 50 Jalur + Rencana 2026.kmz/CCTV DISHUB 2025/BARAT", "Jenis": "CCTV Dishub 2025", "SubJenis": "CCTV Dishub 2025 Barat", "POINT_X": 112.693729846, "POINT_Y": -7.264917498, "POINT_Z": 0.0 }, "geometry": { "type": "Point", "coordinates": [ 112.69372984600011, -7.264917497999932, 0.0 ] } },
{ "type": "Feature", "properties": { "OID_": 0, "Name": "MARGOMULYO EXIT TOL BARAT", "FolderPath": "Data CCTV Usulan + 50 Jalur + Rencana 2026.kmz/CCTV DISHUB 2025/BARAT", "Jenis": "CCTV Dishub 2025", "SubJenis": "CCTV Dishub 2025 Barat", "POINT_X": 112.681508284, "POINT_Y": -7.239717275, "POINT_Z": 0.0 }, "geometry": { "type": "Point", "coordinates": [ 112.681508284000074, -7.239717274999975, 0.0 ] } },
{ "type": "Feature", "properties": { "OID_": 0, "Name": "JEMBATAN WONOKROMO", "FolderPath": "Data CCTV Usulan + 50 Jalur + Rencana 2026.kmz/CCTV DISHUB 2025/BARAT", "Jenis": "CCTV Dishub 2025", "SubJenis": "CCTV Dishub 2025 Barat", "POINT_X": 112.737404106, "POINT_Y": -7.300707453, "POINT_Z": 0.0 }, "geometry": { "type": "Point", "coordinates": [ 112.737404106000099, -7.300707452999973, 0.0 ] } },
{ "type": "Feature", "properties": { "OID_": 0, "Name": "BUNDARAN PTC PTZ", "FolderPath": "Data CCTV Usulan + 50 Jalur + Rencana 2026.kmz/CCTV DISHUB 2025/BARAT", "Jenis": "CCTV Dishub 2025", "SubJenis": "CCTV Dishub 2025 Barat", "POINT_X": 112.678501477, "POINT_Y": -7.287828888, "POINT_Z": 0.0 }, "geometry": { "type": "Point", "coordinates": [ 112.678501477000054, -7.287828887999979, 0.0 ] } },
{ "type": "Feature", "properties": { "OID_": 0, "Name": "BUNDARAN PTC FIX", "FolderPath": "Data CCTV Usulan + 50 Jalur + Rencana 2026.kmz/CCTV DISHUB 2025/BARAT", "Jenis": "CCTV Dishub 2025", "SubJenis": "CCTV Dishub 2025 Barat", "POINT_X": 112.67890675, "POINT_Y": -7.287235794, "POINT_Z": 0.0 }, "geometry": { "type": "Point", "coordinates": [ 112.67890675000001, -7.287235793999969, 0.0 ] } },
{ "type": "Feature", "properties": { "OID_": 0, "Name": "UTURN MARGOMULYO SPBU", "FolderPath": "Data CCTV Usulan + 50 Jalur + Rencana 2026.kmz/CCTV DISHUB 2025/BARAT", "Jenis": "CCTV Dishub 2025", "SubJenis": "CCTV Dishub 2025 Barat", "POINT_X": 112.68211189100001, "POINT_Y": -7.243711594, "POINT_Z": 0.0 }, "geometry": { "type": "Point", "coordinates": [ 112.682111891000091, -7.243711593999933, 0.0 ] } },
{ "type": "Feature", "properties": { "OID_": 0, "Name": "UTURN MARGOMULYO UTARA", "FolderPath": "Data CCTV Usulan + 50 Jalur + Rencana 2026.kmz/CCTV DISHUB 2025/BARAT", "Jenis": "CCTV Dishub 2025", "SubJenis": "CCTV Dishub 2025 Barat", "POINT_X": 112.682493131, "POINT_Y": -7.235611482, "POINT_Z": 0.0 }, "geometry": { "type": "Point", "coordinates": [ 112.682493131000115, -7.235611481999968, 0.0 ] } },
{ "type": "Feature", "properties": { "OID_": 0, "Name": "SDN KANDANGAN 1", "FolderPath": "Data CCTV Usulan + 50 Jalur + Rencana 2026.kmz/CCTV DISHUB 2025/BARAT", "Jenis": "CCTV Dishub 2025", "SubJenis": "CCTV Dishub 2025 Barat", "POINT_X": 112.65189498300001, "POINT_Y": -7.252303378, "POINT_Z": 0.0 }, "geometry": { "type": "Point", "coordinates": [ 112.651894983000034, -7.252303377999965, 0.0 ] } },
{ "type": "Feature", "properties": { "OID_": 0, "Name": "SDN BABAT JERAWAT", "FolderPath": "Data CCTV Usulan + 50 Jalur + Rencana 2026.kmz/CCTV DISHUB 2025/BARAT", "Jenis": "CCTV Dishub 2025", "SubJenis": "CCTV Dishub 2025 Barat", "POINT_X": 112.622945753, "POINT_Y": -7.239679389, "POINT_Z": 0.0 }, "geometry": { "type": "Point", "coordinates": [ 112.622945753000067, -7.239679388999946, 0.0 ] } },
{ "type": "Feature", "properties": { "OID_": 0, "Name": "DANAU UNESA YONOSOEWOYO", "FolderPath": "Data CCTV Usulan + 50 Jalur + Rencana 2026.kmz/CCTV DISHUB 2025/BARAT", "Jenis": "CCTV Dishub 2025", "SubJenis": "CCTV Dishub 2025 Barat", "POINT_X": 112.675565565, "POINT_Y": -7.300214294, "POINT_Z": 0.0 }, "geometry": { "type": "Point", "coordinates": [ 112.675565565000056, -7.300214293999943, 0.0 ] } },
{ "type": "Feature", "properties": { "OID_": 0, "Name": "DIPONEGORO SOETOMO SELATAN", "FolderPath": "Data CCTV Usulan + 50 Jalur + Rencana 2026.kmz/CCTV DISHUB 2025/BARAT", "Jenis": "CCTV Dishub 2025", "SubJenis": "CCTV Dishub 2025 Barat", "POINT_X": 112.73319050800001, "POINT_Y": -7.284495602, "POINT_Z": 0.0 }, "geometry": { "type": "Point", "coordinates": [ 112.733190508, -7.284495601999936, 0.0 ] } },
{ "type": "Feature", "properties": { "OID_": 0, "Name": "KUPANG JAYA KUPANG INDAH BARAT PTZ", "FolderPath": "Data CCTV Usulan + 50 Jalur + Rencana 2026.kmz/CCTV DISHUB 2025/BARAT", "Jenis": "CCTV Dishub 2025", "SubJenis": "CCTV Dishub 2025 Barat", "POINT_X": 112.7080376, "POINT_Y": -7.275793823, "POINT_Z": 0.0 }, "geometry": { "type": "Point", "coordinates": [ 112.708037600000011, -7.275793822999958, 0.0 ] } },
{ "type": "Feature", "properties": { "OID_": 0, "Name": "PCTL SIMO BARAT FIX", "FolderPath": "Data CCTV Usulan + 50 Jalur + Rencana 2026.kmz/CCTV DISHUB 2025/BARAT", "Jenis": "CCTV Dishub 2025", "SubJenis": "CCTV Dishub 2025 Barat", "POINT_X": 112.71177213, "POINT_Y": -7.268111377, "POINT_Z": 0.0 }, "geometry": { "type": "Point", "coordinates": [ 112.711772130000099, -7.268111376999968, 0.0 ] } },
{ "type": "Feature", "properties": { "OID_": 0, "Name": "PCTL SIMO TIMUR FIX", "FolderPath": "Data CCTV Usulan + 50 Jalur + Rencana 2026.kmz/CCTV DISHUB 2025/BARAT", "Jenis": "CCTV Dishub 2025", "SubJenis": "CCTV Dishub 2025 Barat", "POINT_X": 112.711806577, "POINT_Y": -7.26802844, "POINT_Z": 0.0 }, "geometry": { "type": "Point", "coordinates": [ 112.711806577000061, -7.268028439999966, 0.0 ] } },
{ "type": "Feature", "properties": { "OID_": 0, "Name": "MERR KENJERAN SELATAN", "FolderPath": "Data CCTV Usulan + 50 Jalur + Rencana 2026.kmz/CCTV DISHUB 2025/TIMUR", "Jenis": "CCTV Dishub 2025", "SubJenis": "CCTV Dishub 2025 Timur", "POINT_X": 112.784382393, "POINT_Y": -7.249687112, "POINT_Z": 0.0 }, "geometry": { "type": "Point", "coordinates": [ 112.784382393000101, -7.249687111999947, 0.0 ] } },
{ "type": "Feature", "properties": { "OID_": 0, "Name": "MERR KALIJUDAN", "FolderPath": "Data CCTV Usulan + 50 Jalur + Rencana 2026.kmz/CCTV DISHUB 2025/TIMUR", "Jenis": "CCTV Dishub 2025", "SubJenis": "CCTV Dishub 2025 Timur", "POINT_X": 112.78238242499999, "POINT_Y": -7.255008996, "POINT_Z": 0.0 }, "geometry": { "type": "Point", "coordinates": [ 112.782382425000037, -7.255008995999958, 0.0 ] } },
{ "type": "Feature", "properties": { "OID_": 0, "Name": "MERR MULYOREJO", "FolderPath": "Data CCTV Usulan + 50 Jalur + Rencana 2026.kmz/CCTV DISHUB 2025/TIMUR", "Jenis": "CCTV Dishub 2025", "SubJenis": "CCTV Dishub 2025 Timur", "POINT_X": 112.783059145, "POINT_Y": -7.263367082, "POINT_Z": 0.0 }, "geometry": { "type": "Point", "coordinates": [ 112.783059145000038, -7.263367081999945, 0.0 ] } },
{ "type": "Feature", "properties": { "OID_": 0, "Name": "MERR MULYOREJO UTARA", "FolderPath": "Data CCTV Usulan + 50 Jalur + Rencana 2026.kmz/CCTV DISHUB 2025/TIMUR", "Jenis": "CCTV Dishub 2025", "SubJenis": "CCTV Dishub 2025 Timur", "POINT_X": 112.78314969500001, "POINT_Y": -7.263213022, "POINT_Z": 0.0 }, "geometry": { "type": "Point", "coordinates": [ 112.78314969500002, -7.263213021999945, 0.0 ] } },
{ "type": "Feature", "properties": { "OID_": 0, "Name": "MERR UNAIR KAMPUS C", "FolderPath": "Data CCTV Usulan + 50 Jalur + Rencana 2026.kmz/CCTV DISHUB 2025/TIMUR", "Jenis": "CCTV Dishub 2025", "SubJenis": "CCTV Dishub 2025 Timur", "POINT_X": 112.78225063399999, "POINT_Y": -7.270102268, "POINT_Z": 0.0 }, "geometry": { "type": "Point", "coordinates": [ 112.782250634000093, -7.27010226799996, 0.0 ] } },
{ "type": "Feature", "properties": { "OID_": 0, "Name": "MERR KONI DOME", "FolderPath": "Data CCTV Usulan + 50 Jalur + Rencana 2026.kmz/CCTV DISHUB 2025/TIMUR", "Jenis": "CCTV Dishub 2025", "SubJenis": "CCTV Dishub 2025 Timur", "POINT_X": 112.780870022, "POINT_Y": -7.280444722, "POINT_Z": 0.0 }, "geometry": { "type": "Point", "coordinates": [ 112.780870022000045, -7.28044472199997, 0.0 ] } },
{ "type": "Feature", "properties": { "OID_": 0, "Name": "MERR KONI BARAT", "FolderPath": "Data CCTV Usulan + 50 Jalur + Rencana 2026.kmz/CCTV DISHUB 2025/TIMUR", "Jenis": "CCTV Dishub 2025", "SubJenis": "CCTV Dishub 2025 Timur", "POINT_X": 112.78065794699999, "POINT_Y": -7.280552876, "POINT_Z": 0.0 }, "geometry": { "type": "Point", "coordinates": [ 112.780657947, -7.280552875999945, 0.0 ] } },
{ "type": "Feature", "properties": { "OID_": 0, "Name": "MERR KONI SELATAN", "FolderPath": "Data CCTV Usulan + 50 Jalur + Rencana 2026.kmz/CCTV DISHUB 2025/TIMUR", "Jenis": "CCTV Dishub 2025", "SubJenis": "CCTV Dishub 2025 Timur", "POINT_X": 112.780819252, "POINT_Y": -7.280890703, "POINT_Z": 0.0 }, "geometry": { "type": "Point", "coordinates": [ 112.780819252000015, -7.280890702999955, 0.0 ] } },
{ "type": "Feature", "properties": { "OID_": 0, "Name": "MERR KONI UTARA", "FolderPath": "Data CCTV Usulan + 50 Jalur + Rencana 2026.kmz/CCTV DISHUB 2025/TIMUR", "Jenis": "CCTV Dishub 2025", "SubJenis": "CCTV Dishub 2025 Timur", "POINT_X": 112.780948955, "POINT_Y": -7.280424677, "POINT_Z": 0.0 }, "geometry": { "type": "Point", "coordinates": [ 112.780948955000099, -7.280424676999928, 0.0 ] } },
{ "type": "Feature", "properties": { "OID_": 0, "Name": "MERR ARIEF RAHMAN HAKIM SELATAN", "FolderPath": "Data CCTV Usulan + 50 Jalur + Rencana 2026.kmz/CCTV DISHUB 2025/TIMUR", "Jenis": "CCTV Dishub 2025", "SubJenis": "CCTV Dishub 2025 Timur", "POINT_X": 112.780477495, "POINT_Y": -7.289862031, "POINT_Z": 0.0 }, "geometry": { "type": "Point", "coordinates": [ 112.780477495000014, -7.289862030999927, 0.0 ] } },
{ "type": "Feature", "properties": { "OID_": 0, "Name": "MERR ARIEF RAHMAN HAKIM TIMUR", "FolderPath": "Data CCTV Usulan + 50 Jalur + Rencana 2026.kmz/CCTV DISHUB 2025/TIMUR", "Jenis": "CCTV Dishub 2025", "SubJenis": "CCTV Dishub 2025 Timur", "POINT_X": 112.78078870100001, "POINT_Y": -7.289619579, "POINT_Z": 0.0 }, "geometry": { "type": "Point", "coordinates": [ 112.780788701, -7.289619578999975, 0.0 ] } },
{ "type": "Feature", "properties": { "OID_": 0, "Name": "MERR ARIEF RAHMAN HAKIM UTARA", "FolderPath": "Data CCTV Usulan + 50 Jalur + Rencana 2026.kmz/CCTV DISHUB 2025/TIMUR", "Jenis": "CCTV Dishub 2025", "SubJenis": "CCTV Dishub 2025 Timur", "POINT_X": 112.78061735, "POINT_Y": -7.289393628, "POINT_Z": 0.0 }, "geometry": { "type": "Point", "coordinates": [ 112.780617350000057, -7.289393627999971, 0.0 ] } },
{ "type": "Feature", "properties": { "OID_": 0, "Name": "MERR SEMOLOWARU SELATAN", "FolderPath": "Data CCTV Usulan + 50 Jalur + Rencana 2026.kmz/CCTV DISHUB 2025/TIMUR", "Jenis": "CCTV Dishub 2025", "SubJenis": "CCTV Dishub 2025 Timur", "POINT_X": 112.781689349, "POINT_Y": -7.30108626, "POINT_Z": 0.0 }, "geometry": { "type": "Point", "coordinates": [ 112.781689349000089, -7.301086259999977, 0.0 ] } },
{ "type": "Feature", "properties": { "OID_": 0, "Name": "MERR SEMOLOWARU UTARA", "FolderPath": "Data CCTV Usulan + 50 Jalur + Rencana 2026.kmz/CCTV DISHUB 2025/TIMUR", "Jenis": "CCTV Dishub 2025", "SubJenis": "CCTV Dishub 2025 Timur", "POINT_X": 112.781767536, "POINT_Y": -7.301065775, "POINT_Z": 0.0 }, "geometry": { "type": "Point", "coordinates": [ 112.781767536000075, -7.301065774999927, 0.0 ] } },
{ "type": "Feature", "properties": { "OID_": 0, "Name": "MERR KEDUNG BARUK", "FolderPath": "Data CCTV Usulan + 50 Jalur + Rencana 2026.kmz/CCTV DISHUB 2025/TIMUR", "Jenis": "CCTV Dishub 2025", "SubJenis": "CCTV Dishub 2025 Timur", "POINT_X": 112.780581502, "POINT_Y": -7.311275863, "POINT_Z": 0.0 }, "geometry": { "type": "Point", "coordinates": [ 112.780581502000018, -7.311275862999935, 0.0 ] } },
{ "type": "Feature", "properties": { "OID_": 0, "Name": "MERR STIKOM", "FolderPath": "Data CCTV Usulan + 50 Jalur + Rencana 2026.kmz/CCTV DISHUB 2025/TIMUR", "Jenis": "CCTV Dishub 2025", "SubJenis": "CCTV Dishub 2025 Timur", "POINT_X": 112.78075152700001, "POINT_Y": -7.311426489, "POINT_Z": 0.0 }, "geometry": { "type": "Point", "coordinates": [ 112.780751527, -7.311426488999928, 0.0 ] } },
{ "type": "Feature", "properties": { "OID_": 0, "Name": "PCTL PANDUGO TIMUR", "FolderPath": "Data CCTV Usulan + 50 Jalur + Rencana 2026.kmz/CCTV DISHUB 2025/TIMUR", "Jenis": "CCTV Dishub 2025", "SubJenis": "CCTV Dishub 2025 Timur", "POINT_X": 112.78108939400001, "POINT_Y": -7.322360068, "POINT_Z": 0.0 }, "geometry": { "type": "Point", "coordinates": [ 112.781089394000105, -7.322360067999966, 0.0 ] } },
{ "type": "Feature", "properties": { "OID_": 0, "Name": "PCTL PANDUGO BARAT", "FolderPath": "Data CCTV Usulan + 50 Jalur + Rencana 2026.kmz/CCTV DISHUB 2025/TIMUR", "Jenis": "CCTV Dishub 2025", "SubJenis": "CCTV Dishub 2025 Timur", "POINT_X": 112.78092748500001, "POINT_Y": -7.322361808, "POINT_Z": 0.0 }, "geometry": { "type": "Point", "coordinates": [ 112.780927485, -7.322361807999926, 0.0 ] } },
{ "type": "Feature", "properties": { "OID_": 0, "Name": "GUNUNG ANYAR SELATAN", "FolderPath": "Data CCTV Usulan + 50 Jalur + Rencana 2026.kmz/CCTV DISHUB 2025/TIMUR", "Jenis": "CCTV Dishub 2025", "SubJenis": "CCTV Dishub 2025 Timur", "POINT_X": 112.781122419, "POINT_Y": -7.331471408, "POINT_Z": 0.0 }, "geometry": { "type": "Point", "coordinates": [ 112.781122419000098, -7.33147140799997, 0.0 ] } },
{ "type": "Feature", "properties": { "OID_": 0, "Name": "MERR GUNUNG ANYAR TIMUR SISI SELATAN", "FolderPath": "Data CCTV Usulan + 50 Jalur + Rencana 2026.kmz/CCTV DISHUB 2025/TIMUR", "Jenis": "CCTV Dishub 2025", "SubJenis": "CCTV Dishub 2025 Timur", "POINT_X": 112.785914418, "POINT_Y": -7.341505157, "POINT_Z": 0.0 }, "geometry": { "type": "Point", "coordinates": [ 112.785914418000061, -7.341505156999972, 0.0 ] } },
{ "type": "Feature", "properties": { "OID_": 0, "Name": "MOESTOPO DHARMAWANGSA", "FolderPath": "Data CCTV Usulan + 50 Jalur + Rencana 2026.kmz/CCTV DISHUB 2025/TIMUR", "Jenis": "CCTV Dishub 2025", "SubJenis": "CCTV Dishub 2025 Timur", "POINT_X": 112.756806782, "POINT_Y": -7.265882344, "POINT_Z": 0.0 }, "geometry": { "type": "Point", "coordinates": [ 112.756806782000012, -7.265882343999976, 0.0 ] } },
{ "type": "Feature", "properties": { "OID_": 0, "Name": "KARANGMENJANGAN MOESTOPO", "FolderPath": "Data CCTV Usulan + 50 Jalur + Rencana 2026.kmz/CCTV DISHUB 2025/TIMUR", "Jenis": "CCTV Dishub 2025", "SubJenis": "CCTV Dishub 2025 Timur", "POINT_X": 112.760957194, "POINT_Y": -7.266384481, "POINT_Z": 0.0 }, "geometry": { "type": "Point", "coordinates": [ 112.760957194000071, -7.266384480999932, 0.0 ] } },
{ "type": "Feature", "properties": { "OID_": 0, "Name": "KERTAJAYA MANYAR UTARA", "FolderPath": "Data CCTV Usulan + 50 Jalur + Rencana 2026.kmz/CCTV DISHUB 2025/TIMUR", "Jenis": "CCTV Dishub 2025", "SubJenis": "CCTV Dishub 2025 Timur", "POINT_X": 112.762386713, "POINT_Y": -7.279231614, "POINT_Z": 0.0 }, "geometry": { "type": "Point", "coordinates": [ 112.762386713000069, -7.279231613999968, 0.0 ] } },
{ "type": "Feature", "properties": { "OID_": 0, "Name": "KERTAJAYA MANYAR KERTOARJO TIMUR", "FolderPath": "Data CCTV Usulan + 50 Jalur + Rencana 2026.kmz/CCTV DISHUB 2025/TIMUR", "Jenis": "CCTV Dishub 2025", "SubJenis": "CCTV Dishub 2025 Timur", "POINT_X": 112.76211586300001, "POINT_Y": -7.279354094, "POINT_Z": 0.0 }, "geometry": { "type": "Point", "coordinates": [ 112.762115863000076, -7.279354093999927, 0.0 ] } },
{ "type": "Feature", "properties": { "OID_": 0, "Name": "KERTAJAYA DHARMAWANGSA TIMUR", "FolderPath": "Data CCTV Usulan + 50 Jalur + Rencana 2026.kmz/CCTV DISHUB 2025/TIMUR", "Jenis": "CCTV Dishub 2025", "SubJenis": "CCTV Dishub 2025 Timur", "POINT_X": 112.756074322, "POINT_Y": -7.278369601, "POINT_Z": 0.0 }, "geometry": { "type": "Point", "coordinates": [ 112.756074322000018, -7.278369600999952, 0.0 ] } },
{ "type": "Feature", "properties": { "OID_": 0, "Name": "KERTAJAYA DHARMAWANGSA BARAT", "FolderPath": "Data CCTV Usulan + 50 Jalur + Rencana 2026.kmz/CCTV DISHUB 2025/TIMUR", "Jenis": "CCTV Dishub 2025", "SubJenis": "CCTV Dishub 2025 Timur", "POINT_X": 112.755597334, "POINT_Y": -7.27826823, "POINT_Z": 0.0 }, "geometry": { "type": "Point", "coordinates": [ 112.755597334000072, -7.278268229999981, 0.0 ] } },
{ "type": "Feature", "properties": { "OID_": 0, "Name": "BUNDARAN MENUR", "FolderPath": "Data CCTV Usulan + 50 Jalur + Rencana 2026.kmz/CCTV DISHUB 2025/TIMUR", "Jenis": "CCTV Dishub 2025", "SubJenis": "CCTV Dishub 2025 Timur", "POINT_X": 112.763186925, "POINT_Y": -7.2871024, "POINT_Z": 0.0 }, "geometry": { "type": "Point", "coordinates": [ 112.763186925000014, -7.287102399999981, 0.0 ] } },
{ "type": "Feature", "properties": { "OID_": 0, "Name": "KLAMPIS JAYA UTARA", "FolderPath": "Data CCTV Usulan + 50 Jalur + Rencana 2026.kmz/CCTV DISHUB 2025/TIMUR", "Jenis": "CCTV Dishub 2025", "SubJenis": "CCTV Dishub 2025 Timur", "POINT_X": 112.775363961, "POINT_Y": -7.289645638, "POINT_Z": 0.0 }, "geometry": { "type": "Point", "coordinates": [ 112.775363961000039, -7.289645637999968, 0.0 ] } },
{ "type": "Feature", "properties": { "OID_": 0, "Name": "KLAMPIS JAYA TIMUR", "FolderPath": "Data CCTV Usulan + 50 Jalur + Rencana 2026.kmz/CCTV DISHUB 2025/TIMUR", "Jenis": "CCTV Dishub 2025", "SubJenis": "CCTV Dishub 2025 Timur", "POINT_X": 112.775179546, "POINT_Y": -7.289818947, "POINT_Z": 0.0 }, "geometry": { "type": "Point", "coordinates": [ 112.775179546000118, -7.289818946999958, 0.0 ] } },
{ "type": "Feature", "properties": { "OID_": 0, "Name": "RUNGKUT MADYA UTARA", "FolderPath": "Data CCTV Usulan + 50 Jalur + Rencana 2026.kmz/CCTV DISHUB 2025/TIMUR", "Jenis": "CCTV Dishub 2025", "SubJenis": "CCTV Dishub 2025 Timur", "POINT_X": 112.77544286600001, "POINT_Y": -7.331222744, "POINT_Z": 0.0 }, "geometry": { "type": "Point", "coordinates": [ 112.775442866000049, -7.331222743999945, 0.0 ] } },
{ "type": "Feature", "properties": { "OID_": 0, "Name": "RUNGKUT MADYA SELATAN", "FolderPath": "Data CCTV Usulan + 50 Jalur + Rencana 2026.kmz/CCTV DISHUB 2025/TIMUR", "Jenis": "CCTV Dishub 2025", "SubJenis": "CCTV Dishub 2025 Timur", "POINT_X": 112.775345621, "POINT_Y": -7.331489553, "POINT_Z": 0.0 }, "geometry": { "type": "Point", "coordinates": [ 112.775345621000042, -7.331489552999926, 0.0 ] } },
{ "type": "Feature", "properties": { "OID_": 0, "Name": "PANJANG JIWO KEDUNG BARUK SELATAN", "FolderPath": "Data CCTV Usulan + 50 Jalur + Rencana 2026.kmz/CCTV DISHUB 2025/TIMUR", "Jenis": "CCTV Dishub 2025", "SubJenis": "CCTV Dishub 2025 Timur", "POINT_X": 112.76961431700001, "POINT_Y": -7.308811511, "POINT_Z": 0.0 }, "geometry": { "type": "Point", "coordinates": [ 112.769614317000105, -7.308811510999931, 0.0 ] } },
{ "type": "Feature", "properties": { "OID_": 0, "Name": "PANJANG JIWO KEDUNG BARUK TIMUR", "FolderPath": "Data CCTV Usulan + 50 Jalur + Rencana 2026.kmz/CCTV DISHUB 2025/TIMUR", "Jenis": "CCTV Dishub 2025", "SubJenis": "CCTV Dishub 2025 Timur", "POINT_X": 112.76994899, "POINT_Y": -7.308804354, "POINT_Z": 0.0 }, "geometry": { "type": "Point", "coordinates": [ 112.769948990000103, -7.30880435399996, 0.0 ] } },
{ "type": "Feature", "properties": { "OID_": 0, "Name": "NGINDEN PANJANG JIWO PTZ", "FolderPath": "Data CCTV Usulan + 50 Jalur + Rencana 2026.kmz/CCTV DISHUB 2025/TIMUR", "Jenis": "CCTV Dishub 2025", "SubJenis": "CCTV Dishub 2025 Timur", "POINT_X": 112.76193843900001, "POINT_Y": -7.306626525, "POINT_Z": 0.0 }, "geometry": { "type": "Point", "coordinates": [ 112.761938439, -7.306626524999956, 0.0 ] } },
{ "type": "Feature", "properties": { "OID_": 0, "Name": "NGINDEN PANJANG JIWO FIX", "FolderPath": "Data CCTV Usulan + 50 Jalur + Rencana 2026.kmz/CCTV DISHUB 2025/TIMUR", "Jenis": "CCTV Dishub 2025", "SubJenis": "CCTV Dishub 2025 Timur", "POINT_X": 112.76189804800001, "POINT_Y": -7.306375704, "POINT_Z": 0.0 }, "geometry": { "type": "Point", "coordinates": [ 112.761898048000035, -7.306375703999947, 0.0 ] } },
{ "type": "Feature", "properties": { "OID_": 0, "Name": "NGINDEN BRATANG UTARA FIX", "FolderPath": "Data CCTV Usulan + 50 Jalur + Rencana 2026.kmz/CCTV DISHUB 2025/TIMUR", "Jenis": "CCTV Dishub 2025", "SubJenis": "CCTV Dishub 2025 Timur", "POINT_X": 112.762138994, "POINT_Y": -7.299127858, "POINT_Z": 0.0 }, "geometry": { "type": "Point", "coordinates": [ 112.762138994000111, -7.299127857999963, 0.0 ] } },
{ "type": "Feature", "properties": { "OID_": 0, "Name": "MENUR PUCANG JAJAR UTARA", "FolderPath": "Data CCTV Usulan + 50 Jalur + Rencana 2026.kmz/CCTV DISHUB 2025/TIMUR", "Jenis": "CCTV Dishub 2025", "SubJenis": "CCTV Dishub 2025 Timur", "POINT_X": 112.762270813, "POINT_Y": -7.28359956, "POINT_Z": 0.0 }, "geometry": { "type": "Point", "coordinates": [ 112.7622708130001, -7.283599559999971, 0.0 ] } },
{ "type": "Feature", "properties": { "OID_": 0, "Name": "MENUR PUCANG JAJAR BARAT", "FolderPath": "Data CCTV Usulan + 50 Jalur + Rencana 2026.kmz/CCTV DISHUB 2025/TIMUR", "Jenis": "CCTV Dishub 2025", "SubJenis": "CCTV Dishub 2025 Timur", "POINT_X": 112.76229403799999, "POINT_Y": -7.283688938, "POINT_Z": 0.0 }, "geometry": { "type": "Point", "coordinates": [ 112.76229403800005, -7.283688937999955, 0.0 ] } },
{ "type": "Feature", "properties": { "OID_": 0, "Name": "MENUR PUCANG JAJAR PANO", "FolderPath": "Data CCTV Usulan + 50 Jalur + Rencana 2026.kmz/CCTV DISHUB 2025/TIMUR", "Jenis": "CCTV Dishub 2025", "SubJenis": "CCTV Dishub 2025 Timur", "POINT_X": 112.762291167, "POINT_Y": -7.283612228, "POINT_Z": 0.0 }, "geometry": { "type": "Point", "coordinates": [ 112.762291167000058, -7.283612227999981, 0.0 ] } },
{ "type": "Feature", "properties": { "OID_": 0, "Name": "NGAGEL JAYA UTARA PTZ", "FolderPath": "Data CCTV Usulan + 50 Jalur + Rencana 2026.kmz/CCTV DISHUB 2025/TIMUR", "Jenis": "CCTV Dishub 2025", "SubJenis": "CCTV Dishub 2025 Timur", "POINT_X": 112.755787152, "POINT_Y": -7.289208993, "POINT_Z": 0.0 }, "geometry": { "type": "Point", "coordinates": [ 112.755787152000039, -7.289208992999932, 0.0 ] } },
{ "type": "Feature", "properties": { "OID_": 0, "Name": "RUNGKUT INDUSTRI FIX2", "FolderPath": "Data CCTV Usulan + 50 Jalur + Rencana 2026.kmz/CCTV DISHUB 2025/TIMUR", "Jenis": "CCTV Dishub 2025", "SubJenis": "CCTV Dishub 2025 Timur", "POINT_X": 112.751080046, "POINT_Y": -7.329493405, "POINT_Z": 0.0 }, "geometry": { "type": "Point", "coordinates": [ 112.751080046000084, -7.329493404999937, 0.0 ] } },
{ "type": "Feature", "properties": { "OID_": 0, "Name": "SIER KENDANGSARI", "FolderPath": "Data CCTV Usulan + 50 Jalur + Rencana 2026.kmz/CCTV DISHUB 2025/TIMUR", "Jenis": "CCTV Dishub 2025", "SubJenis": "CCTV Dishub 2025 Timur", "POINT_X": 112.751171832, "POINT_Y": -7.329580006, "POINT_Z": 0.0 }, "geometry": { "type": "Point", "coordinates": [ 112.751171832000068, -7.329580005999958, 0.0 ] } },
{ "type": "Feature", "properties": { "OID_": 0, "Name": "JEMBATAN MERR GUNUNG ANYAR SELATAN", "FolderPath": "Data CCTV Usulan + 50 Jalur + Rencana 2026.kmz/CCTV DISHUB 2025/TIMUR", "Jenis": "CCTV Dishub 2025", "SubJenis": "CCTV Dishub 2025 Timur", "POINT_X": 112.78671474399999, "POINT_Y": -7.344364697, "POINT_Z": 0.0 }, "geometry": { "type": "Point", "coordinates": [ 112.786714744000051, -7.344364696999946, 0.0 ] } },
{ "type": "Feature", "properties": { "OID_": 0, "Name": "JEMUR ANDAYANI KENDANGSARI FIX1", "FolderPath": "Data CCTV Usulan + 50 Jalur + Rencana 2026.kmz/CCTV DISHUB 2025/TIMUR", "Jenis": "CCTV Dishub 2025", "SubJenis": "CCTV Dishub 2025 Timur", "POINT_X": 112.74492988199999, "POINT_Y": -7.329275459, "POINT_Z": 0.0 }, "geometry": { "type": "Point", "coordinates": [ 112.744929882000065, -7.329275458999973, 0.0 ] } },
{ "type": "Feature", "properties": { "OID_": 0, "Name": "JEMUR KENDANGSARI  PANO", "FolderPath": "Data CCTV Usulan + 50 Jalur + Rencana 2026.kmz/CCTV DISHUB 2025/TIMUR", "Jenis": "CCTV Dishub 2025", "SubJenis": "CCTV Dishub 2025 Timur", "POINT_X": 112.744694186, "POINT_Y": -7.329286336, "POINT_Z": 0.0 }, "geometry": { "type": "Point", "coordinates": [ 112.744694186000061, -7.329286335999939, 0.0 ] } },
{ "type": "Feature", "properties": { "OID_": 0, "Name": "SEMOLO SUKOSEMOLO TIMUR", "FolderPath": "Data CCTV Usulan + 50 Jalur + Rencana 2026.kmz/CCTV DISHUB 2025/TIMUR", "Jenis": "CCTV Dishub 2025", "SubJenis": "CCTV Dishub 2025 Timur", "POINT_X": 112.779384248, "POINT_Y": -7.300886575, "POINT_Z": 0.0 }, "geometry": { "type": "Point", "coordinates": [ 112.779384248000042, -7.300886574999936, 0.0 ] } },
{ "type": "Feature", "properties": { "OID_": 0, "Name": "SEMOLO SUKOSEMOLO BARAT", "FolderPath": "Data CCTV Usulan + 50 Jalur + Rencana 2026.kmz/CCTV DISHUB 2025/TIMUR", "Jenis": "CCTV Dishub 2025", "SubJenis": "CCTV Dishub 2025 Timur", "POINT_X": 112.779118627, "POINT_Y": -7.300805432, "POINT_Z": 0.0 }, "geometry": { "type": "Point", "coordinates": [ 112.779118627000116, -7.300805431999947, 0.0 ] } },
{ "type": "Feature", "properties": { "OID_": 0, "Name": "SEMOLO SUKOSEMOLO PTZ", "FolderPath": "Data CCTV Usulan + 50 Jalur + Rencana 2026.kmz/CCTV DISHUB 2025/TIMUR", "Jenis": "CCTV Dishub 2025", "SubJenis": "CCTV Dishub 2025 Timur", "POINT_X": 112.779189073, "POINT_Y": -7.300876553, "POINT_Z": 0.0 }, "geometry": { "type": "Point", "coordinates": [ 112.779189073000111, -7.300876552999966, 0.0 ] } },
{ "type": "Feature", "properties": { "OID_": 0, "Name": "BUNDARAN JALAN RAYA ITS", "FolderPath": "Data CCTV Usulan + 50 Jalur + Rencana 2026.kmz/CCTV DISHUB 2025/TIMUR", "Jenis": "CCTV Dishub 2025", "SubJenis": "CCTV Dishub 2025 Timur", "POINT_X": 112.79787114200001, "POINT_Y": -7.274823383, "POINT_Z": 0.0 }, "geometry": { "type": "Point", "coordinates": [ 112.797871142000076, -7.274823382999955, 0.0 ] } },
{ "type": "Feature", "properties": { "OID_": 0, "Name": "SMP IPIEMS MENUR", "FolderPath": "Data CCTV Usulan + 50 Jalur + Rencana 2026.kmz/CCTV DISHUB 2025/TIMUR", "Jenis": "CCTV Dishub 2025", "SubJenis": "CCTV Dishub 2025 Timur", "POINT_X": 112.762995308, "POINT_Y": -7.285839571, "POINT_Z": 0.0 }, "geometry": { "type": "Point", "coordinates": [ 112.762995308000086, -7.28583957099994, 0.0 ] } },
{ "type": "Feature", "properties": { "OID_": 0, "Name": "GRAND CITY", "FolderPath": "Data CCTV Usulan + 50 Jalur + Rencana 2026.kmz/CCTV DISHUB 2025/TIMUR", "Jenis": "CCTV Dishub 2025", "SubJenis": "CCTV Dishub 2025 Timur", "POINT_X": 112.75046838599999, "POINT_Y": -7.263339809, "POINT_Z": 0.0 }, "geometry": { "type": "Point", "coordinates": [ 112.75046838600008, -7.263339808999945, 0.0 ] } },
{ "type": "Feature", "properties": { "OID_": 0, "Name": "SMP 19 MERR ARIEF RAHMAN HAKIM", "FolderPath": "Data CCTV Usulan + 50 Jalur + Rencana 2026.kmz/CCTV DISHUB 2025/TIMUR", "Jenis": "CCTV Dishub 2025", "SubJenis": "CCTV Dishub 2025 Timur", "POINT_X": 112.780682105, "POINT_Y": -7.288284098, "POINT_Z": 0.0 }, "geometry": { "type": "Point", "coordinates": [ 112.780682105000096, -7.288284097999963, 0.0 ] } },
{ "type": "Feature", "properties": { "OID_": 0, "Name": "WL JOYOBOYO", "FolderPath": "Data CCTV Usulan + 50 Jalur + Rencana 2026.kmz/CCTV DISHUB 2025/TIMUR", "Jenis": "CCTV Dishub 2025", "SubJenis": "CCTV Dishub 2025 Timur", "POINT_X": 112.736610774, "POINT_Y": -7.299360895, "POINT_Z": 0.0 }, "geometry": { "type": "Point", "coordinates": [ 112.736610774000042, -7.29936089499995, 0.0 ] } },
{ "type": "Feature", "properties": { "OID_": 0, "Name": "KARANGMENJANGAN AIRLANGGA", "FolderPath": "Data CCTV Usulan + 50 Jalur + Rencana 2026.kmz/CCTV DISHUB 2025/TIMUR", "Jenis": "CCTV Dishub 2025", "SubJenis": "CCTV Dishub 2025 Timur", "POINT_X": 112.760800718, "POINT_Y": -7.270665094, "POINT_Z": 0.0 }, "geometry": { "type": "Point", "coordinates": [ 112.760800718000041, -7.27066509399998, 0.0 ] } },
{ "type": "Feature", "properties": { "OID_": 0, "Name": "U TURN MERR KONI UTARA", "FolderPath": "Data CCTV Usulan + 50 Jalur + Rencana 2026.kmz/CCTV DISHUB 2025/TIMUR", "Jenis": "CCTV Dishub 2025", "SubJenis": "CCTV Dishub 2025 Timur", "POINT_X": 112.78089568599999, "POINT_Y": -7.278543839, "POINT_Z": 0.0 }, "geometry": { "type": "Point", "coordinates": [ 112.780895686, -7.278543838999951, 0.0 ] } },
{ "type": "Feature", "properties": { "OID_": 0, "Name": "PCTL SMAN 4 MOESTOPO", "FolderPath": "Data CCTV Usulan + 50 Jalur + Rencana 2026.kmz/CCTV DISHUB 2025/TIMUR", "Jenis": "CCTV Dishub 2025", "SubJenis": "CCTV Dishub 2025 Timur", "POINT_X": 112.755448437, "POINT_Y": -7.265206599, "POINT_Z": 0.0 }, "geometry": { "type": "Point", "coordinates": [ 112.755448437000041, -7.265206598999953, 0.0 ] } },
{ "type": "Feature", "properties": { "OID_": 0, "Name": "DHARMAWANGSA AIRLANGGA", "FolderPath": "Data CCTV Usulan + 50 Jalur + Rencana 2026.kmz/CCTV DISHUB 2025/TIMUR", "Jenis": "CCTV Dishub 2025", "SubJenis": "CCTV Dishub 2025 Timur", "POINT_X": 112.756356481, "POINT_Y": -7.270519816, "POINT_Z": 0.0 }, "geometry": { "type": "Point", "coordinates": [ 112.756356481000012, -7.270519815999933, 0.0 ] } },
{ "type": "Feature", "properties": { "OID_": 0, "Name": "SD SANTA CLARA", "FolderPath": "Data CCTV Usulan + 50 Jalur + Rencana 2026.kmz/CCTV DISHUB 2025/TIMUR", "Jenis": "CCTV Dishub 2025", "SubJenis": "CCTV Dishub 2025 Timur", "POINT_X": 112.76005555, "POINT_Y": -7.288217543, "POINT_Z": 0.0 }, "geometry": { "type": "Point", "coordinates": [ 112.760055550000061, -7.288217542999973, 0.0 ] } },
{ "type": "Feature", "properties": { "OID_": 0, "Name": "KERTAJAYA DHARMAWANGSA BARAT FIX", "FolderPath": "Data CCTV Usulan + 50 Jalur + Rencana 2026.kmz/CCTV DISHUB 2025/TIMUR", "Jenis": "CCTV Dishub 2025", "SubJenis": "CCTV Dishub 2025 Timur", "POINT_X": 112.755628626, "POINT_Y": -7.278162889, "POINT_Z": 0.0 }, "geometry": { "type": "Point", "coordinates": [ 112.755628626000089, -7.27816288899993, 0.0 ] } },
{ "type": "Feature", "properties": { "OID_": 0, "Name": "KERTAJAYA DHARMAWANGSA TIMUR FIX", "FolderPath": "Data CCTV Usulan + 50 Jalur + Rencana 2026.kmz/CCTV DISHUB 2025/TIMUR", "Jenis": "CCTV Dishub 2025", "SubJenis": "CCTV Dishub 2025 Timur", "POINT_X": 112.756128467, "POINT_Y": -7.278418374, "POINT_Z": 0.0 }, "geometry": { "type": "Point", "coordinates": [ 112.756128467000053, -7.278418373999955, 0.0 ] } },
{ "type": "Feature", "properties": { "OID_": 0, "Name": "UTURN PIZZA HUT", "FolderPath": "Data CCTV Usulan + 50 Jalur + Rencana 2026.kmz/CCTV DISHUB 2025/TIMUR", "Jenis": "CCTV Dishub 2025", "SubJenis": "CCTV Dishub 2025 Timur", "POINT_X": 112.780735495, "POINT_Y": -7.317357386, "POINT_Z": 0.0 }, "geometry": { "type": "Point", "coordinates": [ 112.780735495000044, -7.317357385999969, 0.0 ] } },
{ "type": "Feature", "properties": { "OID_": 0, "Name": "PCTL SEMAMPIR BARAT", "FolderPath": "Data CCTV Usulan + 50 Jalur + Rencana 2026.kmz/CCTV DISHUB 2025/TIMUR", "Jenis": "CCTV Dishub 2025", "SubJenis": "CCTV Dishub 2025 Timur", "POINT_X": 112.780379709, "POINT_Y": -7.307316427, "POINT_Z": 0.0 }, "geometry": { "type": "Point", "coordinates": [ 112.780379709000044, -7.307316426999932, 0.0 ] } },
{ "type": "Feature", "properties": { "OID_": 0, "Name": "PCTL SEMAMPIR TIMUR", "FolderPath": "Data CCTV Usulan + 50 Jalur + Rencana 2026.kmz/CCTV DISHUB 2025/TIMUR", "Jenis": "CCTV Dishub 2025", "SubJenis": "CCTV Dishub 2025 Timur", "POINT_X": 112.78064140399999, "POINT_Y": -7.307307735, "POINT_Z": 0.0 }, "geometry": { "type": "Point", "coordinates": [ 112.780641404000107, -7.307307734999938, 0.0 ] } },
{ "type": "Feature", "properties": { "OID_": 0, "Name": "PINTU MASUK GBT UTARA", "FolderPath": "Data CCTV Usulan + 50 Jalur + Rencana 2026.kmz/CCTV DISHUB 2025/TIMUR", "Jenis": "CCTV Dishub 2025", "SubJenis": "CCTV Dishub 2025 Timur", "POINT_X": 112.61775215500001, "POINT_Y": -7.22224306, "POINT_Z": 0.0 }, "geometry": { "type": "Point", "coordinates": [ 112.617752155000062, -7.222243059999926, 0.0 ] } },
{ "type": "Feature", "properties": { "OID_": 0, "Name": "PINTU MASUK GBT SELATAN", "FolderPath": "Data CCTV Usulan + 50 Jalur + Rencana 2026.kmz/CCTV DISHUB 2025/TIMUR", "Jenis": "CCTV Dishub 2025", "SubJenis": "CCTV Dishub 2025 Timur", "POINT_X": 112.61771799100001, "POINT_Y": -7.222436919, "POINT_Z": 0.0 }, "geometry": { "type": "Point", "coordinates": [ 112.617717991000063, -7.222436918999961, 0.0 ] } },
{ "type": "Feature", "properties": { "OID_": 0, "Name": "KRANGGAN BARAT PARKIR", "FolderPath": "Data CCTV Usulan + 50 Jalur + Rencana 2026.kmz/CCTV DISHUB 2025/TIMUR", "Jenis": "CCTV Dishub 2025", "SubJenis": "CCTV Dishub 2025 Timur", "POINT_X": 112.733373288, "POINT_Y": -7.255944093, "POINT_Z": 0.0 }, "geometry": { "type": "Point", "coordinates": [ 112.733373288000053, -7.255944092999925, 0.0 ] } },
{ "type": "Feature", "properties": { "OID_": 0, "Name": "KRANGGAN SELATAN PARKIR", "FolderPath": "Data CCTV Usulan + 50 Jalur + Rencana 2026.kmz/CCTV DISHUB 2025/TIMUR", "Jenis": "CCTV Dishub 2025", "SubJenis": "CCTV Dishub 2025 Timur", "POINT_X": 112.733634358, "POINT_Y": -7.255960095, "POINT_Z": 0.0 }, "geometry": { "type": "Point", "coordinates": [ 112.733634358000018, -7.255960094999978, 0.0 ] } },
{ "type": "Feature", "properties": { "OID_": 0, "Name": "SRIKANA PANO", "FolderPath": "Data CCTV Usulan + 50 Jalur + Rencana 2026.kmz/CCTV DISHUB 2025/TIMUR", "Jenis": "CCTV Dishub 2025", "SubJenis": "CCTV Dishub 2025 Timur", "POINT_X": 112.756288404, "POINT_Y": -7.273994869, "POINT_Z": 0.0 }, "geometry": { "type": "Point", "coordinates": [ 112.756288404000088, -7.273994868999978, 0.0 ] } },
{ "type": "Feature", "properties": { "OID_": 0, "Name": "SRIKANA FIX SPC", "FolderPath": "Data CCTV Usulan + 50 Jalur + Rencana 2026.kmz/CCTV DISHUB 2025/TIMUR", "Jenis": "CCTV Dishub 2025", "SubJenis": "CCTV Dishub 2025 Timur", "POINT_X": 112.756393589, "POINT_Y": -7.273987497, "POINT_Z": 0.0 }, "geometry": { "type": "Point", "coordinates": [ 112.756393589000027, -7.273987496999951, 0.0 ] } },
{ "type": "Feature", "properties": { "OID_": 0, "Name": "MUSTOPO DHARMAWANGSA TIMUR FIX", "FolderPath": "Data CCTV Usulan + 50 Jalur + Rencana 2026.kmz/CCTV DISHUB 2025/TIMUR", "Jenis": "CCTV Dishub 2025", "SubJenis": "CCTV Dishub 2025 Timur", "POINT_X": 112.756725679, "POINT_Y": -7.265840685, "POINT_Z": 0.0 }, "geometry": { "type": "Point", "coordinates": [ 112.756725679000056, -7.265840684999944, 0.0 ] } },
{ "type": "Feature", "properties": { "OID_": 0, "Name": "MUSTOPO DHARMAWANGSA BARAT FIX", "FolderPath": "Data CCTV Usulan + 50 Jalur + Rencana 2026.kmz/CCTV DISHUB 2025/TIMUR", "Jenis": "CCTV Dishub 2025", "SubJenis": "CCTV Dishub 2025 Timur", "POINT_X": 112.756389115, "POINT_Y": -7.265641919, "POINT_Z": 0.0 }, "geometry": { "type": "Point", "coordinates": [ 112.756389115000047, -7.265641918999961, 0.0 ] } },
{ "type": "Feature", "properties": { "OID_": 0, "Name": "NGAGEL JAYA UTARA HADAP SELATAN FIX", "FolderPath": "Data CCTV Usulan + 50 Jalur + Rencana 2026.kmz/CCTV DISHUB 2025/TIMUR", "Jenis": "CCTV Dishub 2025", "SubJenis": "CCTV Dishub 2025 Timur", "POINT_X": 112.7557371, "POINT_Y": -7.289203763, "POINT_Z": 0.0 }, "geometry": { "type": "Point", "coordinates": [ 112.755737100000033, -7.289203762999932, 0.0 ] } },
{ "type": "Feature", "properties": { "OID_": 0, "Name": "NGINDEN BRATANG SELATAN FIX", "FolderPath": "Data CCTV Usulan + 50 Jalur + Rencana 2026.kmz/CCTV DISHUB 2025/TIMUR", "Jenis": "CCTV Dishub 2025", "SubJenis": "CCTV Dishub 2025 Timur", "POINT_X": 112.76198889299999, "POINT_Y": -7.29943682, "POINT_Z": 0.0 }, "geometry": { "type": "Point", "coordinates": [ 112.76198889300008, -7.299436819999926, 0.0 ] } },
{ "type": "Feature", "properties": { "OID_": 0, "Name": "RUNGKUT PONDOK CHANDRA PTZ", "FolderPath": "Data CCTV Usulan + 50 Jalur + Rencana 2026.kmz/CCTV DISHUB 2025/TIMUR", "Jenis": "CCTV Dishub 2025", "SubJenis": "CCTV Dishub 2025 Timur", "POINT_X": 112.767941667, "POINT_Y": -7.341813661, "POINT_Z": 0.0 }, "geometry": { "type": "Point", "coordinates": [ 112.767941667000059, -7.341813660999946, 0.0 ] } },
{ "type": "Feature", "properties": { "OID_": 0, "Name": "DIPONEGORO WR SOEPRATMAN", "FolderPath": "Data CCTV Usulan + 50 Jalur + Rencana 2026.kmz/CCTV DISHUB 2025/PUSAT", "Jenis": "CCTV Dishub 2025", "SubJenis": "CCTV Dishub 2025 Pusat", "POINT_X": 112.731625966, "POINT_Y": -7.28080305, "POINT_Z": 0.0 }, "geometry": { "type": "Point", "coordinates": [ 112.731625966000024, -7.280803049999975, 0.0 ] } },
{ "type": "Feature", "properties": { "OID_": 0, "Name": "RA KARTINI ANWARI", "FolderPath": "Data CCTV Usulan + 50 Jalur + Rencana 2026.kmz/CCTV DISHUB 2025/PUSAT", "Jenis": "CCTV Dishub 2025", "SubJenis": "CCTV Dishub 2025 Pusat", "POINT_X": 112.73130171699999, "POINT_Y": -7.278436512, "POINT_Z": 0.0 }, "geometry": { "type": "Point", "coordinates": [ 112.731301717000065, -7.278436511999928, 0.0 ] } },
{ "type": "Feature", "properties": { "OID_": 0, "Name": "DR SOETOMO IMAM BONJOL", "FolderPath": "Data CCTV Usulan + 50 Jalur + Rencana 2026.kmz/CCTV DISHUB 2025/PUSAT", "Jenis": "CCTV Dishub 2025", "SubJenis": "CCTV Dishub 2025 Pusat", "POINT_X": 112.735964321, "POINT_Y": -7.283194255, "POINT_Z": 0.0 }, "geometry": { "type": "Point", "coordinates": [ 112.735964321000097, -7.283194254999955, 0.0 ] } },
{ "type": "Feature", "properties": { "OID_": 0, "Name": "PUCANG ANOM PTZ", "FolderPath": "Data CCTV Usulan + 50 Jalur + Rencana 2026.kmz/CCTV DISHUB 2025/PUSAT", "Jenis": "CCTV Dishub 2025", "SubJenis": "CCTV Dishub 2025 Pusat", "POINT_X": 112.755787156, "POINT_Y": -7.28430829, "POINT_Z": 0.0 }, "geometry": { "type": "Point", "coordinates": [ 112.75578715600011, -7.284308289999956, 0.0 ] } },
{ "type": "Feature", "properties": { "OID_": 0, "Name": "KEPUTRAN DINOYO", "FolderPath": "Data CCTV Usulan + 50 Jalur + Rencana 2026.kmz/CCTV DISHUB 2025/PUSAT", "Jenis": "CCTV Dishub 2025", "SubJenis": "CCTV Dishub 2025 Pusat", "POINT_X": 112.743253563, "POINT_Y": -7.2778125, "POINT_Z": 0.0 }, "geometry": { "type": "Point", "coordinates": [ 112.743253563000053, -7.277812499999925, 0.0 ] } },
{ "type": "Feature", "properties": { "OID_": 0, "Name": "SULAWESI PTZ", "FolderPath": "Data CCTV Usulan + 50 Jalur + Rencana 2026.kmz/CCTV DISHUB 2025/PUSAT", "Jenis": "CCTV Dishub 2025", "SubJenis": "CCTV Dishub 2025 Pusat", "POINT_X": 112.746248178, "POINT_Y": -7.276394258, "POINT_Z": 0.0 }, "geometry": { "type": "Point", "coordinates": [ 112.746248178000087, -7.276394257999925, 0.0 ] } },
{ "type": "Feature", "properties": { "OID_": 0, "Name": "SULAWESI BAGONG", "FolderPath": "Data CCTV Usulan + 50 Jalur + Rencana 2026.kmz/CCTV DISHUB 2025/PUSAT", "Jenis": "CCTV Dishub 2025", "SubJenis": "CCTV Dishub 2025 Pusat", "POINT_X": 112.74524606, "POINT_Y": -7.276860208, "POINT_Z": 0.0 }, "geometry": { "type": "Point", "coordinates": [ 112.745246060000113, -7.27686020799996, 0.0 ] } },
{ "type": "Feature", "properties": { "OID_": 0, "Name": "SUMATERA GUBENG", "FolderPath": "Data CCTV Usulan + 50 Jalur + Rencana 2026.kmz/CCTV DISHUB 2025/PUSAT", "Jenis": "CCTV Dishub 2025", "SubJenis": "CCTV Dishub 2025 Pusat", "POINT_X": 112.747052686, "POINT_Y": -7.273897242, "POINT_Z": 0.0 }, "geometry": { "type": "Point", "coordinates": [ 112.747052686000075, -7.273897241999975, 0.0 ] } },
{ "type": "Feature", "properties": { "OID_": 0, "Name": "KEDUNGSARI BARAT", "FolderPath": "Data CCTV Usulan + 50 Jalur + Rencana 2026.kmz/CCTV DISHUB 2025/PUSAT", "Jenis": "CCTV Dishub 2025", "SubJenis": "CCTV Dishub 2025 Pusat", "POINT_X": 112.73511648500001, "POINT_Y": -7.268140352, "POINT_Z": 0.0 }, "geometry": { "type": "Point", "coordinates": [ 112.735116485000049, -7.268140351999932, 0.0 ] } },
{ "type": "Feature", "properties": { "OID_": 0, "Name": "KEDUNGSARI SELATAN", "FolderPath": "Data CCTV Usulan + 50 Jalur + Rencana 2026.kmz/CCTV DISHUB 2025/PUSAT", "Jenis": "CCTV Dishub 2025", "SubJenis": "CCTV Dishub 2025 Pusat", "POINT_X": 112.735217198, "POINT_Y": -7.268227424, "POINT_Z": 0.0 }, "geometry": { "type": "Point", "coordinates": [ 112.7352171980001, -7.268227423999974, 0.0 ] } },
{ "type": "Feature", "properties": { "OID_": 0, "Name": "TEGALSARI PANO", "FolderPath": "Data CCTV Usulan + 50 Jalur + Rencana 2026.kmz/CCTV DISHUB 2025/PUSAT", "Jenis": "CCTV Dishub 2025", "SubJenis": "CCTV Dishub 2025 Pusat", "POINT_X": 112.73517803, "POINT_Y": -7.268179776, "POINT_Z": 0.0 }, "geometry": { "type": "Point", "coordinates": [ 112.735178030000043, -7.268179775999954, 0.0 ] } },
{ "type": "Feature", "properties": { "OID_": 0, "Name": "YOS SUDARSO DPRD", "FolderPath": "Data CCTV Usulan + 50 Jalur + Rencana 2026.kmz/CCTV DISHUB 2025/PUSAT", "Jenis": "CCTV Dishub 2025", "SubJenis": "CCTV Dishub 2025 Pusat", "POINT_X": 112.745922927, "POINT_Y": -7.263443333, "POINT_Z": 0.0 }, "geometry": { "type": "Point", "coordinates": [ 112.745922927000038, -7.263443332999941, 0.0 ] } },
{ "type": "Feature", "properties": { "OID_": 0, "Name": "PEMUDA AIR MANCUR TIMUR", "FolderPath": "Data CCTV Usulan + 50 Jalur + Rencana 2026.kmz/CCTV DISHUB 2025/PUSAT", "Jenis": "CCTV Dishub 2025", "SubJenis": "CCTV Dishub 2025 Pusat", "POINT_X": 112.745735002, "POINT_Y": -7.264562745, "POINT_Z": 0.0 }, "geometry": { "type": "Point", "coordinates": [ 112.74573500200006, -7.264562744999978, 0.0 ] } },
{ "type": "Feature", "properties": { "OID_": 0, "Name": "PEMUDA AIR MANCUR PTZ", "FolderPath": "Data CCTV Usulan + 50 Jalur + Rencana 2026.kmz/CCTV DISHUB 2025/PUSAT", "Jenis": "CCTV Dishub 2025", "SubJenis": "CCTV Dishub 2025 Pusat", "POINT_X": 112.745729544, "POINT_Y": -7.264619721, "POINT_Z": 0.0 }, "geometry": { "type": "Point", "coordinates": [ 112.745729544000028, -7.264619720999974, 0.0 ] } },
{ "type": "Feature", "properties": { "OID_": 0, "Name": "GRAND CITY FR", "FolderPath": "Data CCTV Usulan + 50 Jalur + Rencana 2026.kmz/CCTV DISHUB 2025/PUSAT", "Jenis": "CCTV Dishub 2025", "SubJenis": "CCTV Dishub 2025 Pusat", "POINT_X": 112.750085243, "POINT_Y": -7.262670042, "POINT_Z": 0.0 }, "geometry": { "type": "Point", "coordinates": [ 112.750085243000058, -7.262670041999968, 0.0 ] } },
{ "type": "Feature", "properties": { "OID_": 0, "Name": "GUBENG POJOK GRAND CITY", "FolderPath": "Data CCTV Usulan + 50 Jalur + Rencana 2026.kmz/CCTV DISHUB 2025/PUSAT", "Jenis": "CCTV Dishub 2025", "SubJenis": "CCTV Dishub 2025 Pusat", "POINT_X": 112.75020020300001, "POINT_Y": -7.26282538, "POINT_Z": 0.0 }, "geometry": { "type": "Point", "coordinates": [ 112.750200203000077, -7.262825379999981, 0.0 ] } },
{ "type": "Feature", "properties": { "OID_": 0, "Name": "DARMO AL FALAH UTARA", "FolderPath": "Data CCTV Usulan + 50 Jalur + Rencana 2026.kmz/CCTV DISHUB 2025/PUSAT", "Jenis": "CCTV Dishub 2025", "SubJenis": "CCTV Dishub 2025 Pusat", "POINT_X": 112.739071024, "POINT_Y": -7.295561023, "POINT_Z": 0.0 }, "geometry": { "type": "Point", "coordinates": [ 112.739071024000054, -7.295561022999948, 0.0 ] } },
{ "type": "Feature", "properties": { "OID_": 0, "Name": "DIPONEGORO KBS", "FolderPath": "Data CCTV Usulan + 50 Jalur + Rencana 2026.kmz/CCTV DISHUB 2025/PUSAT", "Jenis": "CCTV Dishub 2025", "SubJenis": "CCTV Dishub 2025 Pusat", "POINT_X": 112.738823907, "POINT_Y": -7.295767864, "POINT_Z": 0.0 }, "geometry": { "type": "Point", "coordinates": [ 112.738823907000096, -7.29576786399997, 0.0 ] } },
{ "type": "Feature", "properties": { "OID_": 0, "Name": "DARMO AL FALAH SELATAN DOME", "FolderPath": "Data CCTV Usulan + 50 Jalur + Rencana 2026.kmz/CCTV DISHUB 2025/PUSAT", "Jenis": "CCTV Dishub 2025", "SubJenis": "CCTV Dishub 2025 Pusat", "POINT_X": 112.739239643, "POINT_Y": -7.295681796, "POINT_Z": 0.0 }, "geometry": { "type": "Point", "coordinates": [ 112.739239643000019, -7.29568179599994, 0.0 ] } },
{ "type": "Feature", "properties": { "OID_": 0, "Name": "DARMO BENGAWAN SELATAN", "FolderPath": "Data CCTV Usulan + 50 Jalur + Rencana 2026.kmz/CCTV DISHUB 2025/PUSAT", "Jenis": "CCTV Dishub 2025", "SubJenis": "CCTV Dishub 2025 Pusat", "POINT_X": 112.73903440300001, "POINT_Y": -7.290631632, "POINT_Z": 0.0 }, "geometry": { "type": "Point", "coordinates": [ 112.739034403, -7.290631631999929, 0.0 ] } },
{ "type": "Feature", "properties": { "OID_": 0, "Name": "AMBENGAN JAKGUNG BARAT", "FolderPath": "Data CCTV Usulan + 50 Jalur + Rencana 2026.kmz/CCTV DISHUB 2025/PUSAT", "Jenis": "CCTV Dishub 2025", "SubJenis": "CCTV Dishub 2025 Pusat", "POINT_X": 112.746785953, "POINT_Y": -7.255882539, "POINT_Z": 0.0 }, "geometry": { "type": "Point", "coordinates": [ 112.746785953000085, -7.25588253899997, 0.0 ] } },
{ "type": "Feature", "properties": { "OID_": 0, "Name": "AMBENGAN JAKGUNG TIMUR", "FolderPath": "Data CCTV Usulan + 50 Jalur + Rencana 2026.kmz/CCTV DISHUB 2025/PUSAT", "Jenis": "CCTV Dishub 2025", "SubJenis": "CCTV Dishub 2025 Pusat", "POINT_X": 112.74706279599999, "POINT_Y": -7.255953379, "POINT_Z": 0.0 }, "geometry": { "type": "Point", "coordinates": [ 112.747062796000023, -7.255953378999948, 0.0 ] } },
{ "type": "Feature", "properties": { "OID_": 0, "Name": "AMBENGAN JAKGUNG UTARA", "FolderPath": "Data CCTV Usulan + 50 Jalur + Rencana 2026.kmz/CCTV DISHUB 2025/PUSAT", "Jenis": "CCTV Dishub 2025", "SubJenis": "CCTV Dishub 2025 Pusat", "POINT_X": 112.747012781, "POINT_Y": -7.255849928, "POINT_Z": 0.0 }, "geometry": { "type": "Point", "coordinates": [ 112.74701278100008, -7.255849927999975, 0.0 ] } },
{ "type": "Feature", "properties": { "OID_": 0, "Name": "AMBENGAN JAKGUNG SELATAN", "FolderPath": "Data CCTV Usulan + 50 Jalur + Rencana 2026.kmz/CCTV DISHUB 2025/PUSAT", "Jenis": "CCTV Dishub 2025", "SubJenis": "CCTV Dishub 2025 Pusat", "POINT_X": 112.746857789, "POINT_Y": -7.256073535, "POINT_Z": 0.0 }, "geometry": { "type": "Point", "coordinates": [ 112.746857789000046, -7.256073534999928, 0.0 ] } },
{ "type": "Feature", "properties": { "OID_": 0, "Name": "DINOYO POLIWA", "FolderPath": "Data CCTV Usulan + 50 Jalur + Rencana 2026.kmz/CCTV DISHUB 2025/PUSAT", "Jenis": "CCTV Dishub 2025", "SubJenis": "CCTV Dishub 2025 Pusat", "POINT_X": 112.744003807, "POINT_Y": -7.279852081, "POINT_Z": 0.0 }, "geometry": { "type": "Point", "coordinates": [ 112.744003807000013, -7.279852080999945, 0.0 ] } },
{ "type": "Feature", "properties": { "OID_": 0, "Name": "DARMO POLISI ISTIMEWA TIMUR", "FolderPath": "Data CCTV Usulan + 50 Jalur + Rencana 2026.kmz/CCTV DISHUB 2025/PUSAT", "Jenis": "CCTV Dishub 2025", "SubJenis": "CCTV Dishub 2025 Pusat", "POINT_X": 112.740784042, "POINT_Y": -7.281312997, "POINT_Z": 0.0 }, "geometry": { "type": "Point", "coordinates": [ 112.740784042000087, -7.28131299699993, 0.0 ] } },
{ "type": "Feature", "properties": { "OID_": 0, "Name": "DARMO POLISI ISTIMEWA BARAT", "FolderPath": "Data CCTV Usulan + 50 Jalur + Rencana 2026.kmz/CCTV DISHUB 2025/PUSAT", "Jenis": "CCTV Dishub 2025", "SubJenis": "CCTV Dishub 2025 Pusat", "POINT_X": 112.740317698, "POINT_Y": -7.281389764, "POINT_Z": 0.0 }, "geometry": { "type": "Point", "coordinates": [ 112.740317698000013, -7.281389763999925, 0.0 ] } },
{ "type": "Feature", "properties": { "OID_": 0, "Name": "DARMO POLISI ISTIMEWA UTARA", "FolderPath": "Data CCTV Usulan + 50 Jalur + Rencana 2026.kmz/CCTV DISHUB 2025/PUSAT", "Jenis": "CCTV Dishub 2025", "SubJenis": "CCTV Dishub 2025 Pusat", "POINT_X": 112.740651153, "POINT_Y": -7.281225431, "POINT_Z": 0.0 }, "geometry": { "type": "Point", "coordinates": [ 112.740651153000044, -7.281225430999939, 0.0 ] } },
{ "type": "Feature", "properties": { "OID_": 0, "Name": "DARMO POLISI ISTIMEWA SELATAN", "FolderPath": "Data CCTV Usulan + 50 Jalur + Rencana 2026.kmz/CCTV DISHUB 2025/PUSAT", "Jenis": "CCTV Dishub 2025", "SubJenis": "CCTV Dishub 2025 Pusat", "POINT_X": 112.74043364400001, "POINT_Y": -7.281581219, "POINT_Z": 0.0 }, "geometry": { "type": "Point", "coordinates": [ 112.740433644000063, -7.281581218999975, 0.0 ] } },
{ "type": "Feature", "properties": { "OID_": 0, "Name": "DARMO KARTINI", "FolderPath": "Data CCTV Usulan + 50 Jalur + Rencana 2026.kmz/CCTV DISHUB 2025/PUSAT", "Jenis": "CCTV Dishub 2025", "SubJenis": "CCTV Dishub 2025 Pusat", "POINT_X": 112.74060018, "POINT_Y": -7.280884261, "POINT_Z": 0.0 }, "geometry": { "type": "Point", "coordinates": [ 112.740600180000115, -7.280884260999926, 0.0 ] } },
{ "type": "Feature", "properties": { "OID_": 0, "Name": "URIP SUMOHARJO PANDEGILING PTZ", "FolderPath": "Data CCTV Usulan + 50 Jalur + Rencana 2026.kmz/CCTV DISHUB 2025/PUSAT", "Jenis": "CCTV Dishub 2025", "SubJenis": "CCTV Dishub 2025 Pusat", "POINT_X": 112.74128637, "POINT_Y": -7.277481633, "POINT_Z": 0.0 }, "geometry": { "type": "Point", "coordinates": [ 112.741286370000012, -7.277481632999979, 0.0 ] } },
{ "type": "Feature", "properties": { "OID_": 0, "Name": "DARMO PANDEGILING BARAT", "FolderPath": "Data CCTV Usulan + 50 Jalur + Rencana 2026.kmz/CCTV DISHUB 2025/PUSAT", "Jenis": "CCTV Dishub 2025", "SubJenis": "CCTV Dishub 2025 Pusat", "POINT_X": 112.741185237, "POINT_Y": -7.27731538, "POINT_Z": 0.0 }, "geometry": { "type": "Point", "coordinates": [ 112.741185237000082, -7.277315379999948, 0.0 ] } },
{ "type": "Feature", "properties": { "OID_": 0, "Name": "URIP SUMOHARJO PANDEGILING TIMUR", "FolderPath": "Data CCTV Usulan + 50 Jalur + Rencana 2026.kmz/CCTV DISHUB 2025/PUSAT", "Jenis": "CCTV Dishub 2025", "SubJenis": "CCTV Dishub 2025 Pusat", "POINT_X": 112.741428071, "POINT_Y": -7.277464977, "POINT_Z": 0.0 }, "geometry": { "type": "Point", "coordinates": [ 112.741428071000087, -7.277464976999966, 0.0 ] } },
{ "type": "Feature", "properties": { "OID_": 0, "Name": "URIP SUMOHARJO PANDEGILING PTZ", "FolderPath": "Data CCTV Usulan + 50 Jalur + Rencana 2026.kmz/CCTV DISHUB 2025/PUSAT", "Jenis": "CCTV Dishub 2025", "SubJenis": "CCTV Dishub 2025 Pusat", "POINT_X": 112.741384463, "POINT_Y": -7.277306233, "POINT_Z": 0.0 }, "geometry": { "type": "Point", "coordinates": [ 112.741384463000031, -7.277306232999933, 0.0 ] } },
{ "type": "Feature", "properties": { "OID_": 0, "Name": "PANGSUD KARAPAN SAPI", "FolderPath": "Data CCTV Usulan + 50 Jalur + Rencana 2026.kmz/CCTV DISHUB 2025/PUSAT", "Jenis": "CCTV Dishub 2025", "SubJenis": "CCTV Dishub 2025 Pusat", "POINT_X": 112.742244723, "POINT_Y": -7.273311906, "POINT_Z": 0.0 }, "geometry": { "type": "Point", "coordinates": [ 112.742244723000113, -7.273311905999947, 0.0 ] } },
{ "type": "Feature", "properties": { "OID_": 0, "Name": "BASRAH TEGALSARI DOME", "FolderPath": "Data CCTV Usulan + 50 Jalur + Rencana 2026.kmz/CCTV DISHUB 2025/PUSAT", "Jenis": "CCTV Dishub 2025", "SubJenis": "CCTV Dishub 2025 Pusat", "POINT_X": 112.740970588, "POINT_Y": -7.265923609, "POINT_Z": 0.0 }, "geometry": { "type": "Point", "coordinates": [ 112.740970588000096, -7.265923608999969, 0.0 ] } },
{ "type": "Feature", "properties": { "OID_": 0, "Name": "BASRAH TEGALSARI PTZ", "FolderPath": "Data CCTV Usulan + 50 Jalur + Rencana 2026.kmz/CCTV DISHUB 2025/PUSAT", "Jenis": "CCTV Dishub 2025", "SubJenis": "CCTV Dishub 2025 Pusat", "POINT_X": 112.74090589799999, "POINT_Y": -7.265933012, "POINT_Z": 0.0 }, "geometry": { "type": "Point", "coordinates": [ 112.740905898000051, -7.265933011999948, 0.0 ] } },
{ "type": "Feature", "properties": { "OID_": 0, "Name": "BASUKI RAHMAT TP 1", "FolderPath": "Data CCTV Usulan + 50 Jalur + Rencana 2026.kmz/CCTV DISHUB 2025/PUSAT", "Jenis": "CCTV Dishub 2025", "SubJenis": "CCTV Dishub 2025 Pusat", "POINT_X": 112.740964894, "POINT_Y": -7.263265752, "POINT_Z": 0.0 }, "geometry": { "type": "Point", "coordinates": [ 112.740964894000058, -7.263265751999938, 0.0 ] } },
{ "type": "Feature", "properties": { "OID_": 0, "Name": "EMBONG MALANG BLAURAN PTZ", "FolderPath": "Data CCTV Usulan + 50 Jalur + Rencana 2026.kmz/CCTV DISHUB 2025/PUSAT", "Jenis": "CCTV Dishub 2025", "SubJenis": "CCTV Dishub 2025 Pusat", "POINT_X": 112.73320058, "POINT_Y": -7.258361389, "POINT_Z": 0.0 }, "geometry": { "type": "Point", "coordinates": [ 112.733200580000016, -7.258361388999958, 0.0 ] } },
{ "type": "Feature", "properties": { "OID_": 0, "Name": "EMBONG MALANG TIDAR", "FolderPath": "Data CCTV Usulan + 50 Jalur + Rencana 2026.kmz/CCTV DISHUB 2025/PUSAT", "Jenis": "CCTV Dishub 2025", "SubJenis": "CCTV Dishub 2025 Pusat", "POINT_X": 112.733269057, "POINT_Y": -7.258487794, "POINT_Z": 0.0 }, "geometry": { "type": "Point", "coordinates": [ 112.73326905700003, -7.258487793999961, 0.0 ] } },
{ "type": "Feature", "properties": { "OID_": 0, "Name": "BLAURAN PRABAN", "FolderPath": "Data CCTV Usulan + 50 Jalur + Rencana 2026.kmz/CCTV DISHUB 2025/PUSAT", "Jenis": "CCTV Dishub 2025", "SubJenis": "CCTV Dishub 2025 Pusat", "POINT_X": 112.73435141, "POINT_Y": -7.255925683, "POINT_Z": 0.0 }, "geometry": { "type": "Point", "coordinates": [ 112.734351410000045, -7.25592568299993, 0.0 ] } },
{ "type": "Feature", "properties": { "OID_": 0, "Name": "PCTL EMBONG MALANG BARAT", "FolderPath": "Data CCTV Usulan + 50 Jalur + Rencana 2026.kmz/CCTV DISHUB 2025/PUSAT", "Jenis": "CCTV Dishub 2025", "SubJenis": "CCTV Dishub 2025 Pusat", "POINT_X": 112.73571975500001, "POINT_Y": -7.259632664, "POINT_Z": 0.0 }, "geometry": { "type": "Point", "coordinates": [ 112.735719755000105, -7.25963266399998, 0.0 ] } },
{ "type": "Feature", "properties": { "OID_": 0, "Name": "PCTL EMBONG MALANG TIMUR", "FolderPath": "Data CCTV Usulan + 50 Jalur + Rencana 2026.kmz/CCTV DISHUB 2025/PUSAT", "Jenis": "CCTV Dishub 2025", "SubJenis": "CCTV Dishub 2025 Pusat", "POINT_X": 112.735745256, "POINT_Y": -7.259607546, "POINT_Z": 0.0 }, "geometry": { "type": "Point", "coordinates": [ 112.735745256000087, -7.259607545999927, 0.0 ] } },
{ "type": "Feature", "properties": { "OID_": 0, "Name": "SOGO EMBONG MALANG TP6", "FolderPath": "Data CCTV Usulan + 50 Jalur + Rencana 2026.kmz/CCTV DISHUB 2025/PUSAT", "Jenis": "CCTV Dishub 2025", "SubJenis": "CCTV Dishub 2025 Pusat", "POINT_X": 112.738710169, "POINT_Y": -7.260870229, "POINT_Z": 0.0 }, "geometry": { "type": "Point", "coordinates": [ 112.738710169000115, -7.260870228999977, 0.0 ] } },
{ "type": "Feature", "properties": { "OID_": 0, "Name": "PCTL TUNJUNGAN UTARA", "FolderPath": "Data CCTV Usulan + 50 Jalur + Rencana 2026.kmz/CCTV DISHUB 2025/PUSAT", "Jenis": "CCTV Dishub 2025", "SubJenis": "CCTV Dishub 2025 Pusat", "POINT_X": 112.73890451299999, "POINT_Y": -7.259389274, "POINT_Z": 0.0 }, "geometry": { "type": "Point", "coordinates": [ 112.73890451300008, -7.259389273999943, 0.0 ] } },
{ "type": "Feature", "properties": { "OID_": 0, "Name": "PCTL TUNJUNGAN SELATAN", "FolderPath": "Data CCTV Usulan + 50 Jalur + Rencana 2026.kmz/CCTV DISHUB 2025/PUSAT", "Jenis": "CCTV Dishub 2025", "SubJenis": "CCTV Dishub 2025 Pusat", "POINT_X": 112.73890194400001, "POINT_Y": -7.25947824, "POINT_Z": 0.0 }, "geometry": { "type": "Point", "coordinates": [ 112.738901944000077, -7.259478239999964, 0.0 ] } },
{ "type": "Feature", "properties": { "OID_": 0, "Name": "GEMBLONGAN SIOLA TIMUR", "FolderPath": "Data CCTV Usulan + 50 Jalur + Rencana 2026.kmz/CCTV DISHUB 2025/PUSAT", "Jenis": "CCTV Dishub 2025", "SubJenis": "CCTV Dishub 2025 Pusat", "POINT_X": 112.737228977, "POINT_Y": -7.255809248, "POINT_Z": 0.0 }, "geometry": { "type": "Point", "coordinates": [ 112.737228977000086, -7.255809247999935, 0.0 ] } },
{ "type": "Feature", "properties": { "OID_": 0, "Name": "MONUMEN BAMBU RUNCING", "FolderPath": "Data CCTV Usulan + 50 Jalur + Rencana 2026.kmz/CCTV DISHUB 2025/PUSAT", "Jenis": "CCTV Dishub 2025", "SubJenis": "CCTV Dishub 2025 Pusat", "POINT_X": 112.744188365, "POINT_Y": -7.268446692, "POINT_Z": 0.0 }, "geometry": { "type": "Point", "coordinates": [ 112.744188365000014, -7.268446691999941, 0.0 ] } },
{ "type": "Feature", "properties": { "OID_": 0, "Name": "MONUMEN BAMBU RUNCING PANO", "FolderPath": "Data CCTV Usulan + 50 Jalur + Rencana 2026.kmz/CCTV DISHUB 2025/PUSAT", "Jenis": "CCTV Dishub 2025", "SubJenis": "CCTV Dishub 2025 Pusat", "POINT_X": 112.74439295000001, "POINT_Y": -7.268133914, "POINT_Z": 0.0 }, "geometry": { "type": "Point", "coordinates": [ 112.744392950000019, -7.268133913999975, 0.0 ] } },
{ "type": "Feature", "properties": { "OID_": 0, "Name": "KAYOON UTARA", "FolderPath": "Data CCTV Usulan + 50 Jalur + Rencana 2026.kmz/CCTV DISHUB 2025/PUSAT", "Jenis": "CCTV Dishub 2025", "SubJenis": "CCTV Dishub 2025 Pusat", "POINT_X": 112.744412803, "POINT_Y": -7.272446969, "POINT_Z": 0.0 }, "geometry": { "type": "Point", "coordinates": [ 112.744412803000046, -7.27244696899993, 0.0 ] } },
{ "type": "Feature", "properties": { "OID_": 0, "Name": "KAYOON SELATAN", "FolderPath": "Data CCTV Usulan + 50 Jalur + Rencana 2026.kmz/CCTV DISHUB 2025/PUSAT", "Jenis": "CCTV Dishub 2025", "SubJenis": "CCTV Dishub 2025 Pusat", "POINT_X": 112.74428333900001, "POINT_Y": -7.27257728, "POINT_Z": 0.0 }, "geometry": { "type": "Point", "coordinates": [ 112.744283339000049, -7.27257727999995, 0.0 ] } },
{ "type": "Feature", "properties": { "OID_": 0, "Name": "GENTENGKALI UNDAAN", "FolderPath": "Data CCTV Usulan + 50 Jalur + Rencana 2026.kmz/CCTV DISHUB 2025/PUSAT", "Jenis": "CCTV Dishub 2025", "SubJenis": "CCTV Dishub 2025 Pusat", "POINT_X": 112.742690354, "POINT_Y": -7.256131601, "POINT_Z": 0.0 }, "geometry": { "type": "Point", "coordinates": [ 112.742690354000047, -7.256131600999936, 0.0 ] } },
{ "type": "Feature", "properties": { "OID_": 0, "Name": "IMAM BONJOL SELATAN", "FolderPath": "Data CCTV Usulan + 50 Jalur + Rencana 2026.kmz/CCTV DISHUB 2025/PUSAT", "Jenis": "CCTV Dishub 2025", "SubJenis": "CCTV Dishub 2025 Pusat", "POINT_X": 112.735249651, "POINT_Y": -7.278989519, "POINT_Z": 0.0 }, "geometry": { "type": "Point", "coordinates": [ 112.735249651000117, -7.278989518999936, 0.0 ] } },
{ "type": "Feature", "properties": { "OID_": 0, "Name": "IMAM BONJOL UTARA", "FolderPath": "Data CCTV Usulan + 50 Jalur + Rencana 2026.kmz/CCTV DISHUB 2025/PUSAT", "Jenis": "CCTV Dishub 2025", "SubJenis": "CCTV Dishub 2025 Pusat", "POINT_X": 112.735292259, "POINT_Y": -7.278810935, "POINT_Z": 0.0 }, "geometry": { "type": "Point", "coordinates": [ 112.735292259000062, -7.278810934999967, 0.0 ] } },
{ "type": "Feature", "properties": { "OID_": 0, "Name": "DARMO BENGAWAN SELATAN", "FolderPath": "Data CCTV Usulan + 50 Jalur + Rencana 2026.kmz/CCTV DISHUB 2025/PUSAT", "Jenis": "CCTV Dishub 2025", "SubJenis": "CCTV Dishub 2025 Pusat", "POINT_X": 112.73889786700001, "POINT_Y": -7.289909427, "POINT_Z": 0.0 }, "geometry": { "type": "Point", "coordinates": [ 112.738897867000105, -7.289909426999941, 0.0 ] } },
{ "type": "Feature", "properties": { "OID_": 0, "Name": "DARMO BENGAWAN BARAT", "FolderPath": "Data CCTV Usulan + 50 Jalur + Rencana 2026.kmz/CCTV DISHUB 2025/PUSAT", "Jenis": "CCTV Dishub 2025", "SubJenis": "CCTV Dishub 2025 Pusat", "POINT_X": 112.738904069, "POINT_Y": -7.289815509, "POINT_Z": 0.0 }, "geometry": { "type": "Point", "coordinates": [ 112.738904069000114, -7.289815508999936, 0.0 ] } },
{ "type": "Feature", "properties": { "OID_": 0, "Name": "DARMO KAPUAS", "FolderPath": "Data CCTV Usulan + 50 Jalur + Rencana 2026.kmz/CCTV DISHUB 2025/PUSAT", "Jenis": "CCTV Dishub 2025", "SubJenis": "CCTV Dishub 2025 Pusat", "POINT_X": 112.739213605, "POINT_Y": -7.288807455, "POINT_Z": 0.0 }, "geometry": { "type": "Point", "coordinates": [ 112.739213605000032, -7.288807454999926, 0.0 ] } },
{ "type": "Feature", "properties": { "OID_": 0, "Name": "WALIKOTA MUSTAJAB JAKGUNG SUPRAPTO", "FolderPath": "Data CCTV Usulan + 50 Jalur + Rencana 2026.kmz/CCTV DISHUB 2025/PUSAT", "Jenis": "CCTV Dishub 2025", "SubJenis": "CCTV Dishub 2025 Pusat", "POINT_X": 112.74599433, "POINT_Y": -7.260512885, "POINT_Z": 0.0 }, "geometry": { "type": "Point", "coordinates": [ 112.74599433000003, -7.260512884999969, 0.0 ] } },
{ "type": "Feature", "properties": { "OID_": 0, "Name": "WALIKOTA MUSTAJAB DEPAN BALAI KOTA", "FolderPath": "Data CCTV Usulan + 50 Jalur + Rencana 2026.kmz/CCTV DISHUB 2025/PUSAT", "Jenis": "CCTV Dishub 2025", "SubJenis": "CCTV Dishub 2025 Pusat", "POINT_X": 112.746634188, "POINT_Y": -7.26070321, "POINT_Z": 0.0 }, "geometry": { "type": "Point", "coordinates": [ 112.74663418800003, -7.260703209999974, 0.0 ] } },
{ "type": "Feature", "properties": { "OID_": 0, "Name": "WALIKOTA MUSTAJAB SEDAP MALAM", "FolderPath": "Data CCTV Usulan + 50 Jalur + Rencana 2026.kmz/CCTV DISHUB 2025/PUSAT", "Jenis": "CCTV Dishub 2025", "SubJenis": "CCTV Dishub 2025 Pusat", "POINT_X": 112.747355502, "POINT_Y": -7.26087368, "POINT_Z": 0.0 }, "geometry": { "type": "Point", "coordinates": [ 112.747355502, -7.260873679999975, 0.0 ] } },
{ "type": "Feature", "properties": { "OID_": 0, "Name": "JAKGUNG SUPRAPTO POL PP UTARA", "FolderPath": "Data CCTV Usulan + 50 Jalur + Rencana 2026.kmz/CCTV DISHUB 2025/PUSAT", "Jenis": "CCTV Dishub 2025", "SubJenis": "CCTV Dishub 2025 Pusat", "POINT_X": 112.746538868, "POINT_Y": -7.258464749, "POINT_Z": 0.0 }, "geometry": { "type": "Point", "coordinates": [ 112.746538868000016, -7.258464748999927, 0.0 ] } },
{ "type": "Feature", "properties": { "OID_": 0, "Name": "JAKGUNG SUPRAPTO POL PP SELATAN", "FolderPath": "Data CCTV Usulan + 50 Jalur + Rencana 2026.kmz/CCTV DISHUB 2025/PUSAT", "Jenis": "CCTV Dishub 2025", "SubJenis": "CCTV Dishub 2025 Pusat", "POINT_X": 112.746383364, "POINT_Y": -7.258475771, "POINT_Z": 0.0 }, "geometry": { "type": "Point", "coordinates": [ 112.746383364000053, -7.258475770999951, 0.0 ] } },
{ "type": "Feature", "properties": { "OID_": 0, "Name": "SULAWESI BILITON", "FolderPath": "Data CCTV Usulan + 50 Jalur + Rencana 2026.kmz/CCTV DISHUB 2025/PUSAT", "Jenis": "CCTV Dishub 2025", "SubJenis": "CCTV Dishub 2025 Pusat", "POINT_X": 112.74931831000001, "POINT_Y": -7.277101947, "POINT_Z": 0.0 }, "geometry": { "type": "Point", "coordinates": [ 112.749318310000035, -7.277101946999949, 0.0 ] } },
{ "type": "Feature", "properties": { "OID_": 0, "Name": "YOS SUDARSO PTZ", "FolderPath": "Data CCTV Usulan + 50 Jalur + Rencana 2026.kmz/CCTV DISHUB 2025/PUSAT", "Jenis": "CCTV Dishub 2025", "SubJenis": "CCTV Dishub 2025 Pusat", "POINT_X": 112.74654449099999, "POINT_Y": -7.261150466, "POINT_Z": 0.0 }, "geometry": { "type": "Point", "coordinates": [ 112.746544491, -7.261150465999947, 0.0 ] } },
{ "type": "Feature", "properties": { "OID_": 0, "Name": "GUBERNUR SURYO GRAHADI", "FolderPath": "Data CCTV Usulan + 50 Jalur + Rencana 2026.kmz/CCTV DISHUB 2025/PUSAT", "Jenis": "CCTV Dishub 2025", "SubJenis": "CCTV Dishub 2025 Pusat", "POINT_X": 112.74329046299999, "POINT_Y": -7.263581594, "POINT_Z": 0.0 }, "geometry": { "type": "Point", "coordinates": [ 112.743290463000108, -7.263581593999959, 0.0 ] } },
{ "type": "Feature", "properties": { "OID_": 0, "Name": "PCTL RS DARMO UTARA", "FolderPath": "Data CCTV Usulan + 50 Jalur + Rencana 2026.kmz/CCTV DISHUB 2025/PUSAT", "Jenis": "CCTV Dishub 2025", "SubJenis": "CCTV Dishub 2025 Pusat", "POINT_X": 112.739469294, "POINT_Y": -7.287347568, "POINT_Z": 0.0 }, "geometry": { "type": "Point", "coordinates": [ 112.73946929400006, -7.287347567999973, 0.0 ] } },
{ "type": "Feature", "properties": { "OID_": 0, "Name": "PCTL RS DARMO SELATAN", "FolderPath": "Data CCTV Usulan + 50 Jalur + Rencana 2026.kmz/CCTV DISHUB 2025/PUSAT", "Jenis": "CCTV Dishub 2025", "SubJenis": "CCTV Dishub 2025 Pusat", "POINT_X": 112.73934432199999, "POINT_Y": -7.287354081, "POINT_Z": 0.0 }, "geometry": { "type": "Point", "coordinates": [ 112.739344322000079, -7.287354080999933, 0.0 ] } },
{ "type": "Feature", "properties": { "OID_": 0, "Name": "RAYA DARMO MERCURE", "FolderPath": "Data CCTV Usulan + 50 Jalur + Rencana 2026.kmz/CCTV DISHUB 2025/PUSAT", "Jenis": "CCTV Dishub 2025", "SubJenis": "CCTV Dishub 2025 Pusat", "POINT_X": 112.740043339, "POINT_Y": -7.28455769, "POINT_Z": 0.0 }, "geometry": { "type": "Point", "coordinates": [ 112.740043339000067, -7.284557689999929, 0.0 ] } },
{ "type": "Feature", "properties": { "OID_": 0, "Name": "PCTL SUMATERA GUBENG", "FolderPath": "Data CCTV Usulan + 50 Jalur + Rencana 2026.kmz/CCTV DISHUB 2025/PUSAT", "Jenis": "CCTV Dishub 2025", "SubJenis": "CCTV Dishub 2025 Pusat", "POINT_X": 112.747163645, "POINT_Y": -7.273439978, "POINT_Z": 0.0 }, "geometry": { "type": "Point", "coordinates": [ 112.747163645000114, -7.273439977999942, 0.0 ] } },
{ "type": "Feature", "properties": { "OID_": 0, "Name": "AMBENGAN KUSUMA BANGSA BARAT", "FolderPath": "Data CCTV Usulan + 50 Jalur + Rencana 2026.kmz/CCTV DISHUB 2025/PUSAT", "Jenis": "CCTV Dishub 2025", "SubJenis": "CCTV Dishub 2025 Pusat", "POINT_X": 112.748975645, "POINT_Y": -7.258214031, "POINT_Z": 0.0 }, "geometry": { "type": "Point", "coordinates": [ 112.748975645000087, -7.258214030999966, 0.0 ] } },
{ "type": "Feature", "properties": { "OID_": 0, "Name": "AMBENGAN KUSUMA BANGSA SELATAN", "FolderPath": "Data CCTV Usulan + 50 Jalur + Rencana 2026.kmz/CCTV DISHUB 2025/PUSAT", "Jenis": "CCTV Dishub 2025", "SubJenis": "CCTV Dishub 2025 Pusat", "POINT_X": 112.749147904, "POINT_Y": -7.258309759, "POINT_Z": 0.0 }, "geometry": { "type": "Point", "coordinates": [ 112.749147904000097, -7.258309758999928, 0.0 ] } },
{ "type": "Feature", "properties": { "OID_": 0, "Name": "AMBENGAN KUSUMA BANGSA TIMUR", "FolderPath": "Data CCTV Usulan + 50 Jalur + Rencana 2026.kmz/CCTV DISHUB 2025/PUSAT", "Jenis": "CCTV Dishub 2025", "SubJenis": "CCTV Dishub 2025 Pusat", "POINT_X": 112.74929682, "POINT_Y": -7.258249681, "POINT_Z": 0.0 }, "geometry": { "type": "Point", "coordinates": [ 112.74929682000004, -7.258249680999938, 0.0 ] } },
{ "type": "Feature", "properties": { "OID_": 0, "Name": "AMBENGAN WIJAYA KUSUMA BARAT", "FolderPath": "Data CCTV Usulan + 50 Jalur + Rencana 2026.kmz/CCTV DISHUB 2025/PUSAT", "Jenis": "CCTV Dishub 2025", "SubJenis": "CCTV Dishub 2025 Pusat", "POINT_X": 112.748012018, "POINT_Y": -7.258136305, "POINT_Z": 0.0 }, "geometry": { "type": "Point", "coordinates": [ 112.748012018000054, -7.258136304999937, 0.0 ] } },
{ "type": "Feature", "properties": { "OID_": 0, "Name": "AMBENGAN WIJAYA KUSUMA SELATAN", "FolderPath": "Data CCTV Usulan + 50 Jalur + Rencana 2026.kmz/CCTV DISHUB 2025/PUSAT", "Jenis": "CCTV Dishub 2025", "SubJenis": "CCTV Dishub 2025 Pusat", "POINT_X": 112.748058069, "POINT_Y": -7.258188378, "POINT_Z": 0.0 }, "geometry": { "type": "Point", "coordinates": [ 112.748058069000081, -7.258188377999943, 0.0 ] } },
{ "type": "Feature", "properties": { "OID_": 0, "Name": "AMBENGAN WIJAYA KUSUMA TIMUR", "FolderPath": "Data CCTV Usulan + 50 Jalur + Rencana 2026.kmz/CCTV DISHUB 2025/PUSAT", "Jenis": "CCTV Dishub 2025", "SubJenis": "CCTV Dishub 2025 Pusat", "POINT_X": 112.74815058599999, "POINT_Y": -7.258168695, "POINT_Z": 0.0 }, "geometry": { "type": "Point", "coordinates": [ 112.748150586000065, -7.258168694999938, 0.0 ] } },
{ "type": "Feature", "properties": { "OID_": 0, "Name": "NAGGEL BILKA BARAT", "FolderPath": "Data CCTV Usulan + 50 Jalur + Rencana 2026.kmz/CCTV DISHUB 2025/PUSAT", "Jenis": "CCTV Dishub 2025", "SubJenis": "CCTV Dishub 2025 Pusat", "POINT_X": 112.75500111700001, "POINT_Y": -7.293602913, "POINT_Z": 0.0 }, "geometry": { "type": "Point", "coordinates": [ 112.755001117, -7.293602912999972, 0.0 ] } },
{ "type": "Feature", "properties": { "OID_": 0, "Name": "PANDEGILING IMAM BONJOL BARAT", "FolderPath": "Data CCTV Usulan + 50 Jalur + Rencana 2026.kmz/CCTV DISHUB 2025/PUSAT", "Jenis": "CCTV Dishub 2025", "SubJenis": "CCTV Dishub 2025 Pusat", "POINT_X": 112.735888344, "POINT_Y": -7.276158346, "POINT_Z": 0.0 }, "geometry": { "type": "Point", "coordinates": [ 112.735888344000045, -7.276158345999931, 0.0 ] } },
{ "type": "Feature", "properties": { "OID_": 0, "Name": "PEMUDA KAYOON", "FolderPath": "Data CCTV Usulan + 50 Jalur + Rencana 2026.kmz/CCTV DISHUB 2025/PUSAT", "Jenis": "CCTV Dishub 2025", "SubJenis": "CCTV Dishub 2025 Pusat", "POINT_X": 112.749846835, "POINT_Y": -7.266032819, "POINT_Z": 0.0 }, "geometry": { "type": "Point", "coordinates": [ 112.749846835000085, -7.266032818999975, 0.0 ] } },
{ "type": "Feature", "properties": { "OID_": 0, "Name": "PEMUDA DEPAN RRI", "FolderPath": "Data CCTV Usulan + 50 Jalur + Rencana 2026.kmz/CCTV DISHUB 2025/PUSAT", "Jenis": "CCTV Dishub 2025", "SubJenis": "CCTV Dishub 2025 Pusat", "POINT_X": 112.747798726, "POINT_Y": -7.265346533, "POINT_Z": 0.0 }, "geometry": { "type": "Point", "coordinates": [ 112.747798726000042, -7.265346532999956, 0.0 ] } },
{ "type": "Feature", "properties": { "OID_": 0, "Name": "PEMUDA DEPAN MANDIRI", "FolderPath": "Data CCTV Usulan + 50 Jalur + Rencana 2026.kmz/CCTV DISHUB 2025/PUSAT", "Jenis": "CCTV Dishub 2025", "SubJenis": "CCTV Dishub 2025 Pusat", "POINT_X": 112.747344449, "POINT_Y": -7.265085047, "POINT_Z": 0.0 }, "geometry": { "type": "Point", "coordinates": [ 112.747344449000025, -7.265085046999957, 0.0 ] } },
{ "type": "Feature", "properties": { "OID_": 0, "Name": "EMBONG WUNGU UTARA", "FolderPath": "Data CCTV Usulan + 50 Jalur + Rencana 2026.kmz/CCTV DISHUB 2025/PUSAT", "Jenis": "CCTV Dishub 2025", "SubJenis": "CCTV Dishub 2025 Pusat", "POINT_X": 112.744778134, "POINT_Y": -7.266724985, "POINT_Z": 0.0 }, "geometry": { "type": "Point", "coordinates": [ 112.744778134000057, -7.266724984999939, 0.0 ] } },
{ "type": "Feature", "properties": { "OID_": 0, "Name": "EMBONG WUNGU  BARAT", "FolderPath": "Data CCTV Usulan + 50 Jalur + Rencana 2026.kmz/CCTV DISHUB 2025/PUSAT", "Jenis": "CCTV Dishub 2025", "SubJenis": "CCTV Dishub 2025 Pusat", "POINT_X": 112.744734505, "POINT_Y": -7.266711429, "POINT_Z": 0.0 }, "geometry": { "type": "Point", "coordinates": [ 112.74473450500011, -7.26671142899994, 0.0 ] } },
{ "type": "Feature", "properties": { "OID_": 0, "Name": "PANDEGILING - SAM RATULANGI SELATAN", "FolderPath": "Data CCTV Usulan + 50 Jalur + Rencana 2026.kmz/CCTV DISHUB 2025/PUSAT", "Jenis": "CCTV Dishub 2025", "SubJenis": "CCTV Dishub 2025 Pusat", "POINT_X": 112.738868246, "POINT_Y": -7.276841087, "POINT_Z": 0.0 }, "geometry": { "type": "Point", "coordinates": [ 112.738868246000038, -7.27684108699998, 0.0 ] } },
{ "type": "Feature", "properties": { "OID_": 0, "Name": "PANDEGILING - SAM RATULANGI BARAT", "FolderPath": "Data CCTV Usulan + 50 Jalur + Rencana 2026.kmz/CCTV DISHUB 2025/PUSAT", "Jenis": "CCTV Dishub 2025", "SubJenis": "CCTV Dishub 2025 Pusat", "POINT_X": 112.738829014, "POINT_Y": -7.27677589, "POINT_Z": 0.0 }, "geometry": { "type": "Point", "coordinates": [ 112.738829014000089, -7.276775889999954, 0.0 ] } },
{ "type": "Feature", "properties": { "OID_": 0, "Name": "PANDEGILING - SAM RATULANGI TIMUR", "FolderPath": "Data CCTV Usulan + 50 Jalur + Rencana 2026.kmz/CCTV DISHUB 2025/PUSAT", "Jenis": "CCTV Dishub 2025", "SubJenis": "CCTV Dishub 2025 Pusat", "POINT_X": 112.7389651, "POINT_Y": -7.276866659, "POINT_Z": 0.0 }, "geometry": { "type": "Point", "coordinates": [ 112.738965100000087, -7.27686665899995, 0.0 ] } },
{ "type": "Feature", "properties": { "OID_": 0, "Name": "GKI NGAGEL JAYA", "FolderPath": "Data CCTV Usulan + 50 Jalur + Rencana 2026.kmz/CCTV DISHUB 2025/PUSAT", "Jenis": "CCTV Dishub 2025", "SubJenis": "CCTV Dishub 2025 Pusat", "POINT_X": 112.757685775, "POINT_Y": -7.289236616, "POINT_Z": 0.0 }, "geometry": { "type": "Point", "coordinates": [ 112.757685775000027, -7.289236615999926, 0.0 ] } },
{ "type": "Feature", "properties": { "OID_": 0, "Name": "PEMUDA SUMATERA BARAT", "FolderPath": "Data CCTV Usulan + 50 Jalur + Rencana 2026.kmz/CCTV DISHUB 2025/PUSAT", "Jenis": "CCTV Dishub 2025", "SubJenis": "CCTV Dishub 2025 Pusat", "POINT_X": 112.751179885, "POINT_Y": -7.266333218, "POINT_Z": 0.0 }, "geometry": { "type": "Point", "coordinates": [ 112.751179885000056, -7.266333217999943, 0.0 ] } },
{ "type": "Feature", "properties": { "OID_": 0, "Name": "PEMUDA SUMATERA TIMUR", "FolderPath": "Data CCTV Usulan + 50 Jalur + Rencana 2026.kmz/CCTV DISHUB 2025/PUSAT", "Jenis": "CCTV Dishub 2025", "SubJenis": "CCTV Dishub 2025 Pusat", "POINT_X": 112.75136112200001, "POINT_Y": -7.266502308, "POINT_Z": 0.0 }, "geometry": { "type": "Point", "coordinates": [ 112.751361122000048, -7.266502307999929, 0.0 ] } },
{ "type": "Feature", "properties": { "OID_": 0, "Name": "PCTL INTILAND UTARA", "FolderPath": "Data CCTV Usulan + 50 Jalur + Rencana 2026.kmz/CCTV DISHUB 2025/PUSAT", "Jenis": "CCTV Dishub 2025", "SubJenis": "CCTV Dishub 2025 Pusat", "POINT_X": 112.74249403100001, "POINT_Y": -7.272878464, "POINT_Z": 0.0 }, "geometry": { "type": "Point", "coordinates": [ 112.742494031000092, -7.272878463999973, 0.0 ] } },
{ "type": "Feature", "properties": { "OID_": 0, "Name": "PCTL INTILAND SELATAN", "FolderPath": "Data CCTV Usulan + 50 Jalur + Rencana 2026.kmz/CCTV DISHUB 2025/PUSAT", "Jenis": "CCTV Dishub 2025", "SubJenis": "CCTV Dishub 2025 Pusat", "POINT_X": 112.742470254, "POINT_Y": -7.272868619, "POINT_Z": 0.0 }, "geometry": { "type": "Point", "coordinates": [ 112.742470254000068, -7.272868618999951, 0.0 ] } },
{ "type": "Feature", "properties": { "OID_": 0, "Name": "PCTL TAMAN BUNGKUL SELATAN", "FolderPath": "Data CCTV Usulan + 50 Jalur + Rencana 2026.kmz/CCTV DISHUB 2025/PUSAT", "Jenis": "CCTV Dishub 2025", "SubJenis": "CCTV Dishub 2025 Pusat", "POINT_X": 112.739010411, "POINT_Y": -7.291252858, "POINT_Z": 0.0 }, "geometry": { "type": "Point", "coordinates": [ 112.739010411000095, -7.29125285799995, 0.0 ] } },
{ "type": "Feature", "properties": { "OID_": 0, "Name": "PCTL TAMAN BUNGKUL UTARA", "FolderPath": "Data CCTV Usulan + 50 Jalur + Rencana 2026.kmz/CCTV DISHUB 2025/PUSAT", "Jenis": "CCTV Dishub 2025", "SubJenis": "CCTV Dishub 2025 Pusat", "POINT_X": 112.738904617, "POINT_Y": -7.291271725, "POINT_Z": 0.0 }, "geometry": { "type": "Point", "coordinates": [ 112.738904617000117, -7.291271724999945, 0.0 ] } }
]
}
