{"type":"FeatureCollection", "features": [
{"type":"Feature","geometry":{"type":"MultiPolygon","coordinates":[[[[112.80085414844827,-7.3023941471245095],[112.80071385861295,-7.303048704607781],[112.8010619307019,-7.303214771865665],[112.80102833900602,-7.303801002999891],[112.80083686031656,-7.3038496118898255],[112.79987721665974,-7.30353048916706],[112.79967533755831,-7.303973857763485],[112.80032313469202,-7.304198535773698],[112.80016864703195,-7.304510142572462],[112.79961730682666,-7.304440574973127],[112.79950024035298,-7.305122828795269],[112.80010002576843,-7.30532377590828],[112.79992267990177,-7.305910580873462],[112.80182908907439,-7.306321610671614],[112.80182923285314,-7.30635749357161],[112.80273871190276,-7.3061146366555185],[112.80360151910035,-7.306182954563608],[112.80368441566564,-7.305943400176221],[112.80373238135006,-7.305955169532064],[112.8045349548292,-7.3059399985482205],[112.80478681068762,-7.306010757809913],[112.80533450300636,-7.3051712866827545],[112.80540364273782,-7.304489225252327],[112.80499533590925,-7.304239674980608],[112.80490788094896,-7.30334293935714],[112.80255681171862,-7.302574861859589],[112.80085414844827,-7.3023941471245095]]],[[[112.80085414844827,-7.3023941471245095],[112.80085497784935,-7.302390277342803],[112.80081903979348,-7.302390420743527],[112.80085414844827,-7.3023941471245095]]],[[[112.80034086838275,-7.299788935541558],[112.80013214920176,-7.301376461494487],[112.80231454172025,-7.301906004662183],[112.8024793776153,-7.301187677027823],[112.80424230144791,-7.301671040791421],[112.80464566466271,-7.300688614523016],[112.80369800686645,-7.300369451010115],[112.80034086838275,-7.299788935541558]]],[[[112.80034086838275,-7.299788935541558],[112.80034141325592,-7.299784791214617],[112.80031745468395,-7.299784886754291],[112.80034086838275,-7.299788935541558]]]]},"properties":{"Id":0,"Nama_Lokas":"TPU Keputih","OBJECTID":0,"PL":"Hutan Kota, Jalur Hijau dan Taman Kota","TGL":null,"RTH":"RTH","Tipe_RTH":"Makam","Shape_Leng":273428.705385,"Shape_Area":273428.705385,"Luas":273428.705385,"Luas_UPT":"409.300,00","Luas_fasum":"97.881,47","Luas_efek":"311.419","Kapasitas":"59.318","kematian":"38.057","sisa_petak":"21.261","Ket":"Tersedia"}},
{"type":"Feature","geometry":{"type":"Polygon","coordinates":[[[112.63422174328993,-7.244686537674781],[112.63404175852162,-7.244603448814862],[112.63350628500866,-7.245598235923959],[112.63336301207991,-7.2457303348591475],[112.63325494344454,-7.2456589496767805],[112.6333495684293,-7.2453236678300685],[112.6329175959897,-7.24512186123518],[112.63282206629592,-7.24520593972167],[112.63262971500703,-7.245015234713288],[112.63248639885151,-7.245135371325675],[112.63253478806423,-7.245266782061844],[112.63241568795095,-7.245458605073477],[112.63243977492972,-7.2454944052799695],[112.63228486715883,-7.245722243467445],[112.63214081885407,-7.245639024891383],[112.63191459695597,-7.246022627824921],[112.63230998747989,-7.246045133272092],[112.63235893656795,-7.246332050868087],[112.63131616709278,-7.246168321560547],[112.63125803292448,-7.24618617437801],[112.6313224233712,-7.246769700047095],[112.63140494753874,-7.247066067182754],[112.63137745478808,-7.2474154628090055],[112.63121064445865,-7.247664875587871],[112.63112923910059,-7.247679522307159],[112.63106444633507,-7.248316145226814],[112.63161606523552,-7.248476852119866],[112.63174919658346,-7.248189280948831],[112.63211861426046,-7.248317146909273],[112.63203336466182,-7.248594976477825],[112.63309866729836,-7.249026575505601],[112.63349100930938,-7.248867264653595],[112.6335907879236,-7.248632446755791],[112.63381513054695,-7.248392396338321],[112.63399406206692,-7.247988925847995],[112.63410109665982,-7.2477732213881305],[112.63416021536945,-7.247557689140253],[112.63418369900936,-7.2474260204355145],[112.63405132705495,-7.247259025230686],[112.63396712959816,-7.247163630118958],[112.6339545902792,-7.247008166438507],[112.63373789193565,-7.246709889761792],[112.63340144774803,-7.246424005256745],[112.63340110305074,-7.246328308780246],[112.6334243715038,-7.246136829775212],[112.63353244028764,-7.246208214884486],[112.63422174328993,-7.244686537674781]]]},"properties":{"Id":0,"Nama_Lokas":"TPU Babat Jerawat","OBJECTID":0,"PL":"Hutan Kota, Jalur Hijau dan Taman Kota","TGL":null,"RTH":"RTH","Tipe_RTH":"Makam","Shape_Leng":96390.3534147,"Shape_Area":96390.3534147,"Luas":96390.3534147,"Luas_UPT":"93.260,00","Luas_fasum":"23.617,00","Luas_efek":"69.643","Kapasitas":"16.883","kematian":"17.272","sisa_petak":"-","Ket":"Penuh, tumpang"}},
{"type":"Feature","geometry":{"type":"Polygon","coordinates":[[[112.72157417013997,-7.232616771563559],[112.72149684281057,-7.232582023138368],[112.72070313576789,-7.236103101522528],[112.72203065827802,-7.236406440659134],[112.7228171507362,-7.232836332709927],[112.72157417013997,-7.232616771563559]]]},"properties":{"Id":0,"Nama_Lokas":"MI Kalianak","OBJECTID":0,"PL":"Hutan Kota, Jalur Hijau dan Taman Kota","TGL":null,"RTH":"RTH","Tipe_RTH":"Makam","Shape_Leng":59868.0162902,"Shape_Area":59868.0162902,"Luas":59868.0162902,"Luas_UPT":"56.119,00","Luas_fasum":"3.381,35","Luas_efek":"52.738","Kapasitas":"26.369","kematian":"54.502","sisa_petak":"-","Ket":"Penuh, tumpang"}},
{"type":"Feature","geometry":{"type":"Polygon","coordinates":[[[112.80327164287488,-7.299053587307446],[112.80326446970145,-7.299057204301567],[112.80332578907525,-7.299113176813338],[112.80339975851825,-7.2990375261197284],[112.80334083020752,-7.298980347952589],[112.80327164287488,-7.299053587307446]]]},"properties":{"Id":0,"Nama_Lokas":"Krematorium Keputih","OBJECTID":0,"PL":"Hutan Kota, Jalur Hijau dan Taman Kota","TGL":null,"RTH":"RTH","Tipe_RTH":"Makam","Shape_Leng":106.258263047,"Shape_Area":106.258263047,"Luas":106.258263047,"Luas_UPT":"19.806,01","Luas_fasum":"4.685,69","Luas_efek":"15.120","Kapasitas":"Kremasi","kematian":"2.802","sisa_petak":"-","Ket":"Kremasi"}},
{"type":"Feature","geometry":{"type":"MultiPolygon","coordinates":[[[[112.74859853972923,-7.293115577671874],[112.74860400114333,-7.293098798566993],[112.74874747196645,-7.292594865009696],[112.74877788897489,-7.292449465450234],[112.74880830597793,-7.292304066796693],[112.74886342603581,-7.292040579591297],[112.74882363059169,-7.292023424970093],[112.74874067052374,-7.291987335773264],[112.7487305935784,-7.291983117910227],[112.74871507816292,-7.29197662267807],[112.74869956365671,-7.29197012834596],[112.74868404824532,-7.291963634016696],[112.74867678304717,-7.291960592454258],[112.74860183299299,-7.291932792449202],[112.74856671441454,-7.291919767155007],[112.74852399101114,-7.291903920416523],[112.74835603295614,-7.291841173969012],[112.74829887195489,-7.291821684980807],[112.74827857272889,-7.291814764285984],[112.74822768185031,-7.29179741291498],[112.74819223547583,-7.291780885177159],[112.74819101307635,-7.291780439626323],[112.74817461495228,-7.291774458645181],[112.7481582159266,-7.291768478570967],[112.7481418178031,-7.29176249758842],[112.74812541877795,-7.291756517512825],[112.74810902065525,-7.291750536528906],[112.7480926216307,-7.291744556451875],[112.74807622350855,-7.291738575466527],[112.7480598244847,-7.29173259538813],[112.74804342636321,-7.291726614401396],[112.74802702733992,-7.291720634321543],[112.74801062921897,-7.291714653333447],[112.7479481612825,-7.291680333745083],[112.74794720942727,-7.291681934199206],[112.74793505518018,-7.291702694947831],[112.74787605723617,-7.29179792658275],[112.74787114824733,-7.291805852577239],[112.74783119954346,-7.2918703382141885],[112.74778288887755,-7.29194832025715],[112.74764770731751,-7.292166530384884],[112.74763981420706,-7.292179269087724],[112.74762877055775,-7.292196637595576],[112.74754595126466,-7.292326888712073],[112.74741624901901,-7.292530873944874],[112.74835601077353,-7.29310610904271],[112.7483687086155,-7.293106884521348],[112.74837404134627,-7.293108978753137],[112.74842175295318,-7.293127713100761],[112.74842203845927,-7.293127079978011],[112.74842483244633,-7.2931208782836885],[112.74844438600358,-7.293127911247594],[112.74853419619336,-7.293170859236972],[112.74857451323486,-7.293189387092963],[112.74857669225898,-7.293182694098436],[112.74858215367429,-7.293165914993513],[112.74858761599468,-7.293149135885107],[112.74859307740931,-7.293132356780223],[112.74859853972923,-7.293115577671874]]],[[[112.7498467934394,-7.289456220171894],[112.74985030964335,-7.2894384937916925],[112.74980997418265,-7.28942119663292],[112.74980948346976,-7.289420986051236],[112.74980923814556,-7.289431969099718],[112.74980884254121,-7.289449726802473],[112.749808446937,-7.289467484505238],[112.749807742758,-7.289476899683363],[112.74980545621642,-7.289489013616438],[112.74979420720256,-7.289502664070793],[112.74978295728604,-7.28951631543268],[112.7497607725458,-7.2895041877101585],[112.74975158123489,-7.289501359763502],[112.7497464243849,-7.289499773908522],[112.74973731687379,-7.289499171713991],[112.74973747151802,-7.289497020085111],[112.74970725388613,-7.289487723675868],[112.74965119136094,-7.289475869917513],[112.74964792043538,-7.289475604090416],[112.7495875663471,-7.289470691098123],[112.74957501082126,-7.289468758640581],[112.74954822171924,-7.289464637103436],[112.7495173278017,-7.289463544157744],[112.74951748120871,-7.289459906975174],[112.7495157424461,-7.289459639738883],[112.74946636853653,-7.289448334223175],[112.74945745466086,-7.2894462936362245],[112.74942426498507,-7.289445843393629],[112.7493727025845,-7.289444619741427],[112.74934981574883,-7.289444077185342],[112.74934841344562,-7.289455373036447],[112.7492911551743,-7.289445739084138],[112.74929169031682,-7.289442698083487],[112.74926924089381,-7.289442165585095],[112.74925533898669,-7.28946267270258],[112.74923520057091,-7.289458193581544],[112.74923021857545,-7.289460129707087],[112.74922206092448,-7.289467448915395],[112.74921315270616,-7.289507701059663],[112.74920987505926,-7.2895101369285396],[112.74918986840214,-7.289511842753313],[112.74916606517863,-7.289513872493749],[112.74916489399565,-7.289523356389755],[112.74916100033721,-7.2895548973041855],[112.749156086138,-7.289554469654926],[112.74915062039489,-7.289607460052761],[112.74914944485042,-7.289618853582148],[112.7491344226462,-7.2896603265087885],[112.74912475278482,-7.289687024408878],[112.74910802200775,-7.289713842757368],[112.74910461213815,-7.289719309026072],[112.74909417020663,-7.289713896349051],[112.74907876137404,-7.289705909715702],[112.74898795603085,-7.28970081698674],[112.74898050274025,-7.289700399158847],[112.74890742443779,-7.289696301142224],[112.74889018120794,-7.289695139074018],[112.74880052311178,-7.2896890961016485],[112.74872308934586,-7.289683876546527],[112.74867976463406,-7.289680566672203],[112.74862063360708,-7.289676050277415],[112.74850870312962,-7.289667499313592],[112.74850097756992,-7.289667158481241],[112.74844891473425,-7.289664864313086],[112.74838229650601,-7.2896619275021814],[112.74838211357978,-7.289663092786794],[112.74836750654495,-7.289661275826336],[112.7483333247944,-7.289659768746522],[112.74830838534984,-7.28965859482618],[112.7482956747107,-7.289657996590759],[112.74828005745978,-7.28965790779542],[112.7482121731948,-7.289657515682034],[112.74818803518383,-7.289825383191954],[112.7481784734477,-7.289855927027357],[112.74807176773508,-7.290180515287117],[112.74868040979366,-7.290488917100581],[112.74867957664047,-7.29049053608361],[112.74877871335214,-7.290539562096038],[112.74862377129018,-7.290853530333823],[112.74844447058081,-7.2911261038297495],[112.74844092281614,-7.291135476665708],[112.74847390755417,-7.291157755425857],[112.74847070467818,-7.291162428836048],[112.74848378161788,-7.2911703702506205],[112.74844914275613,-7.291229388621399],[112.7484773653431,-7.291248420826007],[112.7484701782673,-7.291259909042335],[112.74848671005098,-7.291269302758737],[112.7483836108586,-7.291438818415853],[112.74838233117316,-7.291453248569659],[112.74844220688321,-7.291476924235107],[112.7484403505781,-7.291481605999198],[112.74847708136235,-7.291496129622212],[112.74847662490416,-7.291497279689864],[112.74851839055846,-7.291514385142032],[112.74853417853988,-7.291521118033117],[112.74856369280042,-7.291533705698213],[112.74858775029085,-7.291543965426178],[112.74859272904912,-7.291546089058467],[112.74863651744359,-7.291564764456821],[112.74866151372646,-7.291575424714028],[112.74876523497933,-7.2916196597971],[112.7487824183116,-7.2916301016278595],[112.7487770928835,-7.291638050939619],[112.74876740897768,-7.291652506375847],[112.74875791863353,-7.291666670823089],[112.74875502960886,-7.291670781528643],[112.74874524671894,-7.291684698459687],[112.748735463832,-7.2916986162948],[112.7487296353425,-7.291706907522464],[112.74872380685296,-7.29171519875002],[112.7487180192195,-7.291728184293835],[112.74871223249494,-7.291741170738324],[112.74870781639508,-7.2917549963787245],[112.74870920101364,-7.291759441368662],[112.74871060459265,-7.291759905204595],[112.748726488655,-7.291766659414668],[112.74874292642744,-7.291773289418007],[112.74875936510568,-7.29177991941716],[112.74877580287881,-7.291786549419139],[112.74879224065577,-7.291793180324507],[112.74880867933524,-7.291799810321514],[112.74882511710939,-7.291806440321327],[112.74884155488398,-7.291813070320392],[112.74885799356439,-7.291819700315293],[112.74887443133977,-7.2918263303129285],[112.74889086911544,-7.291832960309879],[112.74890730779696,-7.291839590302597],[112.74892374557693,-7.291846221202264],[112.74894018425925,-7.291852851193534],[112.74895662203632,-7.291859481187627],[112.7489730598138,-7.291866111181006],[112.74898949849728,-7.291872741170146],[112.74900593627545,-7.2918793711620795],[112.74902237405402,-7.291886001153276],[112.74903881273848,-7.291892631140307],[112.74905525052132,-7.29189926203425],[112.74907168830102,-7.291905892023322],[112.74908812698662,-7.291912522008153],[112.74910456476701,-7.291919151995828],[112.74912100254784,-7.2919257819827195],[112.7491374412345,-7.291932411965444],[112.74915387901598,-7.291939041950955],[112.74917031680135,-7.291945672839894],[112.74918675548916,-7.291952302820434],[112.74920319327173,-7.291958932803785],[112.74921963105464,-7.291965562786437],[112.74923606974353,-7.291972192764836],[112.74925250752725,-7.2919788227460565],[112.74926894531131,-7.291985452726544],[112.74928538400125,-7.291992082702845],[112.74930182178959,-7.291998713586047],[112.74930676564279,-7.292000708046619],[112.74932942785733,-7.291947557959264],[112.74933323567228,-7.291935898360335],[112.74933704258159,-7.291924238764952],[112.74934085039624,-7.2919125791660715],[112.74934111349751,-7.291911773432607],[112.74934465730875,-7.29190092047483],[112.74934085465752,-7.291898982177009],[112.74934454715628,-7.291891907188008],[112.74935595138787,-7.291859910432526],[112.74936448105844,-7.291835981900179],[112.74939521183245,-7.29174976115152],[112.74940511025258,-7.2917219909101005],[112.74940600460044,-7.291719574207339],[112.74941843233479,-7.291686008364895],[112.74944725055438,-7.2916081749064325],[112.74947420477646,-7.291535373159348],[112.74948956110424,-7.29149389801968],[112.74949702419262,-7.291473741310113],[112.74951239664483,-7.291432221803627],[112.74955418956723,-7.291323170335545],[112.74958695279697,-7.291245701361024],[112.74959469382802,-7.2912273971328325],[112.74963253034942,-7.291127890975568],[112.74966528699842,-7.29104126907187],[112.74967998244077,-7.291002406841856],[112.7497332351711,-7.290866601711673],[112.74978597174511,-7.290709812699237],[112.74979760623599,-7.290671128686682],[112.74982488836834,-7.290580416696865],[112.7498348823706,-7.290547187587991],[112.7498675028978,-7.290420857600887],[112.74987636620888,-7.290368822432049],[112.74988816802386,-7.290299536905753],[112.74989672765072,-7.290249283231659],[112.74990433020537,-7.290204648183419],[112.74991535820159,-7.29013990189464],[112.74991861364802,-7.290120786807626],[112.74991942471237,-7.29011068133133],[112.74992524719276,-7.29003811419576],[112.74992544843833,-7.290035604333713],[112.74993154300483,-7.289958015266604],[112.74993400282567,-7.2899254609038655],[112.74993413547658,-7.289923709005238],[112.74993576018547,-7.2898701105114805],[112.74993627071328,-7.289853267389306],[112.74993865173242,-7.289727180141864],[112.74999721233198,-7.289727052921262],[112.74999839499868,-7.289631437364046],[112.74999891876033,-7.28958908201638],[112.7499947852821,-7.289539946211412],[112.74999461689836,-7.28953692601768],[112.74996076716054,-7.289540692726523],[112.74993869015593,-7.289541155220994],[112.74993705759944,-7.289449522593894],[112.7499127074128,-7.289449210869991],[112.74991283843126,-7.289445638875226],[112.74987230197821,-7.289449344656768],[112.74986264985638,-7.289449576412642],[112.74986013310208,-7.289459070940088],[112.7498467934394,-7.289456220171894]]]]},"properties":{"Id":0,"Nama_Lokas":"MI Ngagel Rejo (Ngagel Rejo)","OBJECTID":1417,"PL":"Hutan Kota, Jalur Hijau dan Taman Kota","TGL":"Ruang Terbuka Hijau","RTH":"RTH","Tipe_RTH":"Makam","Shape_Leng":15633.3223856,"Shape_Area":15633.3223856,"Luas":15633.3223856,"Luas_UPT":"42.890","Luas_fasum":"4.054,95","Luas_efek":"45.997","Kapasitas":"45.997","kematian":"53.893","sisa_petak":"-","Ket":"Penuh, tumpang"}},
{"type":"Feature","geometry":{"type":"Polygon","coordinates":[[[112.72482895009753,-7.280906353508586],[112.72482921794759,-7.28091483375344],[112.7248287505543,-7.280959101772989],[112.72482789915355,-7.281039838889135],[112.72482644621428,-7.281051088884138],[112.72482008920221,-7.281100320724577],[112.72481800919316,-7.281116430396914],[112.7248183566556,-7.281207337750427],[112.72481840923395,-7.281221093837156],[112.72481583529955,-7.281331150325981],[112.72481550154886,-7.2813521006852095],[112.72481438622202,-7.281422064525274],[112.72481792867642,-7.281475845575874],[112.72482597260694,-7.281577736582898],[112.72483464794249,-7.281710249964048],[112.72476772892757,-7.2817159002742695],[112.72473601019564,-7.281718578190933],[112.72466583411342,-7.281724502208833],[112.72462261701519,-7.28172815253437],[112.72455046025664,-7.281734243219506],[112.72450492482591,-7.281738087726422],[112.72446963128732,-7.281741066777803],[112.72442996530206,-7.2817410633008715],[112.72438013107704,-7.281741057874592],[112.72433030137834,-7.281741052425552],[112.72428634497085,-7.281741048103092],[112.7242774154346,-7.28174079188008],[112.72422954190368,-7.281739421783418],[112.72424318066561,-7.281756147903808],[112.72423042538587,-7.2818367359929805],[112.7242185162789,-7.281911979830058],[112.72420698913757,-7.28198480984314],[112.72419896603134,-7.282035501970953],[112.7241948877013,-7.282060671973001],[112.72418180783235,-7.282141391503293],[112.7241696913813,-7.282216168667526],[112.72415823843558,-7.2822868518609996],[112.72414933874347,-7.2823612342995085],[112.72414100065967,-7.282430923679773],[112.72413387970167,-7.282490446272578],[112.72411865738461,-7.282588478286383],[112.72411210816276,-7.282629370654009],[112.72411349269203,-7.282641684013917],[112.7241188039381,-7.282688913844447],[112.72411355903203,-7.282716389446496],[112.72410038906607,-7.282785382026234],[112.72408850367532,-7.282847640757097],[112.72408718084753,-7.2828588197322395],[112.7240782298216,-7.282934460995949],[112.72406343744382,-7.283059457828517],[112.72405732417968,-7.283077232107529],[112.72405626639528,-7.28308312510363],[112.72405445712988,-7.283082886962612],[112.72404842529049,-7.2831205467023],[112.72404722489195,-7.283120636269474],[112.72403969681784,-7.283175044529204],[112.72402792102793,-7.283239919559583],[112.72399925001803,-7.283417659831493],[112.72398905231027,-7.283413511399029],[112.72393569157758,-7.283399959319159],[112.72393983615163,-7.283387382570648],[112.72384751730209,-7.283367400047316],[112.7238534113561,-7.283342258388262],[112.72384054767457,-7.283339037857772],[112.72380514626653,-7.283330175167659],[112.7237697938059,-7.283321324946568],[112.72370263991436,-7.283305630016262],[112.72364893257215,-7.2832930774398585],[112.72359648044822,-7.283282932444791],[112.72354517195599,-7.283273008229394],[112.72348397222223,-7.283261170448069],[112.72343519502141,-7.283248721130248],[112.72331033924954,-7.283216855715737],[112.72320144508014,-7.283188467559618],[112.7231837096951,-7.283183845083621],[112.7231690367739,-7.283180154915426],[112.72307062723019,-7.283155405028149],[112.72300504957246,-7.283138911912819],[112.72291027382501,-7.283115075845414],[112.72286622062495,-7.283103996398671],[112.72282014160281,-7.28309240656107],[112.72260785931026,-7.283067726621802],[112.72258547965332,-7.28305984140942],[112.72256755398689,-7.283053526088612],[112.72253245819834,-7.283049993211312],[112.72243331222028,-7.283034898171427],[112.72239722677138,-7.283029017259418],[112.72241305088681,-7.283110810374491],[112.72244196761686,-7.283275470320077],[112.72247773711902,-7.283450705764397],[112.72213307956204,-7.283501465869187],[112.72214024583988,-7.283541752686112],[112.72214709008348,-7.283580229641238],[112.7221548171531,-7.283623668127842],[112.72216241559579,-7.283666383753681],[112.72217012323657,-7.283709712906471],[112.72217856844102,-7.283757193087414],[112.72218155933363,-7.283774007723018],[112.72218674642099,-7.283794686632918],[112.72219992798054,-7.283847248400017],[112.72220637576252,-7.283872956120663],[112.72221309793022,-7.283899377104456],[112.72223141104611,-7.2839713512226005],[112.72224155865605,-7.284011235171787],[112.72225378120234,-7.284059273319357],[112.7222618345707,-7.284090925381419],[112.72226333976575,-7.284098564554121],[112.72227247715486,-7.284144944410482],[112.72228861970669,-7.284226875555055],[112.72230564323236,-7.2843132799742065],[112.72232531425009,-7.284413119574546],[112.72233220031882,-7.284448071838241],[112.72234074810615,-7.284513629934196],[112.7223499712862,-7.28458436735428],[112.72234575782953,-7.284610221446085],[112.72217597823185,-7.28458510116081],[112.72210475713155,-7.284574563619759],[112.72206573982662,-7.2845687906173255],[112.72203363298206,-7.284564041068848],[112.72197602780913,-7.284552614400849],[112.72189711363775,-7.284536961280661],[112.7218509187635,-7.28452779865265],[112.72181352243837,-7.284520381069877],[112.72180461513463,-7.284519086718706],[112.72171984036379,-7.284506767907799],[112.72168838619119,-7.284502196686538],[112.72167708765285,-7.284500505452598],[112.72158413066333,-7.284486588406671],[112.72154452778473,-7.284480658447242],[112.72150161689206,-7.284474233822479],[112.72142660256009,-7.284463001717604],[112.7214127904399,-7.28446112473625],[112.72133132836987,-7.284450052776017],[112.72124746718873,-7.284438655378385],[112.72113894441473,-7.284423905022635],[112.72106705090415,-7.2843909243089335],[112.72096225807384,-7.284378314396804],[112.72086740992113,-7.284366900848783],[112.72079294859324,-7.284354168288179],[112.72068043888088,-7.28432972290483],[112.72058044143269,-7.284307996721189],[112.7205707831692,-7.284305444761846],[112.72057046248197,-7.284307073519712],[112.72056700161616,-7.284324669520113],[112.7205635398447,-7.284342265523997],[112.72056007807312,-7.28435986152789],[112.72055661720697,-7.284377457528379],[112.7205531554317,-7.284395052628146],[112.72054969365979,-7.28441264863213],[112.72054623279328,-7.284430244632672],[112.72054277102113,-7.284447840636682],[112.72054007291223,-7.284465038606356],[112.72053737570879,-7.284482236572611],[112.72053467759977,-7.284499434542311],[112.72053197949414,-7.28451663341622],[112.72052928229053,-7.284533831382531],[112.72052658418136,-7.284551029352287],[112.72052388607212,-7.284568227322085],[112.72052118886835,-7.284585425288455],[112.72051849075899,-7.2846026232582695],[112.72051579265303,-7.284619822132297],[112.72051309544909,-7.28463702009871],[112.72051039733957,-7.284654218068601],[112.72050797238087,-7.284670619314291],[112.7205055465166,-7.2846870205634575],[112.72050312155783,-7.284703421809178],[112.72050069569347,-7.28471982305838],[112.72049827073461,-7.284736224304136],[112.72049584487365,-7.284752626457526],[112.7204934199147,-7.28476902770333],[112.72049099405021,-7.284785428952583],[112.72048856909119,-7.284801830198407],[112.72048614322661,-7.28481823144771],[112.72048371826752,-7.284834632693568],[112.72048064955985,-7.284849870889414],[112.72047758085209,-7.2848651090852785],[112.72047451214425,-7.284880347281163],[112.72047144343631,-7.284895585477045],[112.72046837472828,-7.284910823672963],[112.72046530602016,-7.284926061868903],[112.72046300066589,-7.284942957250833],[112.72046069531504,-7.284959853536969],[112.72045838996071,-7.284976748918936],[112.72045608460981,-7.284993645205091],[112.72045378016095,-7.285010540583663],[112.72045147480999,-7.285027436869852],[112.72044916945556,-7.285044332251884],[112.72044686410455,-7.285061228538106],[112.72044455875006,-7.2850781239201865],[112.72044564205162,-7.285088640931423],[112.72044672535328,-7.285099157942644],[112.72044510340308,-7.285114793000171],[112.72044348235497,-7.285130427150103],[112.72044186040478,-7.28514606220765],[112.7204402384546,-7.285161697265224],[112.72043861740653,-7.285177331415171],[112.72043699545638,-7.28519296647275],[112.7204341050749,-7.285210324311565],[112.72043121378438,-7.285227681249673],[112.72042832340276,-7.285245039088516],[112.72042543302106,-7.285262396927397],[112.72042254263931,-7.285279754766294],[112.7204196513485,-7.285297111704473],[112.7204167609666,-7.285314469543415],[112.72041387058462,-7.285331827382359],[112.7204109802026,-7.285349185221346],[112.7204080889115,-7.285366542159616],[112.72040519852932,-7.28538389999863],[112.72040254902977,-7.285401497435543],[112.72039989862117,-7.2854190939717505],[112.72039724912152,-7.2854366914087105],[112.72039459961836,-7.28545428794151],[112.72039194921308,-7.285471885381949],[112.72038929971328,-7.285489482818965],[112.72038664930443,-7.285507079355272],[112.72038399980453,-7.2855246767923285],[112.72038135030458,-7.28554227422939],[112.7203786998956,-7.285559870765751],[112.72037605039556,-7.285577468202868],[112.720373400892,-7.285595064735829],[112.72037075048631,-7.285612662176428],[112.72036810098612,-7.2856302596136],[112.72036545057688,-7.285647856150064],[112.72036280107659,-7.28566545358728],[112.72036015157624,-7.285683051024513],[112.72035750116687,-7.285700647561039],[112.72035485166643,-7.2857182449982965],[112.72035220216249,-7.285735841531419],[112.72034955175641,-7.285753438972175],[112.72034690225581,-7.285771036409508],[112.72034425184619,-7.285788632946134],[112.72034160234548,-7.285806230383505],[112.72033895284476,-7.285823827820896],[112.72033630243499,-7.285841424357578],[112.72033365293414,-7.285859021795013],[112.7203310034298,-7.285876618328276],[112.72032835302333,-7.285894215769192],[112.72032570352236,-7.285911813206683],[112.72032305311232,-7.285929409743466],[112.7203227934571,-7.285931133209147],[112.72032040361125,-7.285947007180997],[112.72031783017306,-7.285964366527818],[112.72031525583273,-7.285981726782269],[112.72031268239792,-7.285999087033301],[112.72031010805406,-7.286016446383621],[112.72030753461569,-7.286033805730513],[112.7203049602752,-7.286051165985042],[112.72030238593466,-7.286068526239592],[112.72029981249617,-7.286085885586541],[112.72029723905762,-7.286103244933515],[112.72029466471693,-7.286120605188122],[112.72029209128175,-7.2861379654393],[112.72028951693753,-7.286155324789771],[112.72028694349882,-7.286172684136819],[112.72028436915797,-7.286190044391501],[112.7202817957226,-7.286207404642763],[112.7202792213782,-7.286224763993308],[112.72027664703377,-7.286242123343876],[112.72027407359828,-7.28625948359519],[112.72027392350735,-7.286260493239858],[112.72031320330977,-7.286267855836483],[112.72035947710421,-7.286276292224139],[112.72035667779583,-7.286296159743374],[112.72039000606341,-7.286302731200192],[112.72039425521965,-7.286285968572907],[112.720423385826,-7.28629194385848],[112.72045036317664,-7.28629747795111],[112.72045014327901,-7.286302501551444],[112.72045253655942,-7.286302957200523],[112.72047483906475,-7.286307192575938],[112.72047062368384,-7.286332807074479],[112.72049220170024,-7.286336553326262],[112.72049478294218,-7.286322428230202],[112.72052738400068,-7.286326610865231],[112.72055735270503,-7.286331759237898],[112.72055947500388,-7.286322900069547],[112.72057915124417,-7.286326848856112],[112.72059807893297,-7.286330647681564],[112.72059901872778,-7.286325859144373],[112.72061508202859,-7.28632866883379],[112.72061345427811,-7.286341594061925],[112.7206398280146,-7.286346278693311],[112.72064122857739,-7.286336703441243],[112.72066023525294,-7.286340318413269],[112.72067802762007,-7.286343702915204],[112.7206930180121,-7.286346554659145],[112.72069161470762,-7.286355411092242],[112.72072805983933,-7.286362688589436],[112.72072735818651,-7.2863669979052625],[112.72074006557666,-7.286369342041668],[112.7207428822115,-7.286354019809982],[112.72075604089034,-7.28635644993532],[112.72079640143187,-7.286365108596509],[112.72079858620214,-7.286353874793368],[112.72086129994359,-7.28636889978301],[112.72085843996977,-7.286380220244533],[112.72086073821811,-7.2863844855957245],[112.72087483196462,-7.286387058637983],[112.72088229017027,-7.286395164333966],[112.72089499390691,-7.286396550944753],[112.72089646208865,-7.286407306096563],[112.72089670564549,-7.286405636039348],[112.7209368869932,-7.286411473398354],[112.72095206470298,-7.286414527862285],[112.72095376522311,-7.2864040635571525],[112.72098589418223,-7.2864086385620945],[112.72098475185612,-7.286423235593474],[112.7210168647741,-7.286425268081195],[112.72101779999882,-7.28641928332123],[112.72104068869878,-7.286422886216825],[112.7210508221285,-7.286428208586047],[112.72107172518525,-7.286429020574888],[112.72109326758053,-7.286425805590795],[112.72113710035575,-7.28642530876499],[112.72113749372896,-7.286459806545889],[112.72114259068427,-7.286462561197553],[112.72118720416603,-7.2864642323495445],[112.72118678165211,-7.28647548114667],[112.72118959053299,-7.286474264271253],[112.72118960966355,-7.286473582441014],[112.72124619827505,-7.286476258681298],[112.72124663654732,-7.286467003558025],[112.72128988922177,-7.286475139394107],[112.72128973835432,-7.286478317283231],[112.72129192382843,-7.286478421085162],[112.72133402817462,-7.286480363081427],[112.72133495271312,-7.286487236812972],[112.72136588242135,-7.286492441146324],[112.72140447885937,-7.286498934603317],[112.72140539198453,-7.286502818229918],[112.7214098845604,-7.286503100417236],[112.72141074584465,-7.286492929551072],[112.72143771609564,-7.286497312575505],[112.7214391615669,-7.28648385005203],[112.72146994236702,-7.2864882384635115],[112.72148411006806,-7.286490257841002],[112.721481776821,-7.286506713891195],[112.72152354721904,-7.2865129773475426],[112.72158875654841,-7.286522753864813],[112.72158790393509,-7.286534720413534],[112.72165201569872,-7.286543535426296],[112.72165562437182,-7.286544030747149],[112.72165617497414,-7.286531468584688],[112.72167077486043,-7.286533313610894],[112.72168374126332,-7.286534952370628],[112.72168372984693,-7.286531962266538],[112.72171428958377,-7.286535135369611],[112.72171461191395,-7.286540816055771],[112.72172150623095,-7.286542583718806],[112.72172005163382,-7.286553653796335],[112.72174282585459,-7.286557155820261],[112.72174693282774,-7.2865347118196535],[112.72178649070635,-7.286541140097156],[112.72178328887145,-7.2865653745595536],[112.72183274137116,-7.286575054597982],[112.72183658058253,-7.286560985295237],[112.72187322297226,-7.286567270951682],[112.72187191616993,-7.286559655436585],[112.72187777403185,-7.286525242373185],[112.72190597736522,-7.286530029366377],[112.7219108060707,-7.286548142649582],[112.72192428674758,-7.286549287566356],[112.72192108378097,-7.286573223650539],[112.7219156885881,-7.286572047951219],[112.7219112738967,-7.286592399025351],[112.72193653578425,-7.286582656979377],[112.72197182035045,-7.286588596971963],[112.7219853334123,-7.286590871093114],[112.72198837924952,-7.2865684727257305],[112.72204067879878,-7.286577446580714],[112.72203609280999,-7.286613644187279],[112.72205587655114,-7.286618233562956],[112.72205376708006,-7.286630443600587],[112.7220778816797,-7.2866396811868865],[112.72207541454621,-7.286652609606722],[112.72209447335227,-7.28665540783313],[112.72209694369225,-7.286643556288006],[112.72219012004963,-7.286668320722583],[112.72219475010337,-7.286657178878266],[112.72229941072632,-7.286677952781653],[112.7222994271684,-7.286682257553596],[112.72233862373773,-7.286688209743033],[112.72233828891778,-7.2866946714344465],[112.72234872026314,-7.286697142637532],[112.72235012855833,-7.286689601779793],[112.72246073031481,-7.286704647597544],[112.7224590099387,-7.286714645415587],[112.72251470609605,-7.286729281855283],[112.72258540295064,-7.286748515908216],[112.72263637005015,-7.286754063372279],[112.7226953608336,-7.286764499044886],[112.7227229678873,-7.286765851438538],[112.72275818311543,-7.286775208550141],[112.72277405161614,-7.286773720393761],[112.72277885597784,-7.286774312419261],[112.72283674367732,-7.286781158131337],[112.72285418981512,-7.286792041375457],[112.72288347317078,-7.286796274441574],[112.72292104683191,-7.286801705617824],[112.72291939534136,-7.2868475035434965],[112.72292197633624,-7.286847317394726],[112.72293130294258,-7.286844343257736],[112.72293820645321,-7.286840457889413],[112.72294899651193,-7.286834664347871],[112.72296601831744,-7.2868326084824675],[112.7229830401261,-7.286830553520633],[112.72300006193099,-7.286828497654038],[112.72301708373904,-7.286826442690996],[112.72303410554332,-7.286824386823176],[112.72305112735077,-7.28682233185892],[112.72306814915446,-7.286820275989904],[112.72308517096128,-7.286818221024443],[112.72310219276436,-7.2868161651542005],[112.72311921457059,-7.286814110187528],[112.72313182931344,-7.286812586493261],[112.7231250456156,-7.286615831481365],[112.72339341244933,-7.286621985491793],[112.72350838783599,-7.285987579711929],[112.72354751752914,-7.2859324560718735],[112.72355289519056,-7.285939235063057],[112.72356107057784,-7.2859440141832135],[112.72357836128458,-7.285947880604093],[112.72359565198802,-7.285951746120084],[112.72361294178954,-7.285955612542952],[112.72363023249673,-7.285959478961651],[112.72364752320406,-7.285963345379625],[112.7236648139081,-7.2859672108926725],[112.72368210461573,-7.285971077309182],[112.72369939532352,-7.285974943724942],[112.72371668512592,-7.285978810143436],[112.72373397583057,-7.285982675653576],[112.7237512665388,-7.285986542067139],[112.72375946528415,-7.285976346862967],[112.72376570056113,-7.2859547139499155],[112.72377450602585,-7.285905668064913],[112.72378796026288,-7.2858307266493165],[112.72379763897567,-7.285832459257195],[112.72380436875056,-7.2857949731682865],[112.72385738735551,-7.285804463088234],[112.72387561461498,-7.285818101992017],[112.72393883884999,-7.285836876071705],[112.72392862932715,-7.285890769224638],[112.72399405519323,-7.28590937124495],[112.72397351632226,-7.286022762154335],[112.72396738492489,-7.286022532351502],[112.72395583025596,-7.286072288554307],[112.72396502476194,-7.286075508580835],[112.72395783193562,-7.286105564023042],[112.72394658066865,-7.286102272267256],[112.7239370918978,-7.28613625158705],[112.7239315952086,-7.286156610399959],[112.72395123670876,-7.286161897362648],[112.72393857001951,-7.286208807809145],[112.72391461641134,-7.286202359126716],[112.72391203770927,-7.286211908120869],[112.7239031405565,-7.286255678428143],[112.72392441340665,-7.286260849766792],[112.72391802555754,-7.28628852413128],[112.72391342259623,-7.286287553399535],[112.7239110717182,-7.286298663055197],[112.72390124543132,-7.286335788421998],[112.72391293510157,-7.286338873256359],[112.72389814920092,-7.2863914067778515],[112.72388815828445,-7.286442791790794],[112.72387708335644,-7.286498894458948],[112.72387032906403,-7.2865318597106805],[112.72385861896215,-7.286593072548761],[112.72385670003689,-7.286592578039248],[112.72385273184115,-7.286598709080245],[112.72385433261188,-7.286601728386459],[112.72385214980699,-7.286617719103822],[112.72384996609654,-7.286633709824657],[112.7238477832916,-7.286649700542055],[112.72384559958113,-7.286665691262922],[112.72384455813737,-7.286679885532761],[112.72384691530362,-7.286685343259053],[112.72385976309722,-7.286687223823307],[112.72387206200754,-7.28668765073926],[112.72388436091782,-7.286688077654892],[112.72390025653932,-7.286690371568479],[112.72391615125187,-7.286692664580735],[112.72393204687346,-7.286694958493129],[112.72394794158609,-7.2866972515041875],[112.72396383720772,-7.2866995454153765],[112.7239784885464,-7.286699453400409],[112.72399205684313,-7.286699121383015],[112.72400562513975,-7.286698789365232],[112.72402222658269,-7.28669953080856],[112.72403497247961,-7.286701050081492],[112.72404771837655,-7.286702569354024],[112.7240654564069,-7.286705713406876],[112.72408319443734,-7.2867088574589705],[112.72410093246788,-7.286712001510292],[112.72411867050195,-7.286715146465065],[112.72413640853266,-7.286718290514876],[112.72415414656346,-7.286721434563954],[112.72417188459434,-7.286724578612273],[112.72418962262532,-7.28672772265984],[112.72420736065638,-7.286730866706653],[112.72422509868754,-7.286734010752713],[112.72424283672223,-7.286737155702182],[112.72426057475357,-7.286740299746733],[112.72427831278497,-7.286743443790525],[112.7242960508165,-7.286746587833564],[112.72431344011841,-7.286749470087232],[112.72433082942385,-7.286752353244367],[112.72434821872591,-7.286755235496589],[112.72436560803148,-7.286758118652275],[112.72438299733368,-7.2867610009030575],[112.72440038573386,-7.286763884060756],[112.7244177750362,-7.286766766310094],[112.72443516434207,-7.286769649462901],[112.72445255364453,-7.286772531710795],[112.72446994295052,-7.286775414862155],[112.72448733225312,-7.286778297108607],[112.72450408880037,-7.286780763128896],[112.72452084625662,-7.286783230049245],[112.72453760280392,-7.286785696068224],[112.72455436025682,-7.286788162083071],[112.72457111680765,-7.286790629004876],[112.72458787426064,-7.2867930950183935],[112.7246046308081,-7.2867955610347],[112.72462138826114,-7.286798027046902],[112.72463814481216,-7.286800493966055],[112.72465490226527,-7.286802959976913],[112.72467165881292,-7.28680542599056],[112.72468841626959,-7.28680789290426],[112.7247051728173,-7.286810358916597],[112.72472229144215,-7.286814208760303],[112.72473941097613,-7.286818059504028],[112.7247565305068,-7.2868219093428594],[112.72477364913556,-7.286825760088603],[112.72478693614879,-7.2868281217849145],[112.72480022316206,-7.286830483480782],[112.72481251274897,-7.286830603886568],[112.7248248023358,-7.2868307242920185],[112.72484047894093,-7.28682997280329],[112.72485615554592,-7.286829221314029],[112.7248718321507,-7.286828469824234],[112.7248875087553,-7.286827718333929],[112.72490412633135,-7.286825102439833],[112.72492074390708,-7.286822486545189],[112.72493736148249,-7.286819870649961],[112.7249501319122,-7.2868178607647165],[112.72512353136146,-7.2860482662577315],[112.72562083645566,-7.2860882348688225],[112.725682041548,-7.2857792997674915],[112.72568554312116,-7.285754885154086],[112.7256907936645,-7.2857182618846945],[112.72569679478104,-7.285689890061489],[112.72583481909923,-7.285695105045619],[112.72585962155028,-7.285696446260694],[112.72586270956383,-7.285669502411047],[112.72586727318833,-7.285629671001429],[112.72594745624453,-7.285640130293972],[112.7259664254358,-7.285643189108768],[112.72599528470055,-7.2856478422398],[112.7261183609893,-7.285675232357935],[112.72611830403346,-7.2856764396626685],[112.72612369463576,-7.2856764190921215],[112.72612784559408,-7.285634059349381],[112.72613768805668,-7.285576606022966],[112.7261387859194,-7.285571255385762],[112.72615603432826,-7.285487182612805],[112.72625854681166,-7.285510115778434],[112.72633948866333,-7.28553097928047],[112.72638251211359,-7.28555070444522],[112.72655724441326,-7.285589322578118],[112.72656315799851,-7.2855896662013615],[112.72658737559047,-7.285491935334712],[112.72659557162963,-7.2854422633842315],[112.7266184311247,-7.285346245708137],[112.72677673262315,-7.2853759533531735],[112.72676868616259,-7.285403667501922],[112.72686149454077,-7.2854262795141524],[112.72721340042287,-7.2835142640693915],[112.72731276327379,-7.2833956110522164],[112.72733223956372,-7.2833201783201105],[112.72731483869443,-7.2833118719954],[112.72734119458143,-7.28319913707702],[112.72734207240597,-7.2831916633507925],[112.72734295113949,-7.283184190525296],[112.72736681974793,-7.283066313057839],[112.72740101443736,-7.28307290875198],[112.7274385438674,-7.283077286405915],[112.72747052713494,-7.283081016133184],[112.72748175484394,-7.28308361439328],[112.72750949873857,-7.283090033976538],[112.72755626212646,-7.283100854850808],[112.72760294666247,-7.283111657032897],[112.72761800455669,-7.283115142137866],[112.72766513530999,-7.283132509702627],[112.72769569676097,-7.28314377217876],[112.72771277660846,-7.283150066999392],[112.7277509832779,-7.2831600922892346],[112.7277901351912,-7.283165353434008],[112.72782963709757,-7.283165768617538],[112.7278753648961,-7.283160126399657],[112.72791981097818,-7.2831480006433535],[112.72796205900181,-7.283129643499454],[112.72800123747048,-7.283105430821076],[112.72803653785412,-7.283075864806786],[112.72804900877468,-7.283047706988758],[112.7280508968814,-7.283022428725058],[112.72805332158782,-7.282989958336799],[112.72805423380113,-7.282977753787218],[112.72805239255197,-7.282963490978598],[112.7280505298319,-7.282949060073619],[112.72805836170824,-7.282929651681973],[112.7280580648242,-7.282852141597456],[112.728075314988,-7.282852075721545],[112.72807082971853,-7.282806878199131],[112.72806992991411,-7.282792534035361],[112.72806841196775,-7.282768348375243],[112.7280647058125,-7.282709293961657],[112.7280633088805,-7.282695188592478],[112.72805371858915,-7.282586488887567],[112.7280514185031,-7.282569221416909],[112.72804911841736,-7.282551953946202],[112.72804681923749,-7.282534686471957],[112.7280445191524,-7.28251741900112],[112.72804221906767,-7.2825001515302],[112.72803991898327,-7.282482884059214],[112.72803761889918,-7.282465616588182],[112.72803531972095,-7.28244834911361],[112.72803301964099,-7.282431082546611],[112.72803071955789,-7.282413815075366],[112.72802841947514,-7.282396547604067],[112.72802611939271,-7.282379280132691],[112.7280238193106,-7.2823620126612605],[112.72802152013435,-7.282344745186296],[112.7280192200529,-7.2823274777147375],[112.72801691997178,-7.282310210243094],[112.72801538755841,-7.282293120677011],[112.72801385424326,-7.282276032018487],[112.72801232183045,-7.282258942452312],[112.72801078851236,-7.282241852889551],[112.72800925610353,-7.282224764227458],[112.72800772278599,-7.282207674664589],[112.72800619037424,-7.282190585098232],[112.7280046570607,-7.282173496439463],[112.72800312464948,-7.282156406873],[112.72800159133301,-7.282139317309969],[112.72800005892579,-7.282122228647605],[112.72799852560985,-7.2821051390844875],[112.72801249404077,-7.282113570616303],[112.72803014636742,-7.282116140719424],[112.72804779779206,-7.282118711729435],[112.72806544921326,-7.282121281834559],[112.72808310154349,-7.2821238528396375],[112.72809875725095,-7.282124315676389],[112.72811441205624,-7.282124779420233],[112.72806138095234,-7.281913288808389],[112.72805798213007,-7.281896643090008],[112.72805458239229,-7.281879994662457],[112.72805118356733,-7.2818633480397095],[112.72804778383724,-7.281846701420305],[112.72804505527195,-7.28182655123548],[112.72755651187275,-7.281854465028614],[112.72752205512225,-7.281772061662472],[112.72756093522399,-7.281758156984154],[112.72754765140593,-7.281730097489358],[112.72756739555224,-7.281724640414983],[112.72754920204919,-7.281666096986748],[112.72751600056232,-7.281598640424672],[112.72750554325647,-7.281526910669349],[112.72732247933095,-7.28148411717716],[112.72727686755383,-7.281482180885023],[112.72727692762022,-7.281421697916936],[112.72727701052209,-7.28133784529755],[112.72721417786215,-7.281336983786339],[112.72722442329626,-7.2811969940339925],[112.72722399751905,-7.281085751973158],[112.72719553498382,-7.2809045461797],[112.72523246669414,-7.280942631414608],[112.72482895009753,-7.280906353508586]]]},"properties":{"Id":0,"Nama_Lokas":"MK Kembang Kuning","OBJECTID":1423,"PL":"Hutan Kota, Jalur Hijau dan Taman Kota","TGL":"Ruang Terbuka Hijau","RTH":"RTH","Tipe_RTH":"Makam","Shape_Leng":316463.88277,"Shape_Area":316463.88277,"Luas":316463.88277,"Luas_UPT":"264.088,37","Luas_fasum":"11.107,20","Luas_efek":"252.981","Kapasitas":"72.280","kematian":"81.331","sisa_petak":"-","Ket":"Penuh, tumpang"}},
{"type":"Feature","geometry":{"type":"Polygon","coordinates":[[[112.71304392995398,-7.273607011469217],[112.71258666390443,-7.27357141960767],[112.7123150176176,-7.274720772113115],[112.71281911125283,-7.274767315724793],[112.71334802577971,-7.274835712316267],[112.71337837867489,-7.274831818896813],[112.71335740091975,-7.275290266416538],[112.71335516738934,-7.275333098282709],[112.71335102777697,-7.275378807262797],[112.71334880879243,-7.275414970661047],[112.71334843108023,-7.275520204619254],[112.71334766041552,-7.275539283264234],[112.71335642080578,-7.2755393712888505],[112.71335650199303,-7.275560293974934],[112.7133603879292,-7.275560140934584],[112.71335813081342,-7.27561561077545],[112.71336364745218,-7.275616134231216],[112.71336233133589,-7.275675702829609],[112.71336105631879,-7.27600506666477],[112.71335594792048,-7.276039827741533],[112.71336347596807,-7.276040650108156],[112.7133618597692,-7.27605668482583],[112.71333935728715,-7.276055454350837],[112.71333687999838,-7.276077234846646],[112.71333657139547,-7.276081578846158],[112.71334604679275,-7.27608276275655],[112.7133449235856,-7.276095557699386],[112.71333309044354,-7.276120931580923],[112.71331754344857,-7.276115441368954],[112.7133147141834,-7.27612750856205],[112.71330570664776,-7.276126485635856],[112.71327378757464,-7.276230270136175],[112.71326052404476,-7.276273398709341],[112.71320225587695,-7.276462858289502],[112.71276524822127,-7.276386476697927],[112.71255557644754,-7.276349829697636],[112.7125499035187,-7.276348689261744],[112.71249223991155,-7.27633709493438],[112.71247628482425,-7.276416214189791],[112.71247424582543,-7.276447082875066],[112.7124628265636,-7.276502811618487],[112.71244672366078,-7.276581397960511],[112.71244791493525,-7.276724558689882],[112.71244782685586,-7.276741208813594],[112.7124339648543,-7.276818288437489],[112.71243721157045,-7.276818631508346],[112.71245718376814,-7.276820742324577],[112.7124374167544,-7.276905685429805],[112.71242041540768,-7.276978738803876],[112.71239976256172,-7.27697480138094],[112.71239646133193,-7.27697417188732],[112.71239333968568,-7.276986512348477],[112.71237359445398,-7.2770645473457],[112.71237800004693,-7.27706555332831],[112.7124999980674,-7.277093404971566],[112.71250925093142,-7.277097746270549],[112.71251207007293,-7.277090882739366],[112.71251913585083,-7.277081553693467],[112.71252653021676,-7.277078162137397],[112.71253517697926,-7.277075977462347],[112.71254289640318,-7.277074727611624],[112.71255115538375,-7.27707439618772],[112.71256221098574,-7.277074395068227],[112.71257326658768,-7.277074393948468],[112.7125902010738,-7.277076829998234],[112.71260713555994,-7.277079266047305],[112.71262208943878,-7.277081406681631],[112.71263704241215,-7.277083547318868],[112.71265199538556,-7.27708568795558],[112.71266694926449,-7.277087828588321],[112.71268382226117,-7.277091003591614],[112.71270069526139,-7.277094179498399],[112.71271756825827,-7.277097354500303],[112.71273355773559,-7.277100363759172],[112.71273444125868,-7.277100530405721],[112.71275131425575,-7.277103705406273],[112.71276818725636,-7.277106881310319],[112.71278506025362,-7.2771100563094855],[112.7128019332544,-7.277113232212159],[112.71281880625186,-7.277116407209973],[112.71283538631147,-7.277120179177439],[112.71285196637123,-7.277123951144216],[112.71286854552562,-7.277127723113766],[112.71288512558567,-7.2771314950792165],[112.71289659404799,-7.277134103695356],[112.71290170564588,-7.277135267043991],[112.7129182857062,-7.277139039008078],[112.71293486486115,-7.277142810974938],[112.71295144492177,-7.277146582937695],[112.71296772354175,-7.277150620063966],[112.7129840021619,-7.277154657189604],[112.71300028078221,-7.27715869431457],[112.71301655939925,-7.27716273053472],[112.71303283801988,-7.277166767658377],[112.71304911664068,-7.27717080478138],[112.71306539526165,-7.277174841903743],[112.71308237339356,-7.277178040906228],[112.71309935152215,-7.277181239003834],[112.71311632965426,-7.277184438004928],[112.71313330778304,-7.277187636101153],[112.7131407103445,-7.277189031295152],[112.71315028591533,-7.277190835100859],[112.71316726404432,-7.277194033195697],[112.71318424217681,-7.277197232194017],[112.71320029418051,-7.277198104593575],[112.7132124461704,-7.27719876479474],[112.71321634527521,-7.27719897609178],[112.71323239727876,-7.277199848490153],[112.71324844837675,-7.277200720891367],[112.71326450038016,-7.277201593288571],[112.71328055147457,-7.277202464784445],[112.71329660257233,-7.2772033371839075],[112.71331265457553,-7.277204209579361],[112.71332573166946,-7.277204539864272],[112.71333880876333,-7.2772048701487915],[112.71337702169221,-7.277214310001714],[112.71338443097864,-7.2772172386747895],[112.7133984497765,-7.277218749885397],[112.71341246857433,-7.277220261095532],[112.71342648737217,-7.277221772305226],[112.71344050617,-7.277223283514471],[112.71345749732839,-7.2772251424407814],[112.71347448939227,-7.277227001362996],[112.71349148055063,-7.277228860287966],[112.71350847261793,-7.2772307201130175],[112.71352546377628,-7.277232579036652],[112.71354245584014,-7.277234437956182],[112.71355944699847,-7.277236296878471],[112.7135764381568,-7.277238155800086],[112.71359343022064,-7.2772400147176075],[112.71361042137895,-7.277241873637886],[112.71362741344619,-7.277243733458241],[112.71364440460448,-7.277245592377173],[112.7136613966683,-7.2772474512920144],[112.71367838782658,-7.277249310209609],[112.71369618853288,-7.277250931877444],[112.71371398924259,-7.277252554448745],[112.71373178994882,-7.277254176115121],[112.71374958974953,-7.277255797784193],[112.71376739045911,-7.277257420353304],[112.71378519116526,-7.2772590420174925],[112.71380299187135,-7.277260663680964],[112.71382079258086,-7.277262286247866],[112.7138385932869,-7.277263907909862],[112.71385639308737,-7.277265529574574],[112.71387419379677,-7.277267152139285],[112.7138919945027,-7.277268773799107],[112.71390984238064,-7.277270179177937],[112.71392769025854,-7.277271584556051],[112.71394553722743,-7.277272989032672],[112.71396338510523,-7.277274394409326],[112.71398123298296,-7.277275799785233],[112.7139990799517,-7.277277204259679],[112.71401692782932,-7.277278609634126],[112.7140347757069,-7.277280015007861],[112.7140524747742,-7.27728253309929],[112.714070172936,-7.277285051193392],[112.7140878720068,-7.2772875701875135],[112.71410557016868,-7.277290088280156],[112.71412326923613,-7.277292606368628],[112.7141409683036,-7.277295124456346],[112.71415866646903,-7.277297643450951],[112.71417636553659,-7.277300161537206],[112.71419406460419,-7.277302679622723],[112.7142117627663,-7.277305197710916],[112.7142294618374,-7.277307716699138],[112.7142471599996,-7.277310234785868],[112.71426485906736,-7.277312752868431],[112.71428247599832,-7.277315579590354],[112.71429097775444,-7.277316943477395],[112.71430009383485,-7.277318406308093],[112.71431771076595,-7.277321233028537],[112.7143353276971,-7.277324059748246],[112.71435294553383,-7.277326886463789],[112.71437056246513,-7.277329713182018],[112.71438817939648,-7.277332539899515],[112.71440579723341,-7.277335366612826],[112.7144234141649,-7.277338193328848],[112.71444101120859,-7.277341744376428],[112.71445860825243,-7.277345295423256],[112.71447620439086,-7.277348846472768],[112.71448630243721,-7.277350884263923],[112.71449380143494,-7.277352397518097],[112.71451139848257,-7.2773559494668545],[112.7145289955269,-7.277359500510686],[112.71454659166584,-7.277363051557198],[112.71456418871041,-7.277366602599533],[112.7145817857551,-7.277370153641099],[112.71459930854515,-7.277373942765305],[112.71461683133532,-7.277377731888756],[112.71463435412566,-7.277381521011466],[112.71465187691612,-7.2773853101334245],[112.71466939970675,-7.277389099254639],[112.71468692249749,-7.277392888375104],[112.71470444528839,-7.277396677494819],[112.71472196807944,-7.277400466613768],[112.71473949087063,-7.27740425573199],[112.71475701366195,-7.277408044849464],[112.71477392705762,-7.277410886873376],[112.71479084045338,-7.2774137288966045],[112.71480775384919,-7.277416570919173],[112.71482466724508,-7.277419412941039],[112.71484158064105,-7.277422254962223],[112.71485849403707,-7.277425096982725],[112.71487540743317,-7.277427939002548],[112.71489232082934,-7.277430781021686],[112.71490923422556,-7.2774336230401415],[112.71492614762187,-7.277436465057916],[112.71494383222009,-7.277439464196182],[112.71496151682182,-7.277442464237866],[112.71497920142019,-7.277445463374626],[112.71499688601865,-7.27744846251064],[112.71501457061717,-7.27745146164592],[112.7150322543137,-7.277454461688048],[112.71504993891239,-7.277457460821821],[112.71506762351115,-7.277460459954867],[112.71508530810999,-7.277463459087149],[112.71510299271236,-7.277466459122861],[112.71512067731135,-7.277469458253653],[112.71513591308974,-7.277474293123875],[112.71515114977043,-7.277479127085894],[112.71516638554928,-7.277483961954945],[112.71518303872122,-7.277488144958494],[112.71519969099124,-7.2774923288689655],[112.71521634416352,-7.277496511871155],[112.71523299643388,-7.277500695780255],[112.71524964960653,-7.27750487878106],[112.71526630187725,-7.277509062688802],[112.71528295505024,-7.2775132456882385],[112.7152996073213,-7.277517429594596],[112.71531652954556,-7.277520926197047],[112.71533345176994,-7.277524422798785],[112.71535037399443,-7.2775279193998355],[112.71536729621903,-7.2775314160001825],[112.71538421844377,-7.277534912599842],[112.71540114066862,-7.277538409198801],[112.71541806289359,-7.27754190579707],[112.71543498511868,-7.2775454023946615],[112.71545190734388,-7.277548898991539],[112.7154688295692,-7.2775523955877235],[112.71548597069985,-7.277555354264756],[112.71550311182712,-7.277558312036907],[112.7155202520524,-7.277561270715965],[112.71553739317983,-7.27756422848671],[112.71555453431077,-7.277567187160936],[112.71557028635502,-7.277569906061435],[112.7155860383959,-7.277572624057164],[112.71560179043684,-7.277575342052303],[112.7156175424813,-7.277578060951021],[112.71563470020698,-7.277581573827844],[112.71565185883487,-7.277585085796348],[112.71566901656081,-7.27758859867174],[112.71568617428687,-7.277592111546423],[112.71570333291514,-7.277595623512785],[112.71572049064144,-7.277599136386021],[112.71573764836785,-7.277602649258562],[112.71575480699649,-7.277606161222781],[112.71577196472315,-7.277609674093897],[112.71578931884235,-7.277612443879849],[112.7158066738637,-7.277615212757477],[112.71582402798303,-7.277617982542002],[112.71584138209899,-7.277620751421632],[112.71585873712395,-7.277623521201292],[112.71587609124002,-7.27762629007949],[112.7158934453596,-7.27762905986115],[112.7159108003813,-7.277631828734486],[112.715928154501,-7.2776345985147115],[112.71594515903662,-7.277638308168473],[112.71596216448135,-7.277642018722291],[112.71597916901726,-7.277645728374658],[112.71599617355676,-7.277649438930492],[112.71601317899845,-7.277653148578006],[112.71603018353821,-7.2776568591324295],[112.71604718807467,-7.277660568781978],[112.71606419352021,-7.277664279331549],[112.71608119805694,-7.277667988979685],[112.71609757612264,-7.277670548158719],[112.71611395418837,-7.2776731073371295],[112.71613033225759,-7.277675667419069],[112.71614671032343,-7.277678226596204],[112.71616308838931,-7.277680785772693],[112.71617946645524,-7.277683344948563],[112.71619584452124,-7.2776859041237785],[112.71621222259071,-7.277688464202533],[112.71622860065679,-7.277691023376491],[112.71624497872293,-7.277693582549794],[112.71626247006695,-7.277696718897278],[112.71627996231659,-7.277699855240601],[112.7162974536608,-7.2777029915866205],[112.71631494500508,-7.277706127931906],[112.71633243725499,-7.277709264273031],[112.71634992859947,-7.277712400616848],[112.71636741994404,-7.277715536959935],[112.7163849121942,-7.277718673298857],[112.71640240353895,-7.277721809640476],[112.71641918567103,-7.277725135836974],[112.71643596689424,-7.277728461132056],[112.71645274902654,-7.277731787327196],[112.71646953024998,-7.277735112620911],[112.71648631238249,-7.277738438814689],[112.71650309360614,-7.277741764107044],[112.71651987573887,-7.277745090299464],[112.7165366578717,-7.277748416491184],[112.71655343909568,-7.277751741781498],[112.71657022122872,-7.277755067971873],[112.71658700245291,-7.277758393260825],[112.71660378458617,-7.277761719449839],[112.71662056581057,-7.277765044737433],[112.71663734794404,-7.277768370925087],[112.71665386739556,-7.277771676407323],[112.71667038684718,-7.277774981888913],[112.71668690629893,-7.277778287369845],[112.71670342575075,-7.277781592850103],[112.71671994520271,-7.277784898329715],[112.71673646465476,-7.277788203808668],[112.71675298410692,-7.277791509286959],[112.71676950355918,-7.277794814764575],[112.71678602301155,-7.2777981202415445],[112.71680254246404,-7.277801425717858],[112.71681945903478,-7.277804147389568],[112.716836375609,-7.277806869964772],[112.71685329217989,-7.277809591635122],[112.71687020875424,-7.277812314208965],[112.71688712532523,-7.2778150358779525],[112.71690404189972,-7.2778177584504355],[112.71692095847082,-7.277820480118064],[112.7169380820004,-7.277823570813932],[112.71695520643213,-7.277826660601492],[112.71697232996188,-7.277829751295972],[112.71698945439377,-7.277832841082118],[112.7170065779237,-7.277835931775174],[112.71702370145371,-7.2778390224675436],[112.71704082588587,-7.277842112251588],[112.71705794941606,-7.277845202942532],[112.7170750738484,-7.277848292725169],[112.71709219737876,-7.277851383414709],[112.71710865650037,-7.277854777718239],[112.71712511562208,-7.277858172021113],[112.7171415747439,-7.277861566323315],[112.71715803386586,-7.277864960624873],[112.71717449299135,-7.277868355829956],[112.71719095211351,-7.277871750130205],[112.71720741123579,-7.277875144429775],[112.71722387035818,-7.277878538728707],[112.7172403294807,-7.277881933026983],[112.71725736860894,-7.277885212101255],[112.71727440683176,-7.277888491178256],[112.71729144595676,-7.277891769346955],[112.71730848417978,-7.277895048422556],[112.71732552330843,-7.277898327494046],[112.71734256152824,-7.277901605664072],[112.71735960065709,-7.277904884734147],[112.71737663888052,-7.2779081638069485],[112.71739405540136,-7.277911862796653],[112.71741147191888,-7.277915560881439],[112.71742888843998,-7.277919259869666],[112.71744630495776,-7.277922957952961],[112.71746372147913,-7.277926656939714],[112.71748102236815,-7.27792995219156],[112.71749832325727,-7.277933247442686],[112.71751562414994,-7.277936543597265],[112.71753292503925,-7.27793983884695],[112.71755022592869,-7.277943134095917],[112.71756752681821,-7.277946429344155],[112.71758482770784,-7.27794972459168],[112.71760212860102,-7.277953020742653],[112.71761942949087,-7.277956315988733],[112.7176367303808,-7.277959611234087],[112.71765389845247,-7.277962983838666],[112.71767106652423,-7.277966356442531],[112.7176882345961,-7.277969729045666],[112.71770540266807,-7.277973101648106],[112.71772257074018,-7.277976474249834],[112.71773973881238,-7.27797984685085],[112.7177569068847,-7.27798321945114],[112.71777407495712,-7.27798659205073],[112.71779124302967,-7.27798996464961],[112.71780841110231,-7.277993337247763],[112.71782459945673,-7.277997440530328],[112.71784078781475,-7.2780015447164],[112.7178569761695,-7.278005647997653],[112.71787316452443,-7.278009751278254],[112.71788935288295,-7.2780138554623806],[112.71790554123821,-7.278017958741689],[112.71792059599413,-7.278022332152859],[112.71793565165576,-7.278026705560026],[112.71795070641207,-7.278031078970052],[112.71796538132656,-7.278037006313794],[112.71798005714341,-7.278042932749371],[112.71799473205505,-7.278048859187801],[112.71800719298005,-7.278037422740152],[112.71801965481679,-7.278025988097234],[112.71803211755497,-7.278014552546486],[112.71804457938698,-7.278003116998973],[112.71805704121836,-7.277991681451278],[112.71806950305253,-7.277980246807538],[112.71808196488261,-7.277968811259423],[112.71809442761759,-7.277957375707689],[112.71810688944981,-7.277945941063345],[112.71811935127796,-7.2779345055146285],[112.7181330984011,-7.2779241139484165],[112.7181333358703,-7.277923934017888],[112.71814684642564,-7.2779137214743],[112.71816059354742,-7.277903329907527],[112.71816578449616,-7.277899405921496],[112.71825373034768,-7.277822565139456],[112.71847984483217,-7.27762500162701],[112.71850938123033,-7.277599995400471],[112.71853512933352,-7.277578196241451],[112.7185618324052,-7.2775555887289745],[112.71860520322338,-7.277518868667935],[112.71863526131817,-7.27749342011623],[112.71866346904262,-7.27746953831218],[112.71870676312275,-7.277432883637945],[112.71874362063076,-7.277401679429286],[112.71875687376658,-7.27739045787192],[112.71883817955663,-7.277312049945764],[112.71885798136333,-7.277292954265692],[112.71885018256967,-7.277289995522566],[112.7189950520757,-7.27716077050154],[112.71901471673358,-7.277141807349721],[112.71901643635273,-7.277140148869014],[112.71904411988125,-7.2771134515878],[112.71909065787447,-7.277068573638232],[112.71914183142958,-7.277019224958534],[112.71917796958323,-7.276984374153245],[112.71922213382099,-7.276941783763108],[112.71929192450962,-7.276874481350934],[112.71931589179472,-7.27685136881011],[112.71936077507274,-7.276808085786401],[112.71937776373457,-7.276791702489506],[112.71940043904081,-7.276769835398169],[112.71940566683259,-7.276764416639327],[112.71944381093023,-7.276724874508452],[112.7194232386459,-7.276718069025115],[112.71941439137805,-7.276718469715315],[112.71940546689035,-7.276718091287827],[112.71938954046567,-7.276715463600208],[112.71937746494702,-7.276713472307932],[112.71937361313898,-7.276712836819615],[112.71935768671442,-7.276710209130804],[112.71934175938783,-7.276707582349002],[112.71932422800676,-7.276704382975394],[112.71930669753128,-7.276701183597593],[112.71928916614695,-7.276697983318339],[112.71927163476614,-7.276694783942497],[112.71925410429095,-7.2766915845625],[112.71923657291035,-7.2766883851852056],[112.71921904152639,-7.276685184902979],[112.71920151105147,-7.276681985520769],[112.7191885639109,-7.276679623197628],[112.71918397967114,-7.276678786141243],[112.71916831675503,-7.27667592054745],[112.71915265293347,-7.276673054956504],[112.71913699001752,-7.276670189361535],[112.71912132710165,-7.276667323765975],[112.71910566328033,-7.2766644581732685],[112.7191003341726,-7.2766634828899495],[112.71909000036459,-7.276661592576527],[112.7190855937944,-7.276681973445591],[112.7190434758158,-7.276678358328387],[112.71900962799076,-7.276675454155474],[112.7189735273853,-7.276672355992227],[112.71890739155681,-7.276666680957732],[112.7188711514572,-7.276663571560992],[112.71878142441564,-7.276655872050109],[112.71876121644524,-7.276654137651544],[112.71861982044237,-7.27664200384195],[112.71858562206162,-7.276639069319694],[112.71854707573759,-7.276635761588115],[112.71848367458013,-7.2766303211473655],[112.71843657096076,-7.27662627912407],[112.71838392371184,-7.276621760825654],[112.71834768632621,-7.276618651375001],[112.71830989455096,-7.27661540857368],[112.71827391441656,-7.276612320745571],[112.71824077765623,-7.2766094771082726],[112.71820202842679,-7.276606152032121],[112.71816444680198,-7.276602927408876],[112.7181324939487,-7.276600185061989],[112.71809443767322,-7.276596919736467],[112.71807396429631,-7.276595162803905],[112.71799833273347,-7.276588672811605],[112.71798614490497,-7.276587626783936],[112.71795061858565,-7.276584577896113],[112.71791010209743,-7.276581101264545],[112.7178714552236,-7.276577784812599],[112.71784412477582,-7.276575439029975],[112.71777134539647,-7.276561749873097],[112.71771105200757,-7.276552979156441],[112.71767099722969,-7.276548045910215],[112.71764020579425,-7.276544253878962],[112.71762385882903,-7.276542240760848],[112.71758783462414,-7.276537803991967],[112.71751562767408,-7.276528911154195],[112.71747736124534,-7.276524198963663],[112.71744140618765,-7.2765248479871065],[112.7173935107815,-7.2765257131778895],[112.71736491687516,-7.276523063827366],[112.71733004364631,-7.276519831574214],[112.71729422381944,-7.276516514296983],[112.71725811502036,-7.276513168274229],[112.71722351355157,-7.276509963011936],[112.71715466298197,-7.276503583693914],[112.71714545144488,-7.276502730704913],[112.71711732107757,-7.276500772189971],[112.71706611632868,-7.276497207608019],[112.71703729577095,-7.276495201974229],[112.71699818842832,-7.276492479434566],[112.71696305920875,-7.276490033863466],[112.71692682223714,-7.276487511111925],[112.7169010070095,-7.276485714698341],[112.71688766043151,-7.276485468719692],[112.7168539987649,-7.276484848561139],[112.71681452322295,-7.276484123852327],[112.71677683077986,-7.276483430356935],[112.71673927417342,-7.276482739056049],[112.71666422688584,-7.27645344113632],[112.71663609844033,-7.276442460574786],[112.71662710256973,-7.276439503611216],[112.71658932028868,-7.276427087615644],[112.71659958534799,-7.276255343016697],[112.71660283162286,-7.2762010214410235],[112.71660450033212,-7.276173104577562],[112.71660630357147,-7.27614294029195],[112.71660837923172,-7.276108212430786],[112.71661060986219,-7.2760708970945105],[112.71661252971292,-7.276038773891276],[112.71661587486486,-7.275959484540736],[112.71661587285104,-7.275959431201161],[112.71661447991903,-7.275914584132152],[112.71661301679026,-7.275867468716152],[112.71661184976641,-7.275829881436948],[112.71661089121014,-7.27579901602074],[112.71661977143334,-7.275743918094135],[112.71662754495377,-7.275695688973041],[112.7166382935896,-7.275629001290958],[112.71664600165106,-7.275581180208048],[112.71664645172437,-7.275564511566849],[112.71664721374087,-7.275536286194367],[112.71664826479542,-7.275497386666925],[112.71664936892792,-7.275456489582434],[112.716650201645,-7.275425661682958],[112.71665044119142,-7.2754062550478675],[112.71665047309132,-7.27540368883555],[112.71665212531673,-7.275269945628906],[112.7166526349759,-7.275228690929491],[112.7166529499652,-7.275203164449942],[112.71665254941793,-7.275178783578319],[112.71665156687483,-7.2751192102176345],[112.71665068043572,-7.275065385333069],[112.71664983565043,-7.275014180633354],[112.71662817239394,-7.274995961920815],[112.71662652451613,-7.274929774216967],[112.71663149482329,-7.2749066352411],[112.71663872127871,-7.2748667095641695],[112.71668130052993,-7.274873553872014],[112.71668567071424,-7.274802590940744],[112.71668863701824,-7.27475441530278],[112.71669641382991,-7.2746682174221515],[112.71670082963742,-7.274619264113069],[112.71670826614923,-7.274620074116331],[112.71670927045592,-7.274602227023602],[112.7167102747627,-7.274584379930874],[112.71671127997509,-7.274566532834717],[112.71671228428205,-7.274548685742011],[112.71671328858909,-7.274530838649293],[112.71671429289621,-7.274512991556576],[112.71671529720345,-7.274495144463864],[112.71671630241624,-7.274477297367737],[112.71671730672364,-7.274459450275033],[112.71671831103112,-7.274441603182327],[112.71671974758931,-7.274367372775392],[112.71670188518716,-7.274366637542795],[112.71668402278493,-7.274365902309478],[112.7166661603826,-7.27436516707544],[112.71664829798016,-7.274364431840687],[112.71663043557758,-7.274363696605213],[112.71661257317493,-7.2743629613690235],[112.7165993618905,-7.274372089497973],[112.71659046133921,-7.27437823826155],[112.71659075015874,-7.274357259051859],[112.71659964641485,-7.274272540703113],[112.71660533706185,-7.274260242046869],[112.7166110339991,-7.27419979885913],[112.71661442864544,-7.274163778432848],[112.71662128150824,-7.27409107095143],[112.71671865620505,-7.274100221293249],[112.71674897690964,-7.274097184055568],[112.71674972083383,-7.274081349772607],[112.71675240080046,-7.274024306020102],[112.71675566086095,-7.273953351817758],[112.71672198727572,-7.273944065893167],[112.71670868606193,-7.2739533544045605],[112.71661763398323,-7.273939024404679],[112.7166086725745,-7.273938449839378],[112.71660821511406,-7.273945553082072],[112.71657413022922,-7.273943364788403],[112.71657458769361,-7.273936262449813],[112.7165707283275,-7.273936014857403],[112.71656406642616,-7.273935542794003],[112.71656326104116,-7.273946881677586],[112.71650958089862,-7.273943083116393],[112.7165103853795,-7.273931744236039],[112.71648942778337,-7.273930257581397],[112.71648851734435,-7.273934206012602],[112.71647028122878,-7.2739332985781955],[112.71646937082943,-7.2739515558192664],[112.71644144924399,-7.273950167882046],[112.71644235965135,-7.273931912449119],[112.71639877726496,-7.2739391528522255],[112.71639622157137,-7.273977200913666],[112.7163285429015,-7.273972669623746],[112.71633109769544,-7.273934621564785],[112.71631771612122,-7.273933725571652],[112.71630437893513,-7.2739290209604635],[112.71625166094033,-7.2739258272428575],[112.71625101021645,-7.273929969995325],[112.71623590832418,-7.273929119396759],[112.71622729135443,-7.273928634842199],[112.71612010361277,-7.273922600322777],[112.7160963616052,-7.273927567457206],[112.71608099961165,-7.273925468247477],[112.71604828739098,-7.27392349171958],[112.71591572289927,-7.2739187784485635],[112.71587561617324,-7.27391560564013],[112.71577864826075,-7.27390793553142],[112.71571656698431,-7.27390302488857],[112.71571413301565,-7.273902328837351],[112.71570865002218,-7.273907557738953],[112.71570010669251,-7.2739159719387425],[112.71569604463313,-7.273925537382308],[112.71569382328244,-7.273942198272069],[112.71569160193516,-7.273958860066023],[112.71568938058442,-7.273975520955802],[112.71568715832815,-7.273992181849041],[112.71568493698081,-7.274008843643042],[112.71568271563001,-7.274025504532869],[112.71568049427918,-7.274042165422725],[112.71567827293177,-7.274058827216775],[112.7156760515809,-7.274075488106647],[112.7156738293245,-7.274092148999984],[112.71567160797701,-7.274108810794077],[112.71567799935077,-7.274129366871342],[112.71567010795818,-7.274240287591236],[112.71566947012464,-7.274249255960388],[112.71566142384222,-7.274318204741181],[112.71565137193907,-7.2744043479719736],[112.71561571321551,-7.274400969329167],[112.7156126007175,-7.274400673691454],[112.71561221934891,-7.274404688837708],[112.71557816488308,-7.274401462349904],[112.71557854624854,-7.274397446299434],[112.71557595733415,-7.2743972011217295],[112.71557551938054,-7.274401815056481],[112.7155375851615,-7.274398219881032],[112.71553802402447,-7.27439360684697],[112.71549357494361,-7.274389394362959],[112.71549315003605,-7.274393867194682],[112.71545367315721,-7.274390125949523],[112.71545409806518,-7.27438565311774],[112.71540796773343,-7.274381282428559],[112.7154053462035,-7.274381032852389],[112.71540473667537,-7.27438744135136],[112.71536674991542,-7.2743838409348],[112.71536735944755,-7.274377433339932],[112.71521407556514,-7.27435961614782],[112.71520521441603,-7.274358501374763],[112.7151618345511,-7.274353042450346],[112.71513101938483,-7.274349165304538],[112.71513068941567,-7.2743567020799675],[112.7150839451264,-7.274350420412959],[112.7149880202573,-7.274337742412203],[112.71497571799509,-7.274336117134584],[112.71483751163139,-7.274317972377789],[112.71483225335548,-7.27431728158761],[112.71480287392802,-7.274314009312513],[112.714762492196,-7.274309967620956],[112.7146748978075,-7.274307460005367],[112.71467506338915,-7.274303609333289],[112.71463828424805,-7.274302541441909],[112.71463804215335,-7.274332037069774],[112.71458682424485,-7.274331154026247],[112.71456684674592,-7.27432761377482],[112.71454476688093,-7.274326049903082],[112.7145453927733,-7.274321563650767],[112.71454626901783,-7.274315281631661],[112.71452940339769,-7.274318314824768],[112.71448660740843,-7.27431590888484],[112.71444964060443,-7.274313829898595],[112.7144509428849,-7.27429072469545],[112.71441983968764,-7.274288975246396],[112.71441999831765,-7.274286155378111],[112.71437422332053,-7.274284507562133],[112.71432880178675,-7.2742827028829975],[112.71429415307239,-7.274281326709792],[112.7142918309609,-7.274281234227341],[112.71425290203307,-7.274278715978438],[112.71421545308539,-7.2742762915870784],[112.71417829941939,-7.274273888680036],[112.7141421009535,-7.274269543569581],[112.71409437536234,-7.274263814352107],[112.71406092640908,-7.274259798807676],[112.71405755179964,-7.27425939383917],[112.71402340114648,-7.274256831269565],[112.71398409477824,-7.274252208563096],[112.71393812440859,-7.274246801813307],[112.7139347154035,-7.27424640059072],[112.71390103956882,-7.274242730389103],[112.71386335875941,-7.274238623240274],[112.71382865382627,-7.27423484118964],[112.7138295815917,-7.274242612821844],[112.71375261142242,-7.274241707747843],[112.7137338517005,-7.274240752454895],[112.71371740875331,-7.274239914984189],[112.71368991266705,-7.274238514419475],[112.71368701081268,-7.274238367162761],[112.71365618643165,-7.274237551539009],[112.71363759055173,-7.274237058568282],[112.71362065019127,-7.274237817969308],[112.71358562689784,-7.274239389013379],[112.71354873220231,-7.274241043085239],[112.71351147551101,-7.274241321439587],[112.71347081958199,-7.274241625306168],[112.71347114401429,-7.27425124106069],[112.71346702134325,-7.274251287395985],[112.71341393370443,-7.274251887833579],[112.71341337143767,-7.274236387595101],[112.71337561436393,-7.274236764579177],[112.71332615203028,-7.274237257259306],[112.71328160107285,-7.274237702426176],[112.71323943788303,-7.274238122283439],[112.71323770567443,-7.2742192764375275],[112.7132285809707,-7.274120023463067],[112.71322823142873,-7.274117155784666],[112.71322360060951,-7.27411716244627],[112.71320728497959,-7.274117184360612],[112.71319096934955,-7.2741172062743775],[112.71317482286132,-7.274116939110784],[112.71315867728192,-7.274116672847349],[112.71314253079346,-7.2741164056826],[112.71312638430831,-7.274116139421447],[112.71311023781962,-7.274115872255538],[112.71309409223976,-7.274115605989799],[112.71307794575084,-7.274115338822725],[112.71306179926523,-7.27411507255925],[112.71304427559444,-7.274115075526611],[112.7130379655518,-7.274117368907444],[112.7130320998858,-7.274121749290943],[112.71304392995398,-7.273607011469217]]]},"properties":{"Id":0,"Nama_Lokas":"MU Putat Gede","OBJECTID":1424,"PL":"Hutan Kota, Jalur Hijau dan Taman Kota","TGL":"Ruang Terbuka Hijau","RTH":"RTH","Tipe_RTH":"Makam","Shape_Leng":187023.559767,"Shape_Area":187023.559767,"Luas":187023.559767,"Luas_UPT":"107.099,83","Luas_fasum":"3.527,00","Luas_efek":"103.573","Kapasitas":"51.786","kematian":"50.764","sisa_petak":"1.022","Ket":"Tersedia, Sedikit"}},
{"type":"Feature","geometry":{"type":"Polygon","coordinates":[[[112.71383318454939,-7.270430621957597],[112.71383872533573,-7.27039526520192],[112.71383790235451,-7.27039506125379],[112.71382693529573,-7.2703923386071745],[112.71375584274354,-7.270380492141705],[112.71368284740696,-7.270368328253274],[112.7136751247101,-7.270414535420693],[112.71367118012134,-7.270438134364062],[112.71361801903706,-7.270429275347337],[112.71360691844124,-7.270495697639752],[112.7135378292284,-7.270484184448947],[112.71353543424524,-7.270466777867049],[112.71338999856583,-7.270446495978731],[112.71335043533787,-7.270442104678665],[112.7133279209226,-7.270624674671017],[112.7133228359004,-7.27067349402683],[112.71331082408122,-7.270788819362583],[112.71326762662562,-7.270784333296732],[112.7132096933355,-7.270778316973809],[112.7131708404491,-7.270774282847749],[112.71313030263406,-7.2707700724399285],[112.7129663476198,-7.270745595357303],[112.71290501410022,-7.270735035620522],[112.71286121376454,-7.2707274947190585],[112.71282958245459,-7.270722048953115],[112.7128280353789,-7.270731008108672],[112.71282404827171,-7.270755824258294],[112.71280344069508,-7.270752523168357],[112.71279798240391,-7.2707864925881855],[112.71271473028607,-7.270773155695409],[112.7127080551762,-7.270771816493267],[112.71270614159444,-7.270781075417296],[112.71270254207974,-7.270798494715987],[112.71269894256491,-7.270815914014726],[112.71269534304997,-7.2708333333134805],[112.71269203075605,-7.27084936449629],[112.71268871846202,-7.27086539567914],[112.71268496227655,-7.270883049755716],[112.71268120609096,-7.2709007038323135],[112.71267824526656,-7.270914618781881],[112.7126841298841,-7.270915963683671],[112.71275930353897,-7.27093254641115],[112.71283206908272,-7.270947604715785],[112.7128427444442,-7.270949814001876],[112.71287225351183,-7.27096010973154],[112.71292220681683,-7.270975762387554],[112.71295392329354,-7.270984560564411],[112.71294225570311,-7.271035204145725],[112.71292555032424,-7.271084071041861],[112.71295795523547,-7.271100097437588],[112.71296045195076,-7.2710951348379655],[112.71300233031255,-7.27110732058567],[112.71302418611324,-7.271108817602755],[112.71305559444808,-7.2711096600459655],[112.71306651177554,-7.271058411683185],[112.71307502152514,-7.271027757252716],[112.71308644013416,-7.271031829070913],[112.71309402435162,-7.271024559636156],[112.71311064629106,-7.271008627338042],[112.71313531176042,-7.270992887972018],[112.71313990845644,-7.270992009806719],[112.71314017373554,-7.270986267185798],[112.71315927349403,-7.270981170397763],[112.7131598240049,-7.27097470967461],[112.7132064884753,-7.270957877169867],[112.71323584066933,-7.270964531382199],[112.71331926699081,-7.270983444563637],[112.7134073407976,-7.271003410721696],[112.71345102326646,-7.271003979785366],[112.71364466342483,-7.2710266563016805],[112.7137441956605,-7.271038029933619],[112.71388479819505,-7.271054097416345],[112.71389531929675,-7.271056698774092],[112.7138975244222,-7.271050780639734],[112.71390344327936,-7.2710348896967325],[112.71390874765979,-7.271022916226536],[112.71391298929863,-7.271014373660881],[112.71391925414726,-7.271001847714399],[112.71392551899561,-7.270989321767901],[112.71393346530084,-7.270973430391508],[112.71394044551097,-7.27095947311726],[112.71394742572075,-7.2709455158429925],[112.71395440683911,-7.270931559469469],[112.71399372206875,-7.270951489269245],[112.714010082417,-7.270957320919151],[112.71402644276557,-7.270963152568341],[112.71404280401994,-7.270968984213432],[112.7140591643691,-7.270974815861246],[112.71407552471858,-7.270980647508366],[112.71409188506834,-7.270986479154809],[112.71410824541842,-7.2709923108005485],[112.7141246057688,-7.2709981424456105],[112.71414096702497,-7.271003974086539],[112.71415732737596,-7.271009805730225],[112.71417368772723,-7.271015637373195],[112.71419004807882,-7.271021469015497],[112.7141905320962,-7.271030187206341],[112.71420526443583,-7.27103533058634],[112.7142199967757,-7.271040473965797],[112.7142347291158,-7.271045617344679],[112.71425041998286,-7.271051606133235],[112.71426611085023,-7.271057594921145],[112.7142818026234,-7.271063583704992],[112.71429749349139,-7.271069572491618],[112.71431318435967,-7.271075561277606],[112.71432887522828,-7.271081550062948],[112.71434456609717,-7.2710875388476675],[112.71436025787187,-7.271093527628299],[112.71437594874142,-7.271099516411716],[112.71439163961124,-7.271105505194492],[112.71440727007702,-7.271112279947311],[112.7144229014521,-7.271119055600232],[112.71443853191862,-7.271125830351769],[112.7144541623855,-7.271132605102635],[112.71446979376167,-7.271139380753608],[112.71448542422928,-7.27114615550319],[112.71450174691272,-7.271151603897574],[112.7145180704985,-7.271157051383693],[112.71453439318249,-7.2711624997767315],[112.71455071677225,-7.27116794816566],[112.71456703945333,-7.271173395653143],[112.71458336304364,-7.271178844040713],[112.71459968572528,-7.2711842915268505],[112.71461600931612,-7.271189739913041],[112.71463233200173,-7.271195188301987],[112.71464865558968,-7.271200635782657],[112.71466497827585,-7.271206084170239],[112.7146820157329,-7.271210661829439],[112.71469905319017,-7.271215239487914],[112.71471609064766,-7.271219817145669],[112.71473312900741,-7.271224393895096],[112.7147501664653,-7.271228971551421],[112.7147672039234,-7.271233549207007],[112.71478424138171,-7.27123812686187],[112.71480127884021,-7.271242704516011],[112.71481831629893,-7.271247282169449],[112.71483535465993,-7.271251858914539],[112.71485239211904,-7.271256436566513],[112.71486942957837,-7.2712610142177665],[112.71488646703791,-7.2712655918682945],[112.71490233505382,-7.271270296913093],[112.71491820306994,-7.2712750019572585],[112.71493407108626,-7.271279707000773],[112.71494993910281,-7.271284412043667],[112.71496580711955,-7.271289117085932],[112.71497407487549,-7.271293991940953],[112.7149801983852,-7.271302688787307],[112.71498251536671,-7.271296900430963],[112.71507522343383,-7.27130940810963],[112.71512707607789,-7.271320874137586],[112.7151320517293,-7.271322024426691],[112.71515426543831,-7.271327162063402],[112.71518432781222,-7.271334115449261],[112.71528365809834,-7.271358357926382],[112.71529050199378,-7.271360028285991],[112.71528602721293,-7.271380379569809],[112.71530178472827,-7.271385075974999],[112.71534844989145,-7.27139898393496],[112.71534161756756,-7.271441153224362],[112.71534025676823,-7.271449552882404],[112.71538197902987,-7.271474514289985],[112.71539767578493,-7.271478231682189],[112.71543854227644,-7.27148791097739],[112.7154595311009,-7.271492881436514],[112.71549258682342,-7.271500709574743],[112.71549170673256,-7.27150549878772],[112.71552197574795,-7.271511066144779],[112.7155240413352,-7.271502983902609],[112.71552654736642,-7.271503583840959],[112.71558429213246,-7.271517409143184],[112.71558764642502,-7.271517954331207],[112.71560766616788,-7.2715212077763365],[112.71560942658809,-7.271511931349244],[112.71564568891546,-7.27151837296679],[112.71567098082959,-7.27152264717398],[112.71571867859771,-7.271530909935303],[112.71575987363599,-7.271540069853754],[112.71576456817095,-7.271540873990043],[112.7157927716217,-7.271545704094611],[112.71584528136745,-7.2715546981974954],[112.71584821205153,-7.271537642205096],[112.71588555626288,-7.271544505579788],[112.71589412390368,-7.271546080792042],[112.71593439154836,-7.271554009984656],[112.71598021506958,-7.271563033003649],[112.71601928110447,-7.271570726223091],[112.71602857485652,-7.271572271557453],[112.71605203439859,-7.271576172015895],[112.71607845141699,-7.271580564908323],[112.71609603406895,-7.271583488487248],[112.71613389499055,-7.271589784764088],[112.71620316909922,-7.271601303133085],[112.71624009040674,-7.271607442916873],[112.71630624576154,-7.271618443223932],[112.71646430960712,-7.27163764725982],[112.7165052895586,-7.271642626039285],[112.71650756474355,-7.27162655538583],[112.71650992725833,-7.271609874977406],[112.716512288871,-7.271593195476588],[112.71652313373934,-7.2715575455796815],[112.71652469296598,-7.271543462335724],[112.71652658397174,-7.271526375019258],[112.71652847587956,-7.2715092867952],[112.71653036778741,-7.271492198571157],[112.71653225879318,-7.271475111254752],[112.71653415070105,-7.271458023030735],[112.71653604170685,-7.2714409357143355],[112.71653793361472,-7.271423847490344],[112.71653982552259,-7.271406759266369],[112.71654171652841,-7.271389671950029],[112.7165436084363,-7.271372583726079],[112.71654550034762,-7.271355496406315],[112.71654739135002,-7.271338408185826],[112.71654928325793,-7.271321319961913],[112.71655117426377,-7.271304232645625],[112.7165530661717,-7.271287144421758],[112.71655837270477,-7.271233325906804],[112.71655968991794,-7.2712177489531875],[112.716561135396,-7.271200657899246],[112.71656258178305,-7.271183567746079],[112.7165640272612,-7.27116647669218],[112.71656547273938,-7.271149385638282],[112.71656691822106,-7.2711322954885595],[112.71656836369932,-7.271115204434681],[112.71656980917764,-7.2710981133808135],[112.71657125465943,-7.271081023231115],[112.71657270013782,-7.2710639321772605],[112.71657414652176,-7.2710468411199916],[112.71657559200368,-7.271029750970332],[112.7165770374822,-7.271012659916494],[112.7165784829642,-7.27099556976685],[112.7165799284428,-7.270978478713045],[112.71658048729316,-7.270978040776745],[112.7165837483448,-7.270949511169151],[112.7165873108878,-7.2709183474177],[112.7165920478648,-7.270875259278068],[112.7165470454714,-7.270868792960395],[112.7153390549744,-7.270668949594636],[112.71531629773942,-7.270744621553475],[112.7150438734918,-7.270671376788507],[112.7150404308121,-7.270670445839727],[112.71504335470105,-7.270678314800539],[112.7150062289039,-7.27080415048497],[112.71459057252478,-7.270674719333177],[112.71453832481545,-7.270838831471164],[112.7140681763447,-7.270696755575104],[112.71410333696512,-7.270604216052003],[112.71408788732177,-7.27059927158726],[112.71402139042048,-7.270588191727231],[112.71398049775662,-7.270581377759753],[112.71390526706692,-7.270568840800234],[112.71389326864919,-7.270566841792603],[112.71389595236678,-7.270550783149573],[112.71381642954549,-7.270537531816417],[112.71381851253705,-7.270524240462404],[112.71382707702004,-7.27046958948473],[112.71383318454939,-7.270430621957597]]]},"properties":{"Id":0,"Nama_Lokas":"MT Simo Kwagean","OBJECTID":1426,"PL":"Hutan Kota, Jalur Hijau dan Taman Kota","TGL":"Ruang Terbuka Hijau","RTH":"RTH","Tipe_RTH":"Makam","Shape_Leng":25458.6575933,"Shape_Area":25458.6575933,"Luas":25458.6575933,"Luas_UPT":"74.793,77","Luas_fasum":"3.614,00","Luas_efek":"71.180","Kapasitas":"10.624","kematian":"5.974","sisa_petak":"4.650","Ket":"Tersedia"}},
{"type":"Feature","geometry":{"type":"Polygon","coordinates":[[[112.74039788262994,-7.252483391122961],[112.74048365782657,-7.2522809991605195],[112.74046694867346,-7.25227896275515],[112.74045023861835,-7.2522769272567675],[112.74043352946524,-7.252274890850111],[112.74041737066031,-7.252269508677565],[112.74041507870847,-7.25226874528698],[112.74040121276111,-7.252264126500903],[112.74038505395671,-7.252258744327035],[112.7403760529684,-7.252255746183983],[112.74036889515257,-7.252253362152504],[112.74035273725416,-7.252247979973838],[112.74033657845054,-7.252242597797969],[112.74032224550629,-7.25223567965988],[112.7403211478554,-7.25223514949372],[112.74030791255892,-7.252228760617085],[112.74029357961537,-7.252221842477898],[112.7402792466687,-7.252214923433969],[112.74027776983348,-7.252214211171432],[112.74026491372588,-7.252208005293665],[112.74024847862282,-7.252210603560412],[112.74023896195403,-7.252217148296166],[112.74023048477244,-7.252230532788781],[112.7402304037713,-7.252230660588385],[112.7402220075904,-7.252243917281339],[112.74021353040793,-7.25225730177384],[112.74021227489544,-7.2522592840239435],[112.74020505322498,-7.252270686266309],[112.74019648735789,-7.2522854987985665],[112.7401919458149,-7.252293350911666],[112.74018792148684,-7.252300310426617],[112.74017935471332,-7.25231512296225],[112.7401707888413,-7.252329934590231],[112.74016222297226,-7.252344747122335],[112.74015365710275,-7.252359559654385],[112.74014509122928,-7.252374371282253],[112.74013652445335,-7.252389183817711],[112.74012795857892,-7.2524039954455075],[112.74011939270747,-7.252418807977406],[112.74011185816005,-7.25243149806577],[112.74010432271027,-7.2524441890617535],[112.74009987755058,-7.252451675516772],[112.74010546820527,-7.252454818735907],[112.74007795016087,-7.2525128169617155],[112.74013371716617,-7.2525385623925835],[112.7401216512125,-7.252535104906076],[112.74012155784658,-7.2525350781382665],[112.74011036663187,-7.252531871375885],[112.74010939852711,-7.252531593883581],[112.74010456573777,-7.252546836975306],[112.74009973204625,-7.2525620809747],[112.74009691306924,-7.252570972626962],[112.74009489835102,-7.252577324069945],[112.74009006556452,-7.252592568065886],[112.74008523277779,-7.252607812061859],[112.74008039908192,-7.252623055157152],[112.74007556538585,-7.252638298252443],[112.74007073259847,-7.252653542248465],[112.74006508121522,-7.252669008191127],[112.74006050330061,-7.2526815368626245],[112.74005942983516,-7.252684475037966],[112.74005377845134,-7.252699940980629],[112.74004812707074,-7.252715407827492],[112.74005072415419,-7.252715696260621],[112.74005883517574,-7.252716598310837],[112.74005675388277,-7.252727305444042],[112.74005467168432,-7.252738012580724],[112.74005899506501,-7.2527396036550575],[112.74006569592247,-7.252742064486987],[112.74006129907129,-7.25275741441102],[112.74005690221989,-7.252772764335093],[112.74005012023136,-7.252784542840924],[112.74004226797452,-7.252796320020593],[112.74003298969367,-7.252810241951573],[112.74002913276972,-7.252819296714811],[112.74002458472006,-7.252834650834696],[112.74002003667019,-7.252850004954607],[112.74001548862013,-7.252865359074532],[112.74001094056989,-7.252880713194464],[112.74000639251943,-7.252896067314423],[112.74000184446881,-7.252911421434403],[112.73999729641797,-7.2529267755544025],[112.73999247822825,-7.252943699461365],[112.73998765913285,-7.252960623371843],[112.73998284094269,-7.252977547278859],[112.73997802275228,-7.252994471185895],[112.73997320365622,-7.253011395096422],[112.73996838546539,-7.253028319003502],[112.73996324627628,-7.253045594057646],[112.73995810708342,-7.253062868207635],[112.73995296698834,-7.253080143265297],[112.73994782779499,-7.253097417415327],[112.73994268860487,-7.253114692469545],[112.7399382269768,-7.25312944497906],[112.73993376535203,-7.2531441983927385],[112.7399293037236,-7.253158950902272],[112.73992484209496,-7.253173703411834],[112.73992038046964,-7.253188456825562],[112.73991591884064,-7.253203209335142],[112.73991056495099,-7.253220222095345],[112.73990521106454,-7.253237235759732],[112.73989985717434,-7.2532542485199745],[112.73989450328388,-7.253271261280238],[112.73988914939663,-7.25328827494469],[112.73988379550565,-7.253305287704993],[112.73987897735918,-7.253320338151125],[112.7398741592125,-7.253335388597274],[112.73986934106561,-7.253350439043454],[112.73986452291851,-7.253365489489633],[112.73985970477119,-7.2533805399358275],[112.73985488662366,-7.25339559038204],[112.7398500936733,-7.253410836034675],[112.73984530071924,-7.253426080783161],[112.73984050776846,-7.253441326435827],[112.73983571481398,-7.253456571184347],[112.73983092186278,-7.253471816837029],[112.73982612890788,-7.25348706158558],[112.73982133595624,-7.253502307238314],[112.73981608368645,-7.2535179606269775],[112.73981083232535,-7.253533614916357],[112.73980558005506,-7.2535492683050515],[112.73980032869,-7.25356492169029],[112.73979507641921,-7.253580575079019],[112.73978982505712,-7.253596229368438],[112.73978457278585,-7.253611882757199],[112.73977969489835,-7.253627646830536],[112.73977481700716,-7.253643409999742],[112.73976993911923,-7.253659174073111],[112.73976506123105,-7.253674938146501],[112.7397601833392,-7.2536907013157474],[112.7397553054506,-7.253706465389173],[112.73975039823557,-7.253721902261718],[112.73974549011486,-7.253737339137746],[112.73974058199394,-7.253752776013809],[112.73973567477825,-7.253768212886403],[112.7397321067482,-7.2537803479896175],[112.73972568090772,-7.253788200989907],[112.73971354522112,-7.253797480952592],[112.73970708468644,-7.253800072661303],[112.73970440771298,-7.253801146228872],[112.73969527020466,-7.253804811505023],[112.73969235562576,-7.253817105049845],[112.73968944195225,-7.253829398591231],[112.7396865273732,-7.253841692136103],[112.73968279580794,-7.253857692331631],[112.739679065148,-7.253873692523702],[112.73967533358247,-7.253889692719258],[112.73967133308655,-7.253905927223216],[112.73966733168503,-7.25392216173066],[112.7396633311888,-7.253938396234656],[112.73965932978696,-7.253954630742147],[112.73965514311699,-7.253970957281346],[112.73965095644685,-7.25398728382057],[112.73964676977654,-7.254003610359834],[112.73964258310606,-7.254019936899096],[112.73963931036921,-7.254031865622772],[112.73963603853424,-7.254043793438828],[112.7396327657972,-7.254055722162506],[112.73962908250681,-7.254067788989665],[112.73962539831084,-7.2540798558203035],[112.7396217150202,-7.254091922647478],[112.73961654267649,-7.254107170657876],[112.73970409258914,-7.254128850350482],[112.73976145979152,-7.254134798056972],[112.73979530669685,-7.254130426917063],[112.73979331600133,-7.254215407578565],[112.74088172811219,-7.2544289487311815],[112.74094386786011,-7.254421413846986],[112.74097802148869,-7.254425230595016],[112.74101709771554,-7.254430816035904],[112.74101577763946,-7.254440029259702],[112.74105396329891,-7.254445487004355],[112.7410588920701,-7.254452866109504],[112.74109503989187,-7.2544581860882875],[112.74134852893943,-7.254529509865313],[112.74135371562012,-7.254514003197688],[112.74135890320603,-7.254498496526607],[112.74136408988626,-7.254482989859014],[112.74136927656625,-7.2544674831914335],[112.74137441900177,-7.2544513021756964],[112.7413795605316,-7.254435121163439],[112.74138470296663,-7.254418940147735],[112.74138984449597,-7.254402759135501],[112.74139498693052,-7.254386578119834],[112.74140012936482,-7.254370397104182],[112.74140527089344,-7.254354216092024],[112.74141041332724,-7.254338035076403],[112.74141555485537,-7.254321854064283],[112.7414206972887,-7.254305673048706],[112.74142605631185,-7.254289304037694],[112.74143141533473,-7.254272935026698],[112.74143677436086,-7.254256566919891],[112.74144213338323,-7.254240197908935],[112.74144749240533,-7.254223828897999],[112.74145285142717,-7.254207459887074],[112.74145821044877,-7.254191090876171],[112.74146356947008,-7.2541747218652874],[112.74146892849114,-7.254158352854417],[112.74147428751543,-7.254141984747735],[112.74147964653596,-7.254125615736899],[112.74148500555624,-7.2541092467260855],[112.74149066142525,-7.254093075496714],[112.74149631819942,-7.254076904263885],[112.74150197406786,-7.25406073303454],[112.74150763084147,-7.254044561801742],[112.74151328670935,-7.254028390572428],[112.74151894257695,-7.2540122193431475],[112.74152459934622,-7.253996047206226],[112.74153025521325,-7.25397987597696],[112.74153591107999,-7.253963704747701],[112.7415415678519,-7.253947533514992],[112.74154722371807,-7.253931362285768],[112.74155288048942,-7.2539151910530855],[112.74155853635503,-7.2538990198238915],[112.74156415903278,-7.253882223934055],[112.74156978261223,-7.253865427136612],[112.74157540528941,-7.253848631246814],[112.74158102796632,-7.253831835357037],[112.7415866515449,-7.253815038559639],[112.74159227422123,-7.2537982426699],[112.74159789689728,-7.253781446780174],[112.74160352047501,-7.253764649982831],[112.74160914315048,-7.253747854093145],[112.74161476582567,-7.253731058203477],[112.74162038940256,-7.253714261406185],[112.74162601207716,-7.25369746551655],[112.74163153624131,-7.253681189003503],[112.74163705950322,-7.25366491339809],[112.74164258366682,-7.253648636885076],[112.74164810783363,-7.253632361276221],[112.74165363199668,-7.253616084763243],[112.74165915525748,-7.253599809157894],[112.74166467941998,-7.2535835326449245],[112.74167020358223,-7.2535672561319915],[112.7416757268422,-7.253550980526695],[112.7416812510039,-7.253534704013793],[112.74168677516877,-7.253518428405053],[112.74169229932991,-7.253502151892184],[112.7416978225888,-7.253485876286954],[112.7417033467494,-7.253469599774115],[112.74170921039462,-7.253453541675302],[112.74171507313757,-7.253437484484154],[112.74172093678219,-7.253421426385367],[112.74172680042999,-7.253405369190775],[112.74173266316856,-7.253389311095496],[112.74173852681577,-7.253373253900913],[112.74174438955374,-7.2533571958056635],[112.74175025320035,-7.2533411386111],[112.74175611684319,-7.253325080512405],[112.74176197958376,-7.253309023321356],[112.74176784322599,-7.253292965222669],[112.7417726913966,-7.253277498733677],[112.74177753957046,-7.253262033148868],[112.74178238864609,-7.253246566656439],[112.74178723681607,-7.253231100167501],[112.74179208498927,-7.253215634582744],[112.7417969331588,-7.253200168093838],[112.74180178223355,-7.25318470160146],[112.74180663040612,-7.2531692360167535],[112.74181147857499,-7.253153769527899],[112.74181675996873,-7.253136761560966],[112.74182204045674,-7.25311975359751],[112.74182732184647,-7.253102744726456],[112.74183260323942,-7.25308573675957],[112.74183788463212,-7.253068728792722],[112.7418431651191,-7.253051720829349],[112.74184844651128,-7.253034712862541],[112.7418537279032,-7.253017704895739],[112.74185900929139,-7.253000696024811],[112.74186428977734,-7.25298368806152],[112.74186957116846,-7.252966680094796],[112.741874706085,-7.252950669095103],[112.74187984100128,-7.252934658095425],[112.7418849759208,-7.25291864799993],[112.74189011083658,-7.2529026370002905],[112.74189524484667,-7.252886626004142],[112.741900379762,-7.252870615004536],[112.74190551468055,-7.2528546049091105],[112.74191064959537,-7.252838593909541],[112.74191578450996,-7.252822582909985],[112.74192231099995,-7.252805832381739],[112.74192883748613,-7.252789080949339],[112.74193536397541,-7.252772330421108],[112.74194188955542,-7.252755578992193],[112.74194841604398,-7.252738828463985],[112.74195494252874,-7.252722077031616],[112.74196146901659,-7.252705326503424],[112.74196799550408,-7.2526885759752435],[112.74197452198776,-7.252671824542905],[112.74198104847453,-7.252655074014744],[112.74198757405203,-7.252638322585899],[112.74199410053811,-7.252621572057755],[112.74200062702035,-7.252604820625455],[112.7420071535057,-7.252588070097328],[112.74201306191928,-7.252571649251762],[112.74201897123802,-7.252555228402739],[112.74202487965101,-7.252538807557203],[112.74201344382537,-7.2525346243651585],[112.7420020079964,-7.252530440268627],[112.74199057217103,-7.252526257075907],[112.74197654294238,-7.252521799913546],[112.7419625137139,-7.252517342750684],[112.74194848357668,-7.252512884686629],[112.74193445434855,-7.252508427522773],[112.74192042512063,-7.25250397035841],[112.74190410034855,-7.252498757962724],[112.74188777557671,-7.252493545566363],[112.74187183468773,-7.252488559550791],[112.74185589379896,-7.252483573534576],[112.74183995200151,-7.252478586617028],[112.74182401111321,-7.252473600599525],[112.74180807022515,-7.25246861458138],[112.74179212933731,-7.25246362856259],[112.7417761884497,-7.252458642543153],[112.74176024756234,-7.252453656523055],[112.74174430576626,-7.252448669601639],[112.74172836487935,-7.252443683580272],[112.74171242399267,-7.252438697558261],[112.74169666428541,-7.252434440513775],[112.7416809045818,-7.252430184372814],[112.74166514487489,-7.252425927327095],[112.74164938516815,-7.252421670280734],[112.74163362455961,-7.25241741414141],[112.74161786485321,-7.252413157093813],[112.74160210514701,-7.252408900045621],[112.74158634544446,-7.252404643900971],[112.74157058573859,-7.252400386851519],[112.74155345936401,-7.252395575352803],[112.7415363320842,-7.252390763856825],[112.74151920571006,-7.252385952356643],[112.7415020784307,-7.252381140859198],[112.74148495115155,-7.252376329361012],[112.74146782477808,-7.2523715178586485],[112.74145069749937,-7.252366706359],[112.74143357112634,-7.25236189485515],[112.74141709161248,-7.252356233655293],[112.74140061209891,-7.2523505724547555],[112.74138413349108,-7.252344911250036],[112.74136765397807,-7.252339250048102],[112.74135117446536,-7.252333588845475],[112.74133469495294,-7.2523279276421295],[112.7413182154408,-7.252322266438106],[112.7413017368344,-7.252316605229915],[112.74128525732283,-7.252310944024479],[112.74126877781154,-7.252305282818364],[112.74125234596838,-7.252299302253503],[112.74123591412206,-7.252293320783797],[112.74121948227952,-7.252287340217541],[112.74120305043382,-7.252281358746417],[112.74118661859193,-7.25227537817878],[112.74117018675031,-7.252269397610423],[112.74115375490554,-7.252263416137207],[112.74113732306456,-7.252257435567465],[112.74112089122043,-7.252251454092848],[112.74110445938005,-7.252245473521716],[112.74108829883467,-7.252239874378268],[112.741072139195,-7.252234275230678],[112.7410559786467,-7.252228675181711],[112.74103981900758,-7.252223076032778],[112.74102460321676,-7.252217804196402],[112.74098283479087,-7.25231295825169],[112.74093100391048,-7.252435920930964],[112.74092367084837,-7.252464279688555],[112.74089982039976,-7.2525193026986345],[112.74088289829672,-7.25254314655692],[112.74084112296349,-7.252628502947564],[112.74076298037215,-7.252586116019432],[112.74072933168102,-7.25256144238231],[112.74070798083949,-7.252621792280989],[112.74057701972387,-7.252563163353355],[112.74039788262994,-7.252483391122961]]]},"properties":{"Id":0,"Nama_Lokas":"M Belanda Peneleh","OBJECTID":1435,"PL":"Hutan Kota, Jalur Hijau dan Taman Kota","TGL":"Ruang Terbuka Hijau","RTH":"RTH","Tipe_RTH":"Makam","Shape_Leng":44422.74543200001,"Shape_Area":44422.74543200001,"Luas":44422.74543200001,"Luas_UPT":"44.986,79","Luas_fasum":"11.142,30","Luas_efek":"33.844","Kapasitas":"8.205","kematian":"11.885","sisa_petak":"-","Ket":"Tidak Aktif"}},
{"type":"Feature","geometry":{"type":"Polygon","coordinates":[[[112.72866577883926,-7.251739726417178],[112.7284546496146,-7.251690209819812],[112.72845670307922,-7.251681152016655],[112.72840268850916,-7.251669149157555],[112.72838844432978,-7.25166576923997],[112.72840734634688,-7.251586327942055],[112.72841514385433,-7.251543017636778],[112.72840367216527,-7.251529175693273],[112.72839220047346,-7.251515332845116],[112.72838072878585,-7.251501490900687],[112.72836925800443,-7.251487648952327],[112.7283577863183,-7.25147380700695],[112.72834631462943,-7.2514599641569575],[112.72833484294475,-7.251446122210655],[112.7283233712608,-7.251432280263902],[112.72831148231157,-7.251418716584429],[112.7282995924576,-7.2514051529079095],[112.72828770351327,-7.251391590131648],[112.72827581456622,-7.25137802645071],[112.72826392561993,-7.251364462769302],[112.72825203576889,-7.251350899090835],[112.72824014682405,-7.251337335408436],[112.7282282578834,-7.251323772629734],[112.72821636803457,-7.251310208949805],[112.72820447909194,-7.251296645265945],[112.72819311264365,-7.251283091349011],[112.72818174619606,-7.251269537431609],[112.72817037975263,-7.251255984417941],[112.72815901330647,-7.251242430499646],[112.72814764686099,-7.251228876580884],[112.72813628041625,-7.251215322661688],[112.7281249130702,-7.251201769649633],[112.72811354662686,-7.251188215729529],[112.72810218018425,-7.2511746618089585],[112.72809081374234,-7.251161107887947],[112.72807944730457,-7.251147554870655],[112.72806808086406,-7.251134000948722],[112.72805717690784,-7.251121341315731],[112.72804627204678,-7.251108681685768],[112.72803536718635,-7.251096022055387],[112.72802446323202,-7.2510833624211575],[112.72801355927831,-7.251070702786513],[112.72800265441978,-7.2510580431549],[112.72799175047078,-7.251045384423603],[112.72798084561352,-7.251032724791145],[112.72796994166232,-7.251020065154856],[112.72795903680633,-7.251007405521589],[112.72794813285641,-7.250994745884472],[112.72793722800166,-7.250982086250382],[112.72792760076481,-7.25097085127578],[112.72791797261955,-7.250959615400126],[112.72790834538371,-7.25094838042488],[112.72789871723944,-7.250937144548583],[112.72789447889164,-7.250932198491839],[112.72788909000458,-7.250925909572692],[112.7278829844186,-7.250918784294009],[112.72787687883284,-7.250911659015201],[112.7278722512126,-7.250906258728539],[112.72786169730975,-7.25089468820531],[112.7278511205195,-7.250912024587965],[112.72781480428071,-7.250937999769765],[112.72758927489222,-7.251102492202959],[112.72739917569936,-7.251260151676044],[112.7273748240166,-7.2512822539357495],[112.72730651687347,-7.251337536911228],[112.72723916039456,-7.2513909030091135],[112.72712498543068,-7.251480331478153],[112.72703565662009,-7.251551484125793],[112.72696733115785,-7.251601983089324],[112.726911424683,-7.251642386629091],[112.72681491191767,-7.251714523178479],[112.7267432271116,-7.251763599037588],[112.72672842136996,-7.25177609509373],[112.72662805750495,-7.251843462200787],[112.72650952765657,-7.251921902263467],[112.72644357239133,-7.251965693051219],[112.72636087444349,-7.252016724874573],[112.72627292037626,-7.252071604077],[112.72617540750356,-7.25213274038375],[112.72609174513588,-7.252182339987342],[112.7260075864403,-7.252227157413841],[112.72587181280859,-7.252307097803999],[112.72570635464531,-7.2523928933979676],[112.72557675580215,-7.252458457209964],[112.72545384634702,-7.252519210633583],[112.72528645656443,-7.252601186022381],[112.72511379601579,-7.252683180471535],[112.7249473176066,-7.2527527115929065],[112.72475166000706,-7.25283527246032],[112.72464447677675,-7.252873477973544],[112.72451767503125,-7.252918935370015],[112.72436179296989,-7.252971520506023],[112.72414368297797,-7.253040290712626],[112.7240269034556,-7.25307518340966],[112.72390866964606,-7.253105774953814],[112.723901954697,-7.2531038871724345],[112.72371670152782,-7.253150522794467],[112.72350160778463,-7.253193444126935],[112.72347515841886,-7.253199764371495],[112.72344798874254,-7.253205488774893],[112.72341997970412,-7.253211217265065],[112.7233664792661,-7.253222784043316],[112.72324599828814,-7.253247991381895],[112.72350437300706,-7.253197701402777],[112.72353191946796,-7.253199383576661],[112.72352845732868,-7.253255895783118],[112.72352685339226,-7.2532750851140575],[112.72369918108821,-7.253288212047664],[112.72388235402188,-7.25329976606787],[112.72465491630236,-7.2533154846067065],[112.72466860487255,-7.253317040286845],[112.72467101708077,-7.253295877670879],[112.72484051383972,-7.25329487884735],[112.72490083732824,-7.253295535018978],[112.72490064798076,-7.253312868099565],[112.72505541244809,-7.2533134848512235],[112.72510146319667,-7.253314214177839],[112.72536087834251,-7.253317773502449],[112.72536060877586,-7.2533211715561565],[112.72535962561284,-7.253333582541831],[112.7253581252057,-7.253348551628069],[112.72535662389657,-7.253363521621947],[112.72535579004864,-7.253375671634755],[112.72535495620075,-7.253387821647564],[112.72535412235287,-7.253399971660379],[112.72535320980188,-7.253411903158876],[112.72535229725435,-7.253423835561546],[112.72535196887041,-7.253430809897622],[112.7253514863996,-7.253437981027423],[112.72534940792036,-7.253451424233348],[112.72534732943765,-7.253464866535115],[112.72534458578016,-7.253477925275307],[112.725341014536,-7.253494317278672],[112.72533744420063,-7.253510710182791],[112.7253338738617,-7.253527102182755],[112.72533030262062,-7.253543495090356],[112.72532692573172,-7.253557662960223],[112.72532354794069,-7.253571831737718],[112.72532017105156,-7.253585999607617],[112.72531679326032,-7.253600168385127],[112.72531341637095,-7.253614336255057],[112.7253097442855,-7.253630878736588],[112.72530607310878,-7.253647422118894],[112.72530396810129,-7.253656753183954],[112.7253004789074,-7.2536718654515395],[112.72529698970995,-7.253686976814966],[112.7252935005158,-7.253702089082584],[112.72528983951536,-7.253718451588948],[112.72528626485703,-7.253734423158687],[112.72528617760929,-7.25373481409877],[112.72528251660856,-7.253751176605174],[112.72527885470224,-7.253767539115047],[112.72527720049271,-7.253774934412453],[112.72527519370125,-7.253783901621495],[112.72527153179468,-7.253800264131404],[112.72526787079342,-7.253816626637901],[112.72526396274876,-7.253833266763801],[112.72526005470395,-7.253849906889742],[112.72525614575353,-7.253866547019148],[112.72525223770842,-7.253883187145131],[112.72525052653343,-7.253890603455265],[112.72524840469266,-7.253899794435472],[112.7252445725857,-7.253916402626549],[112.72524073956967,-7.253933009916937],[112.72523696267481,-7.2539493746721115],[112.72523690655693,-7.253949618111514],[112.72523354959912,-7.253964027324033],[112.72523019264122,-7.253978436536569],[112.72522683568663,-7.253992846653293],[112.72522347872848,-7.254007255865863],[112.72521976317037,-7.254023558903487],[112.72521604761211,-7.254039861941136],[112.72521233205029,-7.254056164074627],[112.72520861649177,-7.254072467112316],[112.72520490093312,-7.254088770150025],[112.72520118537433,-7.25410507318776],[112.72519741578026,-7.254121453286613],[112.72519364618606,-7.254137833385477],[112.7251898765917,-7.254154213484378],[112.72518610699376,-7.254170592679129],[112.72518233739913,-7.2541869727780535],[112.72517856780435,-7.254203352877021],[112.72517505777402,-7.254218939018327],[112.72517154774359,-7.25423452515965],[112.72516803771302,-7.254250111300977],[112.72516452858434,-7.2542656965347305],[112.72516101855354,-7.254281282676116],[112.72515750852261,-7.2542968688175025],[112.72515399849156,-7.254312454958926],[112.7251504488369,-7.25432809821463],[112.72514689918209,-7.254343741470337],[112.72514334862515,-7.254359385633694],[112.72513979897012,-7.254375028889438],[112.72513624931496,-7.25439067214522],[112.7251326987542,-7.254406315404446],[112.72512914910223,-7.254421959564439],[112.72512559944668,-7.254437602820269],[112.72512206003697,-7.254453321084721],[112.72511852063056,-7.254469040253371],[112.7251149812206,-7.254484758517882],[112.72511144181397,-7.25450047768657],[112.72510790149828,-7.254516195954541],[112.72510436209139,-7.254531915123269],[112.72510082268093,-7.254547633387844],[112.72509728327378,-7.254563352556608],[112.72509353788259,-7.25457990707221],[112.72508979339672,-7.254596461584408],[112.72508604800522,-7.25461301610005],[112.72508230261016,-7.254629569711545],[112.72507855721841,-7.254646124227252],[112.72507481273199,-7.254662678739521],[112.72507106733995,-7.254679233255252],[112.72506745250654,-7.2546953568822],[112.725063837673,-7.254711480509166],[112.72506022283933,-7.254727604136154],[112.72505660800898,-7.254743728667336],[112.72505299317505,-7.2547598522943675],[112.72504937834101,-7.254775975921414],[112.72504576350681,-7.25479209954849],[112.7250420875623,-7.254808344568714],[112.72503841070873,-7.2548245886882246],[112.72503813174373,-7.254829323166294],[112.7250381256318,-7.254835563887762],[112.72503868375202,-7.254841360318954],[112.72504147591233,-7.254848404181294],[112.7250445156742,-7.2548515129859075],[112.72504589738196,-7.25485292550352],[112.72504624904018,-7.254853012778301],[112.72505286800019,-7.254854653152821],[112.72506835194727,-7.254858049244982],[112.7250838358979,-7.254861446240751],[112.72509931984521,-7.254864842331747],[112.72511480469808,-7.254868238418736],[112.72513028864562,-7.254871634508565],[112.7251457725967,-7.2548750315019985],[112.72516125654447,-7.254878427590662],[112.7251776778282,-7.254881629335193],[112.72519409821003,-7.254884831986671],[112.72521051949396,-7.254888033729892],[112.72522694077799,-7.254891235472462],[112.72524336206212,-7.2548944372143955],[112.72525978244431,-7.2548976398632785],[112.72527620372863,-7.254900841603897],[112.72529399808836,-7.254904140301488],[112.72531179245165,-7.254907439902475],[112.7253295859061,-7.254910738601984],[112.72534738026613,-7.254914037297281],[112.7253651746297,-7.254917336896007],[112.72538296898995,-7.2549206355898015],[112.72539813741949,-7.254923447859291],[112.72540076244826,-7.254923935190432],[112.72541855680869,-7.254927233882705],[112.72543452080613,-7.254930430120683],[112.72545048480367,-7.254933626358055],[112.72546644879787,-7.254936821690623],[112.72548241279561,-7.254940017926769],[112.72548715206383,-7.254940966498596],[112.72549837769891,-7.254943214158842],[112.72550127744216,-7.254943794481168],[112.72551434169685,-7.254946410393755],[112.72553030569145,-7.254949605723868],[112.72554626968959,-7.254952801957549],[112.72556223368781,-7.254955998190605],[112.7255706217918,-7.254957595668272],[112.72557917118583,-7.254959223275388],[112.72559610868394,-7.254962448359471],[112.72561304618561,-7.254965674347031],[112.72562998368392,-7.25496889942974],[112.72564692027686,-7.2549721245152],[112.72566385777539,-7.254975349596533],[112.72568079527743,-7.254978575581349],[112.72569773277613,-7.254981800661304],[112.72571467027493,-7.254985025740551],[112.7257311377751,-7.254988236329485],[112.72574760618083,-7.254991446914339],[112.72576407367774,-7.254994656597791],[112.72578054117821,-7.254997867184766],[112.72579700958424,-7.255001077767643],[112.7258134770849,-7.255004288353315],[112.7258299445822,-7.255007498034158],[112.72584641298852,-7.255010708615077],[112.72586288048947,-7.255013919198786],[112.7258797085347,-7.255017172717011],[112.72589653567456,-7.255020426237994],[112.72591336372346,-7.255023680659012],[112.72593019176898,-7.25502693417519],[112.72594701890915,-7.25503018769413],[112.72596384695488,-7.255033441208932],[112.72598067500417,-7.255036695627239],[112.72599750214464,-7.255039949144116],[112.72601433019067,-7.25504320265689],[112.72603139823421,-7.255046705716613],[112.7260484662779,-7.255050208775632],[112.72606553522718,-7.255053711830507],[112.72608260327108,-7.255057214888115],[112.72609967131858,-7.255060718849193],[112.72611673936272,-7.255064221905373],[112.72613380831247,-7.255067724957431],[112.72615037070382,-7.255071124144097],[112.72615087635685,-7.255071228012222],[112.72616794440137,-7.255074731066309],[112.7261803616675,-7.255077221022291],[112.72619277803166,-7.255079711885512],[112.72620519529792,-7.255082201840745],[112.72620854093681,-7.255082649356462],[112.72621230965218,-7.255083154036367],[112.72621867444019,-7.255083438174326],[112.72622546629678,-7.255081500911537],[112.72623086890773,-7.2550778374116796],[112.72623397486382,-7.2550728914622304],[112.72623579620463,-7.255069676486828],[112.72623717566807,-7.255068361078026],[112.72624064909444,-7.255066938250445],[112.72624600421469,-7.255066969436461],[112.72625641917892,-7.255069383815104],[112.72626683414667,-7.255071799097637],[112.72628401661699,-7.255077053121221],[112.72630119999646,-7.255082308044773],[112.72631741050853,-7.255086274582963],[112.72633362102079,-7.255090241120489],[112.72634983062771,-7.25509420766081],[112.72636604114027,-7.255098174197063],[112.72638225165642,-7.255102141636823],[112.72639846216929,-7.255106108171764],[112.72641467177682,-7.255110074709521],[112.72643088229,-7.255114041243168],[112.72644529192566,-7.255117326535662],[112.72645970156486,-7.255120612731826],[112.72647411120073,-7.25512389802331],[112.72648852084015,-7.255127184218457],[112.72650293047623,-7.255130469508925],[112.72651340341937,-7.255132890894095],[112.72651716891704,-7.255134451673039],[112.72651962088877,-7.255135622315582],[112.72652095427263,-7.25513670859987],[112.72652257661078,-7.255139485518213],[112.72651933799246,-7.255154760492704],[112.72651609847202,-7.255170036374816],[112.7265128598535,-7.255185311349345],[112.7265096212349,-7.255200586323881],[112.72650638171415,-7.255215862206063],[112.72650473437892,-7.2552236300027015],[112.72652324187922,-7.255228014576389],[112.72652924423474,-7.255229185285499],[112.72655171327605,-7.255232875755039],[112.72655333602098,-7.255219607887111],[112.72659969183715,-7.25522526186276],[112.72663482264599,-7.255229547071137],[112.72663903143035,-7.25519513944567],[112.72667421386865,-7.255199429880316],[112.72668277643601,-7.255200474214451],[112.72762079738433,-7.255375982130315],[112.72764848762402,-7.2552460890808135],[112.72766329183877,-7.2551605429142105],[112.72767098682802,-7.2551231002480705],[112.72773982982345,-7.255137207699298],[112.72778551985162,-7.254917785149252],[112.72780930022097,-7.254812584916615],[112.72784103288511,-7.254641265697925],[112.72770824013882,-7.254621803674355],[112.72783414488224,-7.253978984944594],[112.72787790742896,-7.253858394523806],[112.72788664657624,-7.253838797418814],[112.7279350814642,-7.25384926720966],[112.72795025018925,-7.253779294263057],[112.72798768209914,-7.253606608854561],[112.72799066298887,-7.2535928584158],[112.72792274245796,-7.253576018608162],[112.72795475110175,-7.253348156912969],[112.72795774407558,-7.2533076633298466],[112.72801432496968,-7.25331183342329],[112.72802061487636,-7.253281337539763],[112.72805108171808,-7.2531069543480315],[112.72805137764936,-7.25308649783153],[112.72807657410489,-7.25295755554753],[112.72816644093577,-7.252521828485575],[112.72820245153781,-7.2525315480438985],[112.72825286969703,-7.2525461668294655],[112.72831992939163,-7.252564306497938],[112.72833879750459,-7.252467429010141],[112.72834683531958,-7.25243109538785],[112.72835034189535,-7.252420805077022],[112.72835215496713,-7.25241068124889],[112.72834381531804,-7.252409192131761],[112.72831588872043,-7.252404203274189],[112.72829346299505,-7.252400197136844],[112.72829678327648,-7.252381659554537],[112.72831902325068,-7.252385632039423],[112.72834748262619,-7.252390715618313],[112.72835641848448,-7.252392311873991],[112.72836060585287,-7.252368934505375],[112.72835826901903,-7.252350469980683],[112.72837642787195,-7.252285091589437],[112.72843868680842,-7.25206399842124],[112.7284397867089,-7.252051590621198],[112.72841976098658,-7.252046999390773],[112.7284315339624,-7.251995262325109],[112.72846175116156,-7.252002805833746],[112.72848374515932,-7.25191975411389],[112.72861678713346,-7.251952786059249],[112.72866577883926,-7.251739726417178]]]},"properties":{"Id":0,"Nama_Lokas":"MI Tembok Gede","OBJECTID":1438,"PL":"Hutan Kota, Jalur Hijau dan Taman Kota","TGL":"Ruang Terbuka Hijau","RTH":"RTH","Tipe_RTH":"Makam","Shape_Leng":124590.216507,"Shape_Area":124590.216507,"Luas":124590.216507,"Luas_UPT":"124.217,00","Luas_fasum":"4.183,50","Luas_efek":"120.034","Kapasitas":"60.017","kematian":"62.778","sisa_petak":"-","Ket":"Penuh, tumpang"}},
{"type":"Feature","geometry":{"type":"Polygon","coordinates":[[[112.71601625131466,-7.249909228178463],[112.71600684721793,-7.249934378500067],[112.71597369839081,-7.250022294295621],[112.71596527849883,-7.250046477033641],[112.71595846839193,-7.250072534412037],[112.71594911560045,-7.25009664833688],[112.71593853134752,-7.250130324213115],[112.71593745850508,-7.250145907479788],[112.71593597409756,-7.250169973614793],[112.71593623188939,-7.250197405805896],[112.71593710554922,-7.25022726794642],[112.71593299181474,-7.250264771249171],[112.71593324671562,-7.2502986141674945],[112.71593530057488,-7.250331681731244],[112.71593825012263,-7.250364556033035],[112.71594456852135,-7.250419082039031],[112.71590075768333,-7.250427593131978],[112.71588649961693,-7.250432491619336],[112.71589304224261,-7.250457276119662],[112.7159054253646,-7.250499328515379],[112.71592088114177,-7.250568504090276],[112.71592303598669,-7.2505871087325096],[112.71593383828088,-7.250680369638976],[112.7159396962338,-7.250730943353439],[112.71594669496987,-7.250807551660722],[112.71594792295615,-7.250820986019219],[112.71595172792667,-7.250862638595168],[112.71596123241163,-7.250988583678272],[112.71596813138255,-7.251054861974193],[112.71599012470855,-7.251055640623171],[112.71607904410587,-7.251077611255995],[112.71613629028684,-7.251094882139033],[112.71613556710491,-7.2511023715729985],[112.71622735656412,-7.2511323903903655],[112.71622272105789,-7.251166240920622],[112.71620299412697,-7.251163547690314],[112.71620057108437,-7.251181242819835],[112.71619593140987,-7.251204190629147],[112.71619238880866,-7.251234693333462],[112.71625131319983,-7.251263290990116],[112.71628264081824,-7.25128838514096],[112.71629196490281,-7.251273190258321],[112.71630128898683,-7.25125799537563],[112.7163106130703,-7.25124280049288],[112.71631993805528,-7.251227604702484],[112.71632926213763,-7.251212409819628],[112.71653375807985,-7.2513378290449255],[112.71656248658503,-7.251346798605362],[112.71657439496263,-7.251347160508865],[112.71683556885408,-7.251373046430168],[112.71685875709642,-7.251376847749696],[112.71690446402309,-7.25138434169913],[112.71695215347196,-7.2513900387595775],[112.71700623122466,-7.251396498323396],[112.71715406797473,-7.251405509672329],[112.7172063431795,-7.251408452391394],[112.71727802505708,-7.251412488173361],[112.71729001021227,-7.251406827857722],[112.71733751317213,-7.251412296820512],[112.71738871389566,-7.251418191240042],[112.71738897378836,-7.251412701820937],[112.71745170304797,-7.251420035536688],[112.71754705557896,-7.251431402506269],[112.71758220400173,-7.251437288854997],[112.7176239233356,-7.251444336662357],[112.71765762107034,-7.251454253039808],[112.71769801162085,-7.251465720120081],[112.71773561960072,-7.251475741967843],[112.71773110515144,-7.251495634042484],[112.7177729459465,-7.251505102797153],[112.71777621355534,-7.251490704775716],[112.71780871178545,-7.251498058678079],[112.71784103178832,-7.251515722830383],[112.71787011975702,-7.251526117752935],[112.71790331408731,-7.251532221233385],[112.71790344490078,-7.251524929347825],[112.71790379327138,-7.251513163610134],[112.71790623390496,-7.251499888102667],[112.7179106136713,-7.251486985928648],[112.71791748418313,-7.251470682720591],[112.71792435378913,-7.251454379515972],[112.7179312243002,-7.2514380763079185],[112.71793809390543,-7.251421773103288],[112.71794496441574,-7.251405469895232],[112.71795183492225,-7.251389165783008],[112.71795870452634,-7.251372862578396],[112.7179655750355,-7.25135655937035],[112.71797244463883,-7.251340256165721],[112.71797931514725,-7.251323952957676],[112.7179861847498,-7.251307649753053],[112.71799305525745,-7.251291346545021],[112.71800010148756,-7.251276014677251],[112.71800714771729,-7.251260682809475],[112.71801419394319,-7.251245350037516],[112.71802124017215,-7.2512300181697436],[112.71802828640072,-7.251214686301943],[112.71803533262893,-7.251199354434137],[112.7180423788533,-7.251184021662148],[112.71804942508075,-7.251168689794328],[112.7180564713078,-7.251153357926519],[112.71806351753449,-7.251138026058687],[112.71807056375735,-7.2511226932866695],[112.71807760998325,-7.2511073614188195],[112.71808465620879,-7.251092029550979],[112.71809133563744,-7.251077870900431],[112.71809801597122,-7.25106371224647],[112.7181046953992,-7.251049553595905],[112.7181113757289,-7.2510353940377295],[112.7181180551562,-7.251021235387166],[112.71812473548864,-7.251007076733148],[112.71813141491526,-7.250992918082567],[112.71813734678047,-7.250980526333438],[112.71814327955086,-7.250968134580889],[112.71814921141552,-7.250955742831743],[112.71815663765925,-7.250940815508489],[112.71816406480804,-7.2509258881818015],[112.71817149104753,-7.250910959954346],[112.71817891819552,-7.250896032627645],[112.71818634443764,-7.250881105304329],[112.71818726118953,-7.250873571741971],[112.71818729878353,-7.250871546213688],[112.71818726759764,-7.250870963128884],[112.71818722086162,-7.250870099803892],[112.71818628250021,-7.250865485651951],[112.71817097588249,-7.250858193358749],[112.71815566926516,-7.250850901064914],[112.71814036264823,-7.250843608770429],[112.71812505602828,-7.250836315571156],[112.71810974850669,-7.2508290232788255],[112.71809444189097,-7.250821730982456],[112.71807913527563,-7.250814438685453],[112.7180638286607,-7.2508071463878006],[112.71804785602156,-7.250799721882979],[112.71803188248082,-7.250792298285085],[112.7180159098425,-7.250784873778888],[112.71799993629917,-7.250777449275425],[112.71798396366513,-7.25077002567203],[112.71796799102809,-7.250762601163769],[112.71795201748603,-7.250755176658246],[112.71793604485325,-7.2507477530527895],[112.71792007131201,-7.250740328545894],[112.71790409868008,-7.250732904939062],[112.71788812513967,-7.250725480430793],[112.71787215250517,-7.250718055918411],[112.71785617987449,-7.250710632309521],[112.71784020633535,-7.2507032077991855],[112.71782423370209,-7.250695783284742],[112.71780826016722,-7.250688359677234],[112.71779228753479,-7.2506809351614185],[112.71777708030724,-7.250674062020661],[112.71776187217115,-7.250667187978522],[112.71774666494433,-7.250660314836528],[112.71773145771444,-7.2506534407897405],[112.71771624958288,-7.250646567649927],[112.71770104235374,-7.250639693601902],[112.71768583422289,-7.250632820460855],[112.71767062699449,-7.250625946411583],[112.71765541976986,-7.250619073265875],[112.71764021163669,-7.250612199218793],[112.7176250044128,-7.250605326071846],[112.71761050860204,-7.250597898679417],[112.71759601188964,-7.250590472194006],[112.71758151607965,-7.250583044800442],[112.7175670193646,-7.250575617409708],[112.71755252355543,-7.250568190014967],[112.7175522314282,-7.250568041023331],[112.7175380268446,-7.250560763527273],[112.71752353103619,-7.250553336131385],[112.7175072327839,-7.250546241055033],[112.71750013302186,-7.250543150236136],[112.71749688879174,-7.250541738395968],[112.7174909345354,-7.2505391468821685],[112.7174746362839,-7.250532051804406],[112.7174583380328,-7.250524956725935],[112.71744203978209,-7.250517861646756],[112.7174257415352,-7.250510767471048],[112.71741013076897,-7.250503971792271],[112.71740944328529,-7.250503672390455],[112.71739314503579,-7.250496577309179],[112.71737684679009,-7.25048948313135],[112.71736054854136,-7.2504823880486375],[112.71734425029307,-7.250475292965216],[112.71732795204858,-7.250468198785272],[112.71731165380106,-7.250461103700437],[112.71729535555393,-7.250454008614917],[112.71727905730722,-7.250446913528671],[112.71726275906433,-7.250439819345897],[112.7172464608184,-7.250432724258236],[112.71723048626872,-7.2504255067852785],[112.71721451172286,-7.250418290215813],[112.717198537174,-7.250411072741489],[112.71718256172348,-7.250403856174079],[112.71716658717541,-7.250396638698384],[112.71715061263117,-7.250389422126189],[112.71713463808392,-7.250382204649131],[112.71711866353706,-7.250374987171386],[112.71710268899402,-7.250367770597135],[112.71708671444797,-7.250360553118025],[112.71707073900029,-7.250353336545832],[112.71705476445506,-7.250346119065355],[112.71703878991364,-7.250338902488371],[112.71702823122277,-7.250334132082855],[112.71702281536922,-7.250331685006528],[112.71700641744869,-7.250324091171686],[112.71699001862314,-7.250316497339524],[112.71697362070348,-7.250308903503226],[112.71695722187881,-7.250301309669636],[112.71694082396006,-7.2502937158319005],[112.71692442513627,-7.250286121996858],[112.71690802722179,-7.250278529061852],[112.7168916283989,-7.250270935225346],[112.71687523048189,-7.250263341384713],[112.71685883165986,-7.250255747546778],[112.71684243374374,-7.2502481537047005],[112.7168260349226,-7.25024055986532],[112.71680963700734,-7.250232966021776],[112.71680509225884,-7.250230767921099],[112.71680218872288,-7.250229178470782],[112.71679944055376,-7.2502279681937685],[112.7167978008825,-7.250227766423409],[112.71679617153313,-7.250227899164702],[112.71679497879133,-7.250228554687517],[112.71679312015306,-7.250230306796623],[112.71679234656034,-7.25023165696318],[112.71678998959803,-7.250235716641423],[112.71678807572908,-7.250239620933521],[112.71674828768651,-7.2502212868477525],[112.71674778062992,-7.250221050056603],[112.7167325166459,-7.250213768393572],[112.7167167465009,-7.250206247222745],[112.71670097725834,-7.250198725143649],[112.71668520711418,-7.250191203971501],[112.71668214742384,-7.250189744409366],[112.71666943787247,-7.25018368189106],[112.71665492204399,-7.25017646159659],[112.71665324738584,-7.250175628832505],[112.71663705599418,-7.250167575776633],[112.71663534323483,-7.250166724168358],[112.71662086550849,-7.250159522716646],[112.7166046741178,-7.250151469659347],[112.71658848363647,-7.250143417502107],[112.71658562328835,-7.250141994258137],[112.7165722931522,-7.25013536443996],[112.71655610176293,-7.250127311380534],[112.71654053360689,-7.250119567912537],[112.71653991127961,-7.250119258316972],[112.71652371989128,-7.250111205256097],[112.7165075294089,-7.250103152191105],[112.71649313880873,-7.2500960028484],[112.7164787491178,-7.250088854405898],[112.71646435851838,-7.250081705062058],[112.71644996791933,-7.250074555717677],[112.71643557732065,-7.250067406372711],[112.71642118763123,-7.250060257927937],[112.7164067970333,-7.2500531085818585],[112.71639245096034,-7.250045522342755],[112.71637810488436,-7.250037935198911],[112.71636375881221,-7.250030348958684],[112.71636130912843,-7.250029053461517],[112.71634941183159,-7.250022761817122],[112.71634518204637,-7.250020525449605],[112.71633506576025,-7.250015175575743],[112.7163207196859,-7.250007588429639],[112.71630637361535,-7.250000002187128],[112.7162912654649,-7.249993219935086],[112.7162761582237,-7.24998643858319],[112.716261050074,-7.249979656329946],[112.7162459428335,-7.249972874976833],[112.7162308346845,-7.249966092722346],[112.71622707057406,-7.249964403439159],[112.71621572744473,-7.249959311368011],[112.71620061929643,-7.249952529112309],[112.71618747173372,-7.249946287393055],[112.71618422158099,-7.249944744456176],[112.71617432508017,-7.249940046574073],[112.71616316407416,-7.249934747658088],[112.7161626588187,-7.249934508146746],[112.71615742532177,-7.249946979524428],[112.71615149270552,-7.249961100074018],[112.71612482133567,-7.249949926417282],[112.71612311181603,-7.249953995403108],[112.71601625131466,-7.249909228178463]]]},"properties":{"Id":0,"Nama_Lokas":"MI Asem Jajar","OBJECTID":1439,"PL":"Hutan Kota, Jalur Hijau dan Taman Kota","TGL":"Ruang Terbuka Hijau","RTH":"RTH","Tipe_RTH":"Makam","Shape_Leng":26548.8355225,"Shape_Area":26548.8355225,"Luas":26548.8355225,"Luas_UPT":"25.012,53","Luas_fasum":"3.236,93","Luas_efek":"21.776","Kapasitas":"10.888","kematian":"22.181","sisa_petak":"-","Ket":"Penuh, tumpang"}},
{"type":"Feature","geometry":{"type":"MultiPolygon","coordinates":[[[[112.76193667252089,-7.241375263089909],[112.76190684624177,-7.241371906564596],[112.76191182443121,-7.241349082309312],[112.76188913532103,-7.241343530851465],[112.76188725786696,-7.2413431719318915],[112.76187030822723,-7.241339931913269],[112.76186050233304,-7.241338056656443],[112.7618533051257,-7.241336681250963],[112.7618356550623,-7.24133330650898],[112.76177994940562,-7.241322656774012],[112.76177532916407,-7.241321773204384],[112.7617131973976,-7.241309895160306],[112.76170396779034,-7.241308130689987],[112.76169383388854,-7.241306193407174],[112.76162641860876,-7.241293304146884],[112.76162380358409,-7.241292804318486],[112.76161097945172,-7.241290353029635],[112.76155201815395,-7.241279080235968],[112.76154734263994,-7.241278186027772],[112.76150256826745,-7.241269626876657],[112.76143992274316,-7.241257650417691],[112.76142291747207,-7.241255239720453],[112.76140180384488,-7.241248294235594],[112.76140033345618,-7.241252502511224],[112.76139653749878,-7.241263369057914],[112.76139033799006,-7.2412796979599845],[112.76138413938997,-7.241296027762682],[112.76137793988059,-7.2413123566648085],[112.76129702308957,-7.241568045579515],[112.76085321023838,-7.242987885260187],[112.7608490435399,-7.2430012152995715],[112.76086271767224,-7.243004999673408],[112.76087731453424,-7.243009039972217],[112.76089191139305,-7.243013079366375],[112.76090650825539,-7.243017119664136],[112.76092110511803,-7.243021159961351],[112.76093570197716,-7.243025199353912],[112.76095029884003,-7.243029239650107],[112.76096766583989,-7.243034082976576],[112.7609850337419,-7.243038925394679],[112.76100240074221,-7.243043768719674],[112.7610118746381,-7.243046410200367],[112.76101976773934,-7.243048611139789],[112.76103713474,-7.243053454463257],[112.76105450264295,-7.243058296878332],[112.76107186964417,-7.243063140200311],[112.76108923664557,-7.2430679835215495],[112.76110660364726,-7.2430728268420195],[112.76112397064911,-7.2430776701617345],[112.76114133764767,-7.243082512576559],[112.76115870465007,-7.243087355894752],[112.76117607165266,-7.243092199212223],[112.76119343865538,-7.243097042528941],[112.76121058116175,-7.2431014328204375],[112.76122772367182,-7.243105824015345],[112.7612448661787,-7.243110214305406],[112.76126200868909,-7.243114605498893],[112.76127915119619,-7.243118995787482],[112.76129629370705,-7.243123386979516],[112.76131343621466,-7.243127777266699],[112.76131930054765,-7.243129360368867],[112.76134982045535,-7.243137598548866],[112.7613668397066,-7.243142191845077],[112.7613838589581,-7.2431467851406],[112.76140087820973,-7.243151378435435],[112.76141789746161,-7.243155971729515],[112.76143491671365,-7.243160565022859],[112.76145193596594,-7.243165158315481],[112.76146895521839,-7.243169751607433],[112.76148597447107,-7.243174344898614],[112.76150296516113,-7.243179044087613],[112.76151995675336,-7.243183742368219],[112.76153694744382,-7.243188441555774],[112.76155393813441,-7.243193140742615],[112.76156847697591,-7.243197160445072],[112.76157092972723,-7.243197839021039],[112.76158792041831,-7.243202538206436],[112.76160491110966,-7.243207237391115],[112.7616219027031,-7.243211935667405],[112.76163889339482,-7.243216634850642],[112.76165588408678,-7.243221334033136],[112.76167287568086,-7.24322603230727],[112.76168986637316,-7.243230731488326],[112.76170495496389,-7.243235022116307],[112.76172004355469,-7.24323931274377],[112.76173513214574,-7.24324360337058],[112.76175022073694,-7.243247893996902],[112.76176530932831,-7.243252184622606],[112.76178039791985,-7.243256475247719],[112.76179548651162,-7.243260765872329],[112.76181057510348,-7.243265056496336],[112.76182566369204,-7.243269346215571],[112.7618407522843,-7.243273636838436],[112.7618558408767,-7.243277927460747],[112.76187092946928,-7.243282218082474],[112.76187444373444,-7.243283217142522],[112.76187948582655,-7.243272417194692],[112.76189123630124,-7.243259749471243],[112.76189519369922,-7.243255482736633],[112.76193532699624,-7.243188974779153],[112.76199324001787,-7.243093002485731],[112.76200262154372,-7.243077456017097],[112.76202004051808,-7.2430485898312655],[112.76203086147467,-7.243030657107716],[112.76210407835433,-7.242909323242189],[112.76211680116069,-7.242888239352581],[112.76216224681737,-7.2428129286105],[112.76216311857158,-7.242811483082804],[112.76217673922295,-7.2427889119722195],[112.76219234358757,-7.24276305194506],[112.76219237687748,-7.242762997565908],[112.76219236450584,-7.2427626097249265],[112.76219181957627,-7.242745862990991],[112.76219115130574,-7.24272533459171],[112.76219100843313,-7.242720953537407],[112.76219093848138,-7.242718795554609],[112.7621907740172,-7.242713750923187],[112.76219076477969,-7.242713470666275],[112.76219081323003,-7.2427133565531685],[112.76220017990009,-7.2427096068468915],[112.76221335164317,-7.242704335150738],[112.76222652247694,-7.242699062553559],[112.76222513800302,-7.242677834388759],[112.76222554914767,-7.242672259492574],[112.76222374365501,-7.242658259989042],[112.7622219381591,-7.242644259581245],[112.76222013266344,-7.242630259173406],[112.76221832717151,-7.242616259669713],[112.76221342317295,-7.242602000916461],[112.76220851826591,-7.242587741262428],[112.76220361426816,-7.242573482508924],[112.76219442132457,-7.242561116520101],[112.76218545906617,-7.24255592513054],[112.76217319278354,-7.24254884687672],[112.7621609255994,-7.242541769530116],[112.76214919529421,-7.24254330593969],[112.76213521217757,-7.242542489382302],[112.76207442399438,-7.242515713641529],[112.76199003234751,-7.242478540024959],[112.76200222460943,-7.242450939128248],[112.76200367594276,-7.242447654082732],[112.7620122142923,-7.2424283242179035],[112.76203646686521,-7.242373419503286],[112.76206400893346,-7.242311067058577],[112.76209033789141,-7.242322665050626],[112.76210904182956,-7.242280321758731],[112.7621199057788,-7.242259474731135],[112.7620962723971,-7.242249065230021],[112.76210697112715,-7.2422248435758645],[112.76212988545063,-7.242172970301012],[112.76217409770243,-7.242145877407272],[112.76219420432368,-7.242096119009467],[112.76222930749398,-7.242009246931036],[112.76224846168523,-7.241961844872533],[112.76228189137821,-7.241879113141011],[112.76230298537651,-7.241826911468785],[112.76232369911398,-7.241775648893618],[112.76235318101632,-7.24170268935063],[112.76237300779601,-7.241653621918922],[112.76240835484718,-7.2415661458154945],[112.76242746237453,-7.241518858767749],[112.76244025095156,-7.241487211209074],[112.76245500444249,-7.241450699743294],[112.76241978591534,-7.241449109187161],[112.76241847198925,-7.24145490096367],[112.76238402863896,-7.241447980937295],[112.76234375336101,-7.241439889086649],[112.76231323813674,-7.241433758552041],[112.76227612257705,-7.241426301843173],[112.76224518781011,-7.241420087032287],[112.76219229904277,-7.2414094608020125],[112.76207354103703,-7.2413856012307285],[112.76204610307262,-7.241380088966751],[112.76200389590804,-7.241371609441607],[112.76196839056365,-7.24136447558796],[112.76196454626805,-7.241381777302323],[112.76193667252089,-7.241375263089909]]],[[[112.7589029018508,-7.240904340465725],[112.7588856228497,-7.24089975167159],[112.75886845601241,-7.240895134413845],[112.75885129008074,-7.240890517151898],[112.75883412324397,-7.240885899892736],[112.75881695640733,-7.240881282632784],[112.75879978957094,-7.240876665372141],[112.75878262364012,-7.240872048107262],[112.75876545680408,-7.240867430845149],[112.75874828996827,-7.240862813582266],[112.75873112313273,-7.240858196318707],[112.7587139562973,-7.240853579054377],[112.75869678946205,-7.240848961789334],[112.75867962262707,-7.240844344523553],[112.75866245579229,-7.240839727257008],[112.7586452889577,-7.240835109989797],[112.75863690820212,-7.2408336957026815],[112.7585419035856,-7.240799575920298],[112.75854750839332,-7.240762233667664],[112.75844973477419,-7.240753999245829],[112.75846958523827,-7.240683589729343],[112.75835736020937,-7.2406553159045774],[112.75827311185142,-7.240799178706008],[112.75827498344444,-7.240911130559793],[112.75830803664815,-7.24090956792804],[112.75830968023189,-7.240962669920998],[112.75825076481158,-7.24096720412938],[112.75825104287985,-7.2410389716997345],[112.75830424225174,-7.241043072716652],[112.75826944349078,-7.241181840233308],[112.75819771510706,-7.2414653646020675],[112.75813186127317,-7.241781402001783],[112.7581724918498,-7.241797054453209],[112.75827698957804,-7.241840595222566],[112.75827414670303,-7.241856535003844],[112.75826664587811,-7.241859291875372],[112.75826419848471,-7.241883359537668],[112.75826361324619,-7.241889116853082],[112.75826314224922,-7.2418937462247746],[112.75825733208552,-7.241934176117354],[112.75825009350339,-7.2419667551804965],[112.75824386343503,-7.24199182029504],[112.7582369943512,-7.2420174104902335],[112.75823018547973,-7.242038211054438],[112.75820646159634,-7.242094391223514],[112.75818938346531,-7.242132071671886],[112.75816748794655,-7.242180383001134],[112.75814462428538,-7.242223962923154],[112.75813913532762,-7.242234428223056],[112.75815452961547,-7.2422388751296625],[112.75816992390347,-7.242243322035627],[112.75818531819164,-7.242247768941014],[112.75820071248005,-7.242252215845792],[112.75821610676861,-7.2422566627499725],[112.75823150105744,-7.2422611096535725],[112.75824683370743,-7.242265538711335],[112.75826216725943,-7.242269966860823],[112.75827749990982,-7.242274395917425],[112.7582928325604,-7.242278824973402],[112.7583081652111,-7.242283254028776],[112.7583234987639,-7.242287682175951],[112.75833883141503,-7.242292111230194],[112.75835416406632,-7.242296540283813],[112.75837053517543,-7.242301182324751],[112.75838690719011,-7.242305824361534],[112.75840327830305,-7.242310467305284],[112.75841965031816,-7.242315109340746],[112.75843602142807,-7.242319751378994],[112.75845239253813,-7.2423243934165775],[112.75846876455387,-7.242329035450021],[112.75848513566785,-7.242333678390436],[112.75850150768399,-7.242338320422502],[112.75851787879486,-7.242342962457439],[112.7585342508113,-7.242347604488148],[112.75855062192274,-7.242352246521703],[112.75856699393957,-7.242356888551121],[112.75858336505132,-7.242361530583352],[112.75859973706864,-7.24236617261136],[112.75861610908626,-7.242370814638746],[112.75863248019854,-7.242375456668965],[112.75864885221655,-7.24238009869501],[112.75866522332922,-7.242384740723869],[112.75868159534761,-7.242389382748591],[112.75869796646079,-7.242394024776105],[112.7587143384795,-7.2423986667994695],[112.75873070959315,-7.24240330882566],[112.75874708161226,-7.24240795084766],[112.75876345272631,-7.242412592872478],[112.75877982384041,-7.2424172348966875],[112.75879619586019,-7.242421876916662],[112.75881256697481,-7.2424265189395145],[112.75882893899502,-7.242431160958178],[112.75884531010995,-7.242435802979678],[112.75886252841651,-7.242440835039959],[112.75887974672332,-7.242445867099537],[112.75889696503036,-7.242450899158386],[112.75891418243572,-7.242455932124147],[112.75893140074315,-7.242460964181488],[112.75894861905094,-7.242465996238069],[112.7589658373589,-7.242471028293957],[112.75898305566714,-7.242476060349061],[112.75900027397556,-7.2424810924034215],[112.75901749228427,-7.2424861244570735],[112.75903471150212,-7.242491157410586],[112.75905192981133,-7.242496189462727],[112.75906914812069,-7.242501221514095],[112.75908636643037,-7.24250625356476],[112.75910358474022,-7.24251128561462],[112.75912080305037,-7.242516317663763],[112.75913802136068,-7.2425213497122],[112.7591552387694,-7.2425263826675295],[112.7591724570802,-7.2425314147143895],[112.75918967539131,-7.242536446760604],[112.75920689370268,-7.242541478806008],[112.75922408323079,-7.242546326511062],[112.75924127275923,-7.242551174215305],[112.7592584622878,-7.242556021918811],[112.7592756518167,-7.242560869621632],[112.75929284134921,-7.24256571822785],[112.75931003087852,-7.242570565929173],[112.75932722040804,-7.242575413629741],[112.75934440993784,-7.242580261329579],[112.75936159946778,-7.242585109028671],[112.75937878899799,-7.242589956727036],[112.75939597853193,-7.24259480532885],[112.75941316896795,-7.242599653022201],[112.75943035849886,-7.242604500718333],[112.75944754803342,-7.242609349317912],[112.75946473756468,-7.24261419701255],[112.75948192800163,-7.242619044702993],[112.75949911753693,-7.242623893300318],[112.75951630706889,-7.2426287409927514],[112.75953326372104,-7.242633541664035],[112.75955022037698,-7.2426383432387835],[112.7595671770297,-7.242643143908607],[112.75958413277706,-7.242647944581231],[112.75960108943016,-7.242652745249612],[112.75961804608689,-7.242657546821431],[112.75963500274042,-7.242662347488426],[112.75965195939418,-7.242667148154651],[112.75966891604465,-7.242671947916015],[112.75968587269881,-7.242676748580802],[112.75970282844776,-7.242681549248381],[112.75971978510239,-7.242686349911764],[112.75973674175367,-7.2426911496702155],[112.75975369840869,-7.242695950332155],[112.75977065506397,-7.242700750993372],[112.75978761172293,-7.24270555255798],[112.75980456837871,-7.242710353217758],[112.75982152412918,-7.242715153880303],[112.75983848078529,-7.242719954538575],[112.75985543744517,-7.242724756100368],[112.7598723941017,-7.24272955675725],[112.7598883311912,-7.242734112710314],[112.75990426828437,-7.242738669566927],[112.75992020537416,-7.242743225518751],[112.75993614246772,-7.242747782374043],[112.75995207955793,-7.242752338324558],[112.7599680166519,-7.242756895178611],[112.75998395374603,-7.242761452032043],[112.75999989083687,-7.2427660079806655],[112.76001582793138,-7.242770564832791],[112.76003176592809,-7.242775120776637],[112.76004770302292,-7.242779677627504],[112.76006364011808,-7.242784234477755],[112.76007957721339,-7.242788791327333],[112.76009551521088,-7.24279334726865],[112.76011145230655,-7.242797904116921],[112.76012738940248,-7.242802460964605],[112.7601433264986,-7.242807017811672],[112.76015926359128,-7.242811573753942],[112.76017520068781,-7.242816130599686],[112.76019113778456,-7.242820687444822],[112.76020707488141,-7.242825244289327],[112.76022301197506,-7.242829800229003],[112.7602389490723,-7.242834357072262],[112.76025488616979,-7.242838913914857],[112.76027192490564,-7.242843865233764],[112.76028896455065,-7.242848817452525],[112.760306003287,-7.2428537687699945],[112.76032304202347,-7.242858720086697],[112.76034008166917,-7.242863672303322],[112.76035712040623,-7.24286862361855],[112.7603741591435,-7.242873574933118],[112.76039119878989,-7.242878527147538],[112.76040823752759,-7.24288347846058],[112.76042527717097,-7.2428884297694],[112.76044231591253,-7.242893381985178],[112.76045935555636,-7.2428983332925245],[112.76047639429504,-7.242903284602697],[112.76049343394278,-7.242908236812727],[112.76051047268184,-7.242913188121428],[112.76052751232663,-7.242918139425877],[112.76054455106969,-7.242923091637252],[112.76056159071489,-7.2429280429402585],[112.76057684385623,-7.24293180855486],[112.76059209699778,-7.242935574168935],[112.76060735013932,-7.242939339782422],[112.76062260328112,-7.2429431053953355],[112.76063785642303,-7.242946871007674],[112.76065310956498,-7.242950636619423],[112.76066836270716,-7.242954402230598],[112.76068361584944,-7.242958167841199],[112.76069886990084,-7.24296193435195],[112.76071412304346,-7.242965699961403],[112.76072937618612,-7.24296946557027],[112.76074462932895,-7.242973231178595],[112.76074465923607,-7.242973238296232],[112.76075900516805,-7.242976780468337],[112.76077751688247,-7.242913332789346],[112.76088090287666,-7.242577262019745],[112.7610749444161,-7.241943917102205],[112.76119526861856,-7.241556890464905],[112.76119830466641,-7.241547124522587],[112.76120137102822,-7.241537237304054],[112.76119423190107,-7.241534963822264],[112.76118391257155,-7.241531676415775],[112.76117820217175,-7.2415298567224635],[112.76116245888942,-7.241524367857547],[112.76114671560723,-7.2415188789919895],[112.76113097142,-7.241513390129314],[112.76111522813841,-7.2415079012624615],[112.7611100737663,-7.241506104732901],[112.76111795712706,-7.241469643382816],[112.76112159471843,-7.2414536643651735],[112.76112523321159,-7.241437684439881],[112.7611288708027,-7.241421705422263],[112.76113250929903,-7.241405726401216],[112.7611361477953,-7.241389747380108],[112.7611397853825,-7.2413737674584375],[112.76114342387852,-7.2413577884374245],[112.76114706146899,-7.241341809419921],[112.7611505465909,-7.241324805663187],[112.76115403080716,-7.241307801909956],[112.7611575159288,-7.241290798153259],[112.76116100105025,-7.241273794396569],[112.76116448526629,-7.241256790643472],[112.76116797038758,-7.24123978688683],[112.76117144749328,-7.241222817519741],[112.76117255381047,-7.241217419860849],[112.76083570359368,-7.241155710887807],[112.75997864898508,-7.24099608037761],[112.75998611706339,-7.240955472296105],[112.75954250479175,-7.240847141988489],[112.75944434126005,-7.240861875249026],[112.75904629188338,-7.240765330433544],[112.75903439751941,-7.240786906542418],[112.75895053243899,-7.240782446732363],[112.758908226764,-7.240905754804455],[112.7589029018508,-7.240904340465725]]],[[[112.76122625891882,-7.240003812465764],[112.76118018189732,-7.239988522221523],[112.76119672208337,-7.239937825569658],[112.76121279518568,-7.239888560219074],[112.76123411533196,-7.23982321287877],[112.76123226101473,-7.239822748077377],[112.76112530277427,-7.239793457244644],[112.76065306143516,-7.239690597607831],[112.76039125840717,-7.239638980297706],[112.76028471481919,-7.239615736543875],[112.7602818647952,-7.239625612976066],[112.76027011896254,-7.239685465697737],[112.7602868984018,-7.239687793239208],[112.76016539024296,-7.240131127039807],[112.76015561958611,-7.240127358267814],[112.76013886936853,-7.240120896742231],[112.76012211824597,-7.240114435219421],[112.76010536802912,-7.240107973692353],[112.76010314654933,-7.240115094493193],[112.76010021319546,-7.240124497462341],[112.7601155957998,-7.240130386513281],[112.76012785454972,-7.240135079672377],[112.76003358405737,-7.240466266884969],[112.7600791282679,-7.240473268054892],[112.7600413001171,-7.240602597795889],[112.76019958544458,-7.240647439181994],[112.76019017967677,-7.240692929142327],[112.76032204872388,-7.240721126499154],[112.76033865098502,-7.240678001138162],[112.76049067941767,-7.240713408985247],[112.7605459150997,-7.240769340692533],[112.76056384464688,-7.240774978454637],[112.76061766048748,-7.240791900672507],[112.76066708777026,-7.240807442918478],[112.76071584240184,-7.240822773472296],[112.76073041684731,-7.240827356382321],[112.76072279272925,-7.240851532664678],[112.7607720786024,-7.240867031139535],[112.76078508717077,-7.24082577774685],[112.76081442825016,-7.240835004301579],[112.76081848954722,-7.240836280647084],[112.7608513661352,-7.240846619211517],[112.76086916254472,-7.240790176212593],[112.76089685643484,-7.240798883812632],[112.76088395879543,-7.240839787766788],[112.76090620554864,-7.2408127818103445],[112.76111076620685,-7.240864004436778],[112.76120642386793,-7.240547507288009],[112.76120731160366,-7.240547846533072],[112.76122358553391,-7.240554061208215],[112.76123985946788,-7.240560276786752],[112.76125613340227,-7.240566492364632],[112.76127240733688,-7.240572707941838],[112.76128868127184,-7.240578923518355],[112.76130042041291,-7.240583407075091],[112.76130495520715,-7.240585139094176],[112.76130672132214,-7.240576874469937],[112.76130834518425,-7.24056928400325],[112.76131194415207,-7.2405524534076955],[112.76131554221419,-7.240535622815688],[112.76131914118528,-7.240518793124356],[112.7613227392473,-7.240501962532398],[112.7613263382146,-7.240485131936941],[112.76132993627631,-7.24046830134503],[112.76133353524685,-7.240451471653797],[112.7613371333084,-7.240434641061916],[112.76134044199941,-7.240421404763442],[112.76134374978838,-7.24040816937261],[112.76134705847916,-7.2403949330741515],[112.76135036626796,-7.240381697683399],[112.76134539918026,-7.24037986154944],[112.76133412576364,-7.24037569536242],[112.7613178843542,-7.240369693044279],[112.76130164385397,-7.2403636916260705],[112.7612854033506,-7.24035768930302],[112.76126916194212,-7.240351686982809],[112.76125292143931,-7.240345684658437],[112.76123668003488,-7.240339683240993],[112.7612204395327,-7.240333680915217],[112.76122271864615,-7.240326250663565],[112.76121341777169,-7.240321748625405],[112.76108144270627,-7.240274596890431],[112.76110312199103,-7.240214061058789],[112.76111988104022,-7.240167263246969],[112.76113382661312,-7.240128322714644],[112.76114880854766,-7.240086490251218],[112.76116524513036,-7.240040593337264],[112.76117589532002,-7.240010854642621],[112.76121900523457,-7.240025909530277],[112.76122625891882,-7.240003812465764]]]]},"properties":{"Id":0,"Nama_Lokas":"MI Kapas Krampung","OBJECTID":1446,"PL":"Hutan Kota, Jalur Hijau dan Taman Kota","TGL":"Ruang Terbuka Hijau","RTH":"RTH","Tipe_RTH":"Makam","Shape_Leng":24504.033988,"Shape_Area":24504.033988,"Luas":24504.033988,"Luas_UPT":"95.516,14","Luas_fasum":"3.822,90","Luas_efek":"91.693","Kapasitas":"68.942","kematian":"68.729","sisa_petak":"213","Ket":"Tersedia, Sedikit"}},
{"type":"Feature","geometry":{"type":"Polygon","coordinates":[[[112.74882579896278,-7.224026306357935],[112.7486127306344,-7.224162679290034],[112.74858452238051,-7.224180733540828],[112.74837933242048,-7.224325031143152],[112.7478951081841,-7.2246209979237355],[112.74790076870158,-7.2246591415563195],[112.74781779865809,-7.224744361790706],[112.74773308900306,-7.224833982985962],[112.74774445508247,-7.224846597912256],[112.74768872859515,-7.224903746617978],[112.74772854396402,-7.224953234281846],[112.74768862044064,-7.225019093853976],[112.74791894767515,-7.225148986816071],[112.74801021929869,-7.225194942611643],[112.74803060795948,-7.2252043022631804],[112.74804700179486,-7.225213855349212],[112.74816114856398,-7.225274877433999],[112.7481413601688,-7.225450888998891],[112.74814230932886,-7.225460386454545],[112.7482003442958,-7.226041203603988],[112.74828002419882,-7.226048074566766],[112.74828442542525,-7.226102482826149],[112.74832454392289,-7.226100535118313],[112.74833107307708,-7.2262515492529324],[112.74831161549635,-7.22625311936744],[112.74831170976906,-7.226277639385049],[112.7482949386027,-7.2262771060286735],[112.74829659963049,-7.22631986181249],[112.74828911265541,-7.2263195921409],[112.74829243753156,-7.226327652790026],[112.7483050672989,-7.226341360514835],[112.7483125588769,-7.226342827298924],[112.74831530422637,-7.226362410290321],[112.74822397065634,-7.226378601666174],[112.74819566988138,-7.226396883230612],[112.74819126693302,-7.226399726569597],[112.74820068769507,-7.226405838854416],[112.74821010845737,-7.226411951138987],[112.74821869778403,-7.226425529689316],[112.74822728801666,-7.226439108235885],[112.74823587734447,-7.226452686785636],[112.74824196171855,-7.226464228786733],[112.74824804700184,-7.22647577168838],[112.74825413137661,-7.226487313689174],[112.74826100640145,-7.226502446762318],[112.74826788233226,-7.226517579831768],[112.74827475735822,-7.226532712904461],[112.74827704153284,-7.226540908649379],[112.74827862520722,-7.226546588946954],[112.74828249215466,-7.22656046589698],[112.74828636000434,-7.226574341939277],[112.74829022695242,-7.226588218889113],[112.74829211388925,-7.226604718311177],[112.74829400082635,-7.226621217733194],[112.74829588776372,-7.226637717155153],[112.74829777470138,-7.226654216577069],[112.7482981861359,-7.226671269587972],[112.74829859757061,-7.226688322598867],[112.74829900809662,-7.226705374709044],[112.74829941953172,-7.226722427719883],[112.74829983096697,-7.226739480730707],[112.74830024240242,-7.226756533741507],[112.74830065292917,-7.226773585851601],[112.748301064365,-7.226790638862378],[112.74830147580099,-7.226807691873122],[112.74830114472486,-7.226824490040552],[112.74830081364885,-7.226841288207974],[112.74830048166758,-7.226858086378883],[112.74830015059182,-7.226874884546294],[112.74829981951619,-7.2268916827136955],[112.74829948844068,-7.2269084808811],[112.7482991573653,-7.22692527904849],[112.74829882538465,-7.2269420772193635],[112.74829849430951,-7.226958875386742],[112.74829816323451,-7.226975673554121],[112.74829766095975,-7.226992922658175],[112.74829715868512,-7.227010171762204],[112.748296657316,-7.227027420862776],[112.74829615504161,-7.227044669966821],[112.74829589748349,-7.227053508381332],[112.74829565276734,-7.2270619190708425],[112.74829515049318,-7.227079168174874],[112.74829464821913,-7.227096417278904],[112.74829414685061,-7.227113666379439],[112.74829364457682,-7.227130915483465],[112.74829314230314,-7.227148164587479],[112.74829179707002,-7.227165643872406],[112.74829045093158,-7.227183123160831],[112.74828910569857,-7.227200602445776],[112.74828776046563,-7.2272180817307445],[112.74828641432735,-7.2272355610191745],[112.74828580467607,-7.227243486660826],[112.74828504418042,-7.227261159909947],[112.74828877509769,-7.227273093398952],[112.7482965004406,-7.227291082215191],[112.7483224967785,-7.227317249772964],[112.74833277481727,-7.227327319962123],[112.74834387519142,-7.227339330978071],[112.74835497556965,-7.227351342897761],[112.74836607594499,-7.227363353912873],[112.74837717632442,-7.227375365831731],[112.74838827670096,-7.227387376845989],[112.74839937708158,-7.227399388764014],[112.74841047745932,-7.227411399777456],[112.74842157784113,-7.227423411694643],[112.74843296753649,-7.227436727229299],[112.74844435723256,-7.227450042763482],[112.74845574783818,-7.227463359197921],[112.74846713753564,-7.227476674731203],[112.74847852723377,-7.227489990264046],[112.74848901785309,-7.227503304723778],[112.74849950756766,-7.227516619186577],[112.74850999818828,-7.227529933645509],[112.74852048880955,-7.227543248104049],[112.74853097852606,-7.22755656256566],[112.74854146914863,-7.227569877023404],[112.74855152347958,-7.2275846344121915],[112.74856157690581,-7.227599391804057],[112.74857163123819,-7.227614149192088],[112.7485816846624,-7.227628905679023],[112.7485917389962,-7.227643663066271],[112.7486017924253,-7.227658420456593],[112.74860870717389,-7.227668570445482],[112.74861184585511,-7.2276731778465235],[112.74862190019105,-7.227687935232611],[112.74863195361883,-7.22770269171761],[112.74864200795619,-7.227717449102905],[112.7486478045424,-7.227725956873611],[112.74871025463587,-7.227690907421036],[112.74871024180725,-7.227690867686466],[112.7487094870666,-7.227688611043545],[112.74872044855455,-7.227685223542198],[112.74872062581127,-7.227685170420006],[112.74874499748154,-7.227671687881474],[112.74896552666866,-7.227605171534961],[112.74903644284196,-7.227812196447427],[112.74907738470333,-7.22793079754979],[112.74913139777519,-7.228059209439796],[112.74931312521062,-7.228026730311677],[112.74933581531282,-7.228097431224214],[112.74948435129886,-7.228076987400886],[112.7494910993546,-7.2279739369211224],[112.74961858542584,-7.227929758745054],[112.74962006944713,-7.227912832291549],[112.74965789223756,-7.2279161374640735],[112.7497073053758,-7.227899014394995],[112.74999999818152,-7.227797586104345],[112.75001593554103,-7.227792248151832],[112.75026033906435,-7.227710387916978],[112.75069145340584,-7.2275458606189655],[112.75069144121437,-7.227545751260474],[112.75074023099504,-7.227527131367828],[112.7509335383312,-7.227454488918157],[112.75115896996238,-7.227358198165638],[112.75117401504106,-7.227347346326361],[112.75118218157185,-7.227338810280989],[112.75118313298698,-7.227330302853831],[112.75118308007413,-7.227316565011124],[112.751177738945,-7.227295615883455],[112.75116888608422,-7.227279461525601],[112.75116367746466,-7.227282337823282],[112.75116360816685,-7.227282211504856],[112.75116337777438,-7.227282338070235],[112.75114713787754,-7.227252840230478],[112.75117146753242,-7.227239529539046],[112.7511714658922,-7.227239103678571],[112.75117964282467,-7.227216108015457],[112.75123838107,-7.227150204880945],[112.7512395792114,-7.227137349229447],[112.75123955845568,-7.227131960421987],[112.75121240527406,-7.2271080091250886],[112.75121079532379,-7.227109856210762],[112.75121062544328,-7.227109708578466],[112.75121049563363,-7.227109856457715],[112.75118787260945,-7.227090235939203],[112.75118977913324,-7.227088049552742],[112.75112649772568,-7.227032227385706],[112.75104377871541,-7.226958236303759],[112.75101353578768,-7.22693297856807],[112.75101431086755,-7.226932050619479],[112.75103881693866,-7.226902719073637],[112.75103893861368,-7.226902574842389],[112.75102244788978,-7.2268892853074265],[112.75092120342987,-7.226806624670925],[112.75090900972104,-7.226793786991634],[112.7508514757391,-7.226733211144086],[112.7507899662512,-7.226651272215352],[112.75077878776045,-7.226636381769611],[112.75071484457149,-7.226527402840806],[112.75063751788562,-7.226389794817428],[112.75056603593592,-7.226272246080169],[112.75048755943745,-7.226129922624114],[112.75041758050055,-7.226012359031832],[112.75036973750487,-7.2259320800502875],[112.75029391374666,-7.225803807191942],[112.75022391400387,-7.225682925297766],[112.75015300140815,-7.225565273892034],[112.75006127364534,-7.225398246616055],[112.75004239071235,-7.22536325693188],[112.7500416040225,-7.225360932600987],[112.7500329083205,-7.225335243962972],[112.74999999966215,-7.225242121638841],[112.7498415772934,-7.224954450068819],[112.74968057342035,-7.224696560117213],[112.74960766438039,-7.224616004629867],[112.7495249562583,-7.2246578778671156],[112.74949751807537,-7.224603314795013],[112.74932076796827,-7.2242809864959066],[112.74922353362086,-7.224100868561641],[112.74904792870777,-7.224214002606788],[112.74891757262313,-7.2240291010040645],[112.74884723180247,-7.224052698480019],[112.74882579896278,-7.224026306357935]]]},"properties":{"Id":0,"Nama_Lokas":"MI Karang Tembok","OBJECTID":1456,"PL":"Hutan Kota, Jalur Hijau dan Taman Kota","TGL":"Ruang Terbuka Hijau","RTH":"RTH","Tipe_RTH":"Makam","Shape_Leng":95259.3501101,"Shape_Area":95259.3501101,"Luas":95259.3501101,"Luas_UPT":"78.003,67","Luas_fasum":"3.077,91","Luas_efek":"91.693","Kapasitas":"35.679","kematian":"35.970","sisa_petak":"-","Ket":"Penuh, tumpang"}},
{"type":"Feature","geometry":{"type":"Polygon","coordinates":[[[112.75098945955813,-7.223843068032269],[112.75091275377746,-7.223838864213856],[112.75078914996463,-7.223806230461145],[112.75063170528921,-7.223751126672918],[112.7506211548924,-7.223750965534346],[112.75059752405677,-7.223806548230604],[112.75056698843,-7.2238557350641],[112.75051896195943,-7.223933097149142],[112.7504252427902,-7.22408467938796],[112.7503214461188,-7.224256188555535],[112.75028679836399,-7.224310859622411],[112.75027953505979,-7.224306824127719],[112.75026703628458,-7.2242996224069795],[112.75024703812531,-7.224316445398659],[112.75025060513673,-7.224322252797122],[112.7502627751522,-7.224335076139485],[112.75021710034295,-7.224378191651631],[112.75020507471937,-7.224365480775977],[112.7501971891099,-7.224357604918808],[112.7501598743256,-7.224387651932127],[112.75011065827663,-7.22443778025503],[112.75008411388484,-7.224465393485356],[112.75006818892727,-7.224451100792873],[112.7500306170108,-7.224492213192202],[112.75004114064124,-7.2245063557222196],[112.75006406939096,-7.224507828349349],[112.75006332442645,-7.22452176004458],[112.75006699268168,-7.224541644177693],[112.75016455129924,-7.224733685764244],[112.75028580550895,-7.224945511066245],[112.7505322804122,-7.225319635387059],[112.75055687415295,-7.225358954919914],[112.75074795227735,-7.225664445903651],[112.75079623440432,-7.225742135399556],[112.75082300535047,-7.22579218092415],[112.75085920450594,-7.225824165497851],[112.7509239169264,-7.225881343946366],[112.75100025839103,-7.225932632229567],[112.75110017365559,-7.226038143808577],[112.75114583162396,-7.226075291940384],[112.75126367962638,-7.226182014006413],[112.75140536480058,-7.226305295768041],[112.75144039954033,-7.2263414756022275],[112.75159428465679,-7.22647636704965],[112.75161265791256,-7.226493936932221],[112.75162440563928,-7.226497941604075],[112.75163117174634,-7.226497466235813],[112.75164062682114,-7.226492029272054],[112.75167463704933,-7.226418546470958],[112.75173816096823,-7.226261409893486],[112.7517771661205,-7.226180356229042],[112.75179598000432,-7.226144732673632],[112.75187247488809,-7.225959194937889],[112.75192877341907,-7.225802964979472],[112.75195285982753,-7.22572207442056],[112.75197295478412,-7.225663639926734],[112.75199216510337,-7.225607777594189],[112.75205520578432,-7.225442523381834],[112.75209979546882,-7.225353029484504],[112.75214504280835,-7.225262214772198],[112.75216207962363,-7.22522713874075],[112.75215333114828,-7.225223031230658],[112.75213784511661,-7.225215758771997],[112.75212235908879,-7.225208487216864],[112.75210687305788,-7.225201214756908],[112.75209738352528,-7.225196759272622],[112.75210348550846,-7.225180423600939],[112.75214673476964,-7.224955691019527],[112.75220519783488,-7.224692253728727],[112.75220452094237,-7.224692109852925],[112.75220942715649,-7.224669030915575],[112.75223449050026,-7.224509895607152],[112.75225866876009,-7.22436496739107],[112.75229406741323,-7.224222315278391],[112.75229541513981,-7.224210924724983],[112.75229399039323,-7.224202322449779],[112.75229007251899,-7.224197338316603],[112.75227417089056,-7.224189346823494],[112.75203044219333,-7.224107774410674],[112.75196687322585,-7.224084844575872],[112.75184150964876,-7.2240396254496595],[112.7517487007232,-7.223998377169638],[112.75173000289696,-7.223990067272741],[112.75161808928267,-7.223954994614749],[112.75141174436855,-7.2238944440971835],[112.75121436161777,-7.223850468774186],[112.75115386913122,-7.223844436892668],[112.75108269541026,-7.223844710139496],[112.75098945955813,-7.223843068032269]]]},"properties":{"Id":0,"Nama_Lokas":"MU Wonokusumo Kidul","OBJECTID":1457,"PL":"Hutan Kota, Jalur Hijau dan Taman Kota","TGL":"Ruang Terbuka Hijau","RTH":"RTH","Tipe_RTH":"Makam","Shape_Leng":44991.6364052,"Shape_Area":44991.6364052,"Luas":44991.6364052,"Luas_UPT":"47.696,00","Luas_fasum":"4.806,29","Luas_efek":"42.890","Kapasitas":"19.495","kematian":"13.576","sisa_petak":"5.919","Ket":"Tersedia"}}
]}