{
"type": "FeatureCollection",
"name": "MAKAM",
"crs": { "type": "name", "properties": { "name": "urn:ogc:def:crs:EPSG::32749" } },
"features": [
{ "type": "Feature", "properties": { "Id": 0, "Nama_Lokas": "TPU Keputih", "OBJECTID": 0, "PL": "Hutan Kota, Jalur Hijau dan Taman Kota", "TGL": null, "RTH": "RTH", "Tipe_RTH": "Makam", "Shape_Leng": 273428.70538499998, "Shape_Area": 273428.70538499998, "Luas": 273428.70538499998, "Luas_UPT": "409.300,00", "Luas_fasum": "97.881,47", "Luas_efek": "311.419", "Kapasitas": "59.318", "kematian": "38.057", "sisa_petak": "21.261", "Ket": "Tersedia" }, "geometry": { "type": "MultiPolygon", "coordinates": [ [ [ [ 698807.28335620649159, 9192425.071471931412816 ], [ 698995.23120107781142, 9192404.332399390637875 ], [ 699254.523386331275105, 9192318.342644080519676 ], [ 699263.783821519464254, 9192219.123695641756058 ], [ 699308.763078141026199, 9192191.342390080913901 ], [ 699300.825562266632915, 9192115.935989264398813 ], [ 699239.971273892559111, 9192023.33163739182055 ], [ 699212.1899683335796, 9192031.269153267145157 ], [ 699123.554374393075705, 9192029.94623395241797 ], [ 699118.262697143480182, 9192031.269153261557221 ], [ 699109.002261955291033, 9192004.810767013579607 ], [ 699013.752071453258395, 9192012.748282888904214 ], [ 698913.210203704424202, 9191986.2898966409266 ], [ 698913.210203704424202, 9191990.258654570207 ], [ 698702.866033017635345, 9192036.560830507427454 ], [ 698722.709822704084218, 9192101.383876824751496 ], [ 698656.563857077620924, 9192123.87350513227284 ], [ 698669.793050204403698, 9192199.279905948787928 ], [ 698730.647338578477502, 9192191.342390073463321 ], [ 698747.845289641991258, 9192225.738292196765542 ], [ 698676.407646766863763, 9192250.87375913374126 ], [ 698698.897275079041719, 9192299.821773696690798 ], [ 698804.73082007933408, 9192264.102952258661389 ], [ 698825.897529078647494, 9192269.394629510119557 ], [ 698829.866287015378475, 9192334.217675823718309 ], [ 698791.501626955345273, 9192352.738546196371317 ], [ 698807.28335620649159, 9192425.071471931412816 ] ] ], [ [ [ 698807.28335620649159, 9192425.071471931412816 ], [ 698803.407900769263506, 9192425.499108390882611 ], [ 698807.376658703200519, 9192425.499108385294676 ], [ 698807.28335620649159, 9192425.071471931412816 ] ] ], [ [ [ 698751.75204542465508, 9192713.437391487881541 ], [ 699122.231455080211163, 9192647.749552894383669 ], [ 699226.742080770432949, 9192612.030731458216906 ], [ 699181.762824143283069, 9192503.551347831264138 ], [ 698987.293685205280781, 9192557.791039643809199 ], [ 698968.772814831696451, 9192478.415880892425776 ], [ 698728.001499952748418, 9192537.947249960154295 ], [ 698751.75204542465508, 9192713.437391487881541 ] ] ], [ [ [ 698751.75204542465508, 9192713.437391487881541 ], [ 698749.1682089548558, 9192713.895518522709608 ], [ 698751.814047580584884, 9192713.895518522709608 ], [ 698751.75204542465508, 9192713.437391487881541 ] ] ] ] } },
{ "type": "Feature", "properties": { "Id": 0, "Nama_Lokas": "TPU Babat Jerawat", "OBJECTID": 0, "PL": "Hutan Kota, Jalur Hijau dan Taman Kota", "TGL": null, "RTH": "RTH", "Tipe_RTH": "Makam", "Shape_Leng": 96390.353414700003, "Shape_Area": 96390.353414700003, "Luas": 96390.353414700003, "Luas_UPT": "93.260,00", "Luas_fasum": "23.617,00", "Luas_efek": "69.643", "Kapasitas": "16.883", "kematian": "17.272", "sisa_petak": "-", "Ket": "Penuh, tumpang" }, "geometry": { "type": "MultiPolygon", "coordinates": [ [ [ [ 680429.658519567921758, 9198877.184657441452146 ], [ 680352.929199441336095, 9198709.173904754221439 ], [ 680341.02292563021183, 9198717.111420631408691 ], [ 680338.377087004482746, 9198695.944711627438664 ], [ 680338.377087004482746, 9198685.361357126384974 ], [ 680375.418827753514051, 9198653.611293628811836 ], [ 680399.23137537855655, 9198620.538310818374157 ], [ 680400.554294691421092, 9198603.340359752997756 ], [ 680409.814729878678918, 9198592.757005251944065 ], [ 680424.36684231646359, 9198574.236134881153703 ], [ 680421.721003692597151, 9198559.684022439643741 ], [ 680415.106407131068408, 9198535.87147481366992 ], [ 680403.200133317150176, 9198512.058927189558744 ], [ 680383.279173337854445, 9198467.509619357064366 ], [ 680358.408290263265371, 9198441.051233101636171 ], [ 680347.295768037438393, 9198415.12201458029449 ], [ 680303.904014584608376, 9198397.659479651600122 ], [ 680186.428779636509717, 9198445.813742628321052 ], [ 680195.953798685222864, 9198476.505470678210258 ], [ 680155.207883860915899, 9198490.792999252676964 ], [ 680140.391187560744584, 9198459.042935755103827 ], [ 680079.536899183876812, 9198477.034638402983546 ], [ 680086.945247334428132, 9198547.413945829495788 ], [ 680095.941098661161959, 9198549.001449003815651 ], [ 680114.461969033814967, 9198576.518170703202486 ], [ 680117.636975384317338, 9198615.1474146284163 ], [ 680108.641124060377479, 9198647.955813581123948 ], [ 680101.761943634599447, 9198712.514276033267379 ], [ 680108.189126628451049, 9198714.465582005679607 ], [ 680223.283106815069914, 9198695.944711627438664 ], [ 680217.991429566405714, 9198727.694775126874447 ], [ 680174.335092252120376, 9198730.340613752603531 ], [ 680199.470559190027416, 9198772.674031753093004 ], [ 680215.34559094067663, 9198763.413596568629146 ], [ 680232.543542003259063, 9198788.549063501879573 ], [ 680229.897703377529979, 9198792.517821440473199 ], [ 680243.126896504312754, 9198813.684530444443226 ], [ 680237.835219251923263, 9198828.236642878502607 ], [ 680253.710251002572477, 9198841.465836003422737 ], [ 680274.876960003748536, 9198820.299127003178 ], [ 680285.460314502008259, 9198829.559562191367149 ], [ 680333.085409752093256, 9198807.069933880120516 ], [ 680322.502055253833532, 9198770.02819312736392 ], [ 680334.408329064957798, 9198762.090677255764604 ], [ 680350.283360815607011, 9198776.642789689823985 ], [ 680409.814729878678918, 9198886.445092627778649 ], [ 680429.658519567921758, 9198877.184657441452146 ] ] ] ] } },
{ "type": "Feature", "properties": { "Id": 0, "Nama_Lokas": "MI Kalianak", "OBJECTID": 0, "PL": "Hutan Kota, Jalur Hijau dan Taman Kota", "TGL": null, "RTH": "RTH", "Tipe_RTH": "Makam", "Shape_Leng": 59868.016290200001, "Shape_Area": 59868.016290200001, "Luas": 59868.016290200001, "Luas_UPT": "56.119,00", "Luas_fasum": "3.381,35", "Luas_efek": "52.738", "Kapasitas": "26.369", "kematian": "54.502", "sisa_petak": "-", "Ket": "Penuh, tumpang" }, "geometry": { "type": "MultiPolygon", "coordinates": [ [ [ [ 690081.798727911897004, 9200176.419201102107763 ], [ 690218.986595721915364, 9200151.616874719038606 ], [ 690130.62830798048526, 9199757.104870678856969 ], [ 689984.139567777514458, 9199791.208069456741214 ], [ 690073.272928219288588, 9200180.294564599171281 ], [ 690081.798727911897004, 9200176.419201102107763 ] ] ] ] } },
{ "type": "Feature", "properties": { "Id": 0, "Nama_Lokas": "Krematorium Keputih", "OBJECTID": 0, "PL": "Hutan Kota, Jalur Hijau dan Taman Kota", "TGL": null, "RTH": "RTH", "Tipe_RTH": "Makam", "Shape_Leng": 106.258263047, "Shape_Area": 106.258263047, "Luas": 106.258263047, "Luas_UPT": "19.806,01", "Luas_fasum": "4.685,69", "Luas_efek": "15.120", "Kapasitas": "Kremasi", "kematian": "2.802", "sisa_petak": "-", "Ket": "Kremasi" }, "geometry": { "type": "MultiPolygon", "coordinates": [ [ [ [ 699075.729336396791041, 9192793.474217444658279 ], [ 699083.402268410660326, 9192801.544025253504515 ], [ 699089.884573042392731, 9192795.194012552499771 ], [ 699081.682473303750157, 9192786.85962088406086 ], [ 699074.935584808699787, 9192793.077341651543975 ], [ 699075.729336396791041, 9192793.474217444658279 ] ] ] ] } },
{ "type": "Feature", "properties": { "Id": 0, "Nama_Lokas": "MI Ngagel Rejo (Ngagel Rejo)", "OBJECTID": 1417, "PL": "Hutan Kota, Jalur Hijau dan Taman Kota", "TGL": "Ruang Terbuka Hijau", "RTH": "RTH", "Tipe_RTH": "Makam", "Shape_Leng": 15633.3223856, "Shape_Area": 15633.3223856, "Luas": 15633.3223856, "Luas_UPT": "42.890", "Luas_fasum": "4.054,95", "Luas_efek": "45.997", "Kapasitas": "45.997", "kematian": "53.893", "sisa_petak": "-", "Ket": "Penuh, tumpang" }, "geometry": { "type": "MultiPolygon", "coordinates": [ [ [ [ 693040.675742063089274, 9193473.990642059594393 ], [ 693040.065342062036507, 9193472.137242062017322 ], [ 693039.455042064422742, 9193470.283842062577605 ], [ 693038.844642070587724, 9193468.430442063137889 ], [ 693038.234342057490721, 9193466.577042063698173 ], [ 693037.990842061350122, 9193465.837742064148188 ], [ 693033.546542059862986, 9193467.904142061248422 ], [ 693023.647142065572552, 9193472.692542061209679 ], [ 693021.490842062630691, 9193473.478742061182857 ], [ 693021.179642060888, 9193472.794042062014341 ], [ 693021.147842066478916, 9193472.72414206340909 ], [ 693015.88704206305556, 9193474.816542062908411 ], [ 693015.299042060389183, 9193475.05044206045568 ], [ 693013.897142064408399, 9193475.14164206199348 ], [ 692910.364942065672949, 9193539.163542063906789 ], [ 692924.775442064623348, 9193561.668442061170936 ], [ 692933.977042061509565, 9193576.038542062044144 ], [ 692935.204042064142413, 9193577.954742062836885 ], [ 692936.081142071285285, 9193579.360242061316967 ], [ 692951.102842066902667, 9193603.436042059212923 ], [ 692956.471242065657862, 9193612.040042063221335 ], [ 692960.910442063119262, 9193619.154942063614726 ], [ 692961.455942064058036, 9193620.029442060738802 ], [ 692968.011942063225433, 9193630.536642065271735 ], [ 692969.363042066805065, 9193632.827542060986161 ], [ 692969.468842065078206, 9193633.004142060875893 ], [ 692976.352542063221335, 9193629.181742059066892 ], [ 692978.160842066863552, 9193628.513242065906525 ], [ 692979.969242072082125, 9193627.844842059537768 ], [ 692981.777542067109607, 9193627.176342062652111 ], [ 692983.585942063713446, 9193626.50794206187129 ], [ 692985.394242064096034, 9193625.839442063122988 ], [ 692987.202642068965361, 9193625.171042058616877 ], [ 692989.01094205933623, 9193624.502542063593864 ], [ 692990.819342062575743, 9193623.834142062813044 ], [ 692992.627642072387971, 9193623.165642064064741 ], [ 692994.436042064102367, 9193622.497242061421275 ], [ 692996.244342068210244, 9193621.828742062672973 ], [ 692996.379142065066844, 9193621.778942061588168 ], [ 693000.286442059208639, 9193619.93584206327796 ], [ 693005.898942062747665, 9193617.995042061433196 ], [ 693008.13764206378255, 9193617.220942061394453 ], [ 693014.441642067744397, 9193615.041042063385248 ], [ 693032.962542064487934, 9193608.029542060568929 ], [ 693037.673742065089755, 9193606.258642062544823 ], [ 693041.546342062647454, 9193604.803042061626911 ], [ 693049.811242061667144, 9193601.696342065930367 ], [ 693050.61224206269253, 9193601.356842061504722 ], [ 693052.322842065943405, 9193600.631942061707377 ], [ 693054.033342069247738, 9193599.907042063772678 ], [ 693055.743942061555572, 9193599.182042062282562 ], [ 693056.854942066478543, 9193598.711242059245706 ], [ 693066.000842066016048, 9193594.684342060238123 ], [ 693070.388142067124136, 9193592.77004206366837 ], [ 693064.188242061063647, 9193563.652442062273622 ], [ 693060.766942061018199, 9193547.584642063826323 ], [ 693057.345642065047286, 9193531.516742061823606 ], [ 693041.286042063497007, 9193475.844042062759399 ], [ 693040.675742063089274, 9193473.990642059594393 ] ] ], [ [ [ 693180.090599999413826, 9193878.174499999731779 ], [ 693181.562500010477379, 9193877.853500001132488 ], [ 693181.844500002916902, 9193878.902500001713634 ], [ 693182.910500001977198, 9193878.924000000581145 ], [ 693187.388600005535409, 9193879.316500002518296 ], [ 693187.372600004891865, 9193878.921500001102686 ], [ 693190.061500003910623, 9193878.876599999144673 ], [ 693190.202499998500571, 9193868.741500001400709 ], [ 693192.640700006275438, 9193868.783199997618794 ], [ 693196.380400004331023, 9193869.185300001874566 ], [ 693196.397700000321493, 9193868.851199997588992 ], [ 693196.833100006217137, 9193863.415099998936057 ], [ 693196.757100002956577, 9193858.730900000780821 ], [ 693196.585500006214716, 9193848.156500000506639 ], [ 693190.118500005919486, 9193848.16750000230968 ], [ 693189.801500005996786, 9193834.223500000312924 ], [ 693189.737900000764057, 9193832.360900001600385 ], [ 693189.535500003024936, 9193826.433700002729893 ], [ 693189.520100005203858, 9193826.240000002086163 ], [ 693189.234500006772578, 9193822.640599997714162 ], [ 693188.528200004366226, 9193814.062000002712011 ], [ 693188.5048999984283, 9193813.784499999135733 ], [ 693187.830800007330254, 9193805.761199997738004 ], [ 693187.736900001880713, 9193804.643900001421571 ], [ 693187.369200005661696, 9193802.531199999153614 ], [ 693186.123600008431822, 9193795.375099999830127 ], [ 693185.264900000533089, 9193790.441799998283386 ], [ 693184.298099997453392, 9193784.887500001117587 ], [ 693182.965100006433204, 9193777.229699999094009 ], [ 693181.964000004925765, 9193771.478500001132488 ], [ 693178.307500003720634, 9193757.520600000396371 ], [ 693177.189600005978718, 9193753.8498 ], [ 693174.13790000253357, 9193743.8289 ], [ 693172.836500002769753, 9193739.555500000715256 ], [ 693166.945500008529052, 9193722.237500002607703 ], [ 693161.006500002928078, 9193707.240500001236796 ], [ 693159.367000005207956, 9193702.948699997738004 ], [ 693155.712500004214235, 9193693.382499998435378 ], [ 693151.49149999464862, 9193682.393500000238419 ], [ 693150.62880000192672, 9193680.372400000691414 ], [ 693146.977499996894039, 9193671.818500000983477 ], [ 693142.315499999909662, 9193659.775499999523163 ], [ 693140.600099998293445, 9193655.190100001171231 ], [ 693139.76730000495445, 9193652.963999999687076 ], [ 693138.053700002958067, 9193648.383499998599291 ], [ 693135.045900005381554, 9193640.343300001695752 ], [ 693131.830100005725399, 9193631.747400000691414 ], [ 693130.443299997597933, 9193628.040400000289083 ], [ 693130.343500003102235, 9193627.773499999195337 ], [ 693129.238499998464249, 9193624.706400001421571 ], [ 693125.807900003623217, 9193615.183700002729893 ], [ 693124.855699996696785, 9193612.540899999439716 ], [ 693123.582599999965169, 9193609.006999999284744 ], [ 693123.171799999778159, 9193608.226099999621511 ], [ 693123.59090000030119, 9193608.0101000033319 ], [ 693123.194900006987154, 9193606.811300002038479 ], [ 693123.16550000035204, 9193606.722300000488758 ], [ 693122.740000002435409, 9193605.43440000154078 ], [ 693122.314599999692291, 9193604.146500002592802 ], [ 693121.88910000026226, 9193602.8586 ], [ 693119.363700002315454, 9193596.990000002086163 ], [ 693118.81860000337474, 9193597.2127 ], [ 693117.006199999130331, 9193597.953099997714162 ], [ 693115.193700000992976, 9193598.69340000115335 ], [ 693113.381300000590272, 9193599.433700000867248 ], [ 693111.568899999256246, 9193600.17400000244379 ], [ 693109.756399995530955, 9193600.914300000295043 ], [ 693107.943999999435619, 9193601.654600001871586 ], [ 693106.131600003805943, 9193602.394900001585484 ], [ 693104.319100001361221, 9193603.135199999436736 ], [ 693102.506700002239086, 9193603.875599998980761 ], [ 693100.694300003815442, 9193604.615900000557303 ], [ 693098.881800005678087, 9193605.356200002133846 ], [ 693097.069400001084432, 9193606.096499998122454 ], [ 693095.257000004057772, 9193606.836800001561642 ], [ 693093.444500000332482, 9193607.577099999412894 ], [ 693091.632099999929778, 9193608.317399999126792 ], [ 693089.819699998479337, 9193609.057799998670816 ], [ 693088.007200000458397, 9193609.798100002110004 ], [ 693086.194800001569092, 9193610.5384 ], [ 693084.382400010013953, 9193611.278699999675155 ], [ 693082.569900000700727, 9193612.018999999389052 ], [ 693080.757499999017455, 9193612.759300000965595 ], [ 693078.945100007578731, 9193613.499600002542138 ], [ 693077.13260000385344, 9193614.239900000393391 ], [ 693075.320199999026954, 9193614.9803 ], [ 693073.507700004731305, 9193615.720599999651313 ], [ 693071.695300003979355, 9193616.460900001227856 ], [ 693069.882899995194748, 9193617.201199999079108 ], [ 693068.070400002296083, 9193617.941500002518296 ], [ 693066.258000002824701, 9193618.681800000369549 ], [ 693064.445600008242764, 9193619.422100001946092 ], [ 693062.633099999744445, 9193620.162400001659989 ], [ 693060.820700001553632, 9193620.902799999341369 ], [ 693059.008300001267344, 9193621.643100002780557 ], [ 693057.195800005458295, 9193622.383400002494454 ], [ 693055.383400000515394, 9193623.123699998483062 ], [ 693053.632200005697086, 9193623.87750000320375 ], [ 693053.47740000160411, 9193623.929399998858571 ], [ 693053.326400002464652, 9193624.421599997207522 ], [ 693053.820000007515773, 9193625.94879999756813 ], [ 693054.464600000181235, 9193627.38260000012815 ], [ 693055.109300008276477, 9193628.816300000995398 ], [ 693055.75649999640882, 9193629.730799997225404 ], [ 693056.40370000328403, 9193630.645300002768636 ], [ 693057.490000000223517, 9193632.180400000885129 ], [ 693058.576299999491312, 9193633.715400001034141 ], [ 693058.897100004483946, 9193634.168800000101328 ], [ 693059.951199999311939, 9193635.731300001963973 ], [ 693061.026799999875948, 9193637.325899999588728 ], [ 693061.618300000554882, 9193638.2028 ], [ 693059.72519999963697, 9193639.365000000223517 ], [ 693048.290100001264364, 9193644.301700001582503 ], [ 693045.534300001105294, 9193645.491399999707937 ], [ 693040.706700004055165, 9193647.575600001960993 ], [ 693040.157799998647533, 9193647.812600001692772 ], [ 693037.505499999853782, 9193648.957600001245737 ], [ 693034.251600004150532, 9193650.362400002777576 ], [ 693032.511000004713424, 9193651.113800004124641 ], [ 693027.906100000836886, 9193653.023499999195337 ], [ 693027.95700000517536, 9193653.150499999523163 ], [ 693023.90700000943616, 9193654.772500002756715 ], [ 693024.11400000017602, 9193655.2895 ], [ 693017.511999997659586, 9193657.933599999174476 ], [ 693017.659499998087995, 9193659.529000002890825 ], [ 693029.117500002263114, 9193678.233000000938773 ], [ 693027.295900004217401, 9193679.27900000102818 ], [ 693028.094500006176531, 9193680.546500001102686 ], [ 693024.98600000073202, 9193682.663499999791384 ], [ 693028.836500007542782, 9193689.175999999046326 ], [ 693027.395799997495487, 9193690.059900002554059 ], [ 693027.751500000827946, 9193690.575399998575449 ], [ 693024.118500005919486, 9193693.05350000038743 ], [ 693024.514300002483651, 9193694.088600000366569 ], [ 693044.431499999132939, 9193724.157999999821186 ], [ 693061.676499999593943, 9193758.815999997779727 ], [ 693050.74970000225585, 9193764.280600000172853 ], [ 693050.842400000663474, 9193764.459300000220537 ], [ 692983.761300000362098, 9193798.828299999237061 ], [ 692995.683999998378567, 9193834.681500002741814 ], [ 692996.753000005381182, 9193838.055500000715256 ], [ 692999.490500003565103, 9193856.610999999567866 ], [ 693006.986900003394112, 9193856.538600001484156 ], [ 693008.711500003235415, 9193856.522099999710917 ], [ 693010.11490000190679, 9193856.450500000268221 ], [ 693012.86850000359118, 9193856.310000004246831 ], [ 693016.642600002815016, 9193856.128700001165271 ], [ 693018.254899998893961, 9193855.921499997377396 ], [ 693018.275600000517443, 9193856.050300002098083 ], [ 693025.631100002676249, 9193855.697000000625849 ], [ 693031.379500003065914, 9193855.421000001952052 ], [ 693032.232500001671724, 9193855.380000002682209 ], [ 693044.589500005124137, 9193854.386399999260902 ], [ 693051.117500003892928, 9193853.861600002273917 ], [ 693055.900500001851469, 9193853.477000003680587 ], [ 693064.44940000528004, 9193852.866600001230836 ], [ 693074.347900004591793, 9193852.15990000218153 ], [ 693076.251600003102794, 9193852.024000002071261 ], [ 693084.320000009029172, 9193851.539499998092651 ], [ 693085.142900002538227, 9193851.4901 ], [ 693095.168500005151145, 9193850.888000000268221 ], [ 693096.866700002108701, 9193849.998099999502301 ], [ 693098.017500004963949, 9193849.39500000141561 ], [ 693098.396400008001365, 9193849.998099999502301 ], [ 693100.255500001600012, 9193852.957000002264977 ], [ 693101.33480000088457, 9193855.905600002035499 ], [ 693103.011499995249324, 9193860.485999997705221 ], [ 693103.146199997048825, 9193861.7456 ], [ 693103.772500006249174, 9193867.60390000231564 ], [ 693104.314999998779967, 9193867.554500000551343 ], [ 693104.758500001626089, 9193871.041200000792742 ], [ 693104.891900000046007, 9193872.089599998667836 ], [ 693107.521400003810413, 9193872.303899999707937 ], [ 693109.731500000227243, 9193872.483999997377396 ], [ 693110.094499999191612, 9193872.75199999846518 ], [ 693111.095500006806105, 9193877.199999999254942 ], [ 693111.999500000965782, 9193878.005999999120831 ], [ 693112.550499996519648, 9193878.218000000342727 ], [ 693114.772500004852191, 9193877.71399999782443 ], [ 693116.316500008106232, 9193879.976099999621511 ], [ 693118.795400001923554, 9193879.907600000500679 ], [ 693118.73500000720378, 9193879.571500001475215 ], [ 693125.054000001400709, 9193878.481499997898936 ], [ 693125.213700004038401, 9193879.730200000107288 ], [ 693127.740899999742396, 9193879.660400001332164 ], [ 693133.434500001603737, 9193879.503000000491738 ], [ 693137.099499999429099, 9193879.439000001177192 ], [ 693138.083000003127381, 9193879.209499999880791 ], [ 693143.530600001337007, 9193877.938000001013279 ], [ 693143.722500002593733, 9193877.907700000330806 ], [ 693143.704000000143424, 9193877.505499998107553 ], [ 693147.11519999965094, 9193877.371399998664856 ], [ 693150.071800000267103, 9193876.904100000858307 ], [ 693151.457500001532026, 9193876.684999998658895 ], [ 693158.120400001993403, 9193876.115800000727177 ], [ 693158.481500002439134, 9193876.08500000089407 ], [ 693164.667499999864958, 9193874.750000001862645 ], [ 693168.000500005786307, 9193873.708900002762675 ], [ 693167.982500005164184, 9193873.47099999897182 ], [ 693168.988000004785135, 9193873.400499999523163 ], [ 693169.556800002697855, 9193873.222899999469519 ], [ 693170.570599998929538, 9193872.906200001016259 ], [ 693173.015300002647564, 9193871.555400002747774 ], [ 693174.263499999418855, 9193873.060400001704693 ], [ 693175.511599997058511, 9193874.565300000831485 ], [ 693175.769300002837554, 9193875.904100002720952 ], [ 693175.851100009167567, 9193876.94510000012815 ], [ 693175.902400005259551, 9193878.908900002017617 ], [ 693175.953700001817197, 9193880.872700002044439 ], [ 693175.985500000533648, 9193882.08729999884963 ], [ 693176.039600007003173, 9193882.063799999654293 ], [ 693180.486499999184161, 9193880.133500002324581 ], [ 693180.090599999413826, 9193878.174499999731779 ] ] ] ] } },
{ "type": "Feature", "properties": { "Id": 0, "Nama_Lokas": "MK Kembang Kuning", "OBJECTID": 1423, "PL": "Hutan Kota, Jalur Hijau dan Taman Kota", "TGL": "Ruang Terbuka Hijau", "RTH": "RTH", "Tipe_RTH": "Makam", "Shape_Leng": 316463.88277000003, "Shape_Area": 316463.88277000003, "Luas": 316463.88277000003, "Luas_UPT": "264.088,37", "Luas_fasum": "11.107,20", "Luas_efek": "252.981", "Kapasitas": "72.280", "kematian": "81.331", "sisa_petak": "-", "Ket": "Penuh, tumpang" }, "geometry": { "type": "MultiPolygon", "coordinates": [ [ [ [ 690420.955299999564886, 9194834.394300000742078 ], [ 690465.501299999654293, 9194830.21199999935925 ], [ 690682.303899999707937, 9194833.596100000664592 ], [ 690685.370500000193715, 9194813.543299999088049 ], [ 690685.370500000193715, 9194801.2401 ], [ 690684.17989999987185, 9194785.762000000104308 ], [ 690691.118300000205636, 9194785.6402000002563 ], [ 690691.073699999600649, 9194776.366399999707937 ], [ 690691.041500000283122, 9194769.677200000733137 ], [ 690696.0777000002563, 9194769.443800000473857 ], [ 690716.275799999944866, 9194764.63370000012219 ], [ 690717.400299999862909, 9194756.69620000012219 ], [ 690721.03830000013113, 9194749.221699999645352 ], [ 690723.022699999623001, 9194742.739299999549985 ], [ 690720.839999999850988, 9194742.144099999219179 ], [ 690722.295099999755621, 9194739.035199999809265 ], [ 690717.995600000023842, 9194737.51380000077188 ], [ 690721.7659, 9194728.385700000450015 ], [ 690775.728699999861419, 9194731.26659999974072 ], [ 690776.021499999798834, 9194729.03690000064671 ], [ 690776.389899999834597, 9194727.194399999454618 ], [ 690776.758200000040233, 9194725.35190000012517 ], [ 690777.126600000075996, 9194723.509199999272823 ], [ 690777.494900000281632, 9194721.666799999773502 ], [ 690783.261800000444055, 9194698.254200000315905 ], [ 690781.533200000412762, 9194698.312100000679493 ], [ 690779.80449999962002, 9194698.369899999350309 ], [ 690777.856200000271201, 9194698.661699999123812 ], [ 690775.907999999821186, 9194698.953400000929832 ], [ 690773.959800000302494, 9194699.245200000703335 ], [ 690772.011500000022352, 9194699.53690000064671 ], [ 690770.472500000149012, 9194700.475299999117851 ], [ 690770.634600000455976, 9194698.584599999710917 ], [ 690770.7966, 9194696.69400000013411 ], [ 690770.958700000308454, 9194694.803300000727177 ], [ 690771.120699999853969, 9194692.912599999457598 ], [ 690771.282800000160933, 9194691.021999999880791 ], [ 690771.444799999706447, 9194689.131300000473857 ], [ 690771.606900000013411, 9194687.240599999204278 ], [ 690771.768899999558926, 9194685.349999999627471 ], [ 690771.93099999986589, 9194683.459300000220537 ], [ 690772.093000000342727, 9194681.568600000813603 ], [ 690772.255099999718368, 9194679.677999999374151 ], [ 690772.417100000195205, 9194677.7873 ], [ 690772.663800000213087, 9194675.876599999144673 ], [ 690772.910500000230968, 9194673.965900000184774 ], [ 690773.157100000418723, 9194672.05519999936223 ], [ 690773.403800000436604, 9194670.144500000402331 ], [ 690773.650500000454485, 9194668.233799999579787 ], [ 690773.897199999541044, 9194666.323100000619888 ], [ 690774.143899999558926, 9194664.412399999797344 ], [ 690774.390599999576807, 9194662.501800000667572 ], [ 690774.637199999764562, 9194660.591099999845028 ], [ 690774.883899999782443, 9194658.680400000885129 ], [ 690775.130599999800324, 9194656.7697 ], [ 690775.377299999818206, 9194654.858999999240041 ], [ 690775.623999999836087, 9194652.948300000280142 ], [ 690775.870600000023842, 9194651.037599999457598 ], [ 690776.117300000041723, 9194649.126900000497699 ], [ 690776.364000000059605, 9194647.216199999675155 ], [ 690777.377100000157952, 9194635.190300000831485 ], [ 690777.525399999693036, 9194633.629699999466538 ], [ 690777.909699999727309, 9194627.096899999305606 ], [ 690778.067099999636412, 9194624.421399999409914 ], [ 690778.160400000400841, 9194622.834599999710917 ], [ 690778.636599999852479, 9194617.834000000730157 ], [ 690776.731599999591708, 9194617.834000000730157 ], [ 690776.731599999591708, 9194609.261499999091029 ], [ 690775.858500000089407, 9194607.118300000205636 ], [ 690776.058100000023842, 9194605.521500000730157 ], [ 690776.255400000140071, 9194603.943299999460578 ], [ 690776.149500000290573, 9194602.593900000676513 ], [ 690775.867999999783933, 9194599.003799999132752 ], [ 690775.64879999961704, 9194596.20890000090003 ], [ 690774.259700000286102, 9194593.099999999627471 ], [ 690770.348899999633431, 9194589.845000000670552 ], [ 690766.012099999934435, 9194587.183700000867248 ], [ 690761.338800000026822, 9194585.171299999579787 ], [ 690756.425400000065565, 9194583.848999999463558 ], [ 690751.373200000263751, 9194583.244300000369549 ], [ 690747.011099999770522, 9194583.306900000199676 ], [ 690742.689699999988079, 9194583.905300000682473 ], [ 690738.474700000137091, 9194585.030200000852346 ], [ 690736.591199999675155, 9194585.7336 ], [ 690733.220999999903142, 9194586.99210000038147 ], [ 690728.023599999956787, 9194588.932800000533462 ], [ 690726.362200000323355, 9194589.3246 ], [ 690721.21129999961704, 9194590.539000000804663 ], [ 690716.051699999719858, 9194591.7555 ], [ 690712.990600000135601, 9194592.47719999961555 ], [ 690711.751799999736249, 9194592.769300000742078 ], [ 690708.221400000154972, 9194593.195299999788404 ], [ 690704.07880000025034, 9194593.695299999788404 ], [ 690700.305399999953806, 9194594.439200000837445 ], [ 690697.619699999690056, 9194581.412399999797344 ], [ 690697.519500000402331, 9194580.586300000548363 ], [ 690697.419400000013411, 9194579.760099999606609 ], [ 690694.461199999786913, 9194567.303099999204278 ], [ 690696.379300000146031, 9194566.377100000157952 ], [ 690694.196600000374019, 9194558.042700000107288 ], [ 690683.173600000329316, 9194544.96199999935925 ], [ 690643.503600000403821, 9194333.647700000554323 ], [ 690633.264200000092387, 9194336.187699999660254 ], [ 690634.164499999955297, 9194339.249399999156594 ], [ 690616.695600000210106, 9194342.601800000295043 ], [ 690614.130599999800324, 9194331.992200000211596 ], [ 690613.2045, 9194326.502100000157952 ], [ 690610.488800000399351, 9194315.703600000590086 ], [ 690609.835900000296533, 9194315.744100000709295 ], [ 690590.556300000287592, 9194320.088899999856949 ], [ 690585.813500000163913, 9194322.288599999621511 ], [ 690576.883799999952316, 9194324.630200000479817 ], [ 690565.572900000028312, 9194327.209799999371171 ], [ 690563.63260000012815, 9194317.9189 ], [ 690563.509100000374019, 9194317.327600000426173 ], [ 690562.397900000214577, 9194310.977600000798702 ], [ 690561.9216, 9194306.29450000077486 ], [ 690561.326299999840558, 9194306.29450000077486 ], [ 690561.333100000396371, 9194306.427999999374151 ], [ 690547.753200000151992, 9194309.509199999272823 ], [ 690544.568199999630451, 9194310.036000000312924 ], [ 690542.474700000137091, 9194310.38230000063777 ], [ 690533.624400000087917, 9194311.57289999909699 ], [ 690533.103600000031292, 9194307.169600000604987 ], [ 690532.751199999824166, 9194304.190999999642372 ], [ 690530.012799999676645, 9194304.3498 ], [ 690514.77280000038445, 9194304.9847999997437 ], [ 690514.098100000061095, 9194301.849500000476837 ], [ 690513.502799999900162, 9194297.801300000399351 ], [ 690513.105800000019372, 9194295.102600000798702 ], [ 690506.216300000436604, 9194260.961200000718236 ], [ 690451.315200000070035, 9194265.591399999335408 ], [ 690431.841400000266731, 9194180.549900000914931 ], [ 690430.43030000012368, 9194180.333000000566244 ], [ 690428.594100000336766, 9194180.050699999555945 ], [ 690426.75789999961853, 9194179.768400000408292 ], [ 690424.921699999831617, 9194179.486099999397993 ], [ 690423.190200000070035, 9194179.409600000828505 ], [ 690421.458700000308454, 9194179.333100000396371 ], [ 690419.72719999961555, 9194179.2566 ], [ 690417.995699999853969, 9194179.180099999532104 ], [ 690416.638600000180304, 9194179.198599999770522 ], [ 690415.281499999575317, 9194179.2171 ], [ 690413.815200000070035, 9194179.483899999409914 ], [ 690412.348899999633431, 9194179.750700000673532 ], [ 690410.460099999792874, 9194180.183800000697374 ], [ 690408.57120000012219, 9194180.616800000891089 ], [ 690406.682300000451505, 9194181.049900000914931 ], [ 690404.793499999679625, 9194181.482899999246001 ], [ 690402.944099999964237, 9194181.762700000777841 ], [ 690401.094600000418723, 9194182.042600000277162 ], [ 690399.245199999772012, 9194182.3224 ], [ 690397.395700000226498, 9194182.60219999961555 ], [ 690395.546299999579787, 9194182.882099999114871 ], [ 690393.696800000034273, 9194183.16190000064671 ], [ 690391.847400000318885, 9194183.441700000315905 ], [ 690389.997899999842048, 9194183.7215 ], [ 690388.14850000012666, 9194184.00139999948442 ], [ 690386.298999999649823, 9194184.281199999153614 ], [ 690384.449599999934435, 9194184.561000000685453 ], [ 690382.60010000038892, 9194184.840900000184774 ], [ 690380.75069999974221, 9194185.120699999853969 ], [ 690378.831600000150502, 9194185.44679999910295 ], [ 690376.912499999627471, 9194185.773 ], [ 690374.993400000035763, 9194186.099099999293685 ], [ 690373.074300000444055, 9194186.425300000235438 ], [ 690371.155199999921024, 9194186.75139999948442 ], [ 690369.236200000159442, 9194187.077600000426173 ], [ 690367.317099999636412, 9194187.403699999675155 ], [ 690365.398000000044703, 9194187.729900000616908 ], [ 690363.478900000452995, 9194188.05599999986589 ], [ 690361.559799999929965, 9194188.382200000807643 ], [ 690359.640700000338256, 9194188.7083 ], [ 690357.683199999853969, 9194189.063500000163913 ], [ 690355.725700000301003, 9194189.418700000271201 ], [ 690353.768199999816716, 9194189.773900000378489 ], [ 690351.810700000263751, 9194190.129200000315905 ], [ 690349.853199999779463, 9194190.484400000423193 ], [ 690347.895700000226498, 9194190.839600000530481 ], [ 690345.93819999974221, 9194191.19480000063777 ], [ 690343.980700000189245, 9194191.550000000745058 ], [ 690342.023199999704957, 9194191.905200000852346 ], [ 690340.065700000151992, 9194192.26039999909699 ], [ 690338.108199999667704, 9194192.61570000089705 ], [ 690336.150700000114739, 9194192.970899999141693 ], [ 690334.193199999630451, 9194193.326099999248981 ], [ 690332.235700000077486, 9194193.68129999935627 ], [ 690330.82880000025034, 9194193.854699999094009 ], [ 690329.421900000423193, 9194194.028100000694394 ], [ 690327.588899999856949, 9194194.11710000038147 ], [ 690326.090400000102818, 9194194.086100000888109 ], [ 690324.591900000348687, 9194194.055099999532104 ], [ 690322.973899999633431, 9194194.051100000739098 ], [ 690321.219499999657273, 9194194.311499999836087 ], [ 690319.465200000442564, 9194194.57179999910295 ], [ 690317.710799999535084, 9194194.8322 ], [ 690315.956500000320375, 9194195.092499999329448 ], [ 690314.202100000344217, 9194195.352900000289083 ], [ 690312.844100000336766, 9194195.405300000682473 ], [ 690311.486100000329316, 9194195.457699999213219 ], [ 690310.068099999800324, 9194195.6711 ], [ 690309.810100000351667, 9194196.275699999183416 ], [ 690309.931099999696016, 9194197.845100000500679 ], [ 690310.178999999538064, 9194199.612700000405312 ], [ 690310.426799999549985, 9194201.380300000309944 ], [ 690310.674700000323355, 9194203.147900000214577 ], [ 690310.922500000335276, 9194204.915500000119209 ], [ 690310.747000000439584, 9194205.250099999830127 ], [ 690311.187800000421703, 9194205.9265 ], [ 690311.399500000290573, 9194205.870999999344349 ], [ 690312.718500000424683, 9194212.636 ], [ 690313.47829999960959, 9194216.278999999165535 ], [ 690314.724999999627471, 9194222.479100000113249 ], [ 690315.849999999627471, 9194228.1579 ], [ 690317.504999999888241, 9194233.96169999986887 ], [ 690316.215400000102818, 9194234.307800000533462 ], [ 690317.316200000233948, 9194238.409600000828505 ], [ 690317.580500000156462, 9194239.637299999594688 ], [ 690318.088399999774992, 9194239.528000000864267 ], [ 690318.805499999783933, 9194242.585999999195337 ], [ 690316.458499999716878, 9194243.166899999603629 ], [ 690317.459499999880791, 9194248.004000000655651 ], [ 690317.748300000093877, 9194249.059000000357628 ], [ 690320.390800000168383, 9194248.335699999704957 ], [ 690321.809399999678135, 9194253.518500000238419 ], [ 690319.642599999904633, 9194254.111500000581145 ], [ 690320.258200000040233, 9194256.3608 ], [ 690321.32039999961853, 9194260.114800000563264 ], [ 690322.561499999836087, 9194259.745999999344349 ], [ 690323.36849999986589, 9194263.066999999806285 ], [ 690322.354500000365078, 9194263.426999999210238 ], [ 690323.651499999687076, 9194268.925000000745058 ], [ 690324.328499999828637, 9194268.896999999880791 ], [ 690326.644500000402331, 9194281.428999999538064 ], [ 690319.427299999631941, 9194283.513900000602007 ], [ 690320.577499999664724, 9194289.470000000670552 ], [ 690313.603500000201166, 9194291.573000000789762 ], [ 690311.596400000154972, 9194293.089099999517202 ], [ 690305.745500000193715, 9194294.161000000312924 ], [ 690304.986499999649823, 9194290.01799999922514 ], [ 690303.918399999849498, 9194290.213700000196695 ], [ 690302.400999999605119, 9194281.931099999696016 ], [ 690301.4079, 9194276.510500000789762 ], [ 690300.710199999623001, 9194274.1206 ], [ 690299.800499999895692, 9194272.996500000357628 ], [ 690297.892699999734759, 9194273.431399999186397 ], [ 690295.984899999573827, 9194273.8662 ], [ 690294.077200000174344, 9194274.301100000739098 ], [ 690292.169400000013411, 9194274.735999999567866 ], [ 690290.261599999852479, 9194275.17090000025928 ], [ 690288.353799999691546, 9194275.605699999257922 ], [ 690286.446000000461936, 9194276.0406 ], [ 690284.538200000301003, 9194276.47550000064075 ], [ 690282.630499999970198, 9194276.910399999469519 ], [ 690280.722699999809265, 9194277.345200000330806 ], [ 690278.814899999648333, 9194277.780099999159575 ], [ 690277.914099999703467, 9194278.312100000679493 ], [ 690277.323099999688566, 9194279.064099999144673 ], [ 690272.978699999861419, 9194272.984099999070168 ], [ 690260.01410000026226, 9194202.869400000199676 ], [ 690230.380699999630451, 9194203.663100000470877 ], [ 690231.046799999661744, 9194181.899800000712276 ], [ 690229.653099999763072, 9194181.736600000411272 ], [ 690227.772499999962747, 9194181.5165 ], [ 690225.891900000162423, 9194181.296299999579787 ], [ 690224.011300000362098, 9194181.076199999079108 ], [ 690222.130699999630451, 9194180.856000000610948 ], [ 690220.250099999830127, 9194180.635900000110269 ], [ 690218.369500000029802, 9194180.415699999779463 ], [ 690216.488900000229478, 9194180.195599999278784 ], [ 690214.608300000429153, 9194179.975400000810623 ], [ 690212.727699999697506, 9194179.755300000309944 ], [ 690210.847099999897182, 9194179.5351 ], [ 690209.653099999763072, 9194178.898900000378489 ], [ 690208.88910000026226, 9194178.472100000828505 ], [ 690207.857900000177324, 9194178.147099999710917 ], [ 690207.572800000198185, 9194178.127599999308586 ], [ 690207.774500000290573, 9194183.191999999806285 ], [ 690203.627500000409782, 9194183.808499999344349 ], [ 690200.395499999634922, 9194184.289000000804663 ], [ 690198.473500000312924, 9194185.5 ], [ 690192.083800000138581, 9194186.281500000506639 ], [ 690191.55350000038743, 9194186.348999999463558 ], [ 690189.800499999895692, 9194186.191099999472499 ], [ 690185.915599999949336, 9194187.240800000727177 ], [ 690182.867499999701977, 9194187.402000000700355 ], [ 690176.357499999925494, 9194188.581000000238419 ], [ 690170.731499999761581, 9194189.216 ], [ 690162.932500000111759, 9194191.372999999672174 ], [ 690156.788099999539554, 9194193.0152000002563 ], [ 690156.982300000265241, 9194194.120200000703335 ], [ 690144.774799999780953, 9194195.830800000578165 ], [ 690144.616100000217557, 9194194.997400000691414 ], [ 690143.465200000442564, 9194195.275100000202656 ], [ 690143.504900000058115, 9194195.98960000090301 ], [ 690139.178899999707937, 9194196.66440000012517 ], [ 690139.178899999707937, 9194197.14049999974668 ], [ 690127.629900000058115, 9194199.482100000604987 ], [ 690127.113900000229478, 9194198.251800000667572 ], [ 690116.834800000302494, 9194201.029899999499321 ], [ 690116.557000000029802, 9194199.720200000330806 ], [ 690114.453499999828637, 9194200.037699999287724 ], [ 690114.731399999931455, 9194201.466499999165535 ], [ 690112.072300000116229, 9194202.498299999162555 ], [ 690112.310399999842048, 9194203.847799999639392 ], [ 690110.127600000239909, 9194204.363700000569224 ], [ 690110.649299999698997, 9194208.3651 ], [ 690104.877600000239909, 9194209.379599999636412 ], [ 690104.5318, 9194206.903699999675155 ], [ 690103.040500000119209, 9194207.160900000482798 ], [ 690099.146499999798834, 9194207.832699999213219 ], [ 690096.352699999697506, 9194206.765900000929832 ], [ 690096.848799999803305, 9194209.014799999073148 ], [ 690097.444099999964237, 9194208.882500000298023 ], [ 690097.807900000363588, 9194211.528400000184774 ], [ 690096.31969999987632, 9194211.660700000822544 ], [ 690095.794099999591708, 9194213.665999999269843 ], [ 690092.681599999777973, 9194214.207299999892712 ], [ 690092.020200000144541, 9194210.403799999505281 ], [ 690092.161299999803305, 9194209.561000000685453 ], [ 690088.117499999701977, 9194210.271600000560284 ], [ 690087.687599999830127, 9194208.717199999839067 ], [ 690082.230600000359118, 9194209.808599999174476 ], [ 690082.594399999827147, 9194212.487500000745058 ], [ 690078.228699999861419, 9194213.215099999681115 ], [ 690077.765700000338256, 9194210.7346 ], [ 690075.252199999988079, 9194211.13150000013411 ], [ 690075.417500000447035, 9194212.355200000107288 ], [ 690074.656899999827147, 9194212.553600000217557 ], [ 690074.623700000345707, 9194213.182 ], [ 690071.250300000421703, 9194213.545800000429153 ], [ 690071.250300000421703, 9194213.215099999681115 ], [ 690069.819099999964237, 9194213.401799999177456 ], [ 690068.207600000314415, 9194213.611999999731779 ], [ 690068.141499999910593, 9194212.222899999469519 ], [ 690067.743200000375509, 9194212.279200000688434 ], [ 690060.667000000365078, 9194213.281099999323487 ], [ 690060.766200000420213, 9194214.6042 ], [ 690053.569199999794364, 9194215.712899999693036 ], [ 690048.959099999628961, 9194216.4232 ], [ 690049.223699999973178, 9194218.242200000211596 ], [ 690047.660000000149012, 9194218.4715 ], [ 690044.262699999846518, 9194218.969799999147654 ], [ 690044.097400000318885, 9194217.481499999761581 ], [ 690041.120900000445545, 9194217.977600000798702 ], [ 690041.021499999798834, 9194216.8531 ], [ 690040.525500000454485, 9194216.886199999600649 ], [ 690040.426300000399351, 9194217.316099999472499 ], [ 690036.166799999773502, 9194218.050499999895692 ], [ 690032.753399999812245, 9194218.63910000026226 ], [ 690032.654199999757111, 9194219.399700000882149 ], [ 690028.005400000140071, 9194219.632200000807643 ], [ 690027.76410000026226, 9194219.644600000232458 ], [ 690027.782100000418723, 9194219.995999999344349 ], [ 690023.009100000374019, 9194220.914000000804663 ], [ 690022.956799999810755, 9194219.890599999576807 ], [ 690016.708800000138581, 9194220.210400000214577 ], [ 690016.706399999558926, 9194220.134999999776483 ], [ 690016.395700000226498, 9194220.001599999144673 ], [ 690016.447100000455976, 9194221.245500000193715 ], [ 690011.521099999547005, 9194221.449100000783801 ], [ 690010.959400000050664, 9194221.755899999290705 ], [ 690010.930499999783933, 9194225.571399999782443 ], [ 690006.089800000190735, 9194225.534900000318885 ], [ 690003.709499999880791, 9194225.188400000333786 ], [ 690001.401499999687076, 9194225.287000000476837 ], [ 690000.284699999727309, 9194225.879899999126792 ], [ 689997.758600000292063, 9194226.28800000064075 ], [ 689997.652800000272691, 9194225.626499999314547 ], [ 689994.107400000095367, 9194225.864800000563264 ], [ 689994.239699999801815, 9194227.478700000792742 ], [ 689990.693599999882281, 9194227.998199999332428 ], [ 689990.501400000415742, 9194226.841600000858307 ], [ 689988.82660000026226, 9194227.185799999162555 ], [ 689984.391800000332296, 9194227.848300000652671 ], [ 689984.364199999719858, 9194227.663699999451637 ], [ 689984.206600000150502, 9194228.853800000622869 ], [ 689982.804299999959767, 9194229.012499999254942 ], [ 689981.9841, 9194229.912100000306964 ], [ 689980.42879999987781, 9194230.202600000426173 ], [ 689980.176799999549985, 9194230.675300000235438 ], [ 689980.497399999760091, 9194231.926100000739098 ], [ 689973.578200000338256, 9194233.614199999719858 ], [ 689973.332200000062585, 9194232.372700000181794 ], [ 689968.878800000064075, 9194233.347300000488758 ], [ 689967.426699999719858, 9194233.621600000187755 ], [ 689967.109199999831617, 9194231.92820000089705 ], [ 689965.706899999640882, 9194232.192800000309944 ], [ 689965.786199999973178, 9194232.669099999591708 ], [ 689961.764600000344217, 9194233.489299999549985 ], [ 689961.923299999907613, 9194234.4682 ], [ 689960.269100000150502, 9194234.789899999275804 ], [ 689958.305700000375509, 9194235.171700000762939 ], [ 689956.208300000056624, 9194235.579500000923872 ], [ 689956.049599999561906, 9194234.521099999547005 ], [ 689953.13910000026226, 9194235.050300000235438 ], [ 689953.324300000444055, 9194236.479100000113249 ], [ 689951.551599999889731, 9194236.796599999070168 ], [ 689951.44579999987036, 9194236.267400000244379 ], [ 689949.357200000435114, 9194236.695499999448657 ], [ 689947.185999999754131, 9194237.14049999974668 ], [ 689946.947900000028312, 9194236.161599999293685 ], [ 689943.640599999576807, 9194236.743599999696016 ], [ 689940.042200000025332, 9194237.219900000840425 ], [ 689939.751199999824166, 9194235.658800000324845 ], [ 689937.369900000281632, 9194236.0822 ], [ 689937.846199999563396, 9194238.91330000013113 ], [ 689935.385099999606609, 9194239.391100000590086 ], [ 689935.121000000275671, 9194239.442500000819564 ], [ 689935.14740000013262, 9194239.997999999672174 ], [ 689932.170599999837577, 9194240.621400000527501 ], [ 689928.956199999898672, 9194241.29450000077486 ], [ 689928.479899999685585, 9194239.442399999126792 ], [ 689924.802199999801815, 9194240.183199999853969 ], [ 689925.119699999690056, 9194242.379300000146031 ], [ 689920.013199999928474, 9194243.331800000742078 ], [ 689915.678600000217557, 9194244.162599999457598 ], [ 689915.695600000210106, 9194244.27419999986887 ], [ 689915.987099999561906, 9194246.193099999800324 ], [ 689916.278699999675155, 9194248.1119 ], [ 689916.570299999788404, 9194250.0307 ], [ 689916.861800000071526, 9194251.9496 ], [ 689917.153400000184774, 9194253.86849999986589 ], [ 689917.444899999536574, 9194255.7873 ], [ 689917.736499999649823, 9194257.7061 ], [ 689918.027999999932945, 9194259.625 ], [ 689918.319600000046194, 9194261.5439 ], [ 689918.611100000329316, 9194263.4627 ], [ 689918.902599999681115, 9194265.38150000013411 ], [ 689919.194199999794364, 9194267.3004 ], [ 689919.485799999907613, 9194269.2193 ], [ 689919.777300000190735, 9194271.1381 ], [ 689920.068900000303984, 9194273.056900000199676 ], [ 689920.360399999655783, 9194274.97580000013113 ], [ 689920.651999999769032, 9194276.8947 ], [ 689920.943500000052154, 9194278.813500000163913 ], [ 689921.214100000448525, 9194280.568099999800324 ], [ 689921.24349999986589, 9194280.758600000292063 ], [ 689921.543600000441074, 9194282.703600000590086 ], [ 689921.84360000025481, 9194284.648700000718236 ], [ 689922.143699999898672, 9194286.593800000846386 ], [ 689922.443699999712408, 9194288.538799999281764 ], [ 689922.743700000457466, 9194290.483899999409914 ], [ 689923.043800000101328, 9194292.428899999707937 ], [ 689923.343799999915063, 9194294.373999999836087 ], [ 689923.643799999728799, 9194296.3191 ], [ 689923.943900000303984, 9194298.26410000026226 ], [ 689924.243900000117719, 9194300.20920000039041 ], [ 689924.543999999761581, 9194302.15430000051856 ], [ 689924.843999999575317, 9194304.099300000816584 ], [ 689925.144000000320375, 9194306.044399999082088 ], [ 689925.444099999964237, 9194307.989399999380112 ], [ 689925.744099999777973, 9194309.934499999508262 ], [ 689926.044099999591708, 9194311.879599999636412 ], [ 689926.344200000166893, 9194313.8246 ], [ 689926.644199999980628, 9194315.7697 ], [ 689926.944299999624491, 9194317.714800000190735 ], [ 689927.244300000369549, 9194319.659800000488758 ], [ 689927.544300000183284, 9194321.604900000616908 ], [ 689927.844399999827147, 9194323.549900000914931 ], [ 689928.144399999640882, 9194325.494999999180436 ], [ 689928.44440000038594, 9194327.440099999308586 ], [ 689928.744500000029802, 9194329.385099999606609 ], [ 689929.044499999843538, 9194331.330199999734759 ], [ 689929.344600000418723, 9194333.275299999862909 ], [ 689929.644600000232458, 9194335.220300000160933 ], [ 689929.944600000046194, 9194337.165400000289083 ], [ 689930.244699999690056, 9194339.110400000587106 ], [ 689930.544700000435114, 9194341.055500000715256 ], [ 689930.871199999935925, 9194342.973999999463558 ], [ 689931.197800000198185, 9194344.892400000244379 ], [ 689931.524299999698997, 9194346.810900000855327 ], [ 689931.85080000013113, 9194348.729399999603629 ], [ 689932.177299999631941, 9194350.647900000214577 ], [ 689932.503899999894202, 9194352.566299999132752 ], [ 689932.830400000326335, 9194354.4847999997437 ], [ 689933.156899999827147, 9194356.403300000354648 ], [ 689933.48340000025928, 9194358.32179999910295 ], [ 689933.809999999590218, 9194360.240199999883771 ], [ 689934.136500000022352, 9194362.158700000494719 ], [ 689934.322200000286102, 9194363.887199999764562 ], [ 689934.507799999788404, 9194365.615599999204278 ], [ 689934.693500000052154, 9194367.344100000336766 ], [ 689934.879200000315905, 9194369.072599999606609 ], [ 689935.064799999818206, 9194370.801000000908971 ], [ 689935.250500000081956, 9194372.529500000178814 ], [ 689935.135300000198185, 9194373.693099999800324 ], [ 689935.020100000314415, 9194374.856699999421835 ], [ 689935.2818, 9194376.724300000816584 ], [ 689935.543499999679625, 9194378.592000000178814 ], [ 689935.805200000293553, 9194380.459599999710917 ], [ 689936.066899999976158, 9194382.327299999073148 ], [ 689936.328499999828637, 9194384.194900000467896 ], [ 689936.590200000442564, 9194386.062599999830127 ], [ 689936.85190000012517, 9194387.93019999936223 ], [ 689937.113599999807775, 9194389.797900000587106 ], [ 689937.375300000421703, 9194391.665500000119209 ], [ 689937.720599999651313, 9194393.349500000476837 ], [ 689938.065899999812245, 9194395.033500000834465 ], [ 689938.411199999973178, 9194396.717499999329448 ], [ 689938.75650000013411, 9194398.401499999687076 ], [ 689939.101800000295043, 9194400.0855 ], [ 689939.447100000455976, 9194401.769500000402331 ], [ 689939.721800000406802, 9194403.582399999722838 ], [ 689939.996600000187755, 9194405.395300000905991 ], [ 689940.271300000138581, 9194407.208200000226498 ], [ 689940.546099999919534, 9194409.021099999547005 ], [ 689940.82079999987036, 9194410.834000000730157 ], [ 689941.095599999651313, 9194412.646999999880791 ], [ 689941.370299999602139, 9194414.459899999201298 ], [ 689941.645100000314415, 9194416.27280000038445 ], [ 689941.919800000265241, 9194418.085699999704957 ], [ 689942.194600000046194, 9194419.898600000888109 ], [ 689942.4693, 9194421.711500000208616 ], [ 689942.774500000290573, 9194423.612400000914931 ], [ 689943.079599999822676, 9194425.513299999758601 ], [ 689943.384800000116229, 9194427.414300000295043 ], [ 689943.690000000409782, 9194429.315199999138713 ], [ 689943.995099999941885, 9194431.216099999845028 ], [ 689944.300300000235438, 9194433.117000000551343 ], [ 689944.605499999597669, 9194435.017899999395013 ], [ 689944.910600000061095, 9194436.918800000101328 ], [ 689945.215800000354648, 9194438.81980000063777 ], [ 689945.520999999716878, 9194440.72069999948144 ], [ 689945.826100000180304, 9194442.621600000187755 ], [ 689946.131299999542534, 9194444.52250000089407 ], [ 689946.520999999716878, 9194446.4671 ], [ 689946.910600000061095, 9194448.411699999123812 ], [ 689947.300300000235438, 9194450.356300000101328 ], [ 689947.690000000409782, 9194452.300799999386072 ], [ 689948.079599999822676, 9194454.245400000363588 ], [ 689948.4693, 9194456.189999999478459 ], [ 689948.859000000171363, 9194458.134600000455976 ], [ 689949.248599999584258, 9194460.079199999570847 ], [ 689949.284699999727309, 9194460.259199999272823 ], [ 689950.350200000219047, 9194459.972899999469519 ], [ 689961.383899999782443, 9194457.528000000864267 ], [ 689973.798200000077486, 9194454.777100000530481 ], [ 689982.015700000338256, 9194453.337600000202656 ], [ 689992.485100000165403, 9194452.035399999469519 ], [ 690004.052199999801815, 9194450.596699999645352 ], [ 690011.97759999986738, 9194446.9189 ], [ 690023.955699999816716, 9194445.241900000721216 ], [ 690033.211799999698997, 9194443.946100000292063 ], [ 690042.203099999576807, 9194442.687300000339746 ], [ 690043.72759999986738, 9194442.473899999633431 ], [ 690052.006799999624491, 9194441.200099999085069 ], [ 690056.74280000012368, 9194440.4715 ], [ 690061.113699999637902, 9194439.799000000581145 ], [ 690071.373200000263751, 9194438.22069999948144 ], [ 690072.620199999772012, 9194438.028899999335408 ], [ 690076.091799999587238, 9194437.510099999606609 ], [ 690085.448400000110269, 9194436.111999999731779 ], [ 690086.431499999947846, 9194435.965099999681115 ], [ 690090.558100000023842, 9194435.129000000655651 ], [ 690095.655600000172853, 9194434.096200000494719 ], [ 690104.363599999807775, 9194432.331800000742078 ], [ 690110.720200000330806, 9194431.043800000101328 ], [ 690114.263799999840558, 9194430.505000000819564 ], [ 690118.57010000012815, 9194429.850099999457598 ], [ 690126.430700000375509, 9194428.654699999839067 ], [ 690145.169099999591708, 9194425.804999999701977 ], [ 690145.645299999974668, 9194428.662599999457598 ], [ 690144.656600000336766, 9194436.489800000563264 ], [ 690143.740299999713898, 9194443.743899999186397 ], [ 690142.994599999859929, 9194447.612400000914931 ], [ 690140.864400000311434, 9194458.662599999457598 ], [ 690139.020899999886751, 9194468.22580000013113 ], [ 690137.27280000038445, 9194477.2939 ], [ 690136.283300000242889, 9194482.427200000733137 ], [ 690136.120299999602139, 9194483.272700000554323 ], [ 690135.244300000369549, 9194486.776699999347329 ], [ 690133.914800000376999, 9194492.094699999317527 ], [ 690132.810999999754131, 9194496.509999999776483 ], [ 690130.81900000013411, 9194504.477800000458956 ], [ 690130.087799999862909, 9194507.402699999511242 ], [ 690129.386599999852479, 9194510.24860000051558 ], [ 690127.953099999576807, 9194516.067299999296665 ], [ 690127.389000000432134, 9194518.356499999761581 ], [ 690127.065799999982119, 9194520.217399999499321 ], [ 690126.153199999593198, 9194525.472100000828505 ], [ 690125.320299999788404, 9194530.267400000244379 ], [ 690124.499200000427663, 9194534.994799999520183 ], [ 690123.664200000464916, 9194539.802200000733137 ], [ 690122.924599999561906, 9194544.060499999672174 ], [ 690122.150200000032783, 9194548.519099999219179 ], [ 690160.232699999585748, 9194553.9879 ], [ 690156.356499999761581, 9194573.383400000631809 ], [ 690153.232599999755621, 9194591.6064 ], [ 690151.519600000232458, 9194600.659099999815226 ], [ 690155.502100000157952, 9194599.99349999986589 ], [ 690166.444600000046194, 9194598.282299999147654 ], [ 690170.318799999542534, 9194597.876800000667572 ], [ 690172.295699999667704, 9194597.170800000429153 ], [ 690174.763799999840558, 9194596.289300000295043 ], [ 690198.196100000292063, 9194593.4704 ], [ 690203.279799999669194, 9194592.169199999421835 ], [ 690208.139999999664724, 9194590.925300000235438 ], [ 690218.596199999563396, 9194588.249199999496341 ], [ 690225.831100000068545, 9194586.39750000089407 ], [ 690236.68819999974221, 9194583.61879999935627 ], [ 690238.307000000029802, 9194583.204500000923872 ], [ 690240.263600000180304, 9194582.685799999162555 ], [ 690252.276999999769032, 9194579.50029999949038 ], [ 690266.051599999889731, 9194575.923499999567866 ], [ 690271.432900000363588, 9194574.526100000366569 ], [ 690278.186300000175834, 9194573.191099999472499 ], [ 690283.848199999891222, 9194572.071900000795722 ], [ 690289.636300000362098, 9194570.927799999713898 ], [ 690295.561999999918044, 9194569.5168999992311 ], [ 690302.971300000324845, 9194567.752800000831485 ], [ 690306.871600000187755, 9194566.759099999442697 ], [ 690310.777300000190735, 9194565.764000000432134 ], [ 690312.19649999961257, 9194565.4024 ], [ 690311.535000000149012, 9194562.624299999326468 ], [ 690321.721499999985099, 9194560.375399999320507 ], [ 690321.258500000461936, 9194558.98619999922812 ], [ 690327.145499999634922, 9194557.4649 ], [ 690328.269899999722838, 9194557.001800000667572 ], [ 690331.511099999770522, 9194576.647199999541044 ], [ 690332.838899999856949, 9194583.817199999466538 ], [ 690333.693199999630451, 9194589.831399999558926 ], [ 690333.825799999758601, 9194589.840800000354648 ], [ 690334.507799999788404, 9194594.0033 ], [ 690334.707499999552965, 9194593.976199999451637 ], [ 690334.826799999922514, 9194594.627499999478459 ], [ 690335.509399999864399, 9194596.590700000524521 ], [ 690337.195700000040233, 9194610.408700000494719 ], [ 690338.216099999845028, 9194618.770600000396371 ], [ 690338.366899999789894, 9194620.006400000303984 ], [ 690339.705699999816716, 9194626.887000000104308 ], [ 690341.189199999906123, 9194634.511800000444055 ], [ 690341.78000000026077, 9194637.5483 ], [ 690341.213399999774992, 9194642.774000000208616 ], [ 690341.065700000151992, 9194644.136399999260902 ], [ 690341.806200000457466, 9194648.656199999153614 ], [ 690343.528599999845028, 9194659.491800000891089 ], [ 690344.340099999681115, 9194666.07179999910295 ], [ 690345.290300000458956, 9194673.775699999183416 ], [ 690346.30449999962002, 9194681.998400000855327 ], [ 690347.599100000225008, 9194689.810900000855327 ], [ 690348.968700000084937, 9194698.075899999588728 ], [ 690350.447200000286102, 9194706.997700000181794 ], [ 690350.908200000412762, 9194709.779699999839067 ], [ 690351.815600000321865, 9194715.3827 ], [ 690353.119300000369549, 9194723.432600000873208 ], [ 690354.466199999675155, 9194731.749299999326468 ], [ 690355.908800000324845, 9194740.656700000166893 ], [ 690354.409699999727309, 9194742.512299999594688 ], [ 690359.695899999700487, 9194742.340600000694394 ], [ 690360.681900000199676, 9194742.308499999344349 ], [ 690365.536100000143051, 9194742.2895 ], [ 690371.038900000043213, 9194742.267899999395013 ], [ 690376.542200000025332, 9194742.246300000697374 ], [ 690380.922600000165403, 9194742.2292 ], [ 690384.821399999782443, 9194742.543800000101328 ], [ 690389.851599999703467, 9194742.949799999594688 ], [ 690397.822599999606609, 9194743.593000000342727 ], [ 690402.596699999645352, 9194743.978499999269843 ], [ 690410.348899999633431, 9194744.604100000113249 ], [ 690413.852800000458956, 9194744.886900000274181 ], [ 690421.245199999772012, 9194745.4836 ], [ 690420.343100000172853, 9194760.142799999564886 ], [ 690419.497800000011921, 9194771.41499999910593 ], [ 690419.129300000146031, 9194777.364499999210238 ], [ 690419.281999999657273, 9194785.101800000295043 ], [ 690419.3277000002563, 9194787.418700000271201 ], [ 690419.658400000073016, 9194799.589500000700355 ], [ 690419.658400000073016, 9194801.11089999973774 ], [ 690419.658400000073016, 9194811.165100000798702 ], [ 690419.894899999722838, 9194812.945900000631809 ], [ 690420.617700000293553, 9194818.3881 ], [ 690420.7829, 9194819.631699999794364 ], [ 690420.911000000312924, 9194828.560599999502301 ], [ 690420.981300000101328, 9194833.456299999728799 ], [ 690420.955299999564886, 9194834.394300000742078 ] ] ] ] } },
{ "type": "Feature", "properties": { "Id": 0, "Nama_Lokas": "MU Putat Gede", "OBJECTID": 1424, "PL": "Hutan Kota, Jalur Hijau dan Taman Kota", "TGL": "Ruang Terbuka Hijau", "RTH": "RTH", "Tipe_RTH": "Makam", "Shape_Leng": 187023.559767, "Shape_Area": 187023.559767, "Luas": 187023.559767, "Luas_UPT": "107.099,83", "Luas_fasum": "3.527,00", "Luas_efek": "103.573", "Kapasitas": "51.786", "kematian": "50.764", "sisa_petak": "1.022", "Ket": "Tersedia, Sedikit" }, "geometry": { "type": "MultiPolygon", "coordinates": [ [ [ [ 689122.569299999624491, 9195646.622300000861287 ], [ 689121.0472999997437, 9195589.699300000444055 ], [ 689121.696899999864399, 9195590.18129999935627 ], [ 689122.394700000062585, 9195590.432299999520183 ], [ 689124.329900000244379, 9195590.425300000235438 ], [ 689126.112900000065565, 9195590.38910000026226 ], [ 689127.895899999886751, 9195590.352800000458956 ], [ 689129.67879999987781, 9195590.316600000485778 ], [ 689131.461799999698997, 9195590.280300000682473 ], [ 689133.244800000451505, 9195590.244100000709295 ], [ 689135.027800000272691, 9195590.207800000905991 ], [ 689136.810700000263751, 9195590.171599999070168 ], [ 689138.593700000084937, 9195590.135299999266863 ], [ 689140.395499999634922, 9195590.130899999290705 ], [ 689142.197300000116229, 9195590.126499999314547 ], [ 689142.708700000308454, 9195590.12529999949038 ], [ 689142.746100000105798, 9195589.808000000193715 ], [ 689143.712199999950826, 9195578.827199999243021 ], [ 689143.895600000396371, 9195576.742200000211596 ], [ 689148.552000000141561, 9195576.770999999716878 ], [ 689153.472099999897182, 9195576.801599999889731 ], [ 689158.934600000269711, 9195576.835400000214577 ], [ 689163.104399999603629, 9195576.861300000920892 ], [ 689163.160000000149012, 9195575.146800000220537 ], [ 689169.022900000214577, 9195575.190999999642372 ], [ 689169.478199999779463, 9195575.194399999454618 ], [ 689169.446399999782443, 9195576.257999999448657 ], [ 689173.936300000175834, 9195576.274599999189377 ], [ 689178.050800000317395, 9195576.289799999445677 ], [ 689182.125900000333786, 9195576.457299999892712 ], [ 689185.994300000369549, 9195576.616399999707937 ], [ 689187.865399999544024, 9195576.693299999460578 ], [ 689189.918800000101328, 9195576.630999999120831 ], [ 689193.322499999776483, 9195576.527899999171495 ], [ 689193.642900000326335, 9195576.51039999909699 ], [ 689196.67879999987781, 9195576.344000000506639 ], [ 689198.494300000369549, 9195576.2445 ], [ 689200.565600000321865, 9195576.130999999120831 ], [ 689209.065299999900162, 9195575.998700000345707 ], [ 689208.966099999845028, 9195576.8586 ], [ 689212.797100000083447, 9195576.425799999386072 ], [ 689216.956600000150502, 9195575.955800000578165 ], [ 689220.673999999649823, 9195575.535800000652671 ], [ 689221.050300000235438, 9195575.490000000223517 ], [ 689226.124699999578297, 9195574.8728 ], [ 689230.463499999605119, 9195574.345100000500679 ], [ 689234.233799999579787, 9195574.047399999573827 ], [ 689234.606300000101328, 9195574.001199999824166 ], [ 689238.298499999567866, 9195573.543099999427795 ], [ 689243.566599999554455, 9195572.889499999582767 ], [ 689247.562300000339746, 9195572.393799999728799 ], [ 689251.664300000295043, 9195572.112500000745058 ], [ 689255.798899999819696, 9195571.828700000420213 ], [ 689260.096900000236928, 9195571.533900000154972 ], [ 689260.35329999960959, 9195571.522700000554323 ], [ 689264.179100000299513, 9195571.356000000610948 ], [ 689269.19440000038594, 9195571.137399999424815 ], [ 689274.248800000175834, 9195570.936000000685453 ], [ 689274.230100000277162, 9195570.624199999496341 ], [ 689277.664200000464916, 9195570.417700000107288 ], [ 689277.510700000450015, 9195567.8629 ], [ 689281.592199999839067, 9195567.617499999701977 ], [ 689286.317300000227988, 9195567.333499999716878 ], [ 689288.181099999696016, 9195567.66190000064671 ], [ 689288.081699999980628, 9195566.967499999329448 ], [ 689288.010700000450015, 9195566.471599999815226 ], [ 689290.448400000110269, 9195566.28940000012517 ], [ 689292.653099999763072, 9195565.889499999582767 ], [ 689298.308899999596179, 9195565.770400000736117 ], [ 689298.348000000230968, 9195569.032400000840425 ], [ 689302.409199999645352, 9195568.898900000378489 ], [ 689302.389299999922514, 9195568.473099999129772 ], [ 689312.061599999666214, 9195568.159099999815226 ], [ 689316.519399999640882, 9195567.6952 ], [ 689319.762500000186265, 9195567.321000000461936 ], [ 689320.342899999581277, 9195567.24239999987185 ], [ 689335.597900000400841, 9195565.177799999713898 ], [ 689336.955799999646842, 9195564.992900000885129 ], [ 689347.543800000101328, 9195563.550599999725819 ], [ 689352.703300000168383, 9195562.836300000548363 ], [ 689352.742899999953806, 9195563.669700000435114 ], [ 689356.144299999810755, 9195563.228000000119209 ], [ 689360.932599999941885, 9195562.606100000441074 ], [ 689361.910699999891222, 9195562.479100000113249 ], [ 689378.830900000408292, 9195560.444399999454618 ], [ 689378.760900000110269, 9195559.735999999567866 ], [ 689382.954400000162423, 9195559.321900000795722 ], [ 689383.024400000460446, 9195560.0304000005126 ], [ 689383.313799999654293, 9195560.001700000837445 ], [ 689388.406299999915063, 9195559.498999999836087 ], [ 689388.357499999925494, 9195559.004499999806285 ], [ 689392.715499999932945, 9195558.574200000613928 ], [ 689392.764299999922514, 9195559.06870000064373 ], [ 689397.67119999974966, 9195558.58420000039041 ], [ 689397.620799999684095, 9195558.074200000613928 ], [ 689401.808500000275671, 9195557.660700000822544 ], [ 689401.858799999579787, 9195558.170800000429153 ], [ 689402.144600000232458, 9195558.1426 ], [ 689402.10080000013113, 9195557.698599999770522 ], [ 689405.8602, 9195557.327500000596046 ], [ 689405.904000000096858, 9195557.77140000090003 ], [ 689406.247600000351667, 9195557.737400000914931 ], [ 689410.184100000187755, 9195557.348799999803305 ], [ 689411.330299999564886, 9195566.8717 ], [ 689412.247800000011921, 9195574.49379999935627 ], [ 689412.321999999694526, 9195575.485400000587106 ], [ 689413.240000000223517, 9195587.749500000849366 ], [ 689412.542799999937415, 9195590.02559999935329 ], [ 689412.795099999755621, 9195591.86739999987185 ], [ 689413.047500000335276, 9195593.709100000560284 ], [ 689413.299800000153482, 9195595.550799999386072 ], [ 689413.552099999971688, 9195597.3926 ], [ 689413.804399999789894, 9195599.234300000593066 ], [ 689414.056699999608099, 9195601.075999999418855 ], [ 689414.309000000357628, 9195602.9178 ], [ 689414.5614, 9195604.759500000625849 ], [ 689414.813699999824166, 9195606.601199999451637 ], [ 689415.065999999642372, 9195608.443 ], [ 689415.318300000391901, 9195610.284700000658631 ], [ 689415.770899999886751, 9195611.340900000184774 ], [ 689416.717899999581277, 9195612.267899999395013 ], [ 689417.325600000098348, 9195612.843900000676513 ], [ 689417.594100000336766, 9195612.765900000929832 ], [ 689424.447900000028312, 9195612.19679999910295 ], [ 689435.153199999593198, 9195611.307900000363588 ], [ 689439.581000000238419, 9195610.940199999138713 ], [ 689454.21860000025481, 9195610.363399999216199 ], [ 689457.830299999564886, 9195610.131100000813603 ], [ 689459.525899999774992, 9195609.8925 ], [ 689462.14989999961108, 9195610.431900000199676 ], [ 689473.98450000025332, 9195609.7195999994874 ], [ 689474.935899999924004, 9195609.662399999797344 ], [ 689476.60329999960959, 9195609.562000000849366 ], [ 689476.676900000311434, 9195610.019899999722838 ], [ 689482.497399999760091, 9195609.644600000232458 ], [ 689483.968299999833107, 9195609.118699999526143 ], [ 689485.445700000040233, 9195609.014000000432134 ], [ 689485.147599999792874, 9195604.807099999859929 ], [ 689492.619699999690056, 9195604.277599999681115 ], [ 689492.917899999767542, 9195608.48450000025332 ], [ 689497.733900000341237, 9195609.267000000923872 ], [ 689497.62569999974221, 9195607.248400000855327 ], [ 689500.708599999547005, 9195607.083200000226498 ], [ 689500.816800000146031, 9195609.102 ], [ 689502.830299999564886, 9195608.994000000879169 ], [ 689502.932500000111759, 9195609.430299999192357 ], [ 689505.246299999766052, 9195609.257099999114871 ], [ 689505.152700000442564, 9195608.003399999812245 ], [ 689511.079199999570847, 9195607.560799999162555 ], [ 689511.172899999655783, 9195608.814500000327826 ], [ 689511.908400000073016, 9195608.759500000625849 ], [ 689512.334499999880791, 9195608.730499999597669 ], [ 689512.281000000424683, 9195607.9452 ], [ 689516.044200000353158, 9195607.68889999948442 ], [ 689516.097699999809265, 9195608.474300000816584 ], [ 689517.087100000120699, 9195608.406999999657273 ], [ 689527.136300000362098, 9195606.784 ], [ 689528.6091, 9195607.805700000375509 ], [ 689532.323900000192225, 9195606.764599999412894 ], [ 689531.934100000187755, 9195598.918700000271201 ], [ 689531.614199999719858, 9195592.610999999567866 ], [ 689531.525399999693036, 9195590.86009999923408 ], [ 689528.175699999555945, 9195590.53690000064671 ], [ 689517.426099999807775, 9195591.589700000360608 ], [ 689516.638799999840558, 9195583.551400000229478 ], [ 689516.248800000175834, 9195579.5691 ], [ 689515.5943, 9195572.886700000613928 ], [ 689514.960699999704957, 9195571.528899999335408 ], [ 689513.942699999548495, 9195562.163100000470877 ], [ 689513.901999999769032, 9195559.843000000342727 ], [ 689514.887500000186265, 9195560.519300000742078 ], [ 689516.350300000049174, 9195561.523299999535084 ], [ 689518.322599999606609, 9195561.434499999508262 ], [ 689520.294900000095367, 9195561.34569999948144 ], [ 689522.267199999652803, 9195561.256899999454618 ], [ 689524.239500000141561, 9195561.168099999427795 ], [ 689526.211799999698997, 9195561.079299999400973 ], [ 689528.184100000187755, 9195560.990499999374151 ], [ 689527.994300000369549, 9195552.781500000506639 ], [ 689527.875900000333786, 9195550.8081 ], [ 689527.757500000298023, 9195548.834699999541044 ], [ 689527.639000000432134, 9195546.861300000920892 ], [ 689527.520600000396371, 9195544.887900000438094 ], [ 689527.402200000360608, 9195542.9145 ], [ 689527.283800000324845, 9195540.941099999472499 ], [ 689527.165400000289083, 9195538.967700000852346 ], [ 689527.046900000423193, 9195536.994300000369549 ], [ 689526.92850000038743, 9195535.020899999886751 ], [ 689526.810100000351667, 9195533.047499999403954 ], [ 689525.989199999719858, 9195533.1402000002563 ], [ 689525.480999999679625, 9195527.728000000119209 ], [ 689524.58600000012666, 9195518.198100000619888 ], [ 689524.238199999555945, 9195512.871300000697374 ], [ 689523.72580000013113, 9195505.024900000542402 ], [ 689519.026499999687076, 9195505.799699999392033 ], [ 689518.21169999986887, 9195501.3871 ], [ 689517.653099999763072, 9195498.8301 ], [ 689517.807300000451505, 9195491.50929999910295 ], [ 689520.191999999806285, 9195489.485300000756979 ], [ 689520.263799999840558, 9195483.821900000795722 ], [ 689520.339100000448525, 9195477.868699999526143 ], [ 689520.422600000165403, 9195471.279699999839067 ], [ 689520.456600000150502, 9195468.583100000396371 ], [ 689520.411100000143051, 9195465.760099999606609 ], [ 689520.337500000372529, 9195461.197699999436736 ], [ 689520.098899999633431, 9195446.406899999827147 ], [ 689520.0943, 9195446.123099999502301 ], [ 689520.059700000099838, 9195443.97690000012517 ], [ 689519.954800000414252, 9195440.567800000309944 ], [ 689519.815700000151992, 9195436.045199999585748 ], [ 689519.683299999684095, 9195431.74349999986589 ], [ 689519.587299999780953, 9195428.622199999168515 ], [ 689519.530600000172853, 9195426.778899999335408 ], [ 689518.659300000406802, 9195421.493300000205636 ], [ 689517.444299999624491, 9195414.122400000691414 ], [ 689516.565600000321865, 9195408.7917 ], [ 689515.56180000025779, 9195402.7018 ], [ 689515.654699999839067, 9195399.287799999117851 ], [ 689515.767799999564886, 9195395.130300000309944 ], [ 689515.909599999897182, 9195389.9189 ], [ 689516.044599999673665, 9195384.958399999886751 ], [ 689516.044800000265241, 9195384.952500000596046 ], [ 689515.642099999822676, 9195376.184800000861287 ], [ 689515.416600000113249, 9195372.63289999961853 ], [ 689515.1546, 9195368.506899999454618 ], [ 689514.910799999721348, 9195364.666999999433756 ], [ 689514.699000000022352, 9195361.331700000911951 ], [ 689514.502999999560416, 9195358.244899999350309 ], [ 689514.121700000017881, 9195352.238500000908971 ], [ 689512.916000000201166, 9195333.248500000685453 ], [ 689517.083200000226498, 9195331.85950000025332 ], [ 689518.075400000438094, 9195331.528699999675155 ], [ 689521.177099999971688, 9195330.302500000223517 ], [ 689529.452499999664724, 9195327.030799999833107 ], [ 689533.599700000137091, 9195326.9386 ], [ 689537.761900000274181, 9195326.846100000664592 ], [ 689542.121000000275671, 9195326.749399999156594 ], [ 689545.838100000284612, 9195326.6667 ], [ 689547.311900000087917, 9195326.633899999782443 ], [ 689550.161999999545515, 9195326.4244 ], [ 689554.162700000219047, 9195326.130200000479817 ], [ 689558.041100000031292, 9195325.845000000670552 ], [ 689562.35869999974966, 9195325.527499999850988 ], [ 689565.540599999949336, 9195325.293600000441074 ], [ 689571.193799999542534, 9195324.877900000661612 ], [ 689574.299499999731779, 9195324.64949999935925 ], [ 689575.316399999894202, 9195324.551300000399351 ], [ 689582.917100000195205, 9195323.8169 ], [ 689586.736899999901652, 9195323.44789999909699 ], [ 689590.723100000061095, 9195323.062699999660254 ], [ 689594.677400000393391, 9195322.680800000205636 ], [ 689598.527200000360608, 9195322.308700000867248 ], [ 689601.683799999766052, 9195322.003699999302626 ], [ 689606.973399999551475, 9195322.079299999400973 ], [ 689610.944299999624491, 9195322.136 ], [ 689615.168200000189245, 9195321.598799999803305 ], [ 689623.138500000350177, 9195320.58500000089407 ], [ 689627.114900000393391, 9195320.079199999570847 ], [ 689628.919300000183284, 9195319.849700000137091 ], [ 689632.318099999800324, 9195319.417400000616908 ], [ 689636.739400000311434, 9195318.855000000447035 ], [ 689643.394100000150502, 9195317.8597 ], [ 689651.425599999725819, 9195316.315199999138713 ], [ 689654.442800000309944, 9195316.044299999251962 ], [ 689658.709300000220537, 9195315.661299999803305 ], [ 689663.182199999690056, 9195315.259800000116229 ], [ 689667.104199999943376, 9195314.907700000330806 ], [ 689668.449699999764562, 9195314.78690000064671 ], [ 689676.799200000241399, 9195314.037399999797344 ], [ 689679.059399999678135, 9195313.834499999880791 ], [ 689683.260700000450015, 9195313.457399999722838 ], [ 689686.788200000301003, 9195313.140699999406934 ], [ 689690.93709999974817, 9195312.768300000578165 ], [ 689695.214900000020862, 9195312.38429999910295 ], [ 689698.873100000433624, 9195312.0559 ], [ 689702.845200000330806, 9195311.699300000444055 ], [ 689707.017300000414252, 9195311.324799999594688 ], [ 689711.017799999564886, 9195310.965700000524521 ], [ 689716.829900000244379, 9195310.443900000303984 ], [ 689722.03000000026077, 9195309.977099999785423 ], [ 689729.029299999587238, 9195309.348799999803305 ], [ 689733.284699999727309, 9195308.96680000051856 ], [ 689737.060100000351667, 9195308.627900000661612 ], [ 689752.669800000265241, 9195307.226600000634789 ], [ 689754.900700000114739, 9195307.0263 ], [ 689764.806300000287592, 9195306.1371 ], [ 689768.807099999859929, 9195305.778000000864267 ], [ 689776.108300000429153, 9195305.122600000351667 ], [ 689780.093700000084937, 9195304.764799999073148 ], [ 689783.830400000326335, 9195304.429400000721216 ], [ 689788.480100000277162, 9195304.011900000274181 ], [ 689788.975300000049174, 9195306.26410000026226 ], [ 689790.115699999965727, 9195306.050699999555945 ], [ 689790.70380000025034, 9195305.940600000321865 ], [ 689792.432400000281632, 9195305.61710000038147 ], [ 689794.160899999551475, 9195305.293600000441074 ], [ 689795.889399999752641, 9195304.970100000500679 ], [ 689797.617999999783933, 9195304.646600000560284 ], [ 689799.346499999985099, 9195304.323100000619888 ], [ 689799.852400000207126, 9195304.22859999909997 ], [ 689801.281200000084937, 9195303.961899999529123 ], [ 689803.215800000354648, 9195303.600700000301003 ], [ 689805.150500000454485, 9195303.239399999380112 ], [ 689807.085199999623001, 9195302.878200000151992 ], [ 689809.019799999892712, 9195302.517000000923872 ], [ 689810.9545, 9195302.155799999833107 ], [ 689812.889200000092387, 9195301.79450000077486 ], [ 689814.823800000362098, 9195301.433299999684095 ], [ 689816.758500000461936, 9195301.072100000455976 ], [ 689818.51630000025034, 9195300.774900000542402 ], [ 689820.274000000208616, 9195300.477600000798702 ], [ 689820.699099999852479, 9195300.4057 ], [ 689822.0318, 9195300.180400000885129 ], [ 689823.789499999955297, 9195299.883099999278784 ], [ 689824.77489999961108, 9195299.837500000372529 ], [ 689825.752100000157952, 9195299.878100000321865 ], [ 689828.021099999547005, 9195299.116800000891089 ], [ 689823.792100000195205, 9195294.759600000455976 ], [ 689823.212500000372529, 9195294.162499999627471 ], [ 689820.699199999682605, 9195291.753599999472499 ], [ 689818.816200000233948, 9195289.948799999430776 ], [ 689813.841400000266731, 9195285.180700000375509 ], [ 689811.184899999760091, 9195282.634600000455976 ], [ 689803.449400000274181, 9195275.220499999821186 ], [ 689798.554299999959767, 9195270.528699999675155 ], [ 689794.548799999989569, 9195266.689500000327826 ], [ 689788.876799999736249, 9195261.253200000151992 ], [ 689783.71860000025481, 9195256.309399999678135 ], [ 689780.650200000032783, 9195253.3684 ], [ 689780.459599999710917, 9195253.185699999332428 ], [ 689778.28000000026077, 9195251.096699999645352 ], [ 689762.227300000376999, 9195236.86570000089705 ], [ 689763.087299999780953, 9195236.535199999809265 ], [ 689760.892500000074506, 9195234.431600000709295 ], [ 689751.880699999630451, 9195225.794099999591708 ], [ 689750.412399999797344, 9195224.558599999174476 ], [ 689746.328999999910593, 9195221.122999999672174 ], [ 689741.53249999973923, 9195217.087300000712276 ], [ 689738.407399999909103, 9195214.457900000736117 ], [ 689735.0773, 9195211.655999999493361 ], [ 689730.272300000302494, 9195207.613099999725819 ], [ 689727.313900000415742, 9195205.123999999836087 ], [ 689724.46129999961704, 9195202.723899999633431 ], [ 689721.189000000245869, 9195199.97069999948144 ], [ 689696.135499999858439, 9195178.215800000354648 ], [ 689686.391099999658763, 9195169.7544 ], [ 689685.816200000233948, 9195169.322599999606609 ], [ 689684.293700000271201, 9195168.179099999368191 ], [ 689682.797399999573827, 9195167.055299999192357 ], [ 689682.771099999547005, 9195167.035499999299645 ], [ 689681.248599999584258, 9195165.892000000923872 ], [ 689679.867600000463426, 9195164.632500000298023 ], [ 689678.486600000411272, 9195163.373099999502301 ], [ 689677.105499999597669, 9195162.113600000739098 ], [ 689675.724499999545515, 9195160.854100000113249 ], [ 689674.343500000424683, 9195159.594699999317527 ], [ 689672.962500000372529, 9195158.335200000554323 ], [ 689671.581500000320375, 9195157.0757 ], [ 689670.200400000438094, 9195155.816199999302626 ], [ 689668.81940000038594, 9195154.556800000369549 ], [ 689667.438500000163913, 9195153.2972 ], [ 689665.82039999961853, 9195153.958799999207258 ], [ 689664.202200000174344, 9195154.620400000363588 ], [ 689662.584099999628961, 9195155.2820999994874 ], [ 689660.92339999973774, 9195155.772099999710917 ], [ 689659.262600000016391, 9195156.2621 ], [ 689657.60190000012517, 9195156.752100000157952 ], [ 689655.815899999812245, 9195157.2127 ], [ 689654.029900000430644, 9195157.67339999973774 ], [ 689652.243900000117719, 9195158.13399999961257 ], [ 689650.457899999804795, 9195158.5945999994874 ], [ 689648.671900000423193, 9195159.055299999192357 ], [ 689646.885900000110269, 9195159.515900000929832 ], [ 689644.991399999707937, 9195159.896099999547005 ], [ 689643.096900000236928, 9195160.2763 ], [ 689641.202399999834597, 9195160.656500000506639 ], [ 689639.307900000363588, 9195161.036699999123812 ], [ 689637.413399999961257, 9195161.416899999603629 ], [ 689635.518899999558926, 9195161.7971 ], [ 689633.624400000087917, 9195162.177300000563264 ], [ 689631.729899999685585, 9195162.557499999180436 ], [ 689629.835400000214577, 9195162.937699999660254 ], [ 689627.940899999812245, 9195163.317900000140071 ], [ 689626.031700000166893, 9195163.689600000157952 ], [ 689624.122499999590218, 9195164.061300000175834 ], [ 689622.213299999944866, 9195164.4331 ], [ 689620.304100000299513, 9195164.8048 ], [ 689618.394899999722838, 9195165.1765 ], [ 689616.485700000077486, 9195165.5482 ], [ 689614.576500000432134, 9195165.9199 ], [ 689612.667299999855459, 9195166.2917 ], [ 689610.758100000210106, 9195166.6634 ], [ 689608.848899999633431, 9195167.0351 ], [ 689606.927099999971688, 9195167.451500000432134 ], [ 689605.005300000309944, 9195167.867799999192357 ], [ 689603.083499999716878, 9195168.284199999645352 ], [ 689601.161700000055134, 9195168.700500000268221 ], [ 689599.239900000393391, 9195169.116900000721216 ], [ 689597.359699999913573, 9195169.486700000241399 ], [ 689595.479399999603629, 9195169.856499999761581 ], [ 689593.599200000055134, 9195170.226199999451637 ], [ 689591.71889999974519, 9195170.596000000834465 ], [ 689589.838700000196695, 9195170.965800000354648 ], [ 689587.958399999886751, 9195171.3355 ], [ 689586.078200000338256, 9195171.705299999564886 ], [ 689584.197900000028312, 9195172.075099999085069 ], [ 689582.381699999794364, 9195172.457399999722838 ], [ 689580.565499999560416, 9195172.839700000360608 ], [ 689578.74930000025779, 9195173.221999999135733 ], [ 689576.933100000023842, 9195173.604299999773502 ], [ 689575.116899999789894, 9195173.986700000241399 ], [ 689573.300699999555945, 9195174.369000000879169 ], [ 689571.48450000025332, 9195174.751299999654293 ], [ 689569.668300000019372, 9195175.133600000292063 ], [ 689567.852099999785423, 9195175.515900000929832 ], [ 689565.96239999961108, 9195175.864900000393391 ], [ 689564.072599999606609, 9195176.2138 ], [ 689562.182900000363588, 9195176.56279999949038 ], [ 689560.293100000359118, 9195176.911699999123812 ], [ 689558.403400000184774, 9195177.260700000450015 ], [ 689556.513700000010431, 9195177.6097 ], [ 689554.6239, 9195177.958599999547005 ], [ 689552.734199999831617, 9195178.307600000873208 ], [ 689550.844399999827147, 9195178.656500000506639 ], [ 689548.954699999652803, 9195179.0055 ], [ 689547.087700000032783, 9195179.3136 ], [ 689545.220700000412762, 9195179.621799999848008 ], [ 689543.353699999861419, 9195179.92989999987185 ], [ 689541.486700000241399, 9195180.238099999725819 ], [ 689539.619699999690056, 9195180.54619999974966 ], [ 689537.752700000070035, 9195180.854399999603629 ], [ 689535.885700000450015, 9195181.162499999627471 ], [ 689534.062800000421703, 9195181.535000000149012 ], [ 689532.239900000393391, 9195181.907500000670552 ], [ 689530.417000000365078, 9195182.279999999329448 ], [ 689528.594100000336766, 9195182.652499999850988 ], [ 689526.771200000308454, 9195183.025000000372529 ], [ 689524.948300000280142, 9195183.39750000089407 ], [ 689523.12540000025183, 9195183.769999999552965 ], [ 689521.302500000223517, 9195184.1425 ], [ 689519.479600000195205, 9195184.515000000596046 ], [ 689517.656700000166893, 9195184.887499999254942 ], [ 689515.804800000041723, 9195185.262399999424815 ], [ 689513.95299999974668, 9195185.637199999764562 ], [ 689512.101099999621511, 9195186.0121 ], [ 689510.24930000025779, 9195186.386900000274181 ], [ 689508.39740000013262, 9195186.761800000444055 ], [ 689506.545599999837577, 9195187.136600000783801 ], [ 689504.693699999712408, 9195187.511499999091029 ], [ 689502.841799999587238, 9195187.886399999260902 ], [ 689500.990000000223517, 9195188.261199999600649 ], [ 689499.138100000098348, 9195188.636099999770522 ], [ 689497.286299999803305, 9195189.010900000110269 ], [ 689495.434399999678135, 9195189.385800000280142 ], [ 689493.582600000314415, 9195189.760600000619888 ], [ 689491.730700000189245, 9195190.135500000789762 ], [ 689489.800400000065565, 9195190.489700000733137 ], [ 689487.870000000111759, 9195190.843900000676513 ], [ 689485.939699999988079, 9195191.198100000619888 ], [ 689484.009399999864399, 9195191.552300000563264 ], [ 689482.078999999910593, 9195191.906500000506639 ], [ 689480.148699999786913, 9195192.260700000450015 ], [ 689478.218399999663234, 9195192.614900000393391 ], [ 689476.287999999709427, 9195192.969100000336766 ], [ 689474.357699999585748, 9195193.323300000280142 ], [ 689472.550099999643862, 9195193.613199999555945 ], [ 689470.742499999701977, 9195193.903100000694394 ], [ 689468.934899999760091, 9195194.193099999800324 ], [ 689467.127299999818206, 9195194.482999999076128 ], [ 689465.31969999987632, 9195194.772900000214577 ], [ 689463.512099999934435, 9195195.06279999949038 ], [ 689461.7045, 9195195.352700000628829 ], [ 689459.896900000050664, 9195195.642699999734759 ], [ 689458.089300000108778, 9195195.932600000873208 ], [ 689456.281700000166893, 9195196.222500000149012 ], [ 689454.405399999581277, 9195196.63990000076592 ], [ 689452.529000000096858, 9195197.057399999350309 ], [ 689450.652700000442564, 9195197.4748 ], [ 689448.776399999856949, 9195197.892300000414252 ], [ 689446.900000000372529, 9195198.309699999168515 ], [ 689445.023699999786913, 9195198.72719999961555 ], [ 689443.14740000013262, 9195199.144600000232458 ], [ 689441.270999999716878, 9195199.562100000679493 ], [ 689439.394700000062585, 9195199.979499999433756 ], [ 689437.479399999603629, 9195200.293099999427795 ], [ 689435.564000000245869, 9195200.606599999591708 ], [ 689433.648699999786913, 9195200.920199999585748 ], [ 689431.73340000025928, 9195201.23369999974966 ], [ 689429.817999999970198, 9195201.5472999997437 ], [ 689427.902700000442564, 9195201.8608 ], [ 689425.987399999983609, 9195202.1744 ], [ 689424.071999999694526, 9195202.4879 ], [ 689422.156700000166893, 9195202.8015 ], [ 689420.263399999588728, 9195203.197200000286102 ], [ 689418.370000000111759, 9195203.592800000682473 ], [ 689416.476700000464916, 9195203.988500000908971 ], [ 689414.583399999886751, 9195204.384199999272823 ], [ 689412.690000000409782, 9195204.779799999669194 ], [ 689410.796699999831617, 9195205.175499999895692 ], [ 689408.903400000184774, 9195205.57120000012219 ], [ 689407.009999999776483, 9195205.96680000051856 ], [ 689405.11670000012964, 9195206.362500000745058 ], [ 689403.378299999982119, 9195206.669800000265241 ], [ 689401.639899999834597, 9195206.977 ], [ 689399.901499999687076, 9195207.284199999645352 ], [ 689398.163099999539554, 9195207.591499999165535 ], [ 689396.271399999968708, 9195207.925899999216199 ], [ 689394.379700000397861, 9195208.260199999436736 ], [ 689392.488099999725819, 9195208.5945999994874 ], [ 689390.596400000154972, 9195208.928899999707937 ], [ 689388.704699999652803, 9195209.263299999758601 ], [ 689386.83739999961108, 9195209.6570999994874 ], [ 689384.970099999569356, 9195210.050899999216199 ], [ 689383.102800000458956, 9195210.444700000807643 ], [ 689381.235500000417233, 9195210.838500000536442 ], [ 689379.368200000375509, 9195211.232300000265241 ], [ 689377.500900000333786, 9195211.6261 ], [ 689375.633600000292063, 9195212.019899999722838 ], [ 689373.76630000025034, 9195212.413699999451637 ], [ 689371.899000000208616, 9195212.807499999180436 ], [ 689370.031700000166893, 9195213.20130000077188 ], [ 689368.194500000216067, 9195213.671 ], [ 689366.357200000435114, 9195214.140599999576807 ], [ 689364.519999999552965, 9195214.610300000756979 ], [ 689362.682699999772012, 9195215.079900000244379 ], [ 689360.845499999821186, 9195215.549599999561906 ], [ 689359.008200000040233, 9195216.019200000911951 ], [ 689357.171000000089407, 9195216.488900000229478 ], [ 689355.333700000308454, 9195216.958499999716878 ], [ 689353.653199999593198, 9195217.499600000679493 ], [ 689351.972599999979138, 9195218.0406 ], [ 689350.292100000195205, 9195218.581700000911951 ], [ 689348.340400000102818, 9195218.920800000429153 ], [ 689346.388700000010431, 9195219.259999999776483 ], [ 689344.436999999918044, 9195219.599099999293685 ], [ 689342.485299999825656, 9195219.938200000673532 ], [ 689340.533599999733269, 9195220.277300000190735 ], [ 689338.582000000402331, 9195220.616499999538064 ], [ 689336.630300000309944, 9195220.955600000917912 ], [ 689334.678600000217557, 9195221.294700000435114 ], [ 689332.72690000012517, 9195221.6338 ], [ 689330.775200000032783, 9195221.972999999299645 ], [ 689328.823499999940395, 9195222.312100000679493 ], [ 689326.956899999640882, 9195222.633500000461936 ], [ 689325.090300000272691, 9195222.954900000244379 ], [ 689323.223699999973178, 9195223.2763 ], [ 689321.357099999673665, 9195223.597699999809265 ], [ 689319.490500000305474, 9195223.919099999591708 ], [ 689317.6239, 9195224.240499999374151 ], [ 689315.757299999706447, 9195224.561899999156594 ], [ 689313.890700000338256, 9195224.883300000801682 ], [ 689312.024100000038743, 9195225.204700000584126 ], [ 689310.15749999973923, 9195225.526100000366569 ], [ 689308.224000000394881, 9195225.952500000596046 ], [ 689306.290500000119209, 9195226.378900000825524 ], [ 689304.356999999843538, 9195226.805299999192357 ], [ 689302.423499999567866, 9195227.231699999421835 ], [ 689300.490000000223517, 9195227.658099999651313 ], [ 689298.556499999947846, 9195228.084499999880791 ], [ 689296.622999999672174, 9195228.510900000110269 ], [ 689294.689500000327826, 9195228.937300000339746 ], [ 689292.756000000052154, 9195229.363700000569224 ], [ 689290.822499999776483, 9195229.790100000798702 ], [ 689288.880699999630451, 9195230.190199999138713 ], [ 689286.938900000415742, 9195230.590299999341369 ], [ 689284.997200000099838, 9195230.990399999544024 ], [ 689283.055399999953806, 9195231.39049999974668 ], [ 689281.113599999807775, 9195231.790699999779463 ], [ 689280.286100000143051, 9195231.961200000718236 ], [ 689279.171799999661744, 9195232.1908 ], [ 689277.230100000277162, 9195232.590900000184774 ], [ 689275.28830000013113, 9195232.99100000038743 ], [ 689273.346499999985099, 9195233.391100000590086 ], [ 689271.402200000360608, 9195233.711100000888109 ], [ 689269.457799999974668, 9195234.031099999323487 ], [ 689267.513500000350177, 9195234.351099999621511 ], [ 689265.569199999794364, 9195234.6711 ], [ 689263.624800000339746, 9195234.991100000217557 ], [ 689261.680499999783933, 9195235.31110000051558 ], [ 689259.736200000159442, 9195235.631100000813603 ], [ 689258.730100000277162, 9195235.796700000762939 ], [ 689257.791799999773502, 9195235.951099999248981 ], [ 689255.847500000149012, 9195236.271099999547005 ], [ 689253.894000000320375, 9195236.557 ], [ 689251.940600000321865, 9195236.8429000005126 ], [ 689249.987099999561906, 9195237.128900000825524 ], [ 689248.033699999563396, 9195237.414799999445677 ], [ 689246.080199999734759, 9195237.7007 ], [ 689244.126699999906123, 9195237.986600000411272 ], [ 689242.173299999907613, 9195238.272600000724196 ], [ 689240.219800000078976, 9195238.558499999344349 ], [ 689238.26630000025034, 9195238.844399999827147 ], [ 689236.31290000025183, 9195239.130300000309944 ], [ 689234.359400000423193, 9195239.416300000622869 ], [ 689232.406000000424683, 9195239.702199999243021 ], [ 689230.452499999664724, 9195239.988099999725819 ], [ 689228.482099999673665, 9195240.151000000536442 ], [ 689226.511699999682605, 9195240.31389999948442 ], [ 689224.541400000452995, 9195240.476700000464916 ], [ 689222.571000000461936, 9195240.639599999412894 ], [ 689220.600599999539554, 9195240.802500000223517 ], [ 689218.630300000309944, 9195240.965299999341369 ], [ 689216.659900000318885, 9195241.128200000151992 ], [ 689214.689500000327826, 9195241.29109999909997 ], [ 689212.724399999715388, 9195241.477900000289083 ], [ 689210.759300000034273, 9195241.664799999445677 ], [ 689208.794300000183284, 9195241.851600000634789 ], [ 689206.829199999570847, 9195242.0384 ], [ 689204.864099999889731, 9195242.225299999117851 ], [ 689202.899000000208616, 9195242.412100000306964 ], [ 689200.933899999596179, 9195242.598899999633431 ], [ 689198.968799999915063, 9195242.785800000652671 ], [ 689197.003800000064075, 9195242.9726 ], [ 689195.03870000038296, 9195243.159399999305606 ], [ 689193.073599999770522, 9195243.346300000324845 ], [ 689191.108500000089407, 9195243.533099999651313 ], [ 689189.232900000177324, 9195243.745799999684095 ], [ 689187.357200000435114, 9195243.958499999716878 ], [ 689185.481599999591708, 9195244.17119999974966 ], [ 689183.605899999849498, 9195244.38399999961257 ], [ 689181.730299999937415, 9195244.596699999645352 ], [ 689179.854600000195205, 9195244.809399999678135 ], [ 689177.979000000283122, 9195245.022099999710917 ], [ 689176.103400000371039, 9195245.2347999997437 ], [ 689174.227699999697506, 9195245.447499999776483 ], [ 689172.352099999785423, 9195245.660199999809265 ], [ 689170.476400000043213, 9195245.872999999672174 ], [ 689168.60080000013113, 9195246.085699999704957 ], [ 689166.72510000038892, 9195246.29839999973774 ], [ 689164.849499999545515, 9195246.511099999770522 ], [ 689163.302000000141561, 9195246.684100000187755 ], [ 689161.754499999806285, 9195246.857100000604987 ], [ 689160.207000000402331, 9195247.030099999159575 ], [ 689158.659500000067055, 9195247.203099999576807 ], [ 689157.84250000026077, 9195247.530099999159575 ], [ 689153.626500000245869, 9195248.590099999681115 ], [ 689152.182500000111759, 9195248.632099999114871 ], [ 689150.738499999977648, 9195248.674100000411272 ], [ 689148.966199999675155, 9195248.777300000190735 ], [ 689147.19400000013411, 9195248.8805 ], [ 689145.421799999661744, 9195248.9836 ], [ 689143.649500000290573, 9195249.086799999698997 ], [ 689141.877299999818206, 9195249.189999999478459 ], [ 689140.105000000447035, 9195249.293199999257922 ], [ 689139.674499999731779, 9195249.318199999630451 ], [ 689138.332799999974668, 9195249.396299999207258 ], [ 689136.560499999672174, 9195249.499500000849366 ], [ 689134.686900000087917, 9195249.860400000587106 ], [ 689132.813299999572337, 9195250.221200000494719 ], [ 689131.756599999964237, 9195250.424699999392033 ], [ 689130.939699999988079, 9195250.582100000232458 ], [ 689129.066100000403821, 9195250.942900000140071 ], [ 689127.192499999888241, 9195251.30379999987781 ], [ 689125.318900000303984, 9195251.664599999785423 ], [ 689123.445299999788404, 9195252.025499999523163 ], [ 689121.649299999698997, 9195252.478800000622869 ], [ 689119.85329999960959, 9195252.932099999859929 ], [ 689118.057300000451505, 9195253.38539999909699 ], [ 689116.261300000362098, 9195253.838600000366569 ], [ 689114.465300000272691, 9195254.291899999603629 ], [ 689112.669300000183284, 9195254.745200000703335 ], [ 689110.873300000093877, 9195255.1985 ], [ 689109.043899999931455, 9195255.622600000351667 ], [ 689107.214599999599159, 9195256.046700000762939 ], [ 689105.385200000368059, 9195256.470799999311566 ], [ 689104.82120000012219, 9195256.601600000634789 ], [ 689103.555800000205636, 9195256.894899999722838 ], [ 689101.726400000043213, 9195257.31900000013411 ], [ 689099.897099999710917, 9195257.743100000545382 ], [ 689098.067699999548495, 9195258.167199999094009 ], [ 689096.238300000317395, 9195258.591299999505281 ], [ 689094.376299999654293, 9195258.949500000104308 ], [ 689092.514299999922514, 9195259.307800000533462 ], [ 689090.652300000190735, 9195259.665999999269843 ], [ 689088.790300000458956, 9195260.024299999698997 ], [ 689086.928299999795854, 9195260.382500000298023 ], [ 689086.830799999646842, 9195260.4013 ], [ 689085.066300000064075, 9195260.740800000727177 ], [ 689083.204300000332296, 9195261.098999999463558 ], [ 689081.342299999669194, 9195261.457299999892712 ], [ 689079.480299999937415, 9195261.815500000491738 ], [ 689077.829800000414252, 9195262.058499999344349 ], [ 689076.179399999789894, 9195262.3015 ], [ 689074.529000000096858, 9195262.54450000077486 ], [ 689072.878499999642372, 9195262.787499999627471 ], [ 689071.009399999864399, 9195263.063999999314547 ], [ 689069.140300000086427, 9195263.340500000864267 ], [ 689067.919400000013411, 9195263.345000000670552 ], [ 689066.698499999940395, 9195263.349500000476837 ], [ 689065.786299999803305, 9195263.316299999132752 ], [ 689064.933299999684095, 9195263.18129999935627 ], [ 689063.977500000037253, 9195262.943299999460578 ], [ 689063.159500000067055, 9195262.5713 ], [ 689062.375300000421703, 9195261.542500000447035 ], [ 689062.061099999584258, 9195260.784600000828505 ], [ 689061.041100000031292, 9195261.2686 ], [ 689047.580199999734759, 9195264.399900000542402 ], [ 689047.094100000336766, 9195264.513000000268221 ], [ 689049.307300000451505, 9195273.135099999606609 ], [ 689049.657200000248849, 9195274.49860000051558 ], [ 689050.021499999798834, 9195274.4276 ], [ 689052.300599999725819, 9195273.9835 ], [ 689054.208700000308454, 9195282.055800000205636 ], [ 689056.427199999801815, 9195291.4419 ], [ 689054.222500000149012, 9195291.683700000867248 ], [ 689053.864099999889731, 9195291.722999999299645 ], [ 689055.427199999801815, 9195300.241900000721216 ], [ 689055.443900000303984, 9195302.0833 ], [ 689055.372299999929965, 9195317.916799999773502 ], [ 689057.183500000275671, 9195326.601399999111891 ], [ 689058.467899999581277, 9195332.759999999776483 ], [ 689058.706000000238419, 9195336.173100000247359 ], [ 689060.5011, 9195344.9167 ], [ 689066.864199999719858, 9195343.610300000756979 ], [ 689067.490199999883771, 9195343.481799999251962 ], [ 689090.629499999806285, 9195339.341099999845028 ], [ 689138.857499999925494, 9195330.710799999535084 ], [ 689145.371600000187755, 9195351.63990000076592 ], [ 689146.854399999603629, 9195356.404200000688434 ], [ 689150.422799999825656, 9195367.869000000879169 ], [ 689151.417100000195205, 9195367.752100000157952 ], [ 689151.734600000083447, 9195369.0855 ], [ 689153.449199999682605, 9195368.471799999475479 ], [ 689154.76659999974072, 9195371.27309999987483 ], [ 689154.895999999716878, 9195372.687699999660254 ], [ 689153.85010000038892, 9195372.822599999606609 ], [ 689153.885999999940395, 9195373.302899999544024 ], [ 689154.168700000271201, 9195375.710699999704957 ], [ 689156.653199999593198, 9195375.565199999138713 ], [ 689156.838399999774992, 9195377.337899999693036 ], [ 689156.007399999536574, 9195377.432 ], [ 689156.586099999956787, 9195381.274299999698997 ], [ 689156.864900000393391, 9195417.700099999085069 ], [ 689157.035199999809265, 9195424.287599999457598 ], [ 689156.426199999637902, 9195424.347799999639392 ], [ 689156.698699999600649, 9195430.481599999591708 ], [ 689156.269500000402331, 9195430.466299999505281 ], [ 689156.269299999810755, 9195432.780300000682473 ], [ 689155.301900000311434, 9195432.793700000271201 ], [ 689155.394999999552965, 9195434.903400000184774 ], [ 689155.480800000019372, 9195446.5417 ], [ 689155.74100000038743, 9195450.540300000458956 ], [ 689156.217299999669194, 9195455.593800000846386 ], [ 689156.481900000013411, 9195460.329900000244379 ], [ 689158.990600000135601, 9195511.023600000888109 ], [ 689155.637000000104308, 9195510.605699999257922 ], [ 689097.255900000222027, 9195518.39130000025034 ], [ 689041.606700000353158, 9195523.749600000679493 ], [ 689072.08669999986887, 9195650.749800000339746 ], [ 689122.569299999624491, 9195646.622300000861287 ] ] ] ] } },
{ "type": "Feature", "properties": { "Id": 0, "Nama_Lokas": "MT Simo Kwagean", "OBJECTID": 1426, "PL": "Hutan Kota, Jalur Hijau dan Taman Kota", "TGL": "Ruang Terbuka Hijau", "RTH": "RTH", "Tipe_RTH": "Makam", "Shape_Leng": 25458.657593299999, "Shape_Area": 25458.657593299999, "Luas": 25458.657593299999, "Luas_UPT": "74.793,77", "Luas_fasum": "3.614,00", "Luas_efek": "71.180", "Kapasitas": "10.624", "kematian": "5.974", "sisa_petak": "4.650", "Ket": "Tersedia" }, "geometry": { "type": "MultiPolygon", "coordinates": [ [ [ [ 689211.059999999590218, 9195997.588300000876188 ], [ 689210.369199999608099, 9195993.281199999153614 ], [ 689209.400500000454485, 9195987.240599999204278 ], [ 689209.164900000207126, 9195985.771500000730157 ], [ 689217.941399999894202, 9195984.272700000554323 ], [ 689217.638299999758601, 9195982.4978 ], [ 689218.962500000372529, 9195982.27170000039041 ], [ 689227.265300000086427, 9195980.853700000792742 ], [ 689231.778400000184774, 9195980.083000000566244 ], [ 689239.117300000041723, 9195978.829800000414252 ], [ 689240.821399999782443, 9195978.276499999687076 ], [ 689236.899699999950826, 9195968.056700000539422 ], [ 689288.760700000450015, 9195952.146999999880791 ], [ 689294.599399999715388, 9195970.275299999862909 ], [ 689340.447900000028312, 9195955.786800000816584 ], [ 689344.600599999539554, 9195969.688200000673532 ], [ 689344.281000000424683, 9195970.559699999168515 ], [ 689344.660799999721348, 9195970.455299999564886 ], [ 689374.715099999681115, 9195962.24070000089705 ], [ 689377.259999999776483, 9195970.600199999287724 ], [ 689510.579900000244379, 9195947.992499999701977 ], [ 689515.54700000025332, 9195947.258500000461936 ], [ 689515.005800000391901, 9195942.495100000873208 ], [ 689514.599299999885261, 9195939.050000000745058 ], [ 689514.22719999961555, 9195935.896099999547005 ], [ 689514.165300000458956, 9195935.847899999469519 ], [ 689513.998499999754131, 9195933.9583 ], [ 689513.831699999980628, 9195932.068800000473857 ], [ 689513.664900000207126, 9195930.179199999198318 ], [ 689513.498100000433624, 9195928.28969999961555 ], [ 689513.331199999898672, 9195926.400100000202656 ], [ 689513.16440000012517, 9195924.510500000789762 ], [ 689512.997600000351667, 9195922.620999999344349 ], [ 689512.830799999646842, 9195920.7314 ], [ 689512.66399999987334, 9195918.84180000051856 ], [ 689512.497200000099838, 9195916.952299999073148 ], [ 689512.330400000326335, 9195915.062699999660254 ], [ 689512.163599999621511, 9195913.173100000247359 ], [ 689511.996700000017881, 9195911.283600000664592 ], [ 689511.829900000244379, 9195909.393999999389052 ], [ 689511.677899999544024, 9195907.671800000593066 ], [ 689511.069299999624491, 9195901.721899999305606 ], [ 689510.853199999779463, 9195899.832800000905991 ], [ 689510.637199999764562, 9195897.943800000473857 ], [ 689510.421099999919534, 9195896.054700000211596 ], [ 689510.205099999904633, 9195894.1656 ], [ 689509.989000000059605, 9195892.276599999517202 ], [ 689509.772900000214577, 9195890.387499999254942 ], [ 689509.556900000199676, 9195888.498500000685453 ], [ 689509.340800000354648, 9195886.609400000423193 ], [ 689509.124699999578297, 9195884.720300000160933 ], [ 689508.908699999563396, 9195882.831299999728799 ], [ 689508.692599999718368, 9195880.942199999466538 ], [ 689508.476599999703467, 9195879.05320000089705 ], [ 689508.260499999858439, 9195877.164100000634789 ], [ 689508.044400000013411, 9195875.275000000372529 ], [ 689507.8284, 9195873.386 ], [ 689507.650299999862909, 9195871.82909999974072 ], [ 689506.437699999660254, 9195867.890900000929832 ], [ 689506.169900000095367, 9195866.0472 ], [ 689505.901999999769032, 9195864.203400000929832 ], [ 689505.644000000320375, 9195862.426999999210238 ], [ 689501.120500000193715, 9195862.994799999520183 ], [ 689483.672899999655783, 9195865.184900000691414 ], [ 689476.371700000017881, 9195866.429199999198318 ], [ 689472.296900000423193, 9195867.123700000345707 ], [ 689464.651499999687076, 9195868.426599999889731 ], [ 689460.473000000230968, 9195869.13880000077188 ], [ 689458.53249999973923, 9195869.469499999657273 ], [ 689455.61699999962002, 9195869.966399999335408 ], [ 689453.027900000102818, 9195870.407600000500679 ], [ 689452.002199999988079, 9195870.582399999722838 ], [ 689447.691200000233948, 9195871.4496 ], [ 689442.634499999694526, 9195872.466700000688434 ], [ 689438.190899999812245, 9195873.360500000417233 ], [ 689437.245400000363588, 9195873.53830000013113 ], [ 689433.124200000427663, 9195874.312999999150634 ], [ 689432.793399999849498, 9195872.427899999544024 ], [ 689426.998300000093877, 9195873.444599999114871 ], [ 689423.885700000450015, 9195873.990599999204278 ], [ 689423.367600000463426, 9195874.081499999389052 ], [ 689418.822100000455976, 9195875.1118 ], [ 689413.558100000023842, 9195876.0456000007689 ], [ 689410.766800000332296, 9195876.528899999335408 ], [ 689406.764899999834597, 9195877.25650000013411 ], [ 689406.566599999554455, 9195876.231300000101328 ], [ 689404.357099999673665, 9195876.599500000476837 ], [ 689403.986899999901652, 9195876.6612 ], [ 689397.615699999965727, 9195878.214400000870228 ], [ 689397.339200000278652, 9195878.2818 ], [ 689397.107699999585748, 9195877.38880000077188 ], [ 689393.767300000414252, 9195878.017200000584126 ], [ 689393.866499999538064, 9195878.546499999240041 ], [ 689390.2193, 9195879.426100000739098 ], [ 689387.903500000014901, 9195879.9846 ], [ 689383.394500000402331, 9195881.072200000286102 ], [ 689381.66260000038892, 9195881.489900000393391 ], [ 689377.065499999560416, 9195884.26799999922514 ], [ 689377.2193, 9195885.196399999782443 ], [ 689377.991499999538064, 9195889.857300000265241 ], [ 689372.84389999974519, 9195891.41499999910593 ], [ 689371.105700000189245, 9195891.940999999642372 ], [ 689371.60840000025928, 9195894.189899999648333 ], [ 689370.85329999960959, 9195894.377499999478459 ], [ 689359.894000000320375, 9195897.100199999287724 ], [ 689356.576999999582767, 9195897.881799999624491 ], [ 689354.126000000163913, 9195898.459300000220537 ], [ 689353.576999999582767, 9195898.588600000366569 ], [ 689347.855499999597669, 9195899.878399999812245 ], [ 689337.622600000351667, 9195901.300499999895692 ], [ 689337.364299999549985, 9195900.661299999803305 ], [ 689336.691700000315905, 9195901.625700000673532 ], [ 689335.7807, 9195902.168299999088049 ], [ 689334.030299999751151, 9195902.695299999788404 ], [ 689332.279900000430644, 9195903.222300000488758 ], [ 689330.529500000178814, 9195903.749299999326468 ], [ 689328.779099999926984, 9195904.2763 ], [ 689327.028699999675155, 9195904.803300000727177 ], [ 689325.149100000038743, 9195905.316700000315905 ], [ 689323.269500000402331, 9195905.8301 ], [ 689321.389899999834597, 9195906.343499999493361 ], [ 689319.510200000368059, 9195906.856799999251962 ], [ 689317.630599999800324, 9195907.370200000703335 ], [ 689315.751000000163913, 9195907.883600000292063 ], [ 689313.871399999596179, 9195908.396999999880791 ], [ 689311.991799999959767, 9195908.910399999469519 ], [ 689310.112200000323355, 9195909.423800000920892 ], [ 689308.232499999925494, 9195909.937100000679493 ], [ 689306.352900000289083, 9195910.450500000268221 ], [ 689304.473299999721348, 9195910.963899999856949 ], [ 689302.593700000084937, 9195911.477299999445677 ], [ 689300.793399999849498, 9195912.08669999986887 ], [ 689298.992999999783933, 9195912.696000000461936 ], [ 689297.192699999548495, 9195913.305400000885129 ], [ 689295.392300000414252, 9195913.914799999445677 ], [ 689293.592000000178814, 9195914.5241 ], [ 689291.791600000113249, 9195915.133500000461936 ], [ 689289.99129999987781, 9195915.742799999192357 ], [ 689288.190899999812245, 9195916.35219999961555 ], [ 689286.390599999576807, 9195916.9616 ], [ 689284.590200000442564, 9195917.570900000631809 ], [ 689282.789900000207126, 9195918.180299999192357 ], [ 689281.066599999554455, 9195918.93610000051558 ], [ 689279.3432, 9195919.691999999806285 ], [ 689277.619900000281632, 9195920.447799999266863 ], [ 689275.896599999628961, 9195921.203600000590086 ], [ 689274.173200000077486, 9195921.959499999880791 ], [ 689272.449900000356138, 9195922.715299999341369 ], [ 689270.719600000418723, 9195923.384199999272823 ], [ 689268.989299999549985, 9195924.053099999204278 ], [ 689267.258899999782443, 9195924.721999999135733 ], [ 689265.528599999845028, 9195925.390900000929832 ], [ 689263.798299999907613, 9195926.059800000861287 ], [ 689262.067999999970198, 9195926.728700000792742 ], [ 689260.337700000032783, 9195927.397600000724196 ], [ 689258.607300000265241, 9195928.066500000655651 ], [ 689256.877000000327826, 9195928.735400000587106 ], [ 689255.14670000039041, 9195929.40430000051856 ], [ 689253.521900000050664, 9195929.979299999773502 ], [ 689251.897099999710917, 9195930.554300000891089 ], [ 689250.272300000302494, 9195931.129300000146031 ], [ 689250.222500000149012, 9195932.093699999153614 ], [ 689248.418200000189245, 9195932.745500000193715 ], [ 689246.613900000229478, 9195933.397299999371171 ], [ 689244.809600000269711, 9195934.049100000411272 ], [ 689243.005199999548495, 9195934.700899999588728 ], [ 689241.200899999588728, 9195935.352700000628829 ], [ 689239.396599999628961, 9195936.004499999806285 ], [ 689237.592299999669194, 9195936.656300000846386 ], [ 689235.787999999709427, 9195937.3081 ], [ 689233.98369999974966, 9195937.959899999201298 ], [ 689232.179299999959767, 9195938.611700000241399 ], [ 689230.375, 9195939.263499999418855 ], [ 689228.570700000040233, 9195939.915300000458956 ], [ 689224.237300000153482, 9195942.135900000110269 ], [ 689223.460500000044703, 9195940.595300000160933 ], [ 689222.683799999766052, 9195939.05460000038147 ], [ 689221.907100000418723, 9195937.513900000602007 ], [ 689221.022900000214577, 9195935.759700000286102 ], [ 689220.325799999758601, 9195934.377000000327826 ], [ 689219.628700000233948, 9195932.994300000369549 ], [ 689219.156700000166893, 9195932.051300000399351 ], [ 689218.565899999812245, 9195930.729299999773502 ], [ 689217.905600000172853, 9195928.974300000816584 ], [ 689217.659599999897182, 9195928.320699999108911 ], [ 689216.498800000175834, 9195928.612800000235438 ], [ 689200.978199999779463, 9195930.448599999770522 ], [ 689189.991200000047684, 9195931.748099999502301 ], [ 689168.616200000047684, 9195934.33699999935925 ], [ 689163.792399999685585, 9195934.418199999257922 ], [ 689154.074400000274181, 9195936.663200000301003 ], [ 689144.869199999608099, 9195938.789799999445677 ], [ 689141.630499999970198, 9195939.53800000064075 ], [ 689136.470099999569356, 9195937.695900000631809 ], [ 689136.406600000336766, 9195936.981599999591708 ], [ 689134.295199999585748, 9195936.425899999216199 ], [ 689134.263500000350177, 9195935.790899999439716 ], [ 689133.755499999970198, 9195935.695699999108911 ], [ 689131.025000000372529, 9195933.965299999341369 ], [ 689129.182699999772012, 9195932.210200000554323 ], [ 689128.3421, 9195931.409399999305606 ], [ 689127.082799999974668, 9195931.864499999210238 ], [ 689126.130199999548495, 9195928.477800000458956 ], [ 689124.903099999763072, 9195922.814500000327826 ], [ 689121.434899999760091, 9195922.920800000429153 ], [ 689119.021900000050664, 9195923.095499999821186 ], [ 689114.402200000360608, 9195924.460699999704957 ], [ 689114.124400000087917, 9195923.912900000810623 ], [ 689110.552500000223517, 9195925.698899999260902 ], [ 689112.417799999937415, 9195931.096400000154972 ], [ 689113.727500000037253, 9195936.692500000819564 ], [ 689110.228600000031292, 9195937.67879999987781 ], [ 689104.71860000025481, 9195939.430800000205636 ], [ 689101.464100000448525, 9195940.581800000742078 ], [ 689100.286100000143051, 9195940.830600000917912 ], [ 689092.256599999964237, 9195942.526399999856949 ], [ 689083.961799999698997, 9195944.391799999400973 ], [ 689083.3125, 9195944.542999999597669 ], [ 689083.645299999974668, 9195946.080700000748038 ], [ 689084.067499999888241, 9195948.031600000336766 ], [ 689084.489699999801815, 9195949.9825 ], [ 689084.862200000323355, 9195951.754100000485778 ], [ 689085.234699999913573, 9195953.525699999183416 ], [ 689085.639499999582767, 9195955.4507 ], [ 689086.044300000183284, 9195957.375700000673532 ], [ 689086.449099999852479, 9195959.300699999555945 ], [ 689086.664300000295043, 9195960.323899999260902 ], [ 689087.400899999774992, 9195960.173000000417233 ], [ 689096.589200000278652, 9195958.663200000301003 ], [ 689097.206199999898672, 9195962.4178 ], [ 689099.480600000359118, 9195962.044099999591708 ], [ 689099.931300000287592, 9195964.787000000476837 ], [ 689100.105899999849498, 9195965.777200000360608 ], [ 689103.596800000406802, 9195965.161699999123812 ], [ 689108.430700000375509, 9195964.309399999678135 ], [ 689115.199599999934435, 9195963.115900000557303 ], [ 689133.295599999837577, 9195960.340299999341369 ], [ 689137.770600000396371, 9195959.857699999585748 ], [ 689142.059600000269711, 9195959.395300000905991 ], [ 689148.454900000244379, 9195958.705700000748038 ], [ 689153.223500000312924, 9195958.191500000655651 ], [ 689154.598299999721348, 9195970.940999999642372 ], [ 689155.18030000012368, 9195976.33809999935329 ], [ 689157.74309999961406, 9195996.520199999213219 ], [ 689162.110399999655783, 9195996.01799999922514 ], [ 689178.162999999709427, 9195993.714099999517202 ], [ 689178.420199999585748, 9195991.78800000064075 ], [ 689186.045199999585748, 9195990.4858 ], [ 689187.298899999819696, 9195997.827199999243021 ], [ 689193.166000000201166, 9195996.825200000777841 ], [ 689193.611499999649823, 9195999.433499999344349 ], [ 689194.48369999974966, 9196004.5406 ], [ 689202.539800000376999, 9196003.164799999445677 ], [ 689210.385900000110269, 9196001.824899999424815 ], [ 689211.595900000073016, 9196001.519200000911951 ], [ 689211.686700000427663, 9196001.496300000697374 ], [ 689211.059999999590218, 9195997.588300000876188 ] ] ] ] } },
{ "type": "Feature", "properties": { "Id": 0, "Nama_Lokas": "M Belanda Peneleh", "OBJECTID": 1435, "PL": "Hutan Kota, Jalur Hijau dan Taman Kota", "TGL": "Ruang Terbuka Hijau", "RTH": "RTH", "Tipe_RTH": "Makam", "Shape_Leng": 44422.745432000011, "Shape_Area": 44422.745432000011, "Luas": 44422.745432000011, "Luas_UPT": "44.986,79", "Luas_fasum": "11.142,30", "Luas_efek": "33.844", "Kapasitas": "8.205", "kematian": "11.885", "sisa_petak": "-", "Ket": "Tidak Aktif" }, "geometry": { "type": "MultiPolygon", "coordinates": [ [ [ [ 692152.358599999919534, 9197971.312400000169873 ], [ 692172.10869999974966, 9197962.413899999111891 ], [ 692186.547199999913573, 9197955.874199999496341 ], [ 692188.930800000205636, 9197962.53969999961555 ], [ 692192.636500000022352, 9197959.796599999070168 ], [ 692201.248599999584258, 9197955.0756 ], [ 692205.89850000012666, 9197964.498099999502301 ], [ 692207.777499999850988, 9197967.128000000491738 ], [ 692210.434899999760091, 9197973.203299999237061 ], [ 692211.256799999624491, 9197976.3366 ], [ 692217.033200000412762, 9197989.914000000804663 ], [ 692221.686499999836087, 9198000.420099999755621 ], [ 692223.364699999801815, 9197999.830600000917912 ], [ 692225.146999999880791, 9197999.204500000923872 ], [ 692226.929399999789894, 9197998.578299999237061 ], [ 692228.71169999986887, 9197997.952199999243021 ], [ 692230.494099999777973, 9197997.326099999248981 ], [ 692232.306300000287592, 9197996.657700000330806 ], [ 692234.11849999986589, 9197995.989199999719858 ], [ 692235.930700000375509, 9197995.320800000801682 ], [ 692237.742899999953806, 9197994.652300000190735 ], [ 692239.555100000463426, 9197993.983899999409914 ], [ 692241.367300000041723, 9197993.315500000491738 ], [ 692243.17949999962002, 9197992.646999999880791 ], [ 692244.99170000012964, 9197991.97859999909997 ], [ 692246.803899999707937, 9197991.310100000351667 ], [ 692248.616100000217557, 9197990.641699999570847 ], [ 692250.433699999935925, 9197990.008600000292063 ], [ 692252.251299999654293, 9197989.375499999150634 ], [ 692254.068799999542534, 9197988.74239999987185 ], [ 692255.886400000192225, 9197988.109300000593066 ], [ 692257.703999999910593, 9197987.476199999451637 ], [ 692259.521599999628961, 9197986.843100000172853 ], [ 692261.339200000278652, 9197986.21000000089407 ], [ 692263.156700000166893, 9197985.576899999752641 ], [ 692264.974299999885261, 9197984.943800000473857 ], [ 692266.791899999603629, 9197984.310699999332428 ], [ 692268.681300000287592, 9197983.771299999207258 ], [ 692270.57079999987036, 9197983.231899999082088 ], [ 692272.460199999623001, 9197982.692500000819564 ], [ 692274.349700000137091, 9197982.153100000694394 ], [ 692276.239199999719858, 9197981.613700000569224 ], [ 692278.128600000403821, 9197981.074300000444055 ], [ 692280.018099999986589, 9197980.534900000318885 ], [ 692281.90749999973923, 9197979.995500000193715 ], [ 692283.646200000308454, 9197979.51799999922514 ], [ 692285.384899999946356, 9197979.0406 ], [ 692287.123599999584258, 9197978.563100000843406 ], [ 692288.862300000153482, 9197978.08559999987483 ], [ 692290.601099999621511, 9197977.608200000599027 ], [ 692292.339800000190735, 9197977.130699999630451 ], [ 692294.078499999828637, 9197976.653200000524521 ], [ 692295.817200000397861, 9197976.175799999386072 ], [ 692297.555900000035763, 9197975.698300000280142 ], [ 692299.314299999736249, 9197975.140100000426173 ], [ 692301.072700000368059, 9197974.581900000572205 ], [ 692302.831199999898672, 9197974.023600000888109 ], [ 692304.589599999599159, 9197973.465399999171495 ], [ 692306.348000000230968, 9197972.907199999317527 ], [ 692308.106399999931455, 9197972.348999999463558 ], [ 692309.864799999631941, 9197971.79079999960959 ], [ 692311.623200000263751, 9197971.232599999755621 ], [ 692313.381699999794364, 9197970.6743 ], [ 692315.140100000426173, 9197970.116100000217557 ], [ 692316.89850000012666, 9197969.557900000363588 ], [ 692318.699199999682605, 9197968.974500000476837 ], [ 692320.499900000169873, 9197968.391100000590086 ], [ 692322.047399999573827, 9197967.892200000584126 ], [ 692323.594899999909103, 9197967.393300000578165 ], [ 692325.142500000074506, 9197966.894300000742078 ], [ 692326.690000000409782, 9197966.395400000736117 ], [ 692328.237499999813735, 9197965.896500000730157 ], [ 692329.498700000345707, 9197965.428999999538064 ], [ 692330.759899999946356, 9197964.961400000378489 ], [ 692332.021099999547005, 9197964.493899999186397 ], [ 692331.361600000411272, 9197962.680299999192357 ], [ 692330.701999999582767, 9197960.866699999198318 ], [ 692330.042500000447035, 9197959.053099999204278 ], [ 692329.314600000157952, 9197957.203299999237061 ], [ 692328.58669999986887, 9197955.353399999439716 ], [ 692327.858799999579787, 9197953.503599999472499 ], [ 692327.131000000052154, 9197951.653699999675155 ], [ 692326.403099999763072, 9197949.803899999707937 ], [ 692325.675200000405312, 9197947.954 ], [ 692324.947300000116229, 9197946.1042 ], [ 692324.219399999827147, 9197944.2544 ], [ 692323.491499999538064, 9197942.404500000178814 ], [ 692322.763600000180304, 9197940.554700000211596 ], [ 692322.035799999721348, 9197938.704800000414252 ], [ 692321.307900000363588, 9197936.855000000447035 ], [ 692320.580000000074506, 9197935.005100000649691 ], [ 692319.852099999785423, 9197933.155300000682473 ], [ 692319.278199999593198, 9197931.386700000613928 ], [ 692318.704300000332296, 9197929.618100000545382 ], [ 692318.130400000140071, 9197927.849600000306964 ], [ 692317.556499999947846, 9197926.081000000238419 ], [ 692316.982699999585748, 9197924.312400000169873 ], [ 692316.408800000324845, 9197922.543800000101328 ], [ 692315.83490000013262, 9197920.775299999862909 ], [ 692315.260999999940395, 9197919.006699999794364 ], [ 692314.68709999974817, 9197917.238099999725819 ], [ 692314.096599999815226, 9197915.359300000593066 ], [ 692313.506199999712408, 9197913.480499999597669 ], [ 692312.915699999779463, 9197911.601600000634789 ], [ 692312.325199999846518, 9197909.722799999639392 ], [ 692311.734699999913573, 9197907.844000000506639 ], [ 692311.144299999810755, 9197905.965199999511242 ], [ 692310.55379999987781, 9197904.086400000378489 ], [ 692309.963299999944866, 9197902.207599999383092 ], [ 692309.372800000011921, 9197900.328700000420213 ], [ 692308.782399999909103, 9197898.449899999424815 ], [ 692308.191899999976158, 9197896.571100000292063 ], [ 692307.64989999961108, 9197894.862600000575185 ], [ 692307.107900000177324, 9197893.154200000688434 ], [ 692306.565799999982119, 9197891.445699999108911 ], [ 692306.02379999961704, 9197889.737199999392033 ], [ 692305.481800000183284, 9197888.028799999505281 ], [ 692304.939799999818206, 9197886.320299999788404 ], [ 692304.397699999623001, 9197884.6118 ], [ 692303.855700000189245, 9197882.903400000184774 ], [ 692303.313699999824166, 9197881.194900000467896 ], [ 692302.659300000406802, 9197879.421399999409914 ], [ 692302.004999999888241, 9197877.648 ], [ 692301.350599999539554, 9197875.874500000849366 ], [ 692300.69620000012219, 9197874.101099999621511 ], [ 692300.041899999603629, 9197872.327600000426173 ], [ 692299.387500000186265, 9197870.554199999198318 ], [ 692298.733199999667704, 9197868.7807 ], [ 692298.07880000025034, 9197867.00730000063777 ], [ 692297.424399999901652, 9197865.233799999579787 ], [ 692296.770100000314415, 9197863.460400000214577 ], [ 692296.115699999965727, 9197861.686899999156594 ], [ 692295.498700000345707, 9197859.88910000026226 ], [ 692294.881799999624491, 9197858.091399999335408 ], [ 692294.2648, 9197856.293600000441074 ], [ 692293.64780000038445, 9197854.495899999514222 ], [ 692293.030799999833107, 9197852.698100000619888 ], [ 692292.413900000043213, 9197850.900399999693036 ], [ 692291.796900000423193, 9197849.102600000798702 ], [ 692291.17989999987185, 9197847.3048 ], [ 692290.563000000081956, 9197845.507099999114871 ], [ 692289.946000000461936, 9197843.709300000220537 ], [ 692289.328999999910593, 9197841.911599999293685 ], [ 692288.712000000290573, 9197840.113800000399351 ], [ 692288.095099999569356, 9197838.316099999472499 ], [ 692287.478099999949336, 9197836.518300000578165 ], [ 692286.849999999627471, 9197834.663100000470877 ], [ 692286.221800000406802, 9197832.807800000533462 ], [ 692285.593700000084937, 9197830.952600000426173 ], [ 692284.965599999763072, 9197829.097400000318885 ], [ 692284.33739999961108, 9197827.24210000038147 ], [ 692283.709300000220537, 9197825.386900000274181 ], [ 692283.081199999898672, 9197823.531700000166893 ], [ 692282.45299999974668, 9197821.676400000229478 ], [ 692281.824900000356138, 9197819.82120000012219 ], [ 692281.196800000034273, 9197817.966 ], [ 692280.568599999882281, 9197816.1107 ], [ 692279.940499999560416, 9197814.2555 ], [ 692279.309000000357628, 9197812.469399999827147 ], [ 692278.677400000393391, 9197810.683299999684095 ], [ 692278.04590000025928, 9197808.897199999541044 ], [ 692277.414300000295043, 9197807.111099999397993 ], [ 692276.782800000160933, 9197805.324999999254942 ], [ 692276.151300000026822, 9197803.538899999111891 ], [ 692275.519700000062585, 9197801.752699999138713 ], [ 692274.888199999928474, 9197799.966600000858307 ], [ 692274.256699999794364, 9197798.180500000715256 ], [ 692273.625099999830127, 9197796.394400000572205 ], [ 692272.993599999696016, 9197794.608300000429153 ], [ 692272.361999999731779, 9197792.822200000286102 ], [ 692271.730499999597669, 9197791.036100000143051 ], [ 692271.131699999794364, 9197789.228000000119209 ], [ 692270.5329, 9197787.4199 ], [ 692269.934100000187755, 9197785.6119 ], [ 692269.33530000038445, 9197783.80379999987781 ], [ 692268.736499999649823, 9197781.995699999853969 ], [ 692268.137699999846518, 9197780.187599999830127 ], [ 692267.538900000043213, 9197778.379499999806285 ], [ 692266.940100000239909, 9197776.571399999782443 ], [ 692266.341300000436604, 9197774.763299999758601 ], [ 692265.742499999701977, 9197772.955299999564886 ], [ 692265.143699999898672, 9197771.147199999541044 ], [ 692264.544900000095367, 9197769.339099999517202 ], [ 692263.970099999569356, 9197767.551699999719858 ], [ 692263.395399999804795, 9197765.7643 ], [ 692262.820600000210106, 9197763.97690000012517 ], [ 692262.245900000445545, 9197762.189500000327826 ], [ 692261.671099999919534, 9197760.402100000530481 ], [ 692261.096300000324845, 9197758.614700000733137 ], [ 692260.521599999628961, 9197756.827299999073148 ], [ 692259.946800000034273, 9197755.039899999275804 ], [ 692259.372100000269711, 9197753.252499999478459 ], [ 692258.7972999997437, 9197751.465099999681115 ], [ 692258.217899999581277, 9197749.752299999818206 ], [ 692257.638500000350177, 9197748.0395 ], [ 692257.059000000357628, 9197746.3267 ], [ 692256.479600000195205, 9197744.613900000229478 ], [ 692228.514600000344217, 9197752.6096 ], [ 692224.524699999950826, 9197753.213300000876188 ], [ 692223.983500000089407, 9197754.031500000506639 ], [ 692219.768600000068545, 9197754.6513 ], [ 692219.918300000019372, 9197755.669700000435114 ], [ 692215.605100000277162, 9197756.303999999538064 ], [ 692211.834800000302494, 9197756.740599999204278 ], [ 692204.96889999974519, 9197755.933599999174476 ], [ 692084.855499999597669, 9197780.011900000274181 ], [ 692085.111399999819696, 9197789.409700000658631 ], [ 692081.371500000357628, 9197788.940600000321865 ], [ 692075.038399999961257, 9197789.622700000181794 ], [ 692065.378600000403821, 9197792.057499999180436 ], [ 692065.956299999728799, 9197793.741699999198318 ], [ 692066.368200000375509, 9197795.074699999764562 ], [ 692066.780199999921024, 9197796.407700000330806 ], [ 692067.192099999636412, 9197797.74070000089705 ], [ 692067.558600000105798, 9197799.058599999174476 ], [ 692067.924999999813735, 9197800.37639999948442 ], [ 692068.291500000283122, 9197801.694299999624491 ], [ 692068.760800000280142, 9197803.498199999332428 ], [ 692069.230100000277162, 9197805.30210000090301 ], [ 692069.699400000274181, 9197807.106000000610948 ], [ 692070.168700000271201, 9197808.909900000318885 ], [ 692070.617499999701977, 9197810.703700000420213 ], [ 692071.066200000233948, 9197812.497500000521541 ], [ 692071.514999999664724, 9197814.291300000622869 ], [ 692071.963700000196695, 9197816.085100000724196 ], [ 692072.38260000012815, 9197817.8531 ], [ 692072.801400000229478, 9197819.621099999174476 ], [ 692073.220300000160933, 9197821.38910000026226 ], [ 692073.547399999573827, 9197822.747500000521541 ], [ 692073.874400000087917, 9197824.105900000780821 ], [ 692074.201500000432134, 9197825.464299999177456 ], [ 692075.212199999950826, 9197825.865800000727177 ], [ 692075.50829999987036, 9197825.98340000025928 ], [ 692076.222900000400841, 9197826.267300000414252 ], [ 692077.567099999636412, 9197827.288499999791384 ], [ 692078.280100000090897, 9197828.15430000051856 ], [ 692078.679299999959767, 9197829.494899999350309 ], [ 692079.227800000458956, 9197831.200099999085069 ], [ 692079.776399999856949, 9197832.905300000682473 ], [ 692080.325000000186265, 9197834.610500000417233 ], [ 692080.873499999754131, 9197836.315700000151992 ], [ 692081.418899999931455, 9197838.057099999859929 ], [ 692081.964300000108778, 9197839.79839999973774 ], [ 692082.509700000286102, 9197841.539799999445677 ], [ 692083.055100000463426, 9197843.281199999153614 ], [ 692083.600499999709427, 9197845.02250000089407 ], [ 692084.145899999886751, 9197846.763900000602007 ], [ 692084.732599999755621, 9197848.492900000885129 ], [ 692085.319199999794364, 9197850.221999999135733 ], [ 692085.905899999663234, 9197851.950999999418855 ], [ 692086.492499999701977, 9197853.679999999701977 ], [ 692087.079199999570847, 9197855.409 ], [ 692087.66579999960959, 9197857.1381 ], [ 692088.252500000409782, 9197858.86710000038147 ], [ 692088.78830000013113, 9197860.551200000569224 ], [ 692089.324099999852479, 9197862.235200000926852 ], [ 692089.859899999573827, 9197863.919299999251962 ], [ 692090.395700000226498, 9197865.60329999960959 ], [ 692090.931499999947846, 9197867.287399999797344 ], [ 692091.467299999669194, 9197868.971400000154972 ], [ 692092.003100000321865, 9197870.655500000342727 ], [ 692092.541600000113249, 9197872.318 ], [ 692093.080099999904633, 9197873.980499999597669 ], [ 692093.618599999696016, 9197875.64299999922514 ], [ 692094.157100000418723, 9197877.305500000715256 ], [ 692094.695600000210106, 9197878.968000000342727 ], [ 692095.2341, 9197880.6305 ], [ 692095.832600000314415, 9197882.509800000116229 ], [ 692096.431099999696016, 9197884.3892 ], [ 692097.0296, 9197886.268500000238419 ], [ 692097.628100000321865, 9197888.14780000038445 ], [ 692098.226599999703467, 9197890.027200000360608 ], [ 692098.825100000016391, 9197891.906500000506639 ], [ 692099.324099999852479, 9197893.5362 ], [ 692099.823099999688566, 9197895.165999999269843 ], [ 692100.322100000455976, 9197896.795700000599027 ], [ 692100.821100000292063, 9197898.4254 ], [ 692101.32010000012815, 9197900.05519999936223 ], [ 692101.819099999964237, 9197901.684900000691414 ], [ 692102.394000000320375, 9197903.593299999833107 ], [ 692102.96889999974519, 9197905.501599999144673 ], [ 692103.543899999931455, 9197907.410000000149012 ], [ 692104.118800000287592, 9197909.318299999460578 ], [ 692104.693699999712408, 9197911.226700000464916 ], [ 692105.233, 9197913.096400000154972 ], [ 692105.77240000013262, 9197914.966099999845028 ], [ 692106.311700000427663, 9197916.835799999535084 ], [ 692106.850999999791384, 9197918.70549999922514 ], [ 692107.390399999916553, 9197920.575200000777841 ], [ 692107.929700000211596, 9197922.444900000467896 ], [ 692108.438500000163913, 9197924.141100000590086 ], [ 692108.947300000116229, 9197925.837300000712276 ], [ 692109.456100000068545, 9197927.533500000834465 ], [ 692109.964900000020862, 9197929.229699999094009 ], [ 692110.473699999973178, 9197930.925899999216199 ], [ 692110.982499999925494, 9197932.622099999338388 ], [ 692111.49129999987781, 9197934.318299999460578 ], [ 692111.921099999919534, 9197935.318099999800324 ], [ 692112.951700000092387, 9197936.853900000452995 ], [ 692113.823900000192225, 9197938.153100000694394 ], [ 692114.577899999916553, 9197939.4529 ], [ 692115.070000000298023, 9197941.148700000718236 ], [ 692115.56209999974817, 9197942.844499999657273 ], [ 692114.823099999688566, 9197943.1195 ], [ 692114.346300000324845, 9197943.2972999997437 ], [ 692114.580799999646842, 9197944.480599999427795 ], [ 692114.815200000070035, 9197945.663899999111891 ], [ 692113.919800000265241, 9197945.767100000753999 ], [ 692113.633100000210106, 9197945.800100000575185 ], [ 692114.263799999840558, 9197947.508300000801682 ], [ 692114.894500000402331, 9197949.216399999335408 ], [ 692115.014299999922514, 9197949.540899999439716 ], [ 692115.525200000032783, 9197950.924599999561906 ], [ 692116.155899999663234, 9197952.6327 ], [ 692116.696100000292063, 9197954.316600000485778 ], [ 692117.236399999819696, 9197956.000399999320507 ], [ 692117.776700000278652, 9197957.6842 ], [ 692118.316899999976158, 9197959.368100000545382 ], [ 692118.857099999673665, 9197961.051999999210238 ], [ 692119.082299999892712, 9197961.753599999472499 ], [ 692119.39740000013262, 9197962.7358 ], [ 692119.937699999660254, 9197964.419700000435114 ], [ 692120.477900000289083, 9197966.103499999269843 ], [ 692120.584699999541044, 9197966.0724 ], [ 692121.819299999624491, 9197965.712999999523163 ], [ 692121.829599999822676, 9197965.71000000089407 ], [ 692123.160699999891222, 9197965.322499999776483 ], [ 692117.012699999846518, 9197968.193499999120831 ], [ 692120.076399999670684, 9197974.596300000324845 ], [ 692119.46030000038445, 9197974.9463 ], [ 692119.954400000162423, 9197975.772399999201298 ], [ 692120.792000000365078, 9197977.172800000756979 ], [ 692121.629499999806285, 9197978.573100000619888 ], [ 692122.581799999810755, 9197980.207699999213219 ], [ 692123.534099999815226, 9197981.842199999839067 ], [ 692124.486499999649823, 9197983.476800000295043 ], [ 692125.438799999654293, 9197985.111300000920892 ], [ 692126.391099999658763, 9197986.745899999514222 ], [ 692127.343399999663234, 9197988.3805 ], [ 692128.295699999667704, 9197990.015000000596046 ], [ 692129.248100000433624, 9197991.649599999189377 ], [ 692129.69550000037998, 9197992.417600000277162 ], [ 692130.200400000438094, 9197993.284099999815226 ], [ 692131.152700000442564, 9197994.918700000271201 ], [ 692131.955099999904633, 9197996.176699999719858 ], [ 692132.094600000418723, 9197996.395400000736117 ], [ 692133.036500000394881, 9197997.872099999338388 ], [ 692133.969399999827147, 9197999.334699999541044 ], [ 692133.978400000371039, 9197999.348799999803305 ], [ 692134.920300000347197, 9198000.825500000268221 ], [ 692135.974100000225008, 9198001.545299999415874 ], [ 692137.790300000458956, 9198001.8257 ], [ 692139.207499999552965, 9198001.133899999782443 ], [ 692139.370299999602139, 9198001.054500000551343 ], [ 692140.950299999676645, 9198000.28319999948144 ], [ 692142.530299999751151, 9197999.512000000104308 ], [ 692143.989299999549985, 9197998.799799999222159 ], [ 692144.110299999825656, 9197998.74070000089705 ], [ 692145.690299999900162, 9197997.969499999657273 ], [ 692147.472599999979138, 9197997.36739999987185 ], [ 692149.254800000227988, 9197996.7653 ], [ 692150.044300000183284, 9197996.49860000051558 ], [ 692151.037100000306964, 9197996.163200000301003 ], [ 692152.81940000038594, 9197995.56110000051558 ], [ 692154.348799999803305, 9197995.044399999082088 ], [ 692154.601599999703467, 9197994.959000000730157 ], [ 692156.383899999782443, 9197994.356899999082088 ], [ 692158.228400000371039, 9197994.124600000679493 ], [ 692160.072999999858439, 9197993.892400000244379 ], [ 692161.917500000447035, 9197993.6601 ], [ 692152.358599999919534, 9197971.312400000169873 ] ] ] ] } },
{ "type": "Feature", "properties": { "Id": 0, "Nama_Lokas": "MI Tembok Gede", "OBJECTID": 1438, "PL": "Hutan Kota, Jalur Hijau dan Taman Kota", "TGL": "Ruang Terbuka Hijau", "RTH": "RTH", "Tipe_RTH": "Makam", "Shape_Leng": 124590.216507, "Shape_Area": 124590.216507, "Luas": 124590.216507, "Luas_UPT": "124.217,00", "Luas_fasum": "4.183,50", "Luas_efek": "120.034", "Kapasitas": "60.017", "kematian": "62.778", "sisa_petak": "-", "Ket": "Penuh, tumpang" }, "geometry": { "type": "MultiPolygon", "coordinates": [ [ [ [ 690856.979399999603629, 9198058.512700000777841 ], [ 690851.479000000283122, 9198034.9695999994874 ], [ 690836.799800000153482, 9198038.67879999987781 ], [ 690834.335799999535084, 9198029.502800000831485 ], [ 690831.001799999736249, 9198030.3498 ], [ 690829.679800000041723, 9198024.632799999788404 ], [ 690831.889499999582767, 9198024.116599999368191 ], [ 690831.762799999676645, 9198022.744799999520183 ], [ 690824.793800000101328, 9197998.318800000473857 ], [ 690822.760800000280142, 9197991.095799999311566 ], [ 690823.011099999770522, 9197989.052699999883771 ], [ 690822.538800000213087, 9197986.469000000506639 ], [ 690821.552600000053644, 9197986.649299999698997 ], [ 690818.411700000055134, 9197987.223500000312924 ], [ 690815.957200000062585, 9197987.6722 ], [ 690815.582700000144541, 9197985.623400000855327 ], [ 690818.057699999772012, 9197985.17090000025928 ], [ 690821.1398, 9197984.6074 ], [ 690822.060200000181794, 9197984.439200000837445 ], [ 690821.855700000189245, 9197983.320299999788404 ], [ 690821.464100000448525, 9197982.183700000867248 ], [ 690820.561099999584258, 9197978.168700000271201 ], [ 690818.436499999836087, 9197967.462300000712276 ], [ 690811.038099999539554, 9197969.4967 ], [ 690805.476099999621511, 9197971.134700000286102 ], [ 690801.503200000151992, 9197972.2248 ], [ 690791.394799999892712, 9197924.072599999606609 ], [ 690788.557799999602139, 9197909.822599999606609 ], [ 690788.516499999910593, 9197907.5603 ], [ 690785.078300000168383, 9197888.28690000064671 ], [ 690784.370799999684095, 9197884.916799999773502 ], [ 690778.123800000175834, 9197885.401799999177456 ], [ 690777.776200000196695, 9197880.924599999561906 ], [ 690774.145200000144541, 9197855.737299999222159 ], [ 690781.639200000092387, 9197853.846300000324845 ], [ 690781.30420000012964, 9197852.3268 ], [ 690777.097500000149012, 9197833.244100000709295 ], [ 690775.392799999564886, 9197825.511700000613928 ], [ 690770.048100000247359, 9197826.689999999478459 ], [ 690769.074699999764562, 9197824.5263 ], [ 690764.190799999982119, 9197811.207800000905991 ], [ 690750.0152000002563, 9197740.167099999263883 ], [ 690764.672500000335276, 9197737.958799999207258 ], [ 690761.095800000242889, 9197719.024800000712276 ], [ 690758.425200000405312, 9197707.400000000372529 ], [ 690753.286799999885261, 9197683.151799999177456 ], [ 690745.689799999818206, 9197684.74100000038743 ], [ 690744.824199999682605, 9197680.603199999779463 ], [ 690743.153199999593198, 9197671.148299999535084 ], [ 690740.040400000289083, 9197656.794199999421835 ], [ 690636.520399999804795, 9197676.599300000816584 ], [ 690635.575199999846518, 9197676.718399999663234 ], [ 690631.691499999724329, 9197677.207699999213219 ], [ 690631.212199999950826, 9197673.404100000858307 ], [ 690627.33420000039041, 9197673.892799999564886 ], [ 690622.2171, 9197674.537599999457598 ], [ 690622.032300000078976, 9197673.070900000631809 ], [ 690619.552400000393391, 9197673.488500000908971 ], [ 690618.889999999664724, 9197673.620500000193715 ], [ 690616.847900000400841, 9197674.113199999555945 ], [ 690617.033099999651313, 9197674.971599999815226 ], [ 690617.397300000302494, 9197676.659700000658631 ], [ 690617.761400000192225, 9197678.347699999809265 ], [ 690618.125500000081956, 9197680.035700000822544 ], [ 690618.489699999801815, 9197681.723799999803305 ], [ 690618.853799999691546, 9197683.411800000816584 ], [ 690618.675800000317395, 9197683.7195999994874 ], [ 690618.529000000096858, 9197683.840299999341369 ], [ 690618.25870000012219, 9197683.970799999311566 ], [ 690617.843500000424683, 9197684.144999999552965 ], [ 690616.68790000025183, 9197684.417199999094009 ], [ 690615.097900000400841, 9197684.786599999293685 ], [ 690613.50789999961853, 9197685.156099999323487 ], [ 690611.917899999767542, 9197685.525499999523163 ], [ 690610.327899999916553, 9197685.894999999552965 ], [ 690608.737900000065565, 9197686.264399999752641 ], [ 690606.949300000444055, 9197686.709899999201298 ], [ 690605.160799999721348, 9197687.1554000005126 ], [ 690603.372200000099838, 9197687.6009 ], [ 690601.583599999547005, 9197688.046499999240041 ], [ 690599.794999999925494, 9197688.492000000551343 ], [ 690598.00650000013411, 9197688.9375 ], [ 690596.217899999581277, 9197689.382999999448657 ], [ 690594.429299999959767, 9197689.828500000759959 ], [ 690592.533800000324845, 9197690.416899999603629 ], [ 690590.638399999588728, 9197691.005200000479817 ], [ 690589.489199999719858, 9197691.276699999347329 ], [ 690588.339999999850988, 9197691.548100000247359 ], [ 690587.748599999584258, 9197691.55379999987781 ], [ 690587.364400000311434, 9197691.397900000214577 ], [ 690587.211500000208616, 9197691.253000000491738 ], [ 690587.00899999961257, 9197690.898199999704957 ], [ 690586.663900000043213, 9197690.35249999910593 ], [ 690586.065700000151992, 9197689.9496 ], [ 690585.314799999818206, 9197689.738199999555945 ], [ 690584.611999999731779, 9197689.772299999371171 ], [ 690584.196000000461936, 9197689.829700000584126 ], [ 690583.826700000092387, 9197689.880599999800324 ], [ 690582.456399999558926, 9197690.1612 ], [ 690581.086199999786913, 9197690.4419 ], [ 690579.715900000184774, 9197690.722500000149012 ], [ 690577.832399999722838, 9197691.11710000038147 ], [ 690577.776600000448525, 9197691.128799999132752 ], [ 690575.948900000192225, 9197691.511700000613928 ], [ 690574.065299999900162, 9197691.906300000846386 ], [ 690572.181800000369549, 9197692.300899999216199 ], [ 690570.298299999907613, 9197692.695599999278784 ], [ 690568.414800000376999, 9197693.090199999511242 ], [ 690566.531200000084937, 9197693.4847999997437 ], [ 690564.647699999623001, 9197693.8794 ], [ 690562.764200000092387, 9197694.274000000208616 ], [ 690560.907100000418723, 9197694.640900000929832 ], [ 690559.050099999643862, 9197695.007799999788404 ], [ 690557.192999999970198, 9197695.374800000339746 ], [ 690555.335900000296533, 9197695.741699999198318 ], [ 690553.478900000452995, 9197696.1086 ], [ 690551.621799999848008, 9197696.47550000064075 ], [ 690549.764700000174344, 9197696.842499999329448 ], [ 690547.907700000330806, 9197697.2094 ], [ 690546.050599999725819, 9197697.57630000077188 ], [ 690544.233300000429153, 9197697.938300000503659 ], [ 690542.415900000371039, 9197698.300300000235438 ], [ 690540.598600000143051, 9197698.662200000137091 ], [ 690538.781299999915063, 9197699.02419999986887 ], [ 690536.963899999856949, 9197699.386199999600649 ], [ 690535.146599999628961, 9197699.748199999332428 ], [ 690533.329300000332296, 9197700.11009999923408 ], [ 690531.511900000274181, 9197700.472100000828505 ], [ 690529.694600000046194, 9197700.834100000560284 ], [ 690527.825400000438094, 9197701.19789999909699 ], [ 690525.956199999898672, 9197701.561699999496341 ], [ 690524.087000000290573, 9197701.925599999725819 ], [ 690522.217799999751151, 9197702.28940000012517 ], [ 690520.348699999973178, 9197702.653200000524521 ], [ 690518.479500000365078, 9197703.017000000923872 ], [ 690516.610299999825656, 9197703.380899999290705 ], [ 690514.741100000217557, 9197703.744699999690056 ], [ 690513.797600000165403, 9197703.928300000727177 ], [ 690512.871899999678135, 9197704.1085 ], [ 690511.1102, 9197704.468699999153614 ], [ 690509.348500000312924, 9197704.8289 ], [ 690507.586799999698997, 9197705.188999999314547 ], [ 690506.145100000314415, 9197705.483799999579787 ], [ 690505.825100000016391, 9197705.549200000241399 ], [ 690504.58629999961704, 9197705.802500000223517 ], [ 690504.063299999572337, 9197705.909399999305606 ], [ 690502.301599999889731, 9197706.269600000232458 ], [ 690500.539900000207126, 9197706.629699999466538 ], [ 690498.778199999593198, 9197706.989900000393391 ], [ 690497.016499999910593, 9197707.350099999457598 ], [ 690495.052699999883771, 9197707.722400000318885 ], [ 690494.763000000268221, 9197707.7774 ], [ 690493.088999999687076, 9197708.094799999147654 ], [ 690491.125199999660254, 9197708.4671 ], [ 690489.161399999633431, 9197708.839500000700355 ], [ 690487.197599999606609, 9197709.211799999698997 ], [ 690485.233900000341237, 9197709.584100000560284 ], [ 690483.270100000314415, 9197709.956499999389052 ], [ 690481.306300000287592, 9197710.32880000025034 ], [ 690479.494099999777973, 9197710.689799999818206 ], [ 690477.682000000029802, 9197711.050899999216199 ], [ 690475.869800000451505, 9197711.41190000064671 ], [ 690474.057599999941885, 9197711.772900000214577 ], [ 690472.245400000363588, 9197712.133899999782443 ], [ 690470.433299999684095, 9197712.494999999180436 ], [ 690468.621100000105798, 9197712.856000000610948 ], [ 690466.912499999627471, 9197713.238099999725819 ], [ 690465.203900000080466, 9197713.620300000533462 ], [ 690463.495299999602139, 9197714.002399999648333 ], [ 690461.786600000225008, 9197714.384500000625849 ], [ 690460.07799999974668, 9197714.76659999974072 ], [ 690458.369400000199676, 9197715.148800000548363 ], [ 690456.660799999721348, 9197715.530899999663234 ], [ 690455.930499999783933, 9197715.715099999681115 ], [ 690455.891699999570847, 9197715.724899999797344 ], [ 690455.739699999801815, 9197715.881699999794364 ], [ 690455.405299999751151, 9197716.226800000295043 ], [ 690455.099899999797344, 9197717.006999999284744 ], [ 690455.040699999779463, 9197717.648299999535084 ], [ 690455.043999999761581, 9197718.338500000536442 ], [ 690455.076799999922514, 9197718.861999999731779 ], [ 690455.489699999801815, 9197720.656999999657273 ], [ 690455.902499999850988, 9197722.452099999412894 ], [ 690456.308500000275671, 9197724.233799999579787 ], [ 690456.714499999769032, 9197726.01549999974668 ], [ 690457.120500000193715, 9197727.7972 ], [ 690457.526499999687076, 9197729.579 ], [ 690457.932500000111759, 9197731.3607 ], [ 690458.338499999605119, 9197733.142400000244379 ], [ 690458.744500000029802, 9197734.924100000411272 ], [ 690459.16509999986738, 9197736.753399999812245 ], [ 690459.58559999987483, 9197738.582699999213219 ], [ 690460.006199999712408, 9197740.412000000476837 ], [ 690460.426799999549985, 9197742.2412 ], [ 690460.847400000318885, 9197744.070499999448657 ], [ 690461.267900000326335, 9197745.899800000712276 ], [ 690461.688500000163913, 9197747.729100000113249 ], [ 690462.08600000012666, 9197749.466099999845028 ], [ 690462.483500000089407, 9197751.20299999974668 ], [ 690462.881000000052154, 9197752.939999999478459 ], [ 690463.278599999845028, 9197754.676899999380112 ], [ 690463.676099999807775, 9197756.413899999111891 ], [ 690464.073599999770522, 9197758.150800000876188 ], [ 690464.471099999733269, 9197759.887800000607967 ], [ 690464.868599999696016, 9197761.62470000050962 ], [ 690465.267199999652803, 9197763.35329999960959 ], [ 690465.66579999960959, 9197765.082000000402331 ], [ 690466.064500000327826, 9197766.810599999502301 ], [ 690466.463100000284612, 9197768.539200000464916 ], [ 690466.861700000241399, 9197770.267799999564886 ], [ 690467.260400000028312, 9197771.996500000357628 ], [ 690467.658999999985099, 9197773.725099999457598 ], [ 690468.057599999941885, 9197775.453700000420213 ], [ 690468.451799999922514, 9197777.176000000908971 ], [ 690468.845999999903142, 9197778.898299999535084 ], [ 690469.240199999883771, 9197780.6206 ], [ 690469.634300000034273, 9197782.342800000682473 ], [ 690470.028500000014901, 9197784.065099999308586 ], [ 690470.4227, 9197785.787399999797344 ], [ 690470.816899999976158, 9197787.509700000286102 ], [ 690471.240100000053644, 9197789.319700000807643 ], [ 690471.66330000013113, 9197791.129699999466538 ], [ 690472.086500000208616, 9197792.939600000157952 ], [ 690472.509700000286102, 9197794.749600000679493 ], [ 690472.932900000363588, 9197796.559599999338388 ], [ 690473.356100000441074, 9197798.369599999859929 ], [ 690473.773299999535084, 9197800.1711 ], [ 690474.190499999560416, 9197801.9726 ], [ 690474.607699999585748, 9197803.7741 ], [ 690475.02489999961108, 9197805.575500000268221 ], [ 690475.442099999636412, 9197807.377000000327826 ], [ 690475.859299999661744, 9197809.17850000038743 ], [ 690476.236100000329316, 9197810.770700000226498 ], [ 690476.612900000065565, 9197812.362999999895692 ], [ 690476.989699999801815, 9197813.955199999734759 ], [ 690477.366499999538064, 9197815.547399999573827 ], [ 690477.372800000011921, 9197815.574300000444055 ], [ 690477.796799999661744, 9197817.38260000012815 ], [ 690478.227099999785423, 9197819.217700000852346 ], [ 690478.657300000078976, 9197821.052899999544024 ], [ 690478.895499999634922, 9197822.068499999120831 ], [ 690479.087600000202656, 9197822.888000000268221 ], [ 690479.526200000196695, 9197824.726700000464916 ], [ 690479.964900000020862, 9197826.565400000661612 ], [ 690480.403500000014901, 9197828.404100000858307 ], [ 690480.8421, 9197830.242799999192357 ], [ 690481.253299999982119, 9197832.050899999216199 ], [ 690481.664599999785423, 9197833.858999999240041 ], [ 690481.889999999664724, 9197834.849899999797344 ], [ 690482.075799999758601, 9197835.667099999263883 ], [ 690482.487099999561906, 9197837.475199999287724 ], [ 690482.898299999535084, 9197839.283299999311566 ], [ 690482.908099999651313, 9197839.326500000432134 ], [ 690483.309600000269711, 9197841.091399999335408 ], [ 690483.720800000242889, 9197842.89949999935925 ], [ 690484.112499999813735, 9197844.569399999454618 ], [ 690484.504200000315905, 9197846.239199999719858 ], [ 690484.895899999886751, 9197847.909099999815226 ], [ 690485.132299999706447, 9197848.940199999138713 ], [ 690485.544700000435114, 9197850.768300000578165 ], [ 690485.957200000062585, 9197852.596300000324845 ], [ 690486.336099999956787, 9197854.161800000816584 ], [ 690486.715099999681115, 9197855.727399999275804 ], [ 690487.093999999575317, 9197857.292899999767542 ], [ 690487.473000000230968, 9197858.8585 ], [ 690487.85190000012517, 9197860.424000000581145 ], [ 690488.253200000151992, 9197862.235500000417233 ], [ 690488.654400000348687, 9197864.046900000423193 ], [ 690489.05559999961406, 9197865.85840000025928 ], [ 690489.456899999640882, 9197867.669800000265241 ], [ 690489.765399999916553, 9197869.1129 ], [ 690490.000599999912083, 9197870.5987 ], [ 690490.235799999907613, 9197872.084599999710917 ], [ 690490.292100000195205, 9197872.877499999478459 ], [ 690490.331299999728799, 9197873.648700000718236 ], [ 690490.43709999974817, 9197874.968000000342727 ], [ 690490.542899999767542, 9197876.287200000137091 ], [ 690490.640100000426173, 9197877.630599999800324 ], [ 690490.737300000153482, 9197878.973999999463558 ], [ 690490.834499999880791, 9197880.317399999126792 ], [ 690491.006599999964237, 9197881.972400000318885 ], [ 690491.178600000217557, 9197883.627299999818206 ], [ 690491.292399999685585, 9197884.999500000849366 ], [ 690491.323599999770522, 9197885.375199999660254 ], [ 690462.675499999895692, 9197885.877800000831485 ], [ 690457.589999999850988, 9197885.977800000458956 ], [ 690440.498200000263751, 9197886.110999999567866 ], [ 690440.526399999856949, 9197888.027899999171495 ], [ 690433.864599999971688, 9197888.125800000503659 ], [ 690415.145100000314415, 9197888.086500000208616 ], [ 690414.869800000451505, 9197885.746999999508262 ], [ 690413.35869999974966, 9197885.924799999222159 ], [ 690328.044200000353158, 9197887.987500000745058 ], [ 690307.819600000046194, 9197889.342199999839067 ], [ 690288.793399999849498, 9197890.86629999987781 ], [ 690288.978600000031292, 9197892.9879 ], [ 690289.384700000286102, 9197899.236500000581145 ], [ 690286.3432, 9197899.434100000187755 ], [ 690257.787399999797344, 9197893.980599999427795 ], [ 690271.103799999691546, 9197896.7179000005126 ], [ 690277.017199999652803, 9197897.974700000137091 ], [ 690280.112900000065565, 9197898.5965 ], [ 690283.115899999625981, 9197899.2182 ], [ 690286.039599999785423, 9197899.906099999323487 ], [ 690309.812400000169873, 9197904.56279999949038 ], [ 690330.291199999861419, 9197909.642799999564886 ], [ 690331.031999999657273, 9197909.431199999526143 ], [ 690344.102500000037253, 9197912.76490000076592 ], [ 690357.014200000092387, 9197916.574899999424815 ], [ 690381.131000000052154, 9197924.089099999517202 ], [ 690398.368599999696016, 9197929.839400000870228 ], [ 690412.39159999974072, 9197934.8136 ], [ 690424.244900000281632, 9197938.994000000879169 ], [ 690445.887900000438094, 9197948.0428 ], [ 690464.302899999544024, 9197955.662799999117851 ], [ 690483.405899999663234, 9197964.658600000664592 ], [ 690501.926799999549985, 9197973.654500000178814 ], [ 690515.526399999856949, 9197980.322000000625849 ], [ 690529.866799999959767, 9197987.518699999898672 ], [ 690548.175999999977648, 9197996.937899999320507 ], [ 690563.204400000162423, 9198005.721999999135733 ], [ 690572.517699999734759, 9198010.643300000578165 ], [ 690581.778199999593198, 9198016.093699999153614 ], [ 690592.573200000450015, 9198022.814200000837445 ], [ 690602.309899999760091, 9198028.846699999645352 ], [ 690611.464499999769032, 9198034.455900000408292 ], [ 690618.767, 9198039.271299999207258 ], [ 690631.890399999916553, 9198047.89670000039041 ], [ 690643.002899999730289, 9198055.305099999532104 ], [ 690644.643299999646842, 9198056.6809 ], [ 690652.580799999646842, 9198062.078400000929832 ], [ 690663.269999999552965, 9198070.015900000929832 ], [ 690669.46129999961704, 9198074.460899999365211 ], [ 690677.028400000184774, 9198080.017200000584126 ], [ 690686.923799999989569, 9198087.848899999633431 ], [ 690699.570899999700487, 9198097.691400000825524 ], [ 690707.032200000248849, 9198103.565199999138713 ], [ 690714.599299999885261, 9198109.65059999935329 ], [ 690717.298000000417233, 9198112.084799999371171 ], [ 690738.358900000341237, 9198129.441500000655651 ], [ 690763.33559999987483, 9198147.539000000804663 ], [ 690767.357300000265241, 9198150.396500000730157 ], [ 690768.532700000330806, 9198152.309399999678135 ], [ 690769.693400000222027, 9198151.025299999862909 ], [ 690770.202200000174344, 9198150.426100000739098 ], [ 690770.873499999754131, 9198149.635500000789762 ], [ 690771.544800000265241, 9198148.844900000840425 ], [ 690772.137299999594688, 9198148.147099999710917 ], [ 690772.60329999960959, 9198147.598300000652671 ], [ 690773.661899999715388, 9198146.351600000634789 ], [ 690774.7204, 9198145.105000000447035 ], [ 690775.779000000096858, 9198143.858300000429153 ], [ 690776.837500000372529, 9198142.611700000241399 ], [ 690778.036500000394881, 9198141.207000000402331 ], [ 690779.235399999655783, 9198139.802300000563264 ], [ 690780.434399999678135, 9198138.397600000724196 ], [ 690781.63329999987036, 9198136.992900000885129 ], [ 690782.832299999892712, 9198135.588199999183416 ], [ 690784.031200000084937, 9198134.183599999174476 ], [ 690785.230200000107288, 9198132.778899999335408 ], [ 690786.429100000299513, 9198131.374199999496341 ], [ 690787.627999999560416, 9198129.969499999657273 ], [ 690788.826999999582767, 9198128.564799999818206 ], [ 690790.025999999605119, 9198127.1601 ], [ 690791.224899999797344, 9198125.755400000140071 ], [ 690792.474499999545515, 9198124.251599999144673 ], [ 690793.724100000225008, 9198122.747899999842048 ], [ 690794.973699999973178, 9198121.244100000709295 ], [ 690796.223299999721348, 9198119.740299999713898 ], [ 690797.472900000400841, 9198118.236500000581145 ], [ 690798.722599999979138, 9198116.732799999415874 ], [ 690799.972199999727309, 9198115.229000000283122 ], [ 690801.221800000406802, 9198113.725199999287724 ], [ 690802.471400000154972, 9198112.221400000154972 ], [ 690803.720999999903142, 9198110.717700000852346 ], [ 690804.970599999651313, 9198109.213899999856949 ], [ 690806.220200000330806, 9198107.710100000724196 ], [ 690807.527499999850988, 9198106.205 ], [ 690808.83490000013262, 9198104.699899999424815 ], [ 690810.142199999652803, 9198103.194900000467896 ], [ 690811.449500000104308, 9198101.689799999818206 ], [ 690812.75690000038594, 9198100.184699999168515 ], [ 690814.064199999906123, 9198098.67960000038147 ], [ 690815.371500000357628, 9198097.174499999731779 ], [ 690816.67879999987781, 9198095.66950000077486 ], [ 690817.986200000159442, 9198094.16440000012517 ], [ 690819.293499999679625, 9198092.659299999475479 ], [ 690820.55460000038147, 9198091.12360000051558 ], [ 690821.815700000151992, 9198089.587899999693036 ], [ 690823.076799999922514, 9198088.05210000090301 ], [ 690824.337899999693036, 9198086.5164 ], [ 690825.598899999633431, 9198084.980699999257922 ], [ 690826.860000000335276, 9198083.445000000298023 ], [ 690828.121100000105798, 9198081.909199999645352 ], [ 690829.38219999987632, 9198080.373500000685453 ], [ 690828.502799999900162, 9198075.586799999698997 ], [ 690826.381799999624491, 9198066.808800000697374 ], [ 690827.953499999828637, 9198066.428999999538064 ], [ 690833.913800000213087, 9198065.07880000025034 ], [ 690833.683199999853969, 9198064.0779 ], [ 690856.979399999603629, 9198058.512700000777841 ] ] ] ] } },
{ "type": "Feature", "properties": { "Id": 0, "Nama_Lokas": "MI Asem Jajar", "OBJECTID": 1439, "PL": "Hutan Kota, Jalur Hijau dan Taman Kota", "TGL": "Ruang Terbuka Hijau", "RTH": "RTH", "Tipe_RTH": "Makam", "Shape_Leng": 26548.835522500001, "Shape_Area": 26548.835522500001, "Luas": 26548.835522500001, "Luas_UPT": "25.012,53", "Luas_fasum": "3.236,93", "Luas_efek": "21.776", "Kapasitas": "10.888", "kematian": "22.181", "sisa_petak": "-", "Ket": "Penuh, tumpang" }, "geometry": { "type": "MultiPolygon", "coordinates": [ [ [ [ 689460.738599999807775, 9198266.261199999600649 ], [ 689472.521499999798834, 9198261.26549999974668 ], [ 689472.712000000290573, 9198261.714800000190735 ], [ 689475.652900000102818, 9198260.4679000005126 ], [ 689476.314000000245869, 9198262.027100000530481 ], [ 689476.897199999541044, 9198263.404200000688434 ], [ 689476.952899999916553, 9198263.377499999478459 ], [ 689478.183299999684095, 9198262.786800000816584 ], [ 689479.274299999698997, 9198262.2631 ], [ 689479.63260000012815, 9198262.091099999845028 ], [ 689481.082000000402331, 9198261.395300000905991 ], [ 689482.747700000181794, 9198260.638900000602007 ], [ 689483.998300000093877, 9198260.071000000461936 ], [ 689484.41330000013113, 9198259.88260000012815 ], [ 689486.078999999910593, 9198259.126199999824166 ], [ 689487.744599999859929, 9198258.369899999350309 ], [ 689489.410299999639392, 9198257.613500000908971 ], [ 689491.075899999588728, 9198256.857200000435114 ], [ 689492.741600000299513, 9198256.10080000013113 ], [ 689494.322800000198185, 9198255.255799999460578 ], [ 689495.904000000096858, 9198254.410700000822544 ], [ 689497.019000000320375, 9198253.814799999818206 ], [ 689497.4852, 9198253.565700000151992 ], [ 689498.796500000171363, 9198252.864900000393391 ], [ 689499.066499999724329, 9198252.720599999651313 ], [ 689500.647699999623001, 9198251.875600000843406 ], [ 689502.228900000452995, 9198251.030500000342727 ], [ 689503.810100000351667, 9198250.185499999672174 ], [ 689505.396399999968708, 9198249.38880000077188 ], [ 689506.982599999755621, 9198248.592199999839067 ], [ 689508.568900000303984, 9198247.795499999076128 ], [ 689510.155199999921024, 9198246.998800000175834 ], [ 689511.741499999538064, 9198246.202099999412894 ], [ 689513.3277000002563, 9198245.405500000342727 ], [ 689514.91399999987334, 9198244.608799999579787 ], [ 689516.698699999600649, 9198243.711400000378489 ], [ 689518.483500000089407, 9198242.813999999314547 ], [ 689518.552099999971688, 9198242.779500000178814 ], [ 689520.268199999816716, 9198241.916600000113249 ], [ 689522.053000000305474, 9198241.019200000911951 ], [ 689523.52240000013262, 9198240.2804000005126 ], [ 689523.837700000032783, 9198240.121799999848008 ], [ 689525.622399999760091, 9198239.224500000476837 ], [ 689527.407200000248849, 9198238.327099999412894 ], [ 689529.003100000321865, 9198237.524599999189377 ], [ 689529.191899999976158, 9198237.429700000211596 ], [ 689530.976700000464916, 9198236.532299999147654 ], [ 689531.161299999803305, 9198236.439500000327826 ], [ 689532.761400000192225, 9198235.6349 ], [ 689534.162499999627471, 9198234.959100000560284 ], [ 689534.499800000339746, 9198234.796399999409914 ], [ 689536.238300000317395, 9198233.958000000566244 ], [ 689537.976700000464916, 9198233.1195 ], [ 689539.715200000442564, 9198232.281099999323487 ], [ 689541.397900000214577, 9198231.469399999827147 ], [ 689541.45380000025034, 9198231.443 ], [ 689545.840300000272691, 9198229.398700000718236 ], [ 689546.053299999795854, 9198229.829700000584126 ], [ 689546.315299999900162, 9198230.277699999511242 ], [ 689546.401300000026822, 9198230.426699999719858 ], [ 689546.607300000265241, 9198230.619699999690056 ], [ 689546.739299999549985, 9198230.691700000315905 ], [ 689546.919300000183284, 9198230.705700000748038 ], [ 689547.100300000049174, 9198230.682700000703335 ], [ 689547.403300000354648, 9198230.547700000926852 ], [ 689547.723299999721348, 9198230.370699999853969 ], [ 689548.224299999885261, 9198230.125700000673532 ], [ 689550.032100000418723, 9198229.278999999165535 ], [ 689551.839999999850988, 9198228.432299999520183 ], [ 689553.64780000038445, 9198227.58559999987483 ], [ 689555.455699999816716, 9198226.738900000229478 ], [ 689557.263500000350177, 9198225.892200000584126 ], [ 689559.071399999782443, 9198225.045499999076128 ], [ 689560.879200000315905, 9198224.198899999260902 ], [ 689562.68709999974817, 9198223.35219999961555 ], [ 689564.494900000281632, 9198222.5055 ], [ 689566.302799999713898, 9198221.658800000324845 ], [ 689568.110600000247359, 9198220.812100000679493 ], [ 689569.918499999679625, 9198219.965399999171495 ], [ 689571.726300000213087, 9198219.118699999526143 ], [ 689572.323400000110269, 9198218.845799999311566 ], [ 689573.487499999813735, 9198218.313799999654293 ], [ 689575.248700000345707, 9198217.50899999961257 ], [ 689577.009899999946356, 9198216.70409999974072 ], [ 689578.771200000308454, 9198215.899299999698997 ], [ 689580.532399999909103, 9198215.094399999827147 ], [ 689582.293600000441074, 9198214.289599999785423 ], [ 689584.054800000041723, 9198213.4847 ], [ 689585.815999999642372, 9198212.6798 ], [ 689587.577200000174344, 9198211.875 ], [ 689589.338399999774992, 9198211.07010000012815 ], [ 689591.099700000137091, 9198210.2653 ], [ 689592.86089999973774, 9198209.460400000214577 ], [ 689594.622100000269711, 9198208.655600000172853 ], [ 689596.38329999987036, 9198207.850700000301003 ], [ 689598.18030000012368, 9198207.0592 ], [ 689599.977300000376999, 9198206.267799999564886 ], [ 689601.774299999698997, 9198205.476299999281764 ], [ 689603.571299999952316, 9198204.684800000861287 ], [ 689605.368300000205636, 9198203.893300000578165 ], [ 689607.165300000458956, 9198203.10190000012517 ], [ 689608.962299999780953, 9198202.310399999842048 ], [ 689610.759300000034273, 9198201.518899999558926 ], [ 689612.556300000287592, 9198200.72749999910593 ], [ 689614.35329999960959, 9198199.936000000685453 ], [ 689614.429100000299513, 9198199.902599999681115 ], [ 689616.150299999862909, 9198199.144500000402331 ], [ 689617.947300000116229, 9198198.3531 ], [ 689619.744300000369549, 9198197.561599999666214 ], [ 689621.541299999691546, 9198196.770099999383092 ], [ 689623.338299999944866, 9198195.97859999909997 ], [ 689623.994800000451505, 9198195.689500000327826 ], [ 689624.352500000037253, 9198195.531999999657273 ], [ 689625.135300000198185, 9198195.18720000050962 ], [ 689626.932300000451505, 9198194.395700000226498 ], [ 689628.530100000090897, 9198193.568199999630451 ], [ 689630.095800000242889, 9198192.757400000467896 ], [ 689630.127999999560416, 9198192.740800000727177 ], [ 689631.72580000013113, 9198191.91330000013113 ], [ 689633.323699999600649, 9198191.085799999535084 ], [ 689634.921500000171363, 9198190.258300000801682 ], [ 689636.519399999640882, 9198189.4309 ], [ 689638.117200000211596, 9198188.603399999439716 ], [ 689639.793800000101328, 9198187.836899999529123 ], [ 689641.470499999821186, 9198187.070299999788404 ], [ 689643.147099999710917, 9198186.30379999987781 ], [ 689644.823699999600649, 9198185.537200000137091 ], [ 689646.50040000025183, 9198184.770700000226498 ], [ 689648.177000000141561, 9198184.004100000485778 ], [ 689649.853699999861419, 9198183.237600000575185 ], [ 689651.530299999751151, 9198182.471000000834465 ], [ 689653.206899999640882, 9198181.704500000923872 ], [ 689654.883600000292063, 9198180.937899999320507 ], [ 689656.560200000181794, 9198180.171399999409914 ], [ 689658.321100000292063, 9198179.343599999323487 ], [ 689660.082100000232458, 9198178.515900000929832 ], [ 689661.843000000342727, 9198177.688100000843406 ], [ 689663.604000000283122, 9198176.860300000756979 ], [ 689665.364900000393391, 9198176.032600000500679 ], [ 689667.125799999572337, 9198175.204800000414252 ], [ 689668.886800000444055, 9198174.377000000327826 ], [ 689670.647699999623001, 9198173.5493 ], [ 689672.408699999563396, 9198172.7215 ], [ 689674.169599999673665, 9198171.893799999728799 ], [ 689675.93059999961406, 9198171.065999999642372 ], [ 689677.691499999724329, 9198170.238199999555945 ], [ 689679.452399999834597, 9198169.410499999299645 ], [ 689681.213399999774992, 9198168.582699999213219 ], [ 689682.974299999885261, 9198167.754899999126792 ], [ 689684.735299999825656, 9198166.927200000733137 ], [ 689686.496199999935925, 9198166.09940000064671 ], [ 689688.183600000105798, 9198165.286499999463558 ], [ 689689.871000000275671, 9198164.473600000143051 ], [ 689691.558400000445545, 9198163.660700000822544 ], [ 689693.245900000445545, 9198162.847799999639392 ], [ 689694.933299999684095, 9198162.034800000488758 ], [ 689696.620699999853969, 9198161.221899999305606 ], [ 689698.308100000023842, 9198160.409 ], [ 689699.995500000193715, 9198159.596100000664592 ], [ 689700.097199999727309, 9198159.085400000214577 ], [ 689700.101999999955297, 9198158.989900000393391 ], [ 689700.105200000107288, 9198158.9254 ], [ 689700.100200000219047, 9198158.701400000602007 ], [ 689699.995799999684095, 9198157.868599999696016 ], [ 689699.169400000013411, 9198156.220799999311566 ], [ 689698.342899999581277, 9198154.573000000789762 ], [ 689697.516499999910593, 9198152.925100000575185 ], [ 689696.690000000409782, 9198151.277300000190735 ], [ 689695.863599999807775, 9198149.629499999806285 ], [ 689695.203300000168383, 9198148.261499999091029 ], [ 689694.542899999767542, 9198146.893500000238419 ], [ 689693.88260000012815, 9198145.525499999523163 ], [ 689693.139000000432134, 9198143.962400000542402 ], [ 689692.395299999974668, 9198142.399299999698997 ], [ 689691.651700000278652, 9198140.836200000718236 ], [ 689690.907999999821186, 9198139.273 ], [ 689690.16440000012517, 9198137.709899999201298 ], [ 689689.420699999667704, 9198136.146800000220537 ], [ 689688.677099999971688, 9198134.583699999377131 ], [ 689687.892500000074506, 9198132.891000000759959 ], [ 689687.107900000177324, 9198131.198300000280142 ], [ 689686.323300000280142, 9198129.5055 ], [ 689685.53870000038296, 9198127.81279999949038 ], [ 689684.754099999554455, 9198126.120100000873208 ], [ 689683.969499999657273, 9198124.427400000393391 ], [ 689683.184899999760091, 9198122.7346 ], [ 689682.400299999862909, 9198121.041899999603629 ], [ 689681.615699999965727, 9198119.349199999123812 ], [ 689680.831100000068545, 9198117.656500000506639 ], [ 689680.046500000171363, 9198115.963700000196695 ], [ 689679.261900000274181, 9198114.270999999716878 ], [ 689678.477300000376999, 9198112.578299999237061 ], [ 689677.71169999986887, 9198110.778100000694394 ], [ 689676.94620000012219, 9198108.977900000289083 ], [ 689676.18059999961406, 9198107.177699999883771 ], [ 689675.41509999986738, 9198105.377499999478459 ], [ 689674.649500000290573, 9198103.577299999073148 ], [ 689673.88399999961257, 9198101.777100000530481 ], [ 689673.118400000035763, 9198099.976800000295043 ], [ 689672.352800000458956, 9198098.176599999889731 ], [ 689671.587299999780953, 9198096.37639999948442 ], [ 689670.821700000204146, 9198094.576199999079108 ], [ 689670.056200000457466, 9198092.776000000536442 ], [ 689669.290599999949336, 9198090.97580000013113 ], [ 689668.801500000059605, 9198089.550699999555945 ], [ 689668.526399999856949, 9198088.083499999716878 ], [ 689668.483, 9198086.782400000840425 ], [ 689668.465499999932945, 9198085.975999999791384 ], [ 689664.802099999971688, 9198086.664899999275804 ], [ 689661.593999999575317, 9198087.8267 ], [ 689658.031999999657273, 9198089.793800000101328 ], [ 689654.446000000461936, 9198090.620699999853969 ], [ 689654.07909999974072, 9198089.029699999839067 ], [ 689649.462199999950826, 9198090.094399999827147 ], [ 689649.969100000336766, 9198092.292500000447035 ], [ 689645.819899999536574, 9198093.416600000113249 ], [ 689641.364000000059605, 9198094.7017 ], [ 689637.646599999628961, 9198095.8125 ], [ 689633.042100000195205, 9198096.609400000423193 ], [ 689629.162800000049174, 9198097.275100000202656 ], [ 689618.636900000274181, 9198098.572100000455976 ], [ 689611.712199999950826, 9198099.409399999305606 ], [ 689611.681200000457466, 9198098.802400000393391 ], [ 689606.029099999926984, 9198099.475700000301003 ], [ 689600.785199999809265, 9198100.100400000810623 ], [ 689599.45920000039041, 9198099.479399999603629 ], [ 689591.544400000013411, 9198099.955700000748038 ], [ 689585.77240000013262, 9198100.302999999374151 ], [ 689569.449199999682605, 9198101.361400000751019 ], [ 689563.479600000195205, 9198102.098400000482798 ], [ 689558.215200000442564, 9198102.748400000855327 ], [ 689553.1705, 9198103.596300000324845 ], [ 689550.611200000159442, 9198104.026399999856949 ], [ 689521.778199999593198, 9198106.998400000855327 ], [ 689520.463200000114739, 9198107.043400000780821 ], [ 689517.294200000353158, 9198108.047399999573827 ], [ 689494.762299999594688, 9198122.003699999302626 ], [ 689493.72620000038296, 9198120.327099999412894 ], [ 689492.690000000409782, 9198118.650399999693036 ], [ 689491.653900000266731, 9198116.973799999803305 ], [ 689490.61780000012368, 9198115.2972 ], [ 689489.581699999980628, 9198113.6206 ], [ 689486.132399999536574, 9198116.409 ], [ 689479.636800000444055, 9198119.596400000154972 ], [ 689480.04079999960959, 9198122.968399999663234 ], [ 689480.562800000421703, 9198125.5044 ], [ 689480.837799999862909, 9198127.460400000214577 ], [ 689483.015300000086427, 9198127.15430000051856 ], [ 689483.541400000452995, 9198130.896099999547005 ], [ 689473.416799999773502, 9198134.2544 ], [ 689473.499800000339746, 9198135.082399999722838 ], [ 689467.184799999929965, 9198137.0164 ], [ 689457.373800000175834, 9198139.48340000025928 ], [ 689454.945199999958277, 9198139.578700000420213 ], [ 689454.21100000012666, 9198146.911699999123812 ], [ 689453.213999999687076, 9198160.844699999317527 ], [ 689452.811200000345707, 9198165.4529 ], [ 689452.681200000457466, 9198166.939200000837445 ], [ 689451.940299999900162, 9198175.41469999961555 ], [ 689451.314500000327826, 9198181.01039999909699 ], [ 689450.160500000230968, 9198191.329199999570847 ], [ 689449.93030000012368, 9198193.387700000777841 ], [ 689448.252299999818206, 9198201.044700000435114 ], [ 689446.902300000190735, 9198205.7007 ], [ 689446.190100000239909, 9198208.444499999284744 ], [ 689447.766800000332296, 9198208.9803 ], [ 689452.608799999579787, 9198209.903300000354648 ], [ 689451.933799999766052, 9198215.936300000175834 ], [ 689451.621799999848008, 9198219.573300000280142 ], [ 689451.408800000324845, 9198223.231300000101328 ], [ 689451.394799999892712, 9198226.974300000816584 ], [ 689451.864799999631941, 9198231.120300000533462 ], [ 689451.780799999833107, 9198234.4233 ], [ 689451.763799999840558, 9198237.457299999892712 ], [ 689451.937800000421703, 9198240.118300000205636 ], [ 689452.062800000421703, 9198241.841299999505281 ], [ 689453.245799999684095, 9198245.561300000175834 ], [ 689454.288800000213087, 9198248.224300000816584 ], [ 689455.051799999549985, 9198251.10329999960959 ], [ 689455.991799999959767, 9198253.774299999698997 ], [ 689459.689500000327826, 9198263.4836 ], [ 689460.738599999807775, 9198266.261199999600649 ] ] ] ] } },
{ "type": "Feature", "properties": { "Id": 0, "Nama_Lokas": "MI Kapas Krampung", "OBJECTID": 1446, "PL": "Hutan Kota, Jalur Hijau dan Taman Kota", "TGL": "Ruang Terbuka Hijau", "RTH": "RTH", "Tipe_RTH": "Makam", "Shape_Leng": 24504.033988, "Shape_Area": 24504.033988, "Luas": 24504.033988, "Luas_UPT": "95.516,14", "Luas_fasum": "3.822,90", "Luas_efek": "91.693", "Kapasitas": "68.942", "kematian": "68.729", "sisa_petak": "213", "Ket": "Tersedia, Sedikit" }, "geometry": { "type": "MultiPolygon", "coordinates": [ [ [ [ 694535.888500005123205, 9199190.675499999895692 ], [ 694538.964200005633757, 9199189.943099999800324 ], [ 694539.396200001938269, 9199191.855000000447035 ], [ 694543.314499996835366, 9199191.050799997523427 ], [ 694547.972400001715869, 9199190.094900002703071 ], [ 694551.000400004442781, 9199189.47350000217557 ], [ 694564.106299999635667, 9199186.78380000218749 ], [ 694569.943000003928319, 9199185.585899999365211 ], [ 694573.356900002458133, 9199184.885300001129508 ], [ 694577.452899995376356, 9199184.044700004160404 ], [ 694580.820499998400919, 9199183.35359999909997 ], [ 694585.265200005145743, 9199182.441400002688169 ], [ 694589.066300005884841, 9199181.66129999794066 ], [ 694589.213900001836009, 9199182.301299998536706 ], [ 694593.102899999823421, 9199182.110300000756979 ], [ 694591.457800003932789, 9199178.078500000759959 ], [ 694590.031800004770048, 9199174.583800002932549 ], [ 694587.901200000545941, 9199169.362099999561906 ], [ 694583.95979999913834, 9199159.702499998733401 ], [ 694581.749000007286668, 9199154.284200001507998 ], [ 694578.46160000259988, 9199146.227600002661347 ], [ 694576.151900005526841, 9199140.566899998113513 ], [ 694573.799800002132542, 9199134.802499998360872 ], [ 694570.072200001217425, 9199125.666799999773502 ], [ 694567.936400002334267, 9199120.4324000030756 ], [ 694564.022200001287274, 9199110.839500000700355 ], [ 694561.780199997243471, 9199105.34489999897778 ], [ 694556.885600004927255, 9199102.367400001734495 ], [ 694554.332599999383092, 9199096.640100000426173 ], [ 694553.140600004699081, 9199093.965799998492002 ], [ 694555.7463, 9199092.804400002583861 ], [ 694554.537500002770685, 9199090.503400001674891 ], [ 694552.453599999425933, 9199085.828300001099706 ], [ 694549.550699996529147, 9199087.122300004586577 ], [ 694546.482100004097447, 9199080.237999998033047 ], [ 694543.780000008991919, 9199074.175999999046326 ], [ 694542.828700003563426, 9199072.041799997910857 ], [ 694542.667000003508292, 9199071.679100001230836 ], [ 694541.308599998126738, 9199068.631699999794364 ], [ 694550.613200002349913, 9199064.484200002625585 ], [ 694557.31540000566747, 9199061.496799999848008 ], [ 694558.859399997978471, 9199061.400500001385808 ], [ 694560.155600001220591, 9199061.565400002524257 ], [ 694561.507399997673929, 9199060.7774 ], [ 694562.859100003610365, 9199059.989299999549985 ], [ 694563.846699997782707, 9199059.41130000166595 ], [ 694564.8567, 9199058.039699997752905 ], [ 694565.392200003378093, 9199056.46059999987483 ], [ 694565.927800000295974, 9199054.881400000303984 ], [ 694566.463300004252233, 9199053.302300000563264 ], [ 694566.656700000283308, 9199051.753200002014637 ], [ 694566.850099997827783, 9199050.204 ], [ 694567.043499998399056, 9199048.654799997806549 ], [ 694567.236900003510527, 9199047.105700002983212 ], [ 694567.189100009272806, 9199046.48930000141263 ], [ 694567.332900001434609, 9199044.140900002792478 ], [ 694565.876000002142973, 9199043.563399998471141 ], [ 694564.41900000278838, 9199042.986000001430511 ], [ 694563.382900000317022, 9199042.575300000607967 ], [ 694563.377500003320165, 9199042.562699997797608 ], [ 694563.378400003071874, 9199042.531699998304248 ], [ 694563.394399999175221, 9199041.973700001835823 ], [ 694563.40120000008028, 9199041.735000001266599 ], [ 694563.415099999052472, 9199041.250400003045797 ], [ 694563.480100000742823, 9199038.979699999094009 ], [ 694563.533100002794527, 9199037.127299999818206 ], [ 694563.53429999621585, 9199037.084400001913309 ], [ 694563.530600001569837, 9199037.078400000929832 ], [ 694561.796099999919534, 9199034.224999999627471 ], [ 694560.282100004144013, 9199031.73450000025332 ], [ 694560.185199997853488, 9199031.575000001117587 ], [ 694555.133700002334081, 9199023.265200002118945 ], [ 694553.719500005012378, 9199020.938799997791648 ], [ 694545.5810999982059, 9199007.550799997523427 ], [ 694544.378300004638731, 9199005.572100002318621 ], [ 694542.442100004758686, 9199002.387000001966953 ], [ 694541.399300003191456, 9199000.671600000932813 ], [ 694534.962000001687557, 9198990.082000000402331 ], [ 694530.50100000447128, 9198982.74349999986589 ], [ 694530.062100001843646, 9198982.273299999535084 ], [ 694528.758900000131689, 9198980.877300001680851 ], [ 694528.197400005534291, 9198979.685000000521541 ], [ 694527.809699999284931, 9198979.796999998390675 ], [ 694526.145100001245737, 9198980.277999999001622 ], [ 694524.48050000355579, 9198980.759000001475215 ], [ 694522.815900000627153, 9198981.240000002086163 ], [ 694521.151300002355129, 9198981.720899997279048 ], [ 694519.48670000594575, 9198982.201899997889996 ], [ 694517.82210000010673, 9198982.682900002226233 ], [ 694516.157500001601875, 9198983.163899999111891 ], [ 694514.492900002282113, 9198983.644899997860193 ], [ 694512.828300003311597, 9198984.125900002196431 ], [ 694511.163699999102391, 9198984.606899997219443 ], [ 694509.499100005137734, 9198985.087900001555681 ], [ 694507.834499998949468, 9198985.568900000303984 ], [ 694505.960000005550683, 9198986.095899999141693 ], [ 694504.085400003939867, 9198986.6228 ], [ 694502.210900001926348, 9198987.14979999884963 ], [ 694500.336400003405288, 9198987.676799999549985 ], [ 694498.461800002376549, 9198988.203700000420213 ], [ 694496.587299997918308, 9198988.730700001120567 ], [ 694494.712799998582341, 9198989.257700001820922 ], [ 694494.44220000738278, 9198989.333799997344613 ], [ 694492.838199998019263, 9198989.784599998965859 ], [ 694490.963700006948784, 9198990.311599999666214 ], [ 694489.089200007962063, 9198990.838600000366569 ], [ 694487.214600000996143, 9198991.365499999374151 ], [ 694485.340099999099039, 9198991.8925 ], [ 694483.462399999145418, 9198992.407799998298287 ], [ 694481.584700002218597, 9198992.923100002110004 ], [ 694479.706999999820255, 9198993.438400000333786 ], [ 694477.829300003126264, 9198993.953699998557568 ], [ 694475.951600002474152, 9198994.468999998643994 ], [ 694474.073900006129406, 9198994.984300002455711 ], [ 694472.196200001519173, 9198995.499600002542138 ], [ 694470.31850000412669, 9198996.014899998903275 ], [ 694466.951300008455291, 9198996.939099997282028 ], [ 694466.304300008923747, 9198997.116699997335672 ], [ 694464.412899997550994, 9198997.609600001946092 ], [ 694462.52149999642279, 9198998.102600002661347 ], [ 694460.630100000184029, 9198998.595500001683831 ], [ 694458.738700009998865, 9198999.088500002399087 ], [ 694456.847299997927621, 9198999.581400003284216 ], [ 694454.955900000175461, 9199000.074400000274181 ], [ 694453.064500003238209, 9199000.567299999296665 ], [ 694451.148500009207055, 9199001.110400000587106 ], [ 694449.232500004698522, 9199001.653500001877546 ], [ 694447.316499997978099, 9199002.196599999442697 ], [ 694445.400500000454485, 9199002.73960000090301 ], [ 694443.484500004793517, 9199003.282700000330806 ], [ 694441.568500001449138, 9199003.825799999758601 ], [ 694439.652500004158355, 9199004.368900001049042 ], [ 694437.736500003491528, 9199004.912000000476837 ], [ 694435.820399997523054, 9199005.455 ], [ 694433.904400010709651, 9199005.998099997639656 ], [ 694433.033600007300265, 9199006.2449000030756 ], [ 694431.98839999944903, 9199006.541100000962615 ], [ 694430.07240000134334, 9199007.08420000039041 ], [ 694428.156300000846386, 9199007.627200001850724 ], [ 694426.240300002507865, 9199008.170299997553229 ], [ 694424.629900001455098, 9199008.623400000855327 ], [ 694423.019500008784235, 9199009.076400002464652 ], [ 694421.409099997486919, 9199009.529500000178814 ], [ 694419.798700003884733, 9199009.982599999755621 ], [ 694418.188299996196292, 9199010.435600001364946 ], [ 694416.577900004805997, 9199010.888699999079108 ], [ 694415.069300001254305, 9199011.313099998980761 ], [ 694415.53520000143908, 9199012.785599997267127 ], [ 694465.160300007672049, 9199169.627900000661612 ], [ 694474.206700003589503, 9199197.872100001201034 ], [ 694474.898400003439747, 9199199.675400003790855 ], [ 694475.59000000031665, 9199201.478799998760223 ], [ 694476.281700000166893, 9199203.282099997624755 ], [ 694476.705599999986589, 9199204.482300002127886 ], [ 694476.869800008018501, 9199204.947100000455976 ], [ 694479.198700000764802, 9199204.169899998232722 ], [ 694481.075799995101988, 9199203.895999997854233 ], [ 694487.989500001771376, 9199202.544600002467632 ], [ 694492.930899997474626, 9199201.57880000025034 ], [ 694493.446900003240444, 9199201.477900002151728 ], [ 694499.954000005731359, 9199200.205900002270937 ], [ 694501.369300006539561, 9199199.929299999028444 ], [ 694501.657900001620874, 9199199.872900001704693 ], [ 694509.098000005003996, 9199198.418500000610948 ], [ 694510.2164000000339, 9199198.19989999756217 ], [ 694511.23500000545755, 9199198.000800000503659 ], [ 694518.091999999247491, 9199196.660500001162291 ], [ 694518.601900004548952, 9199196.560799999162555 ], [ 694524.749700002605096, 9199195.359100000932813 ], [ 694526.697599994484335, 9199194.978299997746944 ], [ 694527.49190000386443, 9199194.823100002482533 ], [ 694528.574099997757003, 9199194.61150000244379 ], [ 694530.444700006977655, 9199194.245900001376867 ], [ 694530.651900005759671, 9199194.205399997532368 ], [ 694533.155400007381104, 9199193.581700002774596 ], [ 694532.5958000079263, 9199191.059500003233552 ], [ 694535.888500005123205, 9199190.675499999895692 ] ] ], [ [ [ 694201.028000007616356, 9199244.056900000199676 ], [ 694201.615499999374151, 9199243.898200001567602 ], [ 694206.340700001572259, 9199257.517800001427531 ], [ 694215.60120000783354, 9199256.988699998706579 ], [ 694216.924100000876933, 9199259.369900001212955 ], [ 694260.845000003115274, 9199248.522000003606081 ], [ 694271.692900000489317, 9199250.109499998390675 ], [ 694320.640900001279078, 9199237.938600001856685 ], [ 694319.798700004466809, 9199233.4506 ], [ 694414.386999999522232, 9199215.429000003263354 ], [ 694451.56370000122115, 9199208.459900001063943 ], [ 694451.439200001535937, 9199207.863400001078844 ], [ 694451.047900004079565, 9199205.988100001588464 ], [ 694450.655700003728271, 9199204.108999999240041 ], [ 694450.263599996920675, 9199202.229900004342198 ], [ 694449.871400003437884, 9199200.350800001993775 ], [ 694449.479200002737343, 9199198.471700001507998 ], [ 694449.087100008269772, 9199196.592599999159575 ], [ 694448.694900003261864, 9199194.713500000536442 ], [ 694448.286300002364442, 9199192.947799999266863 ], [ 694447.877599999541417, 9199191.182099999859929 ], [ 694447.469000000506639, 9199189.416300002485514 ], [ 694447.060300000477582, 9199187.650599997490644 ], [ 694446.65160000603646, 9199185.884900001809001 ], [ 694446.243000003974885, 9199184.119200000539422 ], [ 694445.834300002781674, 9199182.353399999439716 ], [ 694445.425699999323115, 9199180.5877 ], [ 694444.539400010369718, 9199176.558500003069639 ], [ 694445.107899999478832, 9199176.357600001618266 ], [ 694446.844300002558157, 9199175.74379999935627 ], [ 694448.580799998017028, 9199175.130000000819564 ], [ 694450.31720000563655, 9199174.516200000420213 ], [ 694452.053600002313033, 9199173.9024 ], [ 694452.68350000679493, 9199173.698700001463294 ], [ 694453.821800003759563, 9199173.330700000748038 ], [ 694454.609299998381175, 9199173.076199999079108 ], [ 694454.266399999614805, 9199171.983999997377396 ], [ 694453.926899996120483, 9199170.905200000852346 ], [ 694440.471900001517497, 9199128.152099998667836 ], [ 694418.769699994940311, 9199058.188099998980761 ], [ 694407.207299998844974, 9199021.063400002196431 ], [ 694405.13560000306461, 9199014.054099999368191 ], [ 694403.552699999301694, 9199014.451999999582767 ], [ 694403.549399998388253, 9199014.452800001949072 ], [ 694401.866400000057183, 9199014.875800002366304 ], [ 694400.183400006266311, 9199015.298799999058247 ], [ 694398.500400000018999, 9199015.721799997612834 ], [ 694396.817299997783266, 9199016.144900003448129 ], [ 694395.134300001896918, 9199016.567900002002716 ], [ 694393.451299999491312, 9199016.990900000557303 ], [ 694391.768300007097423, 9199017.413899999111891 ], [ 694390.085300006554462, 9199017.836899999529123 ], [ 694388.40230000205338, 9199018.2599 ], [ 694386.719300007796846, 9199018.682900000363588 ], [ 694385.036299999803305, 9199019.105900002643466 ], [ 694383.353300001705065, 9199019.528899999335408 ], [ 694381.473499999730848, 9199020.083800001069903 ], [ 694379.593800001661293, 9199020.63880000077188 ], [ 694377.713999996311031, 9199021.19370000064373 ], [ 694375.834299999522045, 9199021.748600002378225 ], [ 694373.954500003485009, 9199022.303599998354912 ], [ 694372.074799999129027, 9199022.858500001952052 ], [ 694370.194999995874241, 9199023.4134 ], [ 694368.315300007699989, 9199023.968400001525879 ], [ 694366.435500005376525, 9199024.523300001397729 ], [ 694364.555800007190555, 9199025.078199999406934 ], [ 694362.676000008243136, 9199025.633199997246265 ], [ 694360.7963000042364, 9199026.188100002706051 ], [ 694358.916599998483434, 9199026.743000000715256 ], [ 694357.036800000234507, 9199027.298000000417233 ], [ 694355.157100008102134, 9199027.852900000289083 ], [ 694353.277400004561059, 9199028.407800003886223 ], [ 694351.397600004333071, 9199028.962799998000264 ], [ 694349.517900005914271, 9199029.517699999734759 ], [ 694347.759700005408376, 9199030.0285 ], [ 694346.001500008511357, 9199030.539300004020333 ], [ 694344.243300000205636, 9199031.050000000745058 ], [ 694342.485100004822016, 9199031.5608000010252 ], [ 694340.726899999077432, 9199032.071600001305342 ], [ 694338.968699995428324, 9199032.582399997860193 ], [ 694337.210500009823591, 9199033.093100000172853 ], [ 694335.452300006523728, 9199033.60390000231564 ], [ 694333.694100002525374, 9199034.114700002595782 ], [ 694331.935900007607415, 9199034.625499997287989 ], [ 694330.177600000984967, 9199035.136199999600649 ], [ 694328.419400002108887, 9199035.646999998018146 ], [ 694326.66119999694638, 9199036.157800000160933 ], [ 694324.903000008082017, 9199036.668600000441074 ], [ 694323.144700000411831, 9199037.179300000891089 ], [ 694321.386500003281981, 9199037.690099999308586 ], [ 694319.628300001611933, 9199038.200799999758601 ], [ 694317.870100001920946, 9199038.711600001901388 ], [ 694316.111900000018068, 9199039.22240000218153 ], [ 694314.353700002189726, 9199039.7331000007689 ], [ 694312.595500000519678, 9199040.243899997323751 ], [ 694310.837300008512102, 9199040.754599999636412 ], [ 694309.079100007074885, 9199041.265400001779199 ], [ 694307.320900001097471, 9199041.776100000366569 ], [ 694305.450200004968792, 9199042.314300000667572 ], [ 694303.57950000395067, 9199042.852600004523993 ], [ 694301.708800005959347, 9199043.390799999237061 ], [ 694299.838200008030981, 9199043.928999999538064 ], [ 694297.967499999562278, 9199044.467200001701713 ], [ 694296.096800003084354, 9199045.005499998107553 ], [ 694294.226099999854341, 9199045.543700000271201 ], [ 694292.355400001863018, 9199046.08190000243485 ], [ 694290.484700005501509, 9199046.619999999180436 ], [ 694288.614000002853572, 9199047.158200001344085 ], [ 694286.743400004459545, 9199047.696400001645088 ], [ 694284.872700005536899, 9199048.2346 ], [ 694283.002000001259148, 9199048.772700000554323 ], [ 694281.131299998844042, 9199049.310899998992682 ], [ 694279.260599996428937, 9199049.849100003018975 ], [ 694277.389900004258379, 9199050.38740000128746 ], [ 694275.519200002658181, 9199050.925599999725819 ], [ 694273.648600009502843, 9199051.4638 ], [ 694271.777900000335649, 9199052.00199999846518 ], [ 694269.907199998619035, 9199052.540300002321601 ], [ 694268.036500004353002, 9199053.078500002622604 ], [ 694266.14010000647977, 9199053.622000001370907 ], [ 694264.243700001738034, 9199054.1656 ], [ 694262.347200000658631, 9199054.709100002422929 ], [ 694260.450800006045029, 9199055.252599999308586 ], [ 694258.554400008753873, 9199055.796200001612306 ], [ 694256.658000002847984, 9199056.339700000360608 ], [ 694254.761500007123686, 9199056.883199997246265 ], [ 694252.865100004710257, 9199057.42680000141263 ], [ 694250.968700002180412, 9199057.970300002023578 ], [ 694249.072300004540011, 9199058.51380000077188 ], [ 694247.175899998983368, 9199059.057300001382828 ], [ 694245.279499998316169, 9199059.60080000013113 ], [ 694243.383099996950477, 9199060.144300000742078 ], [ 694241.486700004083104, 9199060.687900001183152 ], [ 694239.590299998410046, 9199061.231400003656745 ], [ 694237.693900004494935, 9199061.774900000542402 ], [ 694235.79749999998603, 9199062.31839999742806 ], [ 694233.901100008864887, 9199062.861900001764297 ], [ 694232.001600002753548, 9199063.425799999386072 ], [ 694230.102099998388439, 9199063.989700004458427 ], [ 694228.202600001473911, 9199064.553599998354912 ], [ 694226.303199997637421, 9199065.117599999532104 ], [ 694224.403700002934784, 9199065.681500002741814 ], [ 694222.504200000083074, 9199066.245400002226233 ], [ 694220.604700003284961, 9199066.809299997985363 ], [ 694218.70519999996759, 9199067.373200001195073 ], [ 694216.805700005264953, 9199067.937099998816848 ], [ 694214.90620000124909, 9199068.501000000163913 ], [ 694213.006600002176128, 9199069.064999997615814 ], [ 694211.107100000255741, 9199069.628900000825524 ], [ 694209.207600004388951, 9199070.192800000309944 ], [ 694207.308100001886487, 9199070.756699999794364 ], [ 694205.408600002527237, 9199071.320600003004074 ], [ 694203.509099997929297, 9199071.884500000625849 ], [ 694201.60960000497289, 9199072.448400000110269 ], [ 694199.710200003581122, 9199073.01240000128746 ], [ 694197.810700001660734, 9199073.576300002634525 ], [ 694195.911199999973178, 9199074.140200002118945 ], [ 694194.011699997237884, 9199074.704099997878075 ], [ 694192.205600004759617, 9199075.224499998614192 ], [ 694190.399400003487244, 9199075.744899999350309 ], [ 694188.593299998203292, 9199076.265300001949072 ], [ 694186.787100002286024, 9199076.785699998959899 ], [ 694184.981000009458512, 9199077.306100003421307 ], [ 694183.174899999750778, 9199077.826500000432134 ], [ 694181.368700007675216, 9199078.346899999305606 ], [ 694179.562599997734651, 9199078.8673 ], [ 694177.756400004262105, 9199079.387700000777841 ], [ 694175.950300001073629, 9199079.908099999651313 ], [ 694174.144099998986349, 9199080.428500002250075 ], [ 694172.338000006857328, 9199080.948900001123548 ], [ 694170.531800000346266, 9199081.469300001859665 ], [ 694168.725700006587431, 9199081.989700002595782 ], [ 694166.919499998446554, 9199082.5101000033319 ], [ 694165.113300001481548, 9199083.030499998480082 ], [ 694163.307199997710995, 9199083.550899999216199 ], [ 694161.501000009011477, 9199084.071300001814961 ], [ 694159.694899993715808, 9199084.591700000688434 ], [ 694157.888700004783459, 9199085.112099997699261 ], [ 694156.08260000764858, 9199085.632500000298023 ], [ 694154.276400005910546, 9199086.152899999171495 ], [ 694152.47030000644736, 9199086.67339999973774 ], [ 694150.66410000436008, 9199087.193800002336502 ], [ 694148.858000005478971, 9199087.714200001209974 ], [ 694147.051900002174079, 9199088.2346 ], [ 694145.245700001367368, 9199088.755000002682209 ], [ 694143.439600004116073, 9199089.275500001385808 ], [ 694141.63340000458993, 9199089.795900002121925 ], [ 694139.827299999538809, 9199090.316300000995398 ], [ 694138.135800000280142, 9199090.812699999660254 ], [ 694136.444299997296184, 9199091.3091000020504 ], [ 694134.752700001234189, 9199091.805400004610419 ], [ 694133.06120000523515, 9199092.30180000141263 ], [ 694131.369700002716854, 9199092.7982 ], [ 694129.678199999500066, 9199093.294600002467632 ], [ 694127.986600010073744, 9199093.790899999439716 ], [ 694126.295100009534508, 9199094.2873 ], [ 694124.596800002735108, 9199094.785700000822544 ], [ 694122.898500003502704, 9199095.284099999815226 ], [ 694121.200200000428595, 9199095.782499998807907 ], [ 694119.501900003524497, 9199096.280899999663234 ], [ 694117.803600004175678, 9199096.779299998655915 ], [ 694116.105300002498552, 9199097.277700003236532 ], [ 694116.716000002576038, 9199098.432799998670816 ], [ 694119.25980000058189, 9199103.242900002747774 ], [ 694121.698700002161786, 9199108.576700001955032 ], [ 694123.601000003167428, 9199112.7368 ], [ 694126.245199998375028, 9199118.940100003033876 ], [ 694127.006100001162849, 9199121.237700004130602 ], [ 694127.775699998950586, 9199124.064999999478459 ], [ 694128.474500002572313, 9199126.834500001743436 ], [ 694129.287900001043454, 9199130.434600001201034 ], [ 694129.946900004637428, 9199134.903599997982383 ], [ 694130.000899996375665, 9199135.415400002151728 ], [ 694130.068000002764165, 9199136.051900001242757 ], [ 694130.348600006429479, 9199138.712700001895428 ], [ 694131.178199996356852, 9199139.014399997889996 ], [ 694131.498999999486841, 9199140.776100000366569 ], [ 694119.97650000511203, 9199145.63629999756813 ], [ 694115.495799996890128, 9199147.384800000116229 ], [ 694122.904199996497482, 9199182.309900002554059 ], [ 694130.947500000242144, 9199213.636600002646446 ], [ 694134.850200003478676, 9199228.969200002029538 ], [ 694128.976399996783584, 9199229.445499999448657 ], [ 694128.976400001207367, 9199237.382999999448657 ], [ 694135.485200009308755, 9199237.859300002455711 ], [ 694135.326399999205023, 9199243.732999999076128 ], [ 694131.675200002500787, 9199243.574300000444055 ], [ 694131.516400007996708, 9199255.956800002604723 ], [ 694140.88270000310149, 9199271.831800004467368 ], [ 694153.265200004214421, 9199268.656800001859665 ], [ 694151.042700004880317, 9199260.878100000321865 ], [ 694161.837700000032783, 9199259.925599999725819 ], [ 694161.202700005844235, 9199255.798000000417233 ], [ 694171.680800004629418, 9199251.983800001442432 ], [ 694172.605800001649186, 9199251.82379999756813 ], [ 694174.499800001853146, 9199251.305800002068281 ], [ 694176.393800000427291, 9199250.787799999117851 ], [ 694178.287799999001436, 9199250.269799999892712 ], [ 694180.181800004444085, 9199249.751800000667572 ], [ 694182.075800008373335, 9199249.233799999579787 ], [ 694183.969799999613315, 9199248.715800002217293 ], [ 694185.863800000632182, 9199248.197799999266863 ], [ 694187.757800001418218, 9199247.6798 ], [ 694189.651700004353188, 9199247.161800000816584 ], [ 694191.545700000831857, 9199246.643800001591444 ], [ 694193.439700002782047, 9199246.125799998641014 ], [ 694195.333699994720519, 9199245.60780000127852 ], [ 694197.22760000010021, 9199245.08980000205338 ], [ 694199.121600006008521, 9199244.57179999910295 ], [ 694201.028000007616356, 9199244.056900000199676 ] ] ], [ [ [ 694458.015300000668503, 9199342.660199999809265 ], [ 694457.204700003378093, 9199340.219399999827147 ], [ 694452.449900000356138, 9199341.902899999171495 ], [ 694451.260900006396696, 9199338.618400001898408 ], [ 694449.425900006433949, 9199333.549300001934171 ], [ 694447.753300006384961, 9199328.929099999368191 ], [ 694446.196400008746423, 9199324.6283 ], [ 694444.325399998342618, 9199319.459699999541044 ], [ 694441.905100001138635, 9199312.773800000548363 ], [ 694456.460800000466406, 9199307.502400001510978 ], [ 694457.486100001260638, 9199307.000499999150634 ], [ 694457.23119999980554, 9199306.179700002074242 ], [ 694459.022300001583062, 9199305.508900001645088 ], [ 694460.813500005053356, 9199304.838199999183416 ], [ 694462.604600008926354, 9199304.167400002479553 ], [ 694464.395800003549084, 9199303.4966000020504 ], [ 694466.186900000902824, 9199302.825799999758601 ], [ 694467.978000003378838, 9199302.155099997296929 ], [ 694469.769200003705919, 9199301.484299998730421 ], [ 694471.012500001816079, 9199301.018699999898672 ], [ 694471.560300002922304, 9199300.813499998301268 ], [ 694471.189300000434741, 9199299.351100001484156 ], [ 694470.818200002075173, 9199297.888600001111627 ], [ 694470.447200004709885, 9199296.426199998706579 ], [ 694470.07610000425484, 9199294.963700000196695 ], [ 694469.671499998657964, 9199293.103799998760223 ], [ 694469.266800001263618, 9199291.243999999016523 ], [ 694468.862200004747137, 9199289.384099999442697 ], [ 694468.457500005257316, 9199287.524199998006225 ], [ 694468.052900001988746, 9199285.664299998432398 ], [ 694467.648199995746836, 9199283.804499998688698 ], [ 694467.243600009824149, 9199281.944599999114871 ], [ 694466.838900005677715, 9199280.084699997678399 ], [ 694466.656300002359785, 9199279.245899997651577 ], [ 694466.45770000340417, 9199278.332599999383092 ], [ 694465.957600005320273, 9199278.526100000366569 ], [ 694464.663000001688488, 9199279.027000000700355 ], [ 694462.86830000334885, 9199279.721400002017617 ], [ 694461.07360000978224, 9199280.41580000333488 ], [ 694459.278900002595037, 9199281.110200002789497 ], [ 694457.484200005885214, 9199281.804599998518825 ], [ 694455.689499997301027, 9199282.498900001868606 ], [ 694455.591600003419444, 9199282.536800000816584 ], [ 694444.891100001637824, 9199247.573600001633167 ], [ 694422.320500008063391, 9199253.326300002634525 ], [ 694419.851899999426678, 9199250.349000001326203 ], [ 694421.293900004005991, 9199254.86739999987185 ], [ 694418.23899999842979, 9199255.842300001531839 ], [ 694416.24929999851156, 9199249.6074 ], [ 694412.622700003790669, 9199250.764899998903275 ], [ 694412.174700005794875, 9199250.907800000160933 ], [ 694408.938100001541898, 9199251.940800003707409 ], [ 694407.483700004057027, 9199247.383799998089671 ], [ 694402.04700000199955, 9199249.118999999016523 ], [ 694402.899400000344031, 9199251.789599999785423 ], [ 694401.291699999244884, 9199252.302699998021126 ], [ 694395.913600001484156, 9199254.019099997356534 ], [ 694390.461300006601959, 9199255.759200001135468 ], [ 694384.524900008342229, 9199257.653799999505281 ], [ 694382.547099994844757, 9199258.285000000149012 ], [ 694376.470600000699051, 9199264.494600001722574 ], [ 694359.69510001083836, 9199268.475699998438358 ], [ 694357.843000005581416, 9199263.713199999183416 ], [ 694343.290900006773882, 9199266.8882 ], [ 694344.349200008553453, 9199271.915300000458956 ], [ 694326.886700004455633, 9199276.942400000989437 ], [ 694331.12000000779517, 9199291.229900002479553 ], [ 694326.092900001211092, 9199292.023700000718236 ], [ 694336.646400004741736, 9199328.612199999392033 ], [ 694335.29450000601355, 9199329.136499999091029 ], [ 694333.598100002272986, 9199329.794400000944734 ], [ 694333.926100000739098, 9199330.833100000396371 ], [ 694334.174499996239319, 9199331.619700001552701 ], [ 694336.021699999226257, 9199330.897900000214577 ], [ 694337.868999995524064, 9199330.176100000739098 ], [ 694339.716200001304969, 9199329.454300001263618 ], [ 694340.793700002832338, 9199329.033300003036857 ], [ 694354.403500003390945, 9199378.013399997726083 ], [ 694352.551300001214258, 9199378.277999999001622 ], [ 694353.874200000311248, 9199384.8926 ], [ 694354.193199998349883, 9199385.983700001612306 ], [ 694365.950400003348477, 9199383.36739999987185 ], [ 694394.843000000575557, 9199377.546599997207522 ], [ 694446.955400003353134, 9199365.968399999663234 ], [ 694458.75580000388436, 9199362.683100001886487 ], [ 694458.960400001495145, 9199362.630899999290705 ], [ 694456.577700000489131, 9199355.412699999287724 ], [ 694454.781399998581037, 9199349.970899999141693 ], [ 694452.932900005253032, 9199344.370999997481704 ], [ 694458.015300000668503, 9199342.660199999809265 ] ] ] ] } },
{ "type": "Feature", "properties": { "Id": 0, "Nama_Lokas": "MI Karang Tembok", "OBJECTID": 1456, "PL": "Hutan Kota, Jalur Hijau dan Taman Kota", "TGL": "Ruang Terbuka Hijau", "RTH": "RTH", "Tipe_RTH": "Makam", "Shape_Leng": 95259.3501101, "Shape_Area": 95259.3501101, "Luas": 95259.3501101, "Luas_UPT": "78.003,67", "Luas_fasum": "3.077,91", "Luas_efek": "91.693", "Kapasitas": "35.679", "kematian": "35.970", "sisa_petak": "-", "Ket": "Penuh, tumpang" }, "geometry": { "type": "MultiPolygon", "coordinates": [ [ [ [ 693095.24930000025779, 9201115.026699999347329 ], [ 693097.605299999937415, 9201112.0987 ], [ 693105.384300000034273, 9201114.6787 ], [ 693119.703300000168383, 9201094.17369999922812 ], [ 693139.146499999798834, 9201106.611600000411272 ], [ 693149.809299999848008, 9201086.649700000882149 ], [ 693169.19400000013411, 9201050.925899999216199 ], [ 693172.201299999840558, 9201044.879699999466538 ], [ 693181.354000000283122, 9201049.475700000301003 ], [ 693189.372399999760091, 9201040.535499999299645 ], [ 693207.045300000347197, 9201011.94510000012815 ], [ 693224.420400000177324, 9200980.062000000849366 ], [ 693228.01549999974668, 9200969.7489 ], [ 693228.964999999850988, 9200966.904100000858307 ], [ 693229.050900000147521, 9200966.64670000039041 ], [ 693231.121600000187755, 9200962.768899999558926 ], [ 693241.181699999608099, 9200944.257099999114871 ], [ 693248.963800000026822, 9200931.214999999850988 ], [ 693256.643699999898672, 9200917.815999999642372 ], [ 693264.963700000196695, 9200903.597100000828505 ], [ 693270.213700000196695, 9200894.698100000619888 ], [ 693277.892699999734759, 9200881.66609999909997 ], [ 693286.499699999578297, 9200865.892100000753999 ], [ 693294.344700000248849, 9200852.861099999397993 ], [ 693302.826700000092387, 9200837.609099999070168 ], [ 693309.842699999921024, 9200825.529100000858307 ], [ 693311.071000000461936, 9200823.877499999478459 ], [ 693317.829699999652803, 9200814.789100000634789 ], [ 693324.158400000073016, 9200808.065099999308586 ], [ 693325.499699999578297, 9200806.640100000426173 ], [ 693336.64670000039041, 9200797.455 ], [ 693338.46239999961108, 9200795.978199999779463 ], [ 693338.448900000192225, 9200795.962300000712276 ], [ 693335.729799999855459, 9200792.728700000792742 ], [ 693335.643799999728799, 9200792.62639999948442 ], [ 693338.973299999721348, 9200789.82010000012815 ], [ 693348.077899999916553, 9200781.601700000464916 ], [ 693355.043399999849498, 9200775.401000000536442 ], [ 693354.831899999640882, 9200775.160000000149012 ], [ 693357.322200000286102, 9200772.980399999767542 ], [ 693357.336600000038743, 9200772.9967 ], [ 693357.355299999937415, 9200772.9803 ], [ 693357.533900000154972, 9200773.183900000527501 ], [ 693360.522699999623001, 9200770.523399999365211 ], [ 693360.522699999623001, 9200769.927400000393391 ], [ 693360.384899999946356, 9200768.506100000813603 ], [ 693353.869400000199676, 9200761.2423 ], [ 693352.956500000320375, 9200758.702500000596046 ], [ 693352.956500000320375, 9200758.6554000005126 ], [ 693350.263700000010431, 9200757.193600000813603 ], [ 693352.044800000265241, 9200753.9243 ], [ 693352.070299999788404, 9200753.938200000673532 ], [ 693352.077899999916553, 9200753.924200000241399 ], [ 693352.654400000348687, 9200754.2401 ], [ 693353.625300000421703, 9200752.449699999764562 ], [ 693354.206299999728799, 9200750.1305 ], [ 693354.206299999728799, 9200748.611099999397993 ], [ 693354.097599999979138, 9200747.6706000007689 ], [ 693353.191999999806285, 9200746.730000000447035 ], [ 693351.525700000114739, 9200745.5362 ], [ 693326.586500000208616, 9200734.9824 ], [ 693305.205400000326335, 9200727.0304000005126 ], [ 693299.808799999766052, 9200724.991800000891089 ], [ 693299.810100000351667, 9200724.979699999094009 ], [ 693252.124900000169873, 9200706.966399999335408 ], [ 693225.096499999985099, 9200698.01659999974072 ], [ 693223.333999999798834, 9200697.433000000193715 ], [ 693190.963899999856949, 9200686.339500000700355 ], [ 693185.499099999666214, 9200684.466700000688434 ], [ 693181.323099999688566, 9200684.848300000652671 ], [ 693181.151999999769032, 9200682.97690000012517 ], [ 693167.052799999713898, 9200678.144999999552965 ], [ 693166.263700000010431, 9200666.750700000673532 ], [ 693149.849700000137091, 9200664.552699999883771 ], [ 693147.373700000345707, 9200672.381699999794364 ], [ 693127.28870000038296, 9200668.866699999198318 ], [ 693121.377700000070035, 9200683.091700000688434 ], [ 693116.906200000084937, 9200696.226099999621511 ], [ 693109.161700000055134, 9200719.152699999511242 ], [ 693084.776700000278652, 9200711.889699999243021 ], [ 693082.079199999570847, 9200710.408900000154972 ], [ 693082.059600000269711, 9200710.403100000694394 ], [ 693080.847500000149012, 9200710.033099999651313 ], [ 693080.92989999987185, 9200709.78319999948144 ], [ 693080.931300000287592, 9200709.778799999505281 ], [ 693074.019000000320375, 9200705.928899999707937 ], [ 693073.382399999536574, 9200706.872300000861287 ], [ 693072.278199999593198, 9200708.50870000012219 ], [ 693071.174100000411272, 9200710.144999999552965 ], [ 693070.069899999536574, 9200711.781400000676513 ], [ 693069.725200000219047, 9200712.292300000786781 ], [ 693068.965800000354648, 9200713.4178 ], [ 693067.861700000241399, 9200715.054199999198318 ], [ 693066.757500000298023, 9200716.690600000321865 ], [ 693065.653400000184774, 9200718.326899999752641 ], [ 693064.549200000241399, 9200719.963300000876188 ], [ 693063.44510000012815, 9200721.599700000137091 ], [ 693062.340900000184774, 9200723.236099999397993 ], [ 693061.18790000025183, 9200724.71309999935329 ], [ 693060.035000000149012, 9200726.190099999308586 ], [ 693058.882000000216067, 9200727.667099999263883 ], [ 693057.729000000283122, 9200729.144099999219179 ], [ 693056.576100000180304, 9200730.621099999174476 ], [ 693055.423100000247359, 9200732.098099999129772 ], [ 693054.170800000429153, 9200733.5756 ], [ 693052.918499999679625, 9200735.053099999204278 ], [ 693051.666100000031292, 9200736.5307 ], [ 693050.413800000213087, 9200738.008199999108911 ], [ 693049.161500000394881, 9200739.4857 ], [ 693047.940600000321865, 9200740.818900000303984 ], [ 693046.719700000248849, 9200742.152000000700355 ], [ 693045.498800000175834, 9200743.485200000926852 ], [ 693044.277900000102818, 9200744.818299999460578 ], [ 693043.057000000029802, 9200746.151499999687076 ], [ 693041.836099999956787, 9200747.4846 ], [ 693040.615199999883771, 9200748.817800000309944 ], [ 693039.394299999810755, 9200750.150900000706315 ], [ 693038.263399999588728, 9200751.268999999389052 ], [ 693035.403300000354648, 9200754.174100000411272 ], [ 693034.557699999772012, 9200756.166899999603629 ], [ 693034.150700000114739, 9200757.488299999386072 ], [ 693034.242200000211596, 9200759.442600000649691 ], [ 693034.31290000025183, 9200760.318900000303984 ], [ 693034.468999999575317, 9200762.251499999314547 ], [ 693034.625, 9200764.184100000187755 ], [ 693034.781000000424683, 9200766.116699999198318 ], [ 693034.93709999974817, 9200768.0493 ], [ 693035.093100000172853, 9200769.981899999082088 ], [ 693035.155899999663234, 9200771.889399999752641 ], [ 693035.218700000084937, 9200773.796900000423193 ], [ 693035.28139999974519, 9200775.7043999992311 ], [ 693035.344200000166893, 9200777.6119 ], [ 693035.406999999657273, 9200779.519400000572205 ], [ 693035.437599999830127, 9200780.449500000104308 ], [ 693035.469800000078976, 9200781.426899999380112 ], [ 693035.532599999569356, 9200783.3344 ], [ 693035.595300000160933, 9200785.241900000721216 ], [ 693035.658099999651313, 9200787.149399999529123 ], [ 693035.720900000073016, 9200789.056900000199676 ], [ 693035.764600000344217, 9200790.914599999785423 ], [ 693035.808299999684095, 9200792.772299999371171 ], [ 693035.852099999785423, 9200794.630000000819564 ], [ 693035.895800000056624, 9200796.487700000405312 ], [ 693035.939500000327826, 9200798.3454 ], [ 693035.983199999667704, 9200800.203099999576807 ], [ 693036.026899999938905, 9200802.060799999162555 ], [ 693036.070700000040233, 9200803.918500000610948 ], [ 693036.114400000311434, 9200805.776200000196695 ], [ 693036.158099999651313, 9200807.633899999782443 ], [ 693036.119900000281632, 9200809.520099999383092 ], [ 693036.081699999980628, 9200811.406300000846386 ], [ 693036.043600000441074, 9200813.292400000616908 ], [ 693036.005400000140071, 9200815.178600000217557 ], [ 693035.967199999839067, 9200817.064799999818206 ], [ 693035.928999999538064, 9200818.950999999418855 ], [ 693035.8909, 9200820.837099999189377 ], [ 693035.852699999697506, 9200822.723300000652671 ], [ 693035.814500000327826, 9200824.60950000025332 ], [ 693035.613099999725819, 9200826.435100000351667 ], [ 693035.411700000055134, 9200828.260700000450015 ], [ 693035.21030000038445, 9200830.086300000548363 ], [ 693035.008899999782443, 9200831.91190000064671 ], [ 693034.587700000032783, 9200833.448300000280142 ], [ 693034.166400000452995, 9200834.9846 ], [ 693033.745199999772012, 9200836.520999999716878 ], [ 693033.572700000368059, 9200837.149900000542402 ], [ 693033.323900000192225, 9200838.057299999520183 ], [ 693032.571000000461936, 9200839.733899999409914 ], [ 693031.817999999970198, 9200841.410499999299645 ], [ 693031.065100000239909, 9200843.087099999189377 ], [ 693030.398000000044703, 9200844.3662 ], [ 693029.730800000019372, 9200845.645400000736117 ], [ 693029.063699999824166, 9200846.924499999731779 ], [ 693028.120799999684095, 9200848.42989999987185 ], [ 693027.177799999713898, 9200849.9353 ], [ 693026.234899999573827, 9200851.440700000151992 ], [ 693025.196999999694526, 9200852.120699999853969 ], [ 693024.159099999815226, 9200852.800699999555945 ], [ 693024.646599999628961, 9200853.113299999386072 ], [ 693027.780100000090897, 9200855.123199999332428 ], [ 693037.874499999918044, 9200856.875199999660254 ], [ 693037.579599999822676, 9200859.042199999094009 ], [ 693036.752799999900162, 9200859.207599999383092 ], [ 693035.363699999637902, 9200860.729000000283122 ], [ 693034.999900000169873, 9200861.621899999678135 ], [ 693035.826700000092387, 9200861.588899999856949 ], [ 693035.661399999633431, 9200866.318299999460578 ], [ 693037.513500000350177, 9200866.2522 ], [ 693037.513500000350177, 9200868.964099999517202 ], [ 693039.663200000301003, 9200869.129499999806285 ], [ 693039.006199999712408, 9200885.834100000560284 ], [ 693034.574400000274181, 9200885.635700000450015 ], [ 693034.111399999819696, 9200891.654999999329448 ], [ 693025.313900000415742, 9200892.448699999600649 ], [ 693019.150700000114739, 9200956.710400000214577 ], [ 693019.049899999983609, 9200957.761199999600649 ], [ 693021.310200000181794, 9200977.2193 ], [ 693008.728900000452995, 9200984.01659999974072 ], [ 693006.9222999997437, 9200985.0801 ], [ 693004.674399999901652, 9200986.1239 ], [ 692994.613199999555945, 9200991.245200000703335 ], [ 692969.229299999773502, 9201005.708699999377131 ], [ 692973.666699999943376, 9201012.975700000301003 ], [ 692969.290199999697506, 9201018.465800000354648 ], [ 692975.4693, 9201024.762700000777841 ], [ 692974.2193, 9201026.162699999287724 ], [ 692983.613300000317395, 9201036.038699999451637 ], [ 692992.813299999572337, 9201045.4287 ], [ 692992.204300000332296, 9201049.649700000882149 ], [ 693045.811300000175834, 9201082.177699999883771 ], [ 693068.535299999639392, 9201098.049699999392033 ], [ 693071.658499999903142, 9201100.034499999135733 ], [ 693095.24930000025779, 9201115.026699999347329 ] ] ] ] } },
{ "type": "Feature", "properties": { "Id": 0, "Nama_Lokas": "MU Wonokusumo Kidul", "OBJECTID": 1457, "PL": "Hutan Kota, Jalur Hijau dan Taman Kota", "TGL": "Ruang Terbuka Hijau", "RTH": "RTH", "Tipe_RTH": "Makam", "Shape_Leng": 44991.636405199999, "Shape_Area": 44991.636405199999, "Luas": 44991.636405199999, "Luas_UPT": "47.696,00", "Luas_fasum": "4.806,29", "Luas_efek": "42.890", "Kapasitas": "19.495", "kematian": "13.576", "sisa_petak": "5.919", "Ket": "Tersedia" }, "geometry": { "type": "MultiPolygon", "coordinates": [ [ [ [ 693334.298600000329316, 9201134.374399999156594 ], [ 693344.595599999651313, 9201134.153200000524521 ], [ 693352.456699999980628, 9201134.153200000524521 ], [ 693359.135400000028312, 9201133.460400000214577 ], [ 693380.917200000025332, 9201128.513000000268221 ], [ 693403.681800000369549, 9201121.72859999909997 ], [ 693416.027499999850988, 9201117.80210000090301 ], [ 693418.089100000448525, 9201116.875099999830127 ], [ 693428.322100000455976, 9201112.273700000718236 ], [ 693442.149000000208616, 9201107.2193 ], [ 693449.160299999639392, 9201104.656300000846386 ], [ 693476.044900000095367, 9201095.530999999493361 ], [ 693477.797799999825656, 9201094.6404 ], [ 693478.228400000371039, 9201094.087500000372529 ], [ 693478.382100000046194, 9201093.135500000789762 ], [ 693478.228400000371039, 9201091.876299999654293 ], [ 693474.25800000037998, 9201076.114299999549985 ], [ 693471.525899999774992, 9201060.095799999311566 ], [ 693468.690000000409782, 9201042.506400000303984 ], [ 693468.138299999758601, 9201039.956000000238419 ], [ 693468.213000000454485, 9201039.939799999818206 ], [ 693461.643799999728799, 9201010.829 ], [ 693456.771399999968708, 9200985.99239999987185 ], [ 693456.090499999932945, 9200984.188300000503659 ], [ 693457.136699999682605, 9200983.691500000655651 ], [ 693458.843999999575317, 9200982.880599999800324 ], [ 693460.551300000399351, 9200982.06980000063777 ], [ 693462.258600000292063, 9200981.258899999782443 ], [ 693463.223100000061095, 9200980.800899999216199 ], [ 693461.326500000432134, 9200976.92879999987781 ], [ 693456.290400000289083, 9200966.904100000858307 ], [ 693451.327499999664724, 9200957.0252 ], [ 693444.294499999843538, 9200938.7752 ], [ 693442.149000000208616, 9200932.605100000277162 ], [ 693439.904699999839067, 9200926.150900000706315 ], [ 693437.209999999962747, 9200917.214800000190735 ], [ 693430.925499999895692, 9200899.96000000089407 ], [ 693422.397900000214577, 9200879.472400000318885 ], [ 693420.304800000041723, 9200875.540500000119209 ], [ 693415.962299999780953, 9200866.592700000852346 ], [ 693408.879399999976158, 9200849.24070000089705 ], [ 693405.091799999587238, 9200841.128100000321865 ], [ 693404.045199999585748, 9200840.530799999833107 ], [ 693403.2977, 9200840.481100000441074 ], [ 693402.001899999566376, 9200840.928999999538064 ], [ 693399.980100000277162, 9200842.880000000819564 ], [ 693383.041299999691546, 9200857.864099999889731 ], [ 693379.187199999578297, 9200861.880400000140071 ], [ 693363.590900000184774, 9200875.575300000607967 ], [ 693350.620299999602139, 9200887.428600000217557 ], [ 693345.593299999833107, 9200891.556500000879169 ], [ 693334.602800000458956, 9200903.268300000578165 ], [ 693326.192900000140071, 9200908.973099999129772 ], [ 693319.069899999536574, 9200915.324400000274181 ], [ 693315.085400000214577, 9200918.8772 ], [ 693312.14989999961108, 9200924.423499999567866 ], [ 693306.850300000049174, 9200933.036299999803305 ], [ 693285.8761, 9200966.904100000858307 ], [ 693283.176500000059605, 9200971.2632 ], [ 693256.112999999895692, 9201012.745200000703335 ], [ 693242.810800000093877, 9201036.224099999293685 ], [ 693232.117300000041723, 9201057.504899999126792 ], [ 693231.720599999651313, 9201059.705600000917912 ], [ 693231.808799999766052, 9201061.246099999174476 ], [ 693229.276999999769032, 9201061.418700000271201 ], [ 693228.120699999853969, 9201062.987299999222159 ], [ 693232.287899999879301, 9201067.518300000578165 ], [ 693234.040699999779463, 9201065.930800000205636 ], [ 693236.984199999831617, 9201068.973500000312924 ], [ 693242.441300000064075, 9201074.4967 ], [ 693246.575400000438094, 9201077.803999999538064 ], [ 693247.442999999970198, 9201076.92960000038147 ], [ 693248.765800000168383, 9201075.518699999898672 ], [ 693253.82880000025034, 9201080.267799999564886 ], [ 693252.490100000053644, 9201081.691199999302626 ], [ 693252.098600000143051, 9201082.33500000089407 ], [ 693254.314500000327826, 9201084.187100000679493 ], [ 693255.691899999976158, 9201083.385299999266863 ], [ 693256.49239999987185, 9201082.935900000855327 ], [ 693260.342400000430644, 9201088.967700000852346 ], [ 693271.879399999976158, 9201107.892200000584126 ], [ 693282.294900000095367, 9201124.61710000038147 ], [ 693287.63219999987632, 9201133.152799999341369 ], [ 693291.025700000114739, 9201138.579800000414252 ], [ 693293.659300000406802, 9201144.7171 ], [ 693294.824500000104308, 9201144.69480000063777 ], [ 693312.190499999560416, 9201138.533600000664592 ], [ 693325.8284, 9201134.871899999678135 ], [ 693334.298600000329316, 9201134.374399999156594 ] ] ] ] } }
]
}
