{
"type": "FeatureCollection",
"name": "peta-surabaya",
"crs": { "type": "name", "properties": { "name": "urn:ogc:def:crs:OGC:1.3:CRS84" } },
"features": [
{ "type": "Feature", "properties": { "OID_": 0, "Name": "Jl.Demak 1", "FolderPath": "Data CCTV Usulan + 50 Jalur + Rencana 2026.kmz/Rencana 2026/Surabaya Utara.kmz/Wilayah Surabaya Utara Hendy/Kecamatan Krembangan", "Jenis": "Rencana 2026", "SubJenis": "Surabaya Utara", "POINT_X": 112.72051227199999, "POINT_Y": -7.240492306, "POINT_Z": 0.0, "BUFF_DIST": 10.0, "ORIG_FID": 0 }, "geometry": { "type": "MultiPolygon", "coordinates": [ [ [ [ 112.720512272000065, -7.240401883477015 ], [ 112.72052799563096, -7.240403257198049 ], [ 112.720543241507571, -7.240407336621353 ], [ 112.720557546391873, -7.240413997795787 ], [ 112.720570475637416, -7.240423038325039 ], [ 112.720581636395679, -7.240434183517333 ], [ 112.720590689552694, -7.240447094731781 ], [ 112.720597360032755, -7.240461379667795 ], [ 112.720601445156504, -7.240476604284928 ], [ 112.720602820799314, -7.240492305990961 ], [ 112.720601445162686, -7.240508007697524 ], [ 112.720597360044337, -7.24052323231619 ], [ 112.720590689568311, -7.240537517254554 ], [ 112.720581636413442, -7.240550428471882 ], [ 112.72057047565518, -7.24056157366724 ], [ 112.720557546407505, -7.240570614199375 ], [ 112.720543241519167, -7.240577275376152 ], [ 112.720527995637127, -7.240581354800991 ], [ 112.720512272000065, -7.240582728522555 ], [ 112.720496548363002, -7.240581354800993 ], [ 112.720481302480962, -7.240577275376152 ], [ 112.720466997592638, -7.240570614199375 ], [ 112.720454068344949, -7.24056157366724 ], [ 112.720442907586687, -7.240550428471882 ], [ 112.720433854431818, -7.240537517254553 ], [ 112.720427183955792, -7.24052323231619 ], [ 112.720423098837458, -7.240508007697524 ], [ 112.720421723200815, -7.240492305990961 ], [ 112.720423098843625, -7.240476604284928 ], [ 112.720427183967388, -7.240461379667797 ], [ 112.72043385444745, -7.240447094731781 ], [ 112.720442907604465, -7.240434183517333 ], [ 112.720454068362727, -7.240423038325039 ], [ 112.720466997608256, -7.240413997795787 ], [ 112.720481302492573, -7.240407336621353 ], [ 112.720496548369169, -7.240403257198049 ], [ 112.720512272000065, -7.240401883477015 ] ] ] ] } },
{ "type": "Feature", "properties": { "OID_": 0, "Name": "Jl.Demak 2", "FolderPath": "Data CCTV Usulan + 50 Jalur + Rencana 2026.kmz/Rencana 2026/Surabaya Utara.kmz/Wilayah Surabaya Utara Hendy/Kecamatan Krembangan", "Jenis": "Rencana 2026", "SubJenis": "Surabaya Utara", "POINT_X": 112.72054411400001, "POINT_Y": -7.235667224, "POINT_Z": 0.0, "BUFF_DIST": 10.0, "ORIG_FID": 1 }, "geometry": { "type": "MultiPolygon", "coordinates": [ [ [ [ 112.720544114000063, -7.235576801457852 ], [ 112.720559837463895, -7.235578175179199 ], [ 112.720575083178502, -7.235582254603364 ], [ 112.720589387910834, -7.235588915779207 ], [ 112.720602317019001, -7.235597956310371 ], [ 112.720613477658688, -7.235609101505024 ], [ 112.72062253071951, -7.2356220127222 ], [ 112.720629201128673, -7.235636297661237 ], [ 112.720633286209036, -7.235651522281587 ], [ 112.720634661837238, -7.235667223990939 ], [ 112.720633286215204, -7.235682925700824 ], [ 112.72062920114027, -7.235698150322707 ], [ 112.720622530735113, -7.235712435264088 ], [ 112.720613477676423, -7.235725346484146 ], [ 112.72060231703675, -7.235736491681861 ], [ 112.720589387926452, -7.235745532215905 ], [ 112.720575083190099, -7.235752193394092 ], [ 112.720559837470049, -7.235756272819793 ], [ 112.720544114000063, -7.235757646541626 ], [ 112.720528390530063, -7.235756272819793 ], [ 112.720513144810027, -7.235752193394092 ], [ 112.720498840073674, -7.235745532215905 ], [ 112.720485910963376, -7.235736491681861 ], [ 112.720474750323689, -7.235725346484146 ], [ 112.720465697264999, -7.23571243526409 ], [ 112.720459026859857, -7.235698150322709 ], [ 112.720454941784908, -7.235682925700824 ], [ 112.720453566162888, -7.235667223990939 ], [ 112.720454941791075, -7.235651522281588 ], [ 112.720459026871438, -7.235636297661237 ], [ 112.720465697280616, -7.2356220127222 ], [ 112.720474750341438, -7.235609101505024 ], [ 112.720485910981125, -7.235597956310371 ], [ 112.720498840089277, -7.235588915779207 ], [ 112.720513144821609, -7.235582254603366 ], [ 112.720528390536217, -7.235578175179199 ], [ 112.720544114000063, -7.235576801457852 ] ] ] ] } },
{ "type": "Feature", "properties": { "OID_": 0, "Name": "Jl.Gresik 1", "FolderPath": "Data CCTV Usulan + 50 Jalur + Rencana 2026.kmz/Rencana 2026/Surabaya Utara.kmz/Wilayah Surabaya Utara Hendy/Kecamatan Krembangan", "Jenis": "Rencana 2026", "SubJenis": "Surabaya Utara", "POINT_X": 112.719254466, "POINT_Y": -7.232011256, "POINT_Z": 0.0, "BUFF_DIST": 10.0, "ORIG_FID": 2 }, "geometry": { "type": "MultiPolygon", "coordinates": [ [ [ [ 112.719254466000052, -7.231920833443445 ], [ 112.719270189337379, -7.23192220716497 ], [ 112.719285434929333, -7.231926286589789 ], [ 112.719299739546571, -7.231932947766698 ], [ 112.719312668550714, -7.23194198829931 ], [ 112.719323829100588, -7.231953133495747 ], [ 112.71933288208858, -7.231966044714994 ], [ 112.719339552444083, -7.231980329656316 ], [ 112.719343637491576, -7.231995554279104 ], [ 112.719345013108679, -7.232011255990972 ], [ 112.71934363749773, -7.232026957703369 ], [ 112.719339552455665, -7.232042182327691 ], [ 112.719332882104169, -7.232056467271357 ], [ 112.719323829118338, -7.23206937849348 ], [ 112.719312668568449, -7.232080523692979 ], [ 112.71929973956216, -7.232089564228469 ], [ 112.719285434940915, -7.232096225407724 ], [ 112.719270189343533, -7.232100304834075 ], [ 112.719254466000052, -7.232101678556169 ], [ 112.719238742656572, -7.232100304834076 ], [ 112.71922349705919, -7.232096225407724 ], [ 112.71920919243793, -7.23208956422847 ], [ 112.719196263431655, -7.232080523692979 ], [ 112.719185102881767, -7.232069378493479 ], [ 112.719176049895921, -7.232056467271355 ], [ 112.719169379544439, -7.232042182327691 ], [ 112.719165294502375, -7.232026957703369 ], [ 112.719163918891411, -7.232011255990972 ], [ 112.719165294508528, -7.231995554279106 ], [ 112.719169379556021, -7.231980329656316 ], [ 112.719176049911525, -7.231966044714992 ], [ 112.719185102899516, -7.231953133495747 ], [ 112.71919626344939, -7.23194198829931 ], [ 112.719209192453533, -7.231932947766698 ], [ 112.719223497070772, -7.231926286589789 ], [ 112.719238742662725, -7.23192220716497 ], [ 112.719254466000052, -7.231920833443445 ] ] ] ] } },
{ "type": "Feature", "properties": { "OID_": 0, "Name": "Jl.Gresik - Tambak Asri", "FolderPath": "Data CCTV Usulan + 50 Jalur + Rencana 2026.kmz/Rencana 2026/Surabaya Utara.kmz/Wilayah Surabaya Utara Hendy/Kecamatan Krembangan", "Jenis": "Rencana 2026", "SubJenis": "Surabaya Utara", "POINT_X": 112.712164745, "POINT_Y": -7.230431751, "POINT_Z": 0.0, "BUFF_DIST": 10.0, "ORIG_FID": 3 }, "geometry": { "type": "MultiPolygon", "coordinates": [ [ [ [ 112.712164745000109, -7.230341328437165 ], [ 112.712180468282796, -7.230342702158814 ], [ 112.712195713821785, -7.230346781583918 ], [ 112.712210018389314, -7.230353442761288 ], [ 112.712222947348522, -7.230362483294527 ], [ 112.712234107859629, -7.230373628491734 ], [ 112.712243160816143, -7.230386539711875 ], [ 112.712249831148469, -7.230400824654185 ], [ 112.71225391618178, -7.230416049278025 ], [ 112.712255291794108, -7.230431750990977 ], [ 112.712253916187933, -7.23044745270446 ], [ 112.712249831160051, -7.230462677329835 ], [ 112.712243160831747, -7.23047696227449 ], [ 112.712234107877364, -7.230489873497505 ], [ 112.712222947366257, -7.230501018697773 ], [ 112.712210018404917, -7.230510059233887 ], [ 112.712195713833367, -7.230516720413602 ], [ 112.712180468288963, -7.230520799840236 ], [ 112.712164745000109, -7.230522173562395 ], [ 112.712149021711255, -7.230520799840236 ], [ 112.712133776166851, -7.230516720413602 ], [ 112.712119471595301, -7.230510059233889 ], [ 112.712106542633961, -7.230501018697773 ], [ 112.71209538212284, -7.230489873497505 ], [ 112.712086329168471, -7.23047696227449 ], [ 112.712079658840153, -7.230462677329837 ], [ 112.712075573812271, -7.230447452704461 ], [ 112.712074198206111, -7.230431750990977 ], [ 112.712075573818439, -7.230416049278026 ], [ 112.712079658851735, -7.230400824654185 ], [ 112.712086329184061, -7.230386539711875 ], [ 112.712095382140575, -7.230373628491734 ], [ 112.712106542651696, -7.230362483294527 ], [ 112.71211947161089, -7.230353442761289 ], [ 112.712133776178419, -7.230346781583917 ], [ 112.712149021717408, -7.230342702158814 ], [ 112.712164745000109, -7.230341328437165 ] ] ] ] } },
{ "type": "Feature", "properties": { "OID_": 0, "Name": "Jl.Gresik 5", "FolderPath": "Data CCTV Usulan + 50 Jalur + Rencana 2026.kmz/Rencana 2026/Surabaya Utara.kmz/Wilayah Surabaya Utara Hendy/Kecamatan Krembangan", "Jenis": "Rencana 2026", "SubJenis": "Surabaya Utara", "POINT_X": 112.72277926300001, "POINT_Y": -7.232720762, "POINT_Z": 0.0, "BUFF_DIST": 10.0, "ORIG_FID": 4 }, "geometry": { "type": "MultiPolygon", "coordinates": [ [ [ [ 112.722779263, -7.232630339446171 ], [ 112.722794986361876, -7.232631713167697 ], [ 112.722810231977633, -7.232635792592391 ], [ 112.722824536617196, -7.232642453769093 ], [ 112.722837465641518, -7.232651494301424 ], [ 112.722848626208844, -7.232662639497514 ], [ 112.722857679210946, -7.232675550716361 ], [ 112.722864349576881, -7.232689835657237 ], [ 112.72286843463074, -7.232705060279553 ], [ 112.722869810250003, -7.232720761990933 ], [ 112.722868434636894, -7.232736463702844 ], [ 112.722864349588448, -7.232751688326689 ], [ 112.72285767922655, -7.232765973269916 ], [ 112.722848626226579, -7.232778884491636 ], [ 112.722837465659268, -7.23279002969079 ], [ 112.722824536632814, -7.232799070225997 ], [ 112.722810231989214, -7.232805731405045 ], [ 112.722794986368044, -7.23280981083127 ], [ 112.722779263, -7.232811184553283 ], [ 112.72276353963197, -7.232809810831272 ], [ 112.722748294010799, -7.232805731405045 ], [ 112.722733989367214, -7.232799070225999 ], [ 112.722721060340746, -7.23279002969079 ], [ 112.722709899773449, -7.232778884491636 ], [ 112.722700846773478, -7.232765973269915 ], [ 112.722694176411565, -7.232751688326691 ], [ 112.72269009136312, -7.232736463702844 ], [ 112.722688715750024, -7.232720761990933 ], [ 112.722690091369273, -7.232705060279555 ], [ 112.722694176423147, -7.232689835657238 ], [ 112.722700846789067, -7.232675550716361 ], [ 112.722709899791184, -7.232662639497514 ], [ 112.722721060358495, -7.232651494301424 ], [ 112.722733989382817, -7.232642453769093 ], [ 112.722748294022381, -7.232635792592389 ], [ 112.722763539638137, -7.232631713167697 ], [ 112.722779263, -7.232630339446171 ] ] ] ] } },
{ "type": "Feature", "properties": { "OID_": 0, "Name": "Persimpangan Jl.Gresik - Ikan Dorang", "FolderPath": "Data CCTV Usulan + 50 Jalur + Rencana 2026.kmz/Rencana 2026/Surabaya Utara.kmz/Wilayah Surabaya Utara Hendy/Kecamatan Krembangan", "Jenis": "Rencana 2026", "SubJenis": "Surabaya Utara", "POINT_X": 112.726441115, "POINT_Y": -7.233271223, "POINT_Z": 0.0, "BUFF_DIST": 10.0, "ORIG_FID": 5 }, "geometry": { "type": "MultiPolygon", "coordinates": [ [ [ [ 112.726441115000057, -7.233180800448417 ], [ 112.726456838380969, -7.233182174169887 ], [ 112.726472084015214, -7.233186253594485 ], [ 112.7264863886721, -7.233192914771026 ], [ 112.726499317712083, -7.233201955303139 ], [ 112.726510478292909, -7.233213100498963 ], [ 112.726519531305982, -7.233226011717495 ], [ 112.726526201679988, -7.233240296658029 ], [ 112.726530286738807, -7.233255521279977 ], [ 112.726531662359733, -7.233271222990979 ], [ 112.726530286744961, -7.233286924702512 ], [ 112.72652620169157, -7.233302149325992 ], [ 112.726519531321586, -7.233316434268871 ], [ 112.726510478310644, -7.233329345490281 ], [ 112.726499317729818, -7.233340490689168 ], [ 112.72648638868769, -7.233349531224156 ], [ 112.726472084026781, -7.233356192403044 ], [ 112.726456838387136, -7.233360271829171 ], [ 112.726441115000057, -7.233361645551166 ], [ 112.726425391612977, -7.233360271829173 ], [ 112.726410145973333, -7.233356192403044 ], [ 112.726395841312424, -7.233349531224156 ], [ 112.726382912270296, -7.233340490689168 ], [ 112.726371751689484, -7.233329345490281 ], [ 112.726362698678543, -7.233316434268871 ], [ 112.726356028308558, -7.233302149325992 ], [ 112.726351943255167, -7.233286924702512 ], [ 112.726350567640395, -7.233271222990979 ], [ 112.726351943261321, -7.233255521279979 ], [ 112.726356028320126, -7.233240296658029 ], [ 112.726362698694132, -7.233226011717496 ], [ 112.726371751707219, -7.233213100498961 ], [ 112.726382912288045, -7.233201955303139 ], [ 112.726395841328028, -7.233192914771026 ], [ 112.726410145984914, -7.233186253594484 ], [ 112.726425391619145, -7.233182174169887 ], [ 112.726441115000057, -7.233180800448417 ] ] ] ] } },
{ "type": "Feature", "properties": { "OID_": 0, "Name": "Pertigaan Jl.Ikan Kakap - Tj.Perak", "FolderPath": "Data CCTV Usulan + 50 Jalur + Rencana 2026.kmz/Rencana 2026/Surabaya Utara.kmz/Wilayah Surabaya Utara Hendy/Kecamatan Krembangan", "Jenis": "Rencana 2026", "SubJenis": "Surabaya Utara", "POINT_X": 112.728116789, "POINT_Y": -7.23193213, "POINT_Z": 0.0, "BUFF_DIST": 10.0, "ORIG_FID": 6 }, "geometry": { "type": "MultiPolygon", "coordinates": [ [ [ [ 112.728116789000069, -7.231841707443088 ], [ 112.728132512334668, -7.231843081164655 ], [ 112.728147757923963, -7.231847160589489 ], [ 112.728162062538715, -7.231853821766421 ], [ 112.728174991540598, -7.231862862299065 ], [ 112.72818615208854, -7.231874007495541 ], [ 112.728195205074954, -7.231886918714831 ], [ 112.728201875429292, -7.231901203656205 ], [ 112.728205960476075, -7.231916428279044 ], [ 112.72820733609295, -7.231932129990966 ], [ 112.728205960482228, -7.231947831703418 ], [ 112.728201875440874, -7.231963056327792 ], [ 112.728195205090543, -7.231977341271508 ], [ 112.728186152106289, -7.231990252493675 ], [ 112.728174991558348, -7.232001397693214 ], [ 112.728162062554318, -7.232010438228735 ], [ 112.728147757935545, -7.232017099408011 ], [ 112.728132512340821, -7.232021178834379 ], [ 112.728116789000069, -7.232022552556439 ], [ 112.728101065659331, -7.232021178834379 ], [ 112.728085820064607, -7.232017099408011 ], [ 112.728071515445833, -7.232010438228735 ], [ 112.728058586441804, -7.232001397693214 ], [ 112.728047425893863, -7.231990252493675 ], [ 112.728038372909609, -7.231977341271508 ], [ 112.728031702559278, -7.231963056327793 ], [ 112.72802761751791, -7.23194783170342 ], [ 112.728026241907202, -7.231932129990966 ], [ 112.728027617524077, -7.231916428279044 ], [ 112.72803170257086, -7.231901203656204 ], [ 112.728038372925198, -7.231886918714831 ], [ 112.728047425911612, -7.231874007495541 ], [ 112.728058586459554, -7.231862862299065 ], [ 112.728071515461437, -7.231853821766421 ], [ 112.728085820076188, -7.231847160589488 ], [ 112.728101065665484, -7.231843081164655 ], [ 112.728116789000069, -7.231841707443088 ] ] ] ] } },
{ "type": "Feature", "properties": { "OID_": 0, "Name": "Jl.Tj Perak Putar Balik 1", "FolderPath": "Data CCTV Usulan + 50 Jalur + Rencana 2026.kmz/Rencana 2026/Surabaya Utara.kmz/Wilayah Surabaya Utara Hendy/Kecamatan Krembangan", "Jenis": "Rencana 2026", "SubJenis": "Surabaya Utara", "POINT_X": 112.729382867, "POINT_Y": -7.229754484, "POINT_Z": 0.0, "BUFF_DIST": 10.0, "ORIG_FID": 7 }, "geometry": { "type": "MultiPolygon", "coordinates": [ [ [ [ 112.729382867000027, -7.229664061434486 ], [ 112.729398590259308, -7.229665435156161 ], [ 112.72941383577556, -7.229669514581386 ], [ 112.729428140321787, -7.229676175758954 ], [ 112.729441069261739, -7.229685216292459 ], [ 112.729452229756234, -7.229696361489997 ], [ 112.729461282699248, -7.229709272710521 ], [ 112.72946795302164, -7.229723557653252 ], [ 112.729472038048854, -7.229738782277549 ], [ 112.72947341365915, -7.229754483990964 ], [ 112.729472038055007, -7.229770185704915 ], [ 112.729467953033222, -7.229785410330738 ], [ 112.729461282714851, -7.229799695275817 ], [ 112.729452229773955, -7.229812606499213 ], [ 112.729441069279474, -7.229823751699812 ], [ 112.729428140337376, -7.229832792236196 ], [ 112.729413835787142, -7.229839453416107 ], [ 112.729398590265461, -7.229843532842862 ], [ 112.729382867000027, -7.229844906565078 ], [ 112.729367143734592, -7.229843532842862 ], [ 112.729351898212911, -7.229839453416107 ], [ 112.729337593662677, -7.229832792236197 ], [ 112.729324664720579, -7.229823751699812 ], [ 112.729313504226099, -7.229812606499214 ], [ 112.729304451285202, -7.229799695275815 ], [ 112.729297780966832, -7.229785410330738 ], [ 112.729293695945046, -7.229770185704915 ], [ 112.729292320340903, -7.229754483990964 ], [ 112.729293695951199, -7.229738782277547 ], [ 112.729297780978413, -7.229723557653252 ], [ 112.729304451300806, -7.229709272710521 ], [ 112.729313504243834, -7.229696361489997 ], [ 112.729324664738314, -7.229685216292457 ], [ 112.729337593678267, -7.229676175758954 ], [ 112.729351898224493, -7.229669514581384 ], [ 112.72936714374076, -7.229665435156161 ], [ 112.729382867000027, -7.229664061434486 ] ] ] ] } },
{ "type": "Feature", "properties": { "OID_": 0, "Name": "Jl. Laksda Moh. Nazir 1", "FolderPath": "Data CCTV Usulan + 50 Jalur + Rencana 2026.kmz/Rencana 2026/Surabaya Utara.kmz/Wilayah Surabaya Utara Hendy/Kecamatan Krembangan", "Jenis": "Rencana 2026", "SubJenis": "Surabaya Utara", "POINT_X": 112.730516948, "POINT_Y": -7.220482328, "POINT_Z": 0.0, "BUFF_DIST": 10.0, "ORIG_FID": 8 }, "geometry": { "type": "MultiPolygon", "coordinates": [ [ [ [ 112.730516948000059, -7.220391905397789 ], [ 112.730532670938885, -7.220393279120038 ], [ 112.730547916144445, -7.220397358546919 ], [ 112.730562220399136, -7.220404019727187 ], [ 112.730575149075591, -7.220413060264364 ], [ 112.730586309342613, -7.220424205466424 ], [ 112.730595362101141, -7.220437116692185 ], [ 112.730602032287592, -7.220451401640713 ], [ 112.730606117231545, -7.220466626271182 ], [ 112.730607492813789, -7.220482327990966 ], [ 112.730606117237684, -7.220498029711283 ], [ 112.73060203229916, -7.220513254343282 ], [ 112.730595362116716, -7.220527539294152 ], [ 112.730586309360319, -7.220540450522783 ], [ 112.730575149093298, -7.220551595727902 ], [ 112.730562220414711, -7.220560636267946 ], [ 112.730547916156013, -7.220567297450558 ], [ 112.730532670945038, -7.220571376878967 ], [ 112.730516948000059, -7.22057275060172 ], [ 112.730501225055093, -7.220571376878967 ], [ 112.730485979844104, -7.220567297450558 ], [ 112.730471675585406, -7.220560636267948 ], [ 112.73045874690682, -7.220551595727902 ], [ 112.730447586639798, -7.220540450522783 ], [ 112.730438533883401, -7.220527539294152 ], [ 112.730431863700971, -7.220513254343282 ], [ 112.730427778762433, -7.220498029711283 ], [ 112.730426403186343, -7.220482327990966 ], [ 112.730427778768572, -7.22046662627118 ], [ 112.730431863712525, -7.220451401640712 ], [ 112.730438533898976, -7.220437116692183 ], [ 112.730447586657505, -7.220424205466424 ], [ 112.730458746924526, -7.220413060264364 ], [ 112.730471675600981, -7.220404019727188 ], [ 112.730485979855672, -7.220397358546919 ], [ 112.730501225061232, -7.220393279120038 ], [ 112.730516948000059, -7.220391905397789 ] ] ] ] } },
{ "type": "Feature", "properties": { "OID_": 0, "Name": "Jl.Laksda Moh. Nazir 2", "FolderPath": "Data CCTV Usulan + 50 Jalur + Rencana 2026.kmz/Rencana 2026/Surabaya Utara.kmz/Wilayah Surabaya Utara Hendy/Kecamatan Krembangan", "Jenis": "Rencana 2026", "SubJenis": "Surabaya Utara", "POINT_X": 112.72918955, "POINT_Y": -7.218953285, "POINT_Z": 0.0, "BUFF_DIST": 10.0, "ORIG_FID": 9 }, "geometry": { "type": "MultiPolygon", "coordinates": [ [ [ [ 112.729189550000115, -7.218862862391789 ], [ 112.729205272886134, -7.218864236114081 ], [ 112.729220518040492, -7.218868315541232 ], [ 112.72923482224715, -7.21887497672195 ], [ 112.729247750880177, -7.21888401725973 ], [ 112.729258911109724, -7.218895162462536 ], [ 112.729267963837842, -7.218908073689157 ], [ 112.729274634001897, -7.21892235863864 ], [ 112.729278718932122, -7.218937583270127 ], [ 112.729280094509747, -7.218953284990963 ], [ 112.729278718938275, -7.21896898671233 ], [ 112.72927463401345, -7.218984211345344 ], [ 112.729267963853417, -7.218998496297167 ], [ 112.729258911127431, -7.219011407526662 ], [ 112.729247750897883, -7.219022552732525 ], [ 112.729234822262711, -7.219031593273177 ], [ 112.72922051805206, -7.219038254456231 ], [ 112.729205272892287, -7.219042333884913 ], [ 112.729189550000115, -7.219043707607806 ], [ 112.729173827107928, -7.219042333884913 ], [ 112.72915858194817, -7.219038254456231 ], [ 112.729144277737504, -7.219031593273177 ], [ 112.729131349102332, -7.219022552732525 ], [ 112.729120188872784, -7.219011407526662 ], [ 112.729111136146798, -7.218998496297165 ], [ 112.729104465986765, -7.218984211345344 ], [ 112.729100381061954, -7.21896898671233 ], [ 112.729099005490468, -7.218953284990963 ], [ 112.729100381068093, -7.218937583270127 ], [ 112.729104465998319, -7.21892235863864 ], [ 112.729111136162373, -7.218908073689157 ], [ 112.729120188890505, -7.218895162462535 ], [ 112.729131349120038, -7.218884017259728 ], [ 112.729144277753079, -7.21887497672195 ], [ 112.729158581959723, -7.218868315541232 ], [ 112.729173827114096, -7.218864236114081 ], [ 112.729189550000115, -7.218862862391789 ] ] ] ] } },
{ "type": "Feature", "properties": { "OID_": 0, "Name": "Jl.Tanjung Perak 2 PB", "FolderPath": "Data CCTV Usulan + 50 Jalur + Rencana 2026.kmz/Rencana 2026/Surabaya Utara.kmz/Wilayah Surabaya Utara Hendy/Kecamatan Pabean Cantikan", "Jenis": "Rencana 2026", "SubJenis": "Surabaya Utara", "POINT_X": 112.733052113, "POINT_Y": -7.215216602, "POINT_Z": 0.0, "BUFF_DIST": 10.0, "ORIG_FID": 10 }, "geometry": { "type": "MultiPolygon", "coordinates": [ [ [ [ 112.733052113000099, -7.215126179377025 ], [ 112.733067835757126, -7.215127553099546 ], [ 112.733083080786415, -7.215131632527366 ], [ 112.73309738487572, -7.215138293709169 ], [ 112.73311031340269, -7.215147334248426 ], [ 112.733121473540677, -7.215158479453052 ], [ 112.733130526194529, -7.215171390681782 ], [ 112.733137196303844, -7.215185675633598 ], [ 112.73314128120056, -7.21520090026757 ], [ 112.733142656766901, -7.215216601990971 ], [ 112.733141281206699, -7.215232303714898 ], [ 112.733137196315397, -7.215247528350399 ], [ 112.733130526210076, -7.215261813304554 ], [ 112.73312147355837, -7.215274724536158 ], [ 112.733110313420383, -7.215285869743837 ], [ 112.733097384891281, -7.215294910285964 ], [ 112.733083080797968, -7.215301571470105 ], [ 112.733067835763265, -7.215305650899452 ], [ 112.733052113000099, -7.215307024622569 ], [ 112.733036390236933, -7.215305650899453 ], [ 112.73302114520223, -7.215301571470105 ], [ 112.733006841108917, -7.215294910285964 ], [ 112.732993912579815, -7.215285869743837 ], [ 112.732982752441828, -7.215274724536158 ], [ 112.732973699790122, -7.215261813304554 ], [ 112.732967029684801, -7.215247528350399 ], [ 112.732962944793485, -7.215232303714898 ], [ 112.732961569233296, -7.215216601990971 ], [ 112.732962944799638, -7.215200900267572 ], [ 112.732967029696354, -7.215185675633598 ], [ 112.732973699805669, -7.215171390681782 ], [ 112.73298275245952, -7.21515847945305 ], [ 112.732993912597507, -7.215147334248424 ], [ 112.733006841124478, -7.215138293709169 ], [ 112.733021145213783, -7.215131632527364 ], [ 112.733036390243072, -7.215127553099546 ], [ 112.733052113000099, -7.215126179377025 ] ] ] ] } },
{ "type": "Feature", "properties": { "OID_": 0, "Name": "Jl.Tanjung Perak 3 PB", "FolderPath": "Data CCTV Usulan + 50 Jalur + Rencana 2026.kmz/Rencana 2026/Surabaya Utara.kmz/Wilayah Surabaya Utara Hendy/Kecamatan Pabean Cantikan", "Jenis": "Rencana 2026", "SubJenis": "Surabaya Utara", "POINT_X": 112.733363217, "POINT_Y": -7.201540434, "POINT_Z": 0.0, "BUFF_DIST": 10.0, "ORIG_FID": 11 }, "geometry": { "type": "MultiPolygon", "coordinates": [ [ [ [ 112.733363217000033, -7.20145001132306 ], [ 112.733378939285544, -7.201451385046437 ], [ 112.733394183857641, -7.201455464476692 ], [ 112.733408487517949, -7.201462125662473 ], [ 112.733421415657205, -7.201471166207128 ], [ 112.733432575460483, -7.201482311418408 ], [ 112.733441627842851, -7.201495222654847 ], [ 112.733448297752119, -7.201509507615191 ], [ 112.733452382526323, -7.201524732258253 ], [ 112.733453758051411, -7.201540433991023 ], [ 112.733452382532462, -7.201556135724323 ], [ 112.733448297763658, -7.201571360368907 ], [ 112.733441627858383, -7.201585645331586 ], [ 112.733432575478147, -7.201598556570891 ], [ 112.733421415674854, -7.201609701785221 ], [ 112.733408487533481, -7.201618742332739 ], [ 112.733394183869166, -7.201625403520855 ], [ 112.733378939291683, -7.201629482952636 ], [ 112.733363217000033, -7.201630856676536 ], [ 112.733347494708383, -7.201629482952636 ], [ 112.7333322501309, -7.201625403520855 ], [ 112.733317946466585, -7.201618742332739 ], [ 112.733305018325211, -7.201609701785221 ], [ 112.733293858521918, -7.20159855657089 ], [ 112.733284806141683, -7.201585645331586 ], [ 112.733278136236407, -7.201571360368907 ], [ 112.733274051467603, -7.201556135724323 ], [ 112.733272675948655, -7.201540433991023 ], [ 112.733274051473742, -7.201524732258251 ], [ 112.733278136247947, -7.20150950761519 ], [ 112.733284806157229, -7.201495222654847 ], [ 112.733293858539582, -7.201482311418408 ], [ 112.733305018342861, -7.201471166207128 ], [ 112.733317946482117, -7.201462125662473 ], [ 112.733332250142425, -7.201455464476692 ], [ 112.733347494714536, -7.201451385046437 ], [ 112.733363217000033, -7.20145001132306 ] ] ] ] } },
{ "type": "Feature", "properties": { "OID_": 0, "Name": "Jl.Tj Perak - Prapat Kurung Selatan", "FolderPath": "Data CCTV Usulan + 50 Jalur + Rencana 2026.kmz/Rencana 2026/Surabaya Utara.kmz/Wilayah Surabaya Utara Hendy/Kecamatan Pabean Cantikan", "Jenis": "Rencana 2026", "SubJenis": "Surabaya Utara", "POINT_X": 112.73433997, "POINT_Y": -7.209075908, "POINT_Z": 0.0, "BUFF_DIST": 10.0, "ORIG_FID": 12 }, "geometry": { "type": "MultiPolygon", "coordinates": [ [ [ [ 112.734339970000065, -7.208985485352795 ], [ 112.734355692545265, -7.208986859075661 ], [ 112.73437093736915, -7.208990938504574 ], [ 112.734385241265741, -7.208997599688166 ], [ 112.734398169618515, -7.209006640229845 ], [ 112.734409329606137, -7.20901778543746 ], [ 112.734418382138031, -7.209030696669655 ], [ 112.734425052157476, -7.209044981625301 ], [ 112.734429136999154, -7.209060206263358 ], [ 112.734430512546965, -7.209075907990967 ], [ 112.734429137005293, -7.209091609719107 ], [ 112.734425052169016, -7.209106834358685 ], [ 112.734418382153578, -7.209121119316671 ], [ 112.734409329623816, -7.209134030551732 ], [ 112.734398169636208, -7.209145175762401 ], [ 112.734385241281288, -7.209154216306948 ], [ 112.734370937380689, -7.209160877492878 ], [ 112.734355692551404, -7.209164956923318 ], [ 112.734339970000065, -7.209166330646823 ], [ 112.734324247448711, -7.209164956923318 ], [ 112.734309002619426, -7.209160877492878 ], [ 112.734294698718841, -7.209154216306948 ], [ 112.734281770363921, -7.209145175762401 ], [ 112.734270610376299, -7.209134030551732 ], [ 112.734261557846537, -7.209121119316671 ], [ 112.734254887831099, -7.209106834358686 ], [ 112.734250802994822, -7.209091609719107 ], [ 112.73424942745315, -7.209075907990967 ], [ 112.734250803000975, -7.209060206263358 ], [ 112.734254887842638, -7.209044981625301 ], [ 112.734261557862084, -7.209030696669655 ], [ 112.734270610393992, -7.20901778543746 ], [ 112.7342817703816, -7.209006640229845 ], [ 112.734294698734388, -7.208997599688164 ], [ 112.734309002630965, -7.208990938504574 ], [ 112.734324247454865, -7.208986859075661 ], [ 112.734339970000065, -7.208985485352795 ] ] ] ] } },
{ "type": "Feature", "properties": { "OID_": 0, "Name": "Jl.Tanjung Perak - Prapat Kurung Utara", "FolderPath": "Data CCTV Usulan + 50 Jalur + Rencana 2026.kmz/Rencana 2026/Surabaya Utara.kmz/Wilayah Surabaya Utara Hendy/Kecamatan Pabean Cantikan", "Jenis": "Rencana 2026", "SubJenis": "Surabaya Utara", "POINT_X": 112.734191407, "POINT_Y": -7.208765905, "POINT_Z": 0.0, "BUFF_DIST": 10.0, "ORIG_FID": 13 }, "geometry": { "type": "MultiPolygon", "coordinates": [ [ [ [ 112.734191407000026, -7.208675482351518 ], [ 112.734207129534539, -7.208676856074472 ], [ 112.734222374348064, -7.208680935503442 ], [ 112.734236678234936, -7.208687596687122 ], [ 112.734249606578913, -7.208696637228926 ], [ 112.734260766558947, -7.208707782436691 ], [ 112.734269819084673, -7.208720693669061 ], [ 112.734276489099599, -7.208734978624902 ], [ 112.734280573938506, -7.208750203263164 ], [ 112.734281949485364, -7.208765904990984 ], [ 112.734280573944645, -7.208781606719335 ], [ 112.734276489111139, -7.208796831359122 ], [ 112.734269819100234, -7.208811116317301 ], [ 112.734260766576639, -7.208824027552536 ], [ 112.734249606596606, -7.208835172763354 ], [ 112.734236678250483, -7.208844213308026 ], [ 112.734222374359618, -7.208850874494045 ], [ 112.734207129540678, -7.208854953924538 ], [ 112.734191407000026, -7.208856327647997 ], [ 112.734175684459373, -7.208854953924538 ], [ 112.734160439640434, -7.208850874494045 ], [ 112.734146135749569, -7.208844213308025 ], [ 112.734133207403445, -7.208835172763354 ], [ 112.734122047423412, -7.208824027552538 ], [ 112.734112994899817, -7.208811116317299 ], [ 112.734106324888913, -7.208796831359122 ], [ 112.734102240055407, -7.208781606719335 ], [ 112.734100864514687, -7.208765904990984 ], [ 112.734102240061546, -7.208750203263162 ], [ 112.734106324900452, -7.208734978624901 ], [ 112.734112994915378, -7.20872069366906 ], [ 112.734122047441105, -7.208707782436691 ], [ 112.734133207421138, -7.208696637228925 ], [ 112.734146135765116, -7.208687596687122 ], [ 112.734160439651987, -7.20868093550344 ], [ 112.734175684465512, -7.208676856074472 ], [ 112.734191407000026, -7.208675482351518 ] ] ] ] } },
{ "type": "Feature", "properties": { "OID_": 0, "Name": "Jl.Tanjung Perak 4 PB", "FolderPath": "Data CCTV Usulan + 50 Jalur + Rencana 2026.kmz/Rencana 2026/Surabaya Utara.kmz/Wilayah Surabaya Utara Hendy/Kecamatan Pabean Cantikan", "Jenis": "Rencana 2026", "SubJenis": "Surabaya Utara", "POINT_X": 112.733415063, "POINT_Y": -7.203653828, "POINT_Z": 0.0, "BUFF_DIST": 10.0, "ORIG_FID": 14 }, "geometry": { "type": "MultiPolygon", "coordinates": [ [ [ [ 112.733415063000052, -7.203563405331397 ], [ 112.733430785358365, -7.203564779054637 ], [ 112.733446030001048, -7.203568858484516 ], [ 112.733460333727606, -7.203575519669683 ], [ 112.733473261926704, -7.203584560213503 ], [ 112.733484421781668, -7.203595705423758 ], [ 112.733493474205957, -7.203608616659007 ], [ 112.733500144146134, -7.203622901618034 ], [ 112.733504228939253, -7.203638126259689 ], [ 112.733505604470707, -7.203653827991014 ], [ 112.733504228945378, -7.203669529722864 ], [ 112.733500144157659, -7.203684754366048 ], [ 112.73349347422149, -7.203699039327413 ], [ 112.733484421799346, -7.203711950565527 ], [ 112.733473261944383, -7.203723095778831 ], [ 112.733460333743139, -7.203732136325518 ], [ 112.733446030012573, -7.203738797513019 ], [ 112.73343078536449, -7.203742876944422 ], [ 112.733415063000052, -7.203744250668207 ], [ 112.7333993406356, -7.203742876944422 ], [ 112.733384095987518, -7.203738797513019 ], [ 112.733369792256951, -7.203732136325516 ], [ 112.733356864055708, -7.203723095778831 ], [ 112.733345704200744, -7.203711950565525 ], [ 112.7333366517786, -7.203699039327411 ], [ 112.733329981842431, -7.203684754366049 ], [ 112.733325897054712, -7.203669529722867 ], [ 112.733324521529383, -7.203653827991014 ], [ 112.733325897060837, -7.20363812625969 ], [ 112.73332998185397, -7.203622901618032 ], [ 112.733336651794133, -7.203608616659006 ], [ 112.733345704218422, -7.203595705423758 ], [ 112.733356864073386, -7.203584560213503 ], [ 112.733369792272498, -7.203575519669683 ], [ 112.733384095999043, -7.203568858484514 ], [ 112.733399340641739, -7.203564779054637 ], [ 112.733415063000052, -7.203563405331397 ] ] ] ] } },
{ "type": "Feature", "properties": { "OID_": 0, "Name": "Jl.Stasiun Kota", "FolderPath": "Data CCTV Usulan + 50 Jalur + Rencana 2026.kmz/Rencana 2026/Surabaya Utara.kmz/Wilayah Surabaya Utara Hendy/Kecamatan Pabean Cantikan", "Jenis": "Rencana 2026", "SubJenis": "Surabaya Utara", "POINT_X": 112.740255668, "POINT_Y": -7.242373698, "POINT_Z": 0.0, "BUFF_DIST": 10.0, "ORIG_FID": 15 }, "geometry": { "type": "MultiPolygon", "coordinates": [ [ [ [ 112.740255668000032, -7.242283275484446 ], [ 112.740271391696098, -7.242284649205364 ], [ 112.74028663763589, -7.242288728628333 ], [ 112.740300942579509, -7.242295389802216 ], [ 112.740313871878627, -7.242304430330724 ], [ 112.740325032683145, -7.242315575522099 ], [ 112.740334085877677, -7.242328486735481 ], [ 112.740340756385379, -7.242342771670316 ], [ 112.740344841526081, -7.242357996286191 ], [ 112.74034621717459, -7.242373697990931 ], [ 112.740344841532249, -7.2423893996962 ], [ 112.740340756396975, -7.24240462431361 ], [ 112.740334085893295, -7.242418909250794 ], [ 112.740325032700909, -7.242431820467059 ], [ 112.740313871896376, -7.242442965661501 ], [ 112.740300942595127, -7.242452006192887 ], [ 112.740286637647486, -7.242458667369118 ], [ 112.740271391702265, -7.24246274679362 ], [ 112.740255668000032, -7.242464120515073 ], [ 112.740239944297798, -7.24246274679362 ], [ 112.740224698352577, -7.242458667369118 ], [ 112.740210393404936, -7.242452006192887 ], [ 112.740197464103673, -7.242442965661501 ], [ 112.740186303299154, -7.242431820467059 ], [ 112.740177250106754, -7.242418909250794 ], [ 112.740170579603088, -7.242404624313612 ], [ 112.740166494467815, -7.242389399696202 ], [ 112.740165118825473, -7.242373697990931 ], [ 112.740166494473982, -7.242357996286193 ], [ 112.74017057961467, -7.242342771670316 ], [ 112.740177250122372, -7.242328486735479 ], [ 112.740186303316904, -7.242315575522099 ], [ 112.740197464121437, -7.242304430330722 ], [ 112.740210393420554, -7.242295389802216 ], [ 112.740224698364159, -7.242288728628332 ], [ 112.740239944303966, -7.242284649205364 ], [ 112.740255668000032, -7.242283275484446 ] ] ] ] } },
{ "type": "Feature", "properties": { "OID_": 0, "Name": "Jl.Stasiun Kota - Siaga 1", "FolderPath": "Data CCTV Usulan + 50 Jalur + Rencana 2026.kmz/Rencana 2026/Surabaya Utara.kmz/Wilayah Surabaya Utara Hendy/Kecamatan Pabean Cantikan", "Jenis": "Rencana 2026", "SubJenis": "Surabaya Utara", "POINT_X": 112.74236144, "POINT_Y": -7.242461057, "POINT_Z": 0.0, "BUFF_DIST": 10.0, "ORIG_FID": 16 }, "geometry": { "type": "MultiPolygon", "coordinates": [ [ [ [ 112.742361440000082, -7.242370634484824 ], [ 112.742377163699175, -7.242372008205728 ], [ 112.742392409641909, -7.242376087628679 ], [ 112.74240671458827, -7.242382748802536 ], [ 112.74241964388986, -7.242391789331009 ], [ 112.742430804696539, -7.24240293452234 ], [ 112.742439857892819, -7.242415845735673 ], [ 112.7424465284018, -7.242430130670454 ], [ 112.742450613543284, -7.242445355286273 ], [ 112.742451989192062, -7.242461056990951 ], [ 112.742450613549451, -7.242476758696161 ], [ 112.74244652841341, -7.242491983313511 ], [ 112.742439857908437, -7.242506268250642 ], [ 112.742430804714317, -7.242519179466856 ], [ 112.742419643907638, -7.242530324661255 ], [ 112.742406714603888, -7.242539365192607 ], [ 112.74239240965349, -7.242546026368813 ], [ 112.742377163705342, -7.2425501057933 ], [ 112.742361440000082, -7.242551479514759 ], [ 112.742345716294807, -7.242550105793302 ], [ 112.742330470346658, -7.242546026368813 ], [ 112.742316165396261, -7.242539365192607 ], [ 112.742303236092511, -7.242530324661255 ], [ 112.742292075285846, -7.242519179466854 ], [ 112.742283022091712, -7.24250626825064 ], [ 112.742276351586739, -7.242491983313512 ], [ 112.742272266450698, -7.242476758696161 ], [ 112.742270890808086, -7.242461056990951 ], [ 112.742272266456865, -7.242445355286274 ], [ 112.742276351598349, -7.242430130670454 ], [ 112.742283022107344, -7.242415845735673 ], [ 112.74229207530361, -7.24240293452234 ], [ 112.742303236110288, -7.242391789331009 ], [ 112.742316165411893, -7.242382748802536 ], [ 112.74233047035824, -7.242376087628679 ], [ 112.742345716300989, -7.242372008205728 ], [ 112.742361440000082, -7.242370634484824 ] ] ] ] } },
{ "type": "Feature", "properties": { "OID_": 0, "Name": "Jl.Stasiun Kota - Siaga 2", "FolderPath": "Data CCTV Usulan + 50 Jalur + Rencana 2026.kmz/Rencana 2026/Surabaya Utara.kmz/Wilayah Surabaya Utara Hendy/Kecamatan Pabean Cantikan", "Jenis": "Rencana 2026", "SubJenis": "Surabaya Utara", "POINT_X": 112.742741094, "POINT_Y": -7.242640918, "POINT_Z": 0.0, "BUFF_DIST": 10.0, "ORIG_FID": 17 }, "geometry": { "type": "MultiPolygon", "coordinates": [ [ [ [ 112.742741094000053, -7.242550495485474 ], [ 112.742756817705384, -7.242551869206422 ], [ 112.742772063654144, -7.242555948629342 ], [ 112.742786368606176, -7.242562609803146 ], [ 112.742799297912924, -7.242571650331547 ], [ 112.742810458724009, -7.242582795522791 ], [ 112.742819511923869, -7.242595706736022 ], [ 112.742826182435508, -7.242609991670692 ], [ 112.742830267578611, -7.242625216286389 ], [ 112.74283164322793, -7.242640917990943 ], [ 112.742830267584779, -7.242656619696029 ], [ 112.742826182447104, -7.242671844313259 ], [ 112.742819511939501, -7.242686129250278 ], [ 112.742810458741786, -7.242699040466388 ], [ 112.742799297930674, -7.2427101856607 ], [ 112.742786368621807, -7.242719226191983 ], [ 112.742772063665754, -7.242725887368137 ], [ 112.742756817711552, -7.24272996679259 ], [ 112.742741094000053, -7.242731340513981 ], [ 112.742725370288554, -7.242729966792592 ], [ 112.742710124334351, -7.242725887368137 ], [ 112.742695819378298, -7.242719226191984 ], [ 112.742682890069432, -7.2427101856607 ], [ 112.742671729258319, -7.24269904046639 ], [ 112.742662676060604, -7.242686129250276 ], [ 112.742656005553002, -7.242671844313261 ], [ 112.742651920415327, -7.242656619696029 ], [ 112.742650544772175, -7.242640917990943 ], [ 112.742651920421508, -7.242625216286387 ], [ 112.742656005564598, -7.24260999167069 ], [ 112.742662676076236, -7.242595706736022 ], [ 112.742671729276097, -7.242582795522791 ], [ 112.742682890087181, -7.242571650331547 ], [ 112.74269581939393, -7.242562609803148 ], [ 112.742710124345962, -7.242555948629342 ], [ 112.742725370294721, -7.242551869206422 ], [ 112.742741094000053, -7.242550495485474 ] ] ] ] } },
{ "type": "Feature", "properties": { "OID_": 0, "Name": "Jl.Waspada", "FolderPath": "Data CCTV Usulan + 50 Jalur + Rencana 2026.kmz/Rencana 2026/Surabaya Utara.kmz/Wilayah Surabaya Utara Hendy/Kecamatan Pabean Cantikan", "Jenis": "Rencana 2026", "SubJenis": "Surabaya Utara", "POINT_X": 112.74336097699999, "POINT_Y": -7.24086196, "POINT_Z": 0.0, "BUFF_DIST": 10.0, "ORIG_FID": 18 }, "geometry": { "type": "MultiPolygon", "coordinates": [ [ [ [ 112.743360977000066, -7.240771537478449 ], [ 112.743376700643765, -7.240772911199487 ], [ 112.743391946532782, -7.240776990622724 ], [ 112.743406251428738, -7.24078365179705 ], [ 112.74341918068481, -7.240792692326154 ], [ 112.743430341452154, -7.240803837518266 ], [ 112.743439394616544, -7.240816748732507 ], [ 112.743446065102034, -7.24083103366829 ], [ 112.743450150229123, -7.240846258285175 ], [ 112.743451525873041, -7.240861959990953 ], [ 112.743450150235276, -7.240877661697263 ], [ 112.743446065113616, -7.240892886315684 ], [ 112.743439394632162, -7.240907171253811 ], [ 112.743430341469917, -7.240920082470934 ], [ 112.743419180702574, -7.240931227666112 ], [ 112.74340625144437, -7.240940268198098 ], [ 112.743391946544378, -7.240946929374769 ], [ 112.743376700649932, -7.240951008799542 ], [ 112.743360977000066, -7.24095238252106 ], [ 112.743345253350185, -7.240951008799544 ], [ 112.743330007455754, -7.240946929374769 ], [ 112.743315702555762, -7.240940268198098 ], [ 112.743302773297557, -7.240931227666112 ], [ 112.743291612530214, -7.240920082470934 ], [ 112.743282559367969, -7.240907171253813 ], [ 112.743275888886501, -7.240892886315684 ], [ 112.743271803764841, -7.240877661697263 ], [ 112.74327042812709, -7.240861959990953 ], [ 112.743271803771009, -7.240846258285175 ], [ 112.743275888898097, -7.240831033668288 ], [ 112.743282559383587, -7.240816748732507 ], [ 112.743291612547964, -7.240803837518268 ], [ 112.743302773315321, -7.240792692326154 ], [ 112.74331570257138, -7.24078365179705 ], [ 112.743330007467335, -7.240776990622724 ], [ 112.743345253356367, -7.240772911199487 ], [ 112.743360977000066, -7.240771537478449 ] ] ] ] } },
{ "type": "Feature", "properties": { "OID_": 0, "Name": "Jl.Pegirian PB", "FolderPath": "Data CCTV Usulan + 50 Jalur + Rencana 2026.kmz/Rencana 2026/Surabaya Utara.kmz/Wilayah Surabaya Utara Hendy/Kecamatan Semampir", "Jenis": "Rencana 2026", "SubJenis": "Surabaya Utara", "POINT_X": 112.743924424, "POINT_Y": -7.232477085, "POINT_Z": 0.0, "BUFF_DIST": 10.0, "ORIG_FID": 19 }, "geometry": { "type": "MultiPolygon", "coordinates": [ [ [ [ 112.743924424000056, -7.232386662445276 ], [ 112.743940147353499, -7.232388036166788 ], [ 112.743955392961084, -7.232392115591527 ], [ 112.743969697592973, -7.232398776768301 ], [ 112.743982626610361, -7.232407817300729 ], [ 112.743993787171675, -7.232418962496937 ], [ 112.744002840168946, -7.23243187371592 ], [ 112.744009510531299, -7.232446158656951 ], [ 112.74401359558297, -7.232461383279428 ], [ 112.744014971201494, -7.232477084990976 ], [ 112.744013595589124, -7.232492786703053 ], [ 112.744009510542881, -7.232508011327065 ], [ 112.744002840184535, -7.232522296270441 ], [ 112.743993787189424, -7.232535207492299 ], [ 112.743982626628096, -7.232546352691571 ], [ 112.743969697608577, -7.232555393226877 ], [ 112.743955392972651, -7.232562054405995 ], [ 112.743940147359652, -7.232566133832265 ], [ 112.743924424000056, -7.232567507554315 ], [ 112.743908700640446, -7.232566133832265 ], [ 112.743893455027447, -7.232562054405995 ], [ 112.743879150391521, -7.232555393226876 ], [ 112.743866221372002, -7.232546352691571 ], [ 112.743855060810674, -7.232535207492299 ], [ 112.743846007815563, -7.232522296270441 ], [ 112.743839337457231, -7.232508011327065 ], [ 112.743835252410975, -7.232492786703053 ], [ 112.743833876798604, -7.232477084990976 ], [ 112.743835252417128, -7.232461383279429 ], [ 112.743839337468813, -7.232446158656951 ], [ 112.743846007831166, -7.232431873715922 ], [ 112.743855060828423, -7.232418962496937 ], [ 112.743866221389752, -7.232407817300729 ], [ 112.743879150407139, -7.232398776768299 ], [ 112.743893455039029, -7.232392115591527 ], [ 112.743908700646614, -7.232388036166788 ], [ 112.743924424000056, -7.232386662445276 ] ] ] ] } },
{ "type": "Feature", "properties": { "OID_": 0, "Name": "Jl.KH Mas MAnsyur -Pegirian", "FolderPath": "Data CCTV Usulan + 50 Jalur + Rencana 2026.kmz/Rencana 2026/Surabaya Utara.kmz/Wilayah Surabaya Utara Hendy/Kecamatan Semampir", "Jenis": "Rencana 2026", "SubJenis": "Surabaya Utara", "POINT_X": 112.742605251, "POINT_Y": -7.234069695, "POINT_Z": 0.0, "BUFF_DIST": 10.0, "ORIG_FID": 20 }, "geometry": { "type": "MultiPolygon", "coordinates": [ [ [ [ 112.7426052510001, -7.233979272451598 ], [ 112.742620974408652, -7.233980646172987 ], [ 112.74263622006967, -7.233984725597439 ], [ 112.742650524751696, -7.233991386773747 ], [ 112.742663453814401, -7.234000427305544 ], [ 112.742674614414824, -7.234011572500978 ], [ 112.742683667443828, -7.234024483719059 ], [ 112.742690337829544, -7.234038768659093 ], [ 112.742694422895525, -7.234053993280511 ], [ 112.742695798518881, -7.234069694990962 ], [ 112.742694422901707, -7.234085396701945 ], [ 112.742690337841125, -7.234100621324894 ], [ 112.742683667459417, -7.234114906267274 ], [ 112.742674614432573, -7.234127817488233 ], [ 112.742663453832137, -7.234138962686728 ], [ 112.742650524767299, -7.234148003221404 ], [ 112.742636220081238, -7.234154664400056 ], [ 112.74262097441482, -7.234158743826042 ], [ 112.7426052510001, -7.234160117548024 ], [ 112.742589527585395, -7.234158743826043 ], [ 112.742574281918962, -7.234154664400056 ], [ 112.742559977232901, -7.234148003221404 ], [ 112.742547048168063, -7.234138962686728 ], [ 112.742535887567627, -7.234127817488233 ], [ 112.742526834540797, -7.234114906267274 ], [ 112.742520164159089, -7.234100621324894 ], [ 112.742516079098507, -7.234085396701945 ], [ 112.742514703481334, -7.234069694990962 ], [ 112.742516079104675, -7.234053993280509 ], [ 112.742520164170656, -7.234038768659093 ], [ 112.742526834556386, -7.234024483719059 ], [ 112.742535887585376, -7.234011572500976 ], [ 112.742547048185813, -7.234000427305544 ], [ 112.742559977248519, -7.233991386773747 ], [ 112.742574281930544, -7.233984725597439 ], [ 112.742589527591562, -7.233980646172987 ], [ 112.7426052510001, -7.233979272451598 ] ] ] ] } },
{ "type": "Feature", "properties": { "OID_": 0, "Name": "Jl.Pegirian - Kertopaten", "FolderPath": "Data CCTV Usulan + 50 Jalur + Rencana 2026.kmz/Rencana 2026/Surabaya Utara.kmz/Wilayah Surabaya Utara Hendy/Kecamatan Semampir", "Jenis": "Rencana 2026", "SubJenis": "Surabaya Utara", "POINT_X": 112.743186947, "POINT_Y": -7.234381965, "POINT_Z": 0.0, "BUFF_DIST": 10.0, "ORIG_FID": 21 }, "geometry": { "type": "MultiPolygon", "coordinates": [ [ [ [ 112.743186947000027, -7.234291542452806 ], [ 112.743202670419393, -7.234292916174198 ], [ 112.74321791609087, -7.234296995598594 ], [ 112.74323222078273, -7.234303656774812 ], [ 112.743245149854317, -7.234312697306485 ], [ 112.743256310462428, -7.234323842501766 ], [ 112.743265363497642, -7.234336753719671 ], [ 112.743272033887934, -7.23435103865951 ], [ 112.743276118956743, -7.23436626328072 ], [ 112.743277494581037, -7.234381964990956 ], [ 112.74327611896291, -7.234397666701725 ], [ 112.74327203389953, -7.234412891324463 ], [ 112.743265363513231, -7.234427176266649 ], [ 112.743256310480177, -7.234440087487433 ], [ 112.743245149872067, -7.234451232685774 ], [ 112.743232220798333, -7.234460273220327 ], [ 112.743217916102452, -7.23446693439889 ], [ 112.743202670425546, -7.23447101382482 ], [ 112.743186947000027, -7.234472387546758 ], [ 112.743171223574507, -7.23447101382482 ], [ 112.743155977897601, -7.23446693439889 ], [ 112.74314167320172, -7.234460273220325 ], [ 112.743128744127986, -7.234451232685774 ], [ 112.74311758351989, -7.234440087487433 ], [ 112.743108530486822, -7.234427176266649 ], [ 112.743101860100523, -7.234412891324464 ], [ 112.743097775037143, -7.234397666701725 ], [ 112.743096399419017, -7.234381964990956 ], [ 112.743097775043324, -7.23436626328072 ], [ 112.74310186011212, -7.23435103865951 ], [ 112.743108530502425, -7.234336753719671 ], [ 112.743117583537625, -7.234323842501766 ], [ 112.743128744145736, -7.234312697306485 ], [ 112.743141673217323, -7.234303656774811 ], [ 112.743155977909183, -7.234296995598594 ], [ 112.743171223580674, -7.234292916174198 ], [ 112.743186947000027, -7.234291542452806 ] ] ] ] } },
{ "type": "Feature", "properties": { "OID_": 0, "Name": "JL.Nyamplungan 1 PB", "FolderPath": "Data CCTV Usulan + 50 Jalur + Rencana 2026.kmz/Rencana 2026/Surabaya Utara.kmz/Wilayah Surabaya Utara Hendy/Kecamatan Semampir", "Jenis": "Rencana 2026", "SubJenis": "Surabaya Utara", "POINT_X": 112.745565504, "POINT_Y": -7.227781571, "POINT_Z": 0.0, "BUFF_DIST": 10.0, "ORIG_FID": 22 }, "geometry": { "type": "MultiPolygon", "coordinates": [ [ [ [ 112.745565504000069, -7.227691148426683 ], [ 112.745581227191124, -7.227692522148497 ], [ 112.745596472641253, -7.227696601574075 ], [ 112.745610777125407, -7.227703262752217 ], [ 112.745623706009269, -7.227712303286504 ], [ 112.745634866455319, -7.227723448485004 ], [ 112.745643919359068, -7.227736359706643 ], [ 112.745650589652527, -7.227750644650609 ], [ 112.745654674662006, -7.227765869276217 ], [ 112.745656050266334, -7.227781570990991 ], [ 112.74565467466816, -7.227797272706296 ], [ 112.745650589664095, -7.227812497333434 ], [ 112.745643919374672, -7.227826782279744 ], [ 112.745634866473054, -7.227839693504257 ], [ 112.74562370602699, -7.227850838705817 ], [ 112.745610777140996, -7.227859879242979 ], [ 112.745596472652821, -7.227866540423467 ], [ 112.745581227197277, -7.227870619850574 ], [ 112.745565504000069, -7.227871993572887 ], [ 112.745549780802875, -7.227870619850574 ], [ 112.745534535347318, -7.227866540423467 ], [ 112.745520230859157, -7.227859879242979 ], [ 112.745507301973163, -7.227850838705817 ], [ 112.745496141527099, -7.227839693504255 ], [ 112.745487088625481, -7.227826782279744 ], [ 112.745480418336058, -7.227812497333434 ], [ 112.745476333331979, -7.227797272706296 ], [ 112.745474957733819, -7.227781570990991 ], [ 112.745476333338146, -7.227765869276219 ], [ 112.745480418347611, -7.227750644650609 ], [ 112.745487088641084, -7.227736359706642 ], [ 112.745496141544834, -7.227723448485004 ], [ 112.745507301990884, -7.227712303286503 ], [ 112.745520230874732, -7.227703262752217 ], [ 112.7455345353589, -7.227696601574073 ], [ 112.745549780809029, -7.227692522148497 ], [ 112.745565504000069, -7.227691148426683 ] ] ] ] } },
{ "type": "Feature", "properties": { "OID_": 0, "Name": "Jl.Sidorame", "FolderPath": "Data CCTV Usulan + 50 Jalur + Rencana 2026.kmz/Rencana 2026/Surabaya Utara.kmz/Wilayah Surabaya Utara Hendy/Kecamatan Semampir", "Jenis": "Rencana 2026", "SubJenis": "Surabaya Utara", "POINT_X": 112.754357834, "POINT_Y": -7.234182431, "POINT_Z": 0.0, "BUFF_DIST": 10.0, "ORIG_FID": 23 }, "geometry": { "type": "MultiPolygon", "coordinates": [ [ [ [ 112.754357834000075, -7.234092008451981 ], [ 112.754373557412521, -7.234093382173432 ], [ 112.754388803077319, -7.234097461597865 ], [ 112.754403107762897, -7.23410412277414 ], [ 112.7544160368288, -7.234113163305894 ], [ 112.754427197432008, -7.234124308501271 ], [ 112.754436250463243, -7.234137219719289 ], [ 112.754442920850622, -7.234151504659252 ], [ 112.754447005917626, -7.234166729280595 ], [ 112.754448381541309, -7.234182430990968 ], [ 112.754447005923794, -7.234198132701875 ], [ 112.754442920862189, -7.234213357324746 ], [ 112.754436250478832, -7.234227642267057 ], [ 112.754427197449758, -7.234240553487954 ], [ 112.75441603684655, -7.234251698686393 ], [ 112.754403107778501, -7.234260739221022 ], [ 112.754388803088887, -7.234267400399643 ], [ 112.754373557418674, -7.234271479825609 ], [ 112.754357834000075, -7.234272853547513 ], [ 112.754342110581462, -7.234271479825609 ], [ 112.754326864911249, -7.234267400399643 ], [ 112.754312560221635, -7.234260739221024 ], [ 112.754299631153586, -7.234251698686393 ], [ 112.754288470550378, -7.234240553487952 ], [ 112.754279417521303, -7.234227642267055 ], [ 112.754272747137946, -7.234213357324746 ], [ 112.754268662076356, -7.234198132701875 ], [ 112.754267286458827, -7.234182430990968 ], [ 112.754268662082524, -7.234166729280595 ], [ 112.754272747149528, -7.234151504659252 ], [ 112.754279417536907, -7.23413721971929 ], [ 112.754288470568127, -7.234124308501271 ], [ 112.754299631171335, -7.234113163305894 ], [ 112.754312560237253, -7.23410412277414 ], [ 112.754326864922831, -7.234097461597867 ], [ 112.754342110587615, -7.234093382173434 ], [ 112.754357834000075, -7.234092008451981 ] ] ] ] } },
{ "type": "Feature", "properties": { "OID_": 0, "Name": "Perempatan Jl.Kenjeran", "FolderPath": "Data CCTV Usulan + 50 Jalur + Rencana 2026.kmz/Rencana 2026/Surabaya Utara.kmz/Wilayah Surabaya Utara Hendy/Kecamatan Kenjeran", "Jenis": "Rencana 2026", "SubJenis": "Surabaya Utara", "POINT_X": 112.76924006500001, "POINT_Y": -7.245232108, "POINT_Z": 0.0, "BUFF_DIST": 10.0, "ORIG_FID": 24 }, "geometry": { "type": "MultiPolygon", "coordinates": [ [ [ [ 112.769240065000076, -7.24514168549578 ], [ 112.769255788795178, -7.245143059216513 ], [ 112.769271034831021, -7.24514713863897 ], [ 112.769285339864737, -7.245153799812017 ], [ 112.769298269245311, -7.245162840339391 ], [ 112.769309430120146, -7.245173985529367 ], [ 112.769318483371705, -7.245186896741131 ], [ 112.769325153921429, -7.245201181674176 ], [ 112.769329239087853, -7.245216406288143 ], [ 112.769330614745044, -7.245232107990913 ], [ 112.769329239094034, -7.245247809694216 ], [ 112.769325153933025, -7.245263034309717 ], [ 112.769318483387337, -7.245277319245112 ], [ 112.769309430137923, -7.245290230459759 ], [ 112.769298269263075, -7.245301375652803 ], [ 112.769285339880369, -7.245310416183058 ], [ 112.769271034842617, -7.245317077358454 ], [ 112.76925578880136, -7.245321156782444 ], [ 112.769240065000076, -7.245322530503737 ], [ 112.769224341198779, -7.245321156782444 ], [ 112.769209095157521, -7.245317077358454 ], [ 112.769194790119769, -7.245310416183058 ], [ 112.769181860737064, -7.245301375652803 ], [ 112.769170699862229, -7.245290230459759 ], [ 112.769161646612801, -7.245277319245112 ], [ 112.769154976067114, -7.245263034309719 ], [ 112.769150890906104, -7.245247809694217 ], [ 112.769149515255094, -7.245232107990913 ], [ 112.769150890912286, -7.245216406288145 ], [ 112.76915497607871, -7.245201181674176 ], [ 112.769161646628447, -7.245186896741131 ], [ 112.769170699879993, -7.245173985529367 ], [ 112.769181860754841, -7.245162840339391 ], [ 112.769194790135401, -7.245153799812017 ], [ 112.769209095169131, -7.24514713863897 ], [ 112.769224341204961, -7.245143059216513 ], [ 112.769240065000076, -7.24514168549578 ] ] ] ] } },
{ "type": "Feature", "properties": { "OID_": 0, "Name": "Jl.Kedung Cowek", "FolderPath": "Data CCTV Usulan + 50 Jalur + Rencana 2026.kmz/Rencana 2026/Surabaya Utara.kmz/Wilayah Surabaya Utara Hendy/Kecamatan Kenjeran", "Jenis": "Rencana 2026", "SubJenis": "Surabaya Utara", "POINT_X": 112.777653847, "POINT_Y": -7.216662543, "POINT_Z": 0.0, "BUFF_DIST": 10.0, "ORIG_FID": 25 }, "geometry": { "type": "MultiPolygon", "coordinates": [ [ [ [ 112.777653847000011, -7.216572120382658 ], [ 112.777669569806946, -7.216573494105157 ], [ 112.777684814884637, -7.216577573532716 ], [ 112.777699119019317, -7.216584234714101 ], [ 112.777712047587329, -7.216593275252787 ], [ 112.777723207760744, -7.216604420456707 ], [ 112.777732260443329, -7.216617331684622 ], [ 112.777738930573818, -7.216631616635536 ], [ 112.777743015483495, -7.216646841268547 ], [ 112.777744391054213, -7.216662542990956 ], [ 112.777743015489648, -7.216678244713892 ], [ 112.777738930585372, -7.216693469348431 ], [ 112.77773226045889, -7.216707754301682 ], [ 112.777723207778436, -7.21672066553247 ], [ 112.777712047605036, -7.216731810739448 ], [ 112.777699119034892, -7.216740851281003 ], [ 112.777684814896176, -7.216747512464726 ], [ 112.777669569813085, -7.216751591893813 ], [ 112.777653847000011, -7.216752965616778 ], [ 112.777638124186922, -7.216751591893814 ], [ 112.777622879103831, -7.216747512464726 ], [ 112.777608574965114, -7.216740851281001 ], [ 112.777595646394985, -7.216731810739448 ], [ 112.777584486221585, -7.21672066553247 ], [ 112.777575433541131, -7.216707754301682 ], [ 112.777568763414649, -7.216693469348431 ], [ 112.777564678510373, -7.216678244713892 ], [ 112.777563302945794, -7.216662542990956 ], [ 112.777564678516512, -7.216646841268547 ], [ 112.777568763426189, -7.216631616635536 ], [ 112.777575433556692, -7.216617331684622 ], [ 112.777584486239277, -7.216604420456707 ], [ 112.777595646412692, -7.216593275252785 ], [ 112.77760857498069, -7.2165842347141 ], [ 112.777622879115384, -7.216577573532716 ], [ 112.777638124193075, -7.216573494105157 ], [ 112.777653847000011, -7.216572120382658 ] ] ] ] } },
{ "type": "Feature", "properties": { "OID_": 0, "Name": "Jl.Kenjeran - Sidotopo Wetan", "FolderPath": "Data CCTV Usulan + 50 Jalur + Rencana 2026.kmz/Rencana 2026/Surabaya Utara.kmz/Wilayah Surabaya Utara Hendy/Kecamatan Kenjeran", "Jenis": "Rencana 2026", "SubJenis": "Surabaya Utara", "POINT_X": 112.757609096, "POINT_Y": -7.242036195, "POINT_Z": 0.0, "BUFF_DIST": 10.0, "ORIG_FID": 26 }, "geometry": { "type": "MultiPolygon", "coordinates": [ [ [ [ 112.75760909600001, -7.241945772483136 ], [ 112.757624819684381, -7.241947146204079 ], [ 112.757640065612847, -7.241951225627107 ], [ 112.757654370545808, -7.241957886801088 ], [ 112.757667299835319, -7.241966927329728 ], [ 112.757678460631553, -7.241978072521269 ], [ 112.757687513819349, -7.241990983734844 ], [ 112.757694184322091, -7.242005268669891 ], [ 112.757698269459752, -7.242020493285993 ], [ 112.757699645107238, -7.242036194990963 ], [ 112.757698269465919, -7.242051896696465 ], [ 112.757694184333687, -7.242067121314099 ], [ 112.757687513834966, -7.242081406251495 ], [ 112.757678460649316, -7.24209431746795 ], [ 112.757667299853082, -7.242105462662556 ], [ 112.757654370561426, -7.242114503194077 ], [ 112.757640065624443, -7.242121164370408 ], [ 112.757624819690562, -7.242125243794968 ], [ 112.75760909600001, -7.242126617516433 ], [ 112.757593372309458, -7.24212524379497 ], [ 112.757578126375591, -7.242121164370408 ], [ 112.757563821438595, -7.242114503194077 ], [ 112.757550892146938, -7.242105462662556 ], [ 112.757539731350704, -7.24209431746795 ], [ 112.757530678165054, -7.242081406251495 ], [ 112.757524007666333, -7.242067121314101 ], [ 112.757519922534101, -7.242051896696465 ], [ 112.757518546892783, -7.242036194990963 ], [ 112.757519922540268, -7.242020493285991 ], [ 112.757524007677929, -7.242005268669891 ], [ 112.757530678180672, -7.241990983734844 ], [ 112.757539731368468, -7.241978072521269 ], [ 112.757550892164701, -7.24196692732973 ], [ 112.757563821454212, -7.241957886801088 ], [ 112.757578126387173, -7.241951225627106 ], [ 112.75759337231564, -7.241947146204079 ], [ 112.75760909600001, -7.241945772483136 ] ] ] ] } },
{ "type": "Feature", "properties": { "OID_": 0, "Name": "Jl.Kenjeran PB 4", "FolderPath": "Data CCTV Usulan + 50 Jalur + Rencana 2026.kmz/Rencana 2026/Surabaya Utara.kmz/Wilayah Surabaya Utara Hendy/Kecamatan Kenjeran", "Jenis": "Rencana 2026", "SubJenis": "Surabaya Utara", "POINT_X": 112.754715891, "POINT_Y": -7.241402117, "POINT_Z": 0.0, "BUFF_DIST": 10.0, "ORIG_FID": 27 }, "geometry": { "type": "MultiPolygon", "coordinates": [ [ [ [ 112.754715891000046, -7.241311694480613 ], [ 112.754731614662447, -7.241313068201584 ], [ 112.754746860569611, -7.241317147624727 ], [ 112.754761165482591, -7.241323808798896 ], [ 112.75477409475404, -7.241332849327787 ], [ 112.754785255534685, -7.241343994519636 ], [ 112.754794308709833, -7.241356905733569 ], [ 112.754800979203253, -7.241371190669012 ], [ 112.754805064335201, -7.241386415285537 ], [ 112.754806439980783, -7.241402116990945 ], [ 112.754805064341369, -7.241417818696883 ], [ 112.754800979214849, -7.24143304331494 ], [ 112.754794308725451, -7.241447328252733 ], [ 112.754785255552434, -7.241460239469546 ], [ 112.754774094771804, -7.241471384664464 ], [ 112.754761165498223, -7.241480425196238 ], [ 112.754746860581207, -7.241487086372751 ], [ 112.754731614668614, -7.241491165797428 ], [ 112.754715891000046, -7.241492539518943 ], [ 112.754700167331464, -7.241491165797428 ], [ 112.754684921418871, -7.241487086372751 ], [ 112.754670616501869, -7.241480425196238 ], [ 112.754657687228274, -7.241471384664464 ], [ 112.754646526447644, -7.241460239469546 ], [ 112.754637473274641, -7.241447328252734 ], [ 112.754630802785229, -7.241433043314942 ], [ 112.754626717658709, -7.241417818696885 ], [ 112.75462534201931, -7.241402116990945 ], [ 112.754626717664877, -7.241386415285538 ], [ 112.754630802796825, -7.241371190669012 ], [ 112.754637473290245, -7.241356905733569 ], [ 112.754646526465407, -7.241343994519634 ], [ 112.754657687246038, -7.241332849327787 ], [ 112.754670616517487, -7.241323808798896 ], [ 112.754684921430467, -7.241317147624727 ], [ 112.754700167337631, -7.241313068201584 ], [ 112.754715891000046, -7.241311694480613 ] ] ] ] } },
{ "type": "Feature", "properties": { "OID_": 0, "Name": "Jl.Kenjeran PB 3", "FolderPath": "Data CCTV Usulan + 50 Jalur + Rencana 2026.kmz/Rencana 2026/Surabaya Utara.kmz/Wilayah Surabaya Utara Hendy/Kecamatan Kenjeran", "Jenis": "Rencana 2026", "SubJenis": "Surabaya Utara", "POINT_X": 112.76507014400001, "POINT_Y": -7.244122816, "POINT_Z": 0.0, "BUFF_DIST": 10.0, "ORIG_FID": 28 }, "geometry": { "type": "MultiPolygon", "coordinates": [ [ [ [ 112.765070144000106, -7.244032393491399 ], [ 112.765085867756781, -7.244033767212215 ], [ 112.765101113755335, -7.244037846634872 ], [ 112.765115418754078, -7.244044507808242 ], [ 112.765128348103033, -7.244053548336057 ], [ 112.765139508950568, -7.244064693526577 ], [ 112.765148562180002, -7.244077604738967 ], [ 112.765155232713425, -7.244091889672708 ], [ 112.765159317869859, -7.244107114287416 ], [ 112.765160693523683, -7.24412281599095 ], [ 112.765159317876027, -7.244138517695017 ], [ 112.765155232725022, -7.244153742311259 ], [ 112.765148562195634, -7.244168027247348 ], [ 112.765139508968346, -7.244180938462621 ], [ 112.765128348120797, -7.244192083656208 ], [ 112.76511541876971, -7.244201124186903 ], [ 112.765101113766931, -7.244207785362625 ], [ 112.765085867762949, -7.244211864786813 ], [ 112.765070144000106, -7.244213238508157 ], [ 112.765054420237249, -7.244211864786813 ], [ 112.76503917423328, -7.244207785362625 ], [ 112.765024869230487, -7.244201124186905 ], [ 112.7650119398794, -7.244192083656208 ], [ 112.765000779031851, -7.244180938462622 ], [ 112.764991725804578, -7.244168027247346 ], [ 112.764985055275176, -7.244153742311259 ], [ 112.764980970124171, -7.244138517695017 ], [ 112.764979594476515, -7.24412281599095 ], [ 112.764980970130338, -7.244107114287416 ], [ 112.764985055286772, -7.244091889672708 ], [ 112.764991725820195, -7.244077604738968 ], [ 112.765000779049629, -7.244064693526576 ], [ 112.765011939897164, -7.244053548336056 ], [ 112.765024869246133, -7.244044507808242 ], [ 112.765039174244862, -7.244037846634872 ], [ 112.76505442024343, -7.244033767212217 ], [ 112.765070144000106, -7.244032393491399 ] ] ] ] } },
{ "type": "Feature", "properties": { "OID_": 0, "Name": "Jl.Kedung Cowek 2 PB", "FolderPath": "Data CCTV Usulan + 50 Jalur + Rencana 2026.kmz/Rencana 2026/Surabaya Utara.kmz/Wilayah Surabaya Utara Hendy/Kecamatan Kenjeran", "Jenis": "Rencana 2026", "SubJenis": "Surabaya Utara", "POINT_X": 112.773803739, "POINT_Y": -7.229986005, "POINT_Z": 0.0, "BUFF_DIST": 10.0, "ORIG_FID": 29 }, "geometry": { "type": "MultiPolygon", "coordinates": [ [ [ [ 112.773803739000073, -7.229895582435339 ], [ 112.77381946226734, -7.229896956157051 ], [ 112.77383470779138, -7.229901035582235 ], [ 112.773849012344883, -7.229907696759734 ], [ 112.773861941291415, -7.229916737293149 ], [ 112.77387310179158, -7.229927882490573 ], [ 112.773882154739226, -7.229940793710965 ], [ 112.773888825065015, -7.229955078653552 ], [ 112.773892910094304, -7.229970303277693 ], [ 112.773894285705296, -7.229986004990953 ], [ 112.773892910100457, -7.230001706704742 ], [ 112.773888825076597, -7.230016931330411 ], [ 112.77388215475483, -7.230031216275345 ], [ 112.773873101809315, -7.230044127498613 ], [ 112.77386194130915, -7.2300552726991 ], [ 112.773849012360472, -7.230064313235389 ], [ 112.773834707802962, -7.230070974415232 ], [ 112.773819462273508, -7.230075053841948 ], [ 112.773803739000073, -7.2300764275641 ], [ 112.773788015726637, -7.230075053841948 ], [ 112.773772770197183, -7.230070974415232 ], [ 112.773758465639659, -7.230064313235389 ], [ 112.773745536690981, -7.2300552726991 ], [ 112.773734376190816, -7.230044127498612 ], [ 112.773725323245316, -7.230031216275345 ], [ 112.773718652923534, -7.230016931330411 ], [ 112.773714567899674, -7.230001706704742 ], [ 112.773713192294835, -7.229986004990953 ], [ 112.773714567905827, -7.229970303277694 ], [ 112.773718652935116, -7.229955078653552 ], [ 112.773725323260905, -7.229940793710965 ], [ 112.773734376208552, -7.229927882490575 ], [ 112.773745536708716, -7.229916737293149 ], [ 112.773758465655249, -7.229907696759734 ], [ 112.773772770208751, -7.229901035582235 ], [ 112.773788015732791, -7.229896956157051 ], [ 112.773803739000073, -7.229895582435339 ] ] ] ] } },
{ "type": "Feature", "properties": { "OID_": 0, "Name": "Jl.Kedung Cowek 1 PB", "FolderPath": "Data CCTV Usulan + 50 Jalur + Rencana 2026.kmz/Rencana 2026/Surabaya Utara.kmz/Wilayah Surabaya Utara Hendy/Kecamatan Kenjeran", "Jenis": "Rencana 2026", "SubJenis": "Surabaya Utara", "POINT_X": 112.770018041, "POINT_Y": -7.239393561, "POINT_Z": 0.0, "BUFF_DIST": 10.0, "ORIG_FID": 30 }, "geometry": { "type": "MultiPolygon", "coordinates": [ [ [ [ 112.770018041000071, -7.239303138472647 ], [ 112.77003376459291, -7.239304512193725 ], [ 112.770049010432629, -7.239308591617225 ], [ 112.770063315282314, -7.239315252791982 ], [ 112.770076244496565, -7.239324293321668 ], [ 112.770087405227827, -7.239335438514499 ], [ 112.770096458362914, -7.23934834972957 ], [ 112.770103128826833, -7.239362634666271 ], [ 112.770107213940705, -7.239377859284136 ], [ 112.77010858958019, -7.239393560990925 ], [ 112.770107213946872, -7.239409262698246 ], [ 112.770103128838429, -7.239424487317646 ], [ 112.770096458378532, -7.239438772256694 ], [ 112.770087405245576, -7.239451683474645 ], [ 112.770076244514328, -7.239462828670542 ], [ 112.770063315297946, -7.239471869203108 ], [ 112.770049010444211, -7.23947853038021 ], [ 112.770033764599077, -7.239482609805244 ], [ 112.770018041000071, -7.239483983526895 ], [ 112.770002317401065, -7.239482609805244 ], [ 112.769987071555931, -7.23947853038021 ], [ 112.76997276670221, -7.239471869203109 ], [ 112.769959837485814, -7.239462828670542 ], [ 112.769948676754581, -7.239451683474643 ], [ 112.76993962362161, -7.239438772256694 ], [ 112.769932953161728, -7.239424487317648 ], [ 112.76992886805327, -7.239409262698246 ], [ 112.769927492419967, -7.239393560990925 ], [ 112.769928868059438, -7.239377859284136 ], [ 112.76993295317331, -7.239362634666271 ], [ 112.769939623637228, -7.239348349729569 ], [ 112.769948676772316, -7.239335438514499 ], [ 112.769959837503578, -7.239324293321666 ], [ 112.769972766717828, -7.239315252791981 ], [ 112.769987071567527, -7.239308591617225 ], [ 112.770002317407233, -7.239304512193725 ], [ 112.770018041000071, -7.239303138472647 ] ] ] ] } },
{ "type": "Feature", "properties": { "OID_": 0, "Name": "Perempatan Jl. Sidotopo - Kenjeran", "FolderPath": "Data CCTV Usulan + 50 Jalur + Rencana 2026.kmz/Rencana 2026/Surabaya Utara.kmz/Wilayah Surabaya Utara Hendy/Kecamatan Bulak", "Jenis": "Rencana 2026", "SubJenis": "Surabaya Utara", "POINT_X": 112.7530399, "POINT_Y": -7.240920303, "POINT_Z": 0.0, "BUFF_DIST": 10.0, "ORIG_FID": 31 }, "geometry": { "type": "MultiPolygon", "coordinates": [ [ [ [ 112.75303990000009, -7.240829880478643 ], [ 112.753055623645807, -7.240831254199694 ], [ 112.753070869536771, -7.240835333622922 ], [ 112.753085174434588, -7.240841994797228 ], [ 112.753098103692309, -7.240851035326312 ], [ 112.753109264461102, -7.240862180518396 ], [ 112.75311831762663, -7.240875091732603 ], [ 112.753124988112987, -7.240889376668347 ], [ 112.753129073240586, -7.240904601285195 ], [ 112.753130448884704, -7.240920302990935 ], [ 112.753129073246768, -7.240936004697204 ], [ 112.753124988124583, -7.240951229315583 ], [ 112.753118317642262, -7.240965514253679 ], [ 112.753109264478852, -7.240978425470763 ], [ 112.753098103710073, -7.240989570665917 ], [ 112.753085174450192, -7.240998611197879 ], [ 112.753070869548381, -7.241005272374535 ], [ 112.75305562365196, -7.241009351799295 ], [ 112.75303990000009, -7.241010725520789 ], [ 112.753024176348205, -7.241009351799296 ], [ 112.753008930451784, -7.241005272374535 ], [ 112.752994625549974, -7.240998611197877 ], [ 112.752981696290092, -7.240989570665917 ], [ 112.752970535521314, -7.240978425470763 ], [ 112.752961482357904, -7.240965514253677 ], [ 112.752954811875583, -7.240951229315583 ], [ 112.752950726753397, -7.240936004697204 ], [ 112.752949351115461, -7.240920302990935 ], [ 112.752950726759579, -7.240904601285195 ], [ 112.752954811887193, -7.240889376668347 ], [ 112.752961482373536, -7.240875091732603 ], [ 112.752970535539063, -7.240862180518397 ], [ 112.752981696307856, -7.240851035326312 ], [ 112.752994625565577, -7.240841994797228 ], [ 112.753008930463395, -7.240835333622922 ], [ 112.753024176354359, -7.240831254199694 ], [ 112.75303990000009, -7.240829880478643 ] ] ] ] } },
{ "type": "Feature", "properties": { "OID_": 0, "Name": "Jl.Kedung Cowek 3 PB", "FolderPath": "Data CCTV Usulan + 50 Jalur + Rencana 2026.kmz/Rencana 2026/Surabaya Utara.kmz/Wilayah Surabaya Utara Hendy/Kecamatan Bulak", "Jenis": "Rencana 2026", "SubJenis": "Surabaya Utara", "POINT_X": 112.77733218, "POINT_Y": -7.220018334, "POINT_Z": 0.0, "BUFF_DIST": 10.0, "ORIG_FID": 32 }, "geometry": { "type": "MultiPolygon", "coordinates": [ [ [ [ 112.77733218000003, -7.219927911396011 ], [ 112.777347902922827, -7.219929285118259 ], [ 112.777363148112855, -7.219933364545223 ], [ 112.777377452352965, -7.219940025725627 ], [ 112.777390381016247, -7.219949066262986 ], [ 112.7774015412719, -7.219960211465273 ], [ 112.777410594021205, -7.219973122691295 ], [ 112.777417264200849, -7.219987407640113 ], [ 112.777421349140624, -7.22000263227089 ], [ 112.77742272472149, -7.220018333990994 ], [ 112.777421349146792, -7.220034035711631 ], [ 112.777417264212417, -7.220049260343937 ], [ 112.777410594036766, -7.220063545295096 ], [ 112.777401541289606, -7.220076456523989 ], [ 112.777390381033953, -7.220087601729333 ], [ 112.77737745236854, -7.220096642269563 ], [ 112.777363148124422, -7.22010330345231 ], [ 112.777347902928994, -7.2201073828808 ], [ 112.77733218000003, -7.220108756603611 ], [ 112.77731645707108, -7.2201073828808 ], [ 112.777301211875653, -7.22010330345231 ], [ 112.777286907631535, -7.220096642269563 ], [ 112.777273978966122, -7.220087601729333 ], [ 112.777262818710469, -7.220076456523989 ], [ 112.777253765963295, -7.220063545295096 ], [ 112.777247095787658, -7.220049260343937 ], [ 112.777243010853283, -7.220034035711631 ], [ 112.777241635278585, -7.220018333990994 ], [ 112.777243010859436, -7.22000263227089 ], [ 112.777247095799225, -7.219987407640113 ], [ 112.77725376597887, -7.219973122691295 ], [ 112.777262818728175, -7.219960211465273 ], [ 112.777273978983828, -7.219949066262986 ], [ 112.777286907647095, -7.219940025725627 ], [ 112.777301211887206, -7.219933364545223 ], [ 112.777316457077234, -7.219929285118259 ], [ 112.77733218000003, -7.219927911396011 ] ] ] ] } },
{ "type": "Feature", "properties": { "OID_": 0, "Name": "Jl.Kenjeran 1", "FolderPath": "Data CCTV Usulan + 50 Jalur + Rencana 2026.kmz/Rencana 2026/Surabaya Utara.kmz/Wilayah Surabaya Utara Hendy/Kecamatan Bulak", "Jenis": "Rencana 2026", "SubJenis": "Surabaya Utara", "POINT_X": 112.792635628, "POINT_Y": -7.251922426, "POINT_Z": 0.0, "BUFF_DIST": 10.0, "ORIG_FID": 33 }, "geometry": { "type": "MultiPolygon", "coordinates": [ [ [ [ 112.792635628000085, -7.251832003522385 ], [ 112.792651352027178, -7.251833377242692 ], [ 112.792666598287951, -7.251837456663952 ], [ 112.792680903532727, -7.251844117835041 ], [ 112.792693833104067, -7.25185315835976 ], [ 112.792704994143563, -7.251864303546463 ], [ 112.79271404752869, -7.251877214754437 ], [ 112.792720718176838, -7.251891499683287 ], [ 112.792724803403544, -7.251906724292784 ], [ 112.792726179081029, -7.251922425990945 ], [ 112.792724803409726, -7.251938127689638 ], [ 112.792720718188448, -7.251953352300673 ], [ 112.792714047544337, -7.251967637231872 ], [ 112.792704994161355, -7.25198054844273 ], [ 112.792693833121845, -7.251991693632505 ], [ 112.792680903548373, -7.252000734160108 ], [ 112.792666598299576, -7.252007395333551 ], [ 112.79265135203336, -7.252011474756344 ], [ 112.792635628000085, -7.252012848477256 ], [ 112.792619903966795, -7.252011474756344 ], [ 112.792604657700593, -7.252007395333551 ], [ 112.792590352451782, -7.252000734160108 ], [ 112.79257742287831, -7.251991693632505 ], [ 112.7925662618388, -7.25198054844273 ], [ 112.792557208455818, -7.251967637231873 ], [ 112.792550537811707, -7.251953352300673 ], [ 112.792546452590429, -7.251938127689639 ], [ 112.79254507691914, -7.251922425990945 ], [ 112.792546452596611, -7.251906724292786 ], [ 112.792550537823317, -7.251891499683286 ], [ 112.792557208471464, -7.251877214754437 ], [ 112.792566261856607, -7.251864303546465 ], [ 112.792577422896102, -7.25185315835976 ], [ 112.792590352467428, -7.251844117835043 ], [ 112.792604657712204, -7.251837456663952 ], [ 112.792619903972977, -7.251833377242692 ], [ 112.792635628000085, -7.251832003522385 ] ] ] ] } },
{ "type": "Feature", "properties": { "OID_": 0, "Name": "Jl.Kenjeran 1 PB Bulak", "FolderPath": "Data CCTV Usulan + 50 Jalur + Rencana 2026.kmz/Rencana 2026/Surabaya Utara.kmz/Wilayah Surabaya Utara Hendy/Kecamatan Bulak", "Jenis": "Rencana 2026", "SubJenis": "Surabaya Utara", "POINT_X": 112.79133240100001, "POINT_Y": -7.251684736, "POINT_Z": 0.0, "BUFF_DIST": 10.0, "ORIG_FID": 34 }, "geometry": { "type": "MultiPolygon", "coordinates": [ [ [ [ 112.791332401000091, -7.251594313521415 ], [ 112.791348125018942, -7.25159568724176 ], [ 112.791363371271714, -7.251599766663061 ], [ 112.791377676509001, -7.25160642783422 ], [ 112.791390606073534, -7.251615468359033 ], [ 112.791401767107189, -7.251626613545852 ], [ 112.791410820487584, -7.251639524753961 ], [ 112.791417491132236, -7.251653809682959 ], [ 112.791421576356797, -7.251669034292615 ], [ 112.791422952033557, -7.25168473599094 ], [ 112.791421576362964, -7.251700437689799 ], [ 112.791417491143847, -7.25171566230099 ], [ 112.791410820503216, -7.251729947232341 ], [ 112.791401767124981, -7.251742858443333 ], [ 112.79139060609134, -7.251754003633223 ], [ 112.791377676524647, -7.25176304416092 ], [ 112.791363371283339, -7.251769705334431 ], [ 112.791348125025124, -7.251773784757269 ], [ 112.791332401000091, -7.251775158478173 ], [ 112.791316676975057, -7.251773784757269 ], [ 112.791301430716842, -7.251769705334431 ], [ 112.791287125475534, -7.251763044160919 ], [ 112.791274195908841, -7.251754003633223 ], [ 112.7912630348752, -7.251742858443333 ], [ 112.791253981496965, -7.251729947232339 ], [ 112.791247310856335, -7.25171566230099 ], [ 112.791243225637203, -7.251700437689799 ], [ 112.791241849966624, -7.25168473599094 ], [ 112.791243225643385, -7.251669034292616 ], [ 112.791247310867945, -7.251653809682959 ], [ 112.791253981512597, -7.251639524753961 ], [ 112.791263034892992, -7.251626613545852 ], [ 112.791274195926633, -7.251615468359033 ], [ 112.791287125491181, -7.25160642783422 ], [ 112.791301430728453, -7.25159976666306 ], [ 112.791316676981239, -7.25159568724176 ], [ 112.791332401000091, -7.251594313521415 ] ] ] ] } },
{ "type": "Feature", "properties": { "OID_": 0, "Name": "Jl. Abdul Latif", "FolderPath": "Data CCTV Usulan + 50 Jalur + Rencana 2026.kmz/Rencana 2026/Surabaya Utara.kmz/Wilayah Surabaya Utara Hendy/Kecamatan Bulak", "Jenis": "Rencana 2026", "SubJenis": "Surabaya Utara", "POINT_X": 112.795160321, "POINT_Y": -7.241023954, "POINT_Z": 0.0, "BUFF_DIST": 10.0, "ORIG_FID": 35 }, "geometry": { "type": "MultiPolygon", "coordinates": [ [ [ [ 112.795160321000026, -7.240933531479149 ], [ 112.795176044649338, -7.240934905200114 ], [ 112.795191290543798, -7.240938984623326 ], [ 112.795205595444855, -7.240945645797606 ], [ 112.795218524705533, -7.240954686326645 ], [ 112.795229685476883, -7.240965831518679 ], [ 112.795238738644485, -7.240978742732827 ], [ 112.795245409132349, -7.240993027668507 ], [ 112.795249494260901, -7.241008252285285 ], [ 112.795250869905317, -7.241023953990951 ], [ 112.795249494267068, -7.241039655697151 ], [ 112.795245409143959, -7.241054880315462 ], [ 112.795238738660103, -7.241069165253491 ], [ 112.795229685494633, -7.241082076470518 ], [ 112.79521852472331, -7.241093221665619 ], [ 112.795205595460487, -7.241102262197542 ], [ 112.795191290555394, -7.241108923374167 ], [ 112.795176044655506, -7.241113002798907 ], [ 112.795160321000026, -7.241114376520478 ], [ 112.795144597344546, -7.241113002798907 ], [ 112.795129351444658, -7.241108923374167 ], [ 112.795115046539564, -7.241102262197542 ], [ 112.795102117276741, -7.241093221665619 ], [ 112.795090956505419, -7.241082076470518 ], [ 112.795081903339948, -7.241069165253491 ], [ 112.795075232856107, -7.241054880315462 ], [ 112.795071147732983, -7.241039655697151 ], [ 112.795069772094735, -7.241023953990951 ], [ 112.795071147739151, -7.241008252285283 ], [ 112.795075232867703, -7.240993027668507 ], [ 112.795081903355566, -7.240978742732827 ], [ 112.795090956523168, -7.240965831518679 ], [ 112.795102117294519, -7.240954686326645 ], [ 112.795115046555196, -7.240945645797606 ], [ 112.795129351456254, -7.240938984623326 ], [ 112.795144597350713, -7.240934905200114 ], [ 112.795160321000026, -7.240933531479149 ] ] ] ] } },
{ "type": "Feature", "properties": { "OID_": 0, "Name": "Depan THP Kenjeran", "FolderPath": "Data CCTV Usulan + 50 Jalur + Rencana 2026.kmz/Rencana 2026/Surabaya Utara.kmz/Wilayah Surabaya Utara Hendy/Kecamatan Bulak", "Jenis": "Rencana 2026", "SubJenis": "Surabaya Utara", "POINT_X": 112.795210293, "POINT_Y": -7.238234561, "POINT_Z": 0.0, "BUFF_DIST": 10.0, "ORIG_FID": 36 }, "geometry": { "type": "MultiPolygon", "coordinates": [ [ [ [ 112.795210293000082, -7.238144138468037 ], [ 112.795226016552803, -7.238145512189231 ], [ 112.795241262353585, -7.238149591612938 ], [ 112.795255567166777, -7.238156252788031 ], [ 112.795268496348015, -7.238165293318176 ], [ 112.795279657050784, -7.238176438511577 ], [ 112.795288710162765, -7.238189349727302 ], [ 112.795295380609659, -7.238203634664728 ], [ 112.7952994657131, -7.238218859283367 ], [ 112.795300841349075, -7.238234560990953 ], [ 112.795299465719282, -7.238250262699071 ], [ 112.795295380621255, -7.238265487319243 ], [ 112.795288710178397, -7.238279772259019 ], [ 112.795279657068534, -7.238292683477623 ], [ 112.795268496365765, -7.238303828674085 ], [ 112.79525556718238, -7.238312869207114 ], [ 112.795241262365181, -7.238319530384552 ], [ 112.795226016558956, -7.238323609809791 ], [ 112.795210293000082, -7.238324983531473 ], [ 112.795194569441207, -7.238323609809793 ], [ 112.795179323634983, -7.238319530384552 ], [ 112.795165018817784, -7.238312869207112 ], [ 112.795152089634399, -7.238303828674085 ], [ 112.79514092893163, -7.238292683477622 ], [ 112.795131875821781, -7.238279772259017 ], [ 112.795125205378909, -7.238265487319245 ], [ 112.795121120280896, -7.238250262699073 ], [ 112.795119744651103, -7.238234560990953 ], [ 112.795121120287064, -7.238218859283366 ], [ 112.795125205390505, -7.238203634664728 ], [ 112.795131875837399, -7.238189349727302 ], [ 112.795140928949394, -7.238176438511575 ], [ 112.795152089652149, -7.238165293318176 ], [ 112.795165018833401, -7.238156252788031 ], [ 112.795179323646579, -7.238149591612938 ], [ 112.795194569447375, -7.238145512189231 ], [ 112.795210293000082, -7.238144138468037 ] ] ] ] } },
{ "type": "Feature", "properties": { "OID_": 0, "Name": "Jl.Nambangan - Cumpat", "FolderPath": "Data CCTV Usulan + 50 Jalur + Rencana 2026.kmz/Rencana 2026/Surabaya Utara.kmz/Wilayah Surabaya Utara Hendy", "Jenis": "Rencana 2026", "SubJenis": "Surabaya Utara", "POINT_X": 112.787345618, "POINT_Y": -7.222538317, "POINT_Z": 0.0, "BUFF_DIST": 10.0, "ORIG_FID": 37 }, "geometry": { "type": "MultiPolygon", "coordinates": [ [ [ [ 112.787345618000018, -7.222447894405893 ], [ 112.78736134100987, -7.222449268128027 ], [ 112.787376586284282, -7.22245334755454 ], [ 112.787390890603575, -7.222460008734211 ], [ 112.787403819338437, -7.222469049270573 ], [ 112.787414979655878, -7.22248019447163 ], [ 112.787424032455291, -7.22249310569623 ], [ 112.78743070267187, -7.222507390643472 ], [ 112.787434787634268, -7.222522615272575 ], [ 112.787436163222722, -7.222538316990949 ], [ 112.787434787640422, -7.222554018709854 ], [ 112.787430702683423, -7.222569243340484 ], [ 112.787424032470867, -7.222583528290071 ], [ 112.787414979673585, -7.222596439517541 ], [ 112.787403819356157, -7.22260758472166 ], [ 112.787390890619164, -7.222616625260892 ], [ 112.787376586295849, -7.222623286442906 ], [ 112.787361341016023, -7.222627365870948 ], [ 112.787345618000018, -7.222628739593574 ], [ 112.787329894984026, -7.222627365870948 ], [ 112.787314649704186, -7.222623286442906 ], [ 112.787300345380871, -7.222616625260892 ], [ 112.787287416643892, -7.22260758472166 ], [ 112.787276256326464, -7.222596439517541 ], [ 112.787267203529183, -7.222583528290071 ], [ 112.787260533316612, -7.222569243340484 ], [ 112.787256448359614, -7.222554018709854 ], [ 112.787255072777313, -7.222538316990949 ], [ 112.787256448365781, -7.222522615272575 ], [ 112.78726053332818, -7.222507390643473 ], [ 112.787267203544744, -7.222493105696231 ], [ 112.787276256344171, -7.22248019447163 ], [ 112.787287416661613, -7.222469049270573 ], [ 112.78730034539646, -7.222460008734211 ], [ 112.787314649715753, -7.222453347554538 ], [ 112.787329894990179, -7.222449268128027 ], [ 112.787345618000018, -7.222447894405893 ] ] ] ] } },
{ "type": "Feature", "properties": { "OID_": 0, "Name": "Jl.Pantai Kenjeran Depan PA.Bulak", "FolderPath": "Data CCTV Usulan + 50 Jalur + Rencana 2026.kmz/Rencana 2026/Surabaya Utara.kmz/Wilayah Surabaya Utara Hendy", "Jenis": "Rencana 2026", "SubJenis": "Surabaya Utara", "POINT_X": 112.78917126100001, "POINT_Y": -7.226267896, "POINT_Z": 0.0, "BUFF_DIST": 10.0, "ORIG_FID": 38 }, "geometry": { "type": "MultiPolygon", "coordinates": [ [ [ [ 112.789171261000092, -7.226177473420718 ], [ 112.789186984138809, -7.226178847142588 ], [ 112.789202229538205, -7.226182926568434 ], [ 112.789216533974766, -7.226189587747019 ], [ 112.789229462815584, -7.226198628281904 ], [ 112.789240623224501, -7.226209773481143 ], [ 112.789249676098123, -7.226222684703638 ], [ 112.789256346369385, -7.22623696964855 ], [ 112.789260431365264, -7.226252194275166 ], [ 112.789261806965015, -7.22626789599098 ], [ 112.789260431371417, -7.226283597707324 ], [ 112.789256346380938, -7.226298822335472 ], [ 112.789249676113712, -7.226313107282729 ], [ 112.789240623242222, -7.226326018508095 ], [ 112.789229462833305, -7.226337163710393 ], [ 112.789216533990341, -7.226346204248155 ], [ 112.789202229549772, -7.226352865429083 ], [ 112.789186984144976, -7.22635694485646 ], [ 112.789171261000092, -7.2263583185789 ], [ 112.789155537855208, -7.22635694485646 ], [ 112.789140292450412, -7.226352865429083 ], [ 112.789125988009843, -7.226346204248155 ], [ 112.78911305916688, -7.226337163710393 ], [ 112.789101898757963, -7.226326018508093 ], [ 112.789092845886472, -7.226313107282729 ], [ 112.789086175619246, -7.226298822335472 ], [ 112.789082090628767, -7.226283597707324 ], [ 112.789080715035169, -7.22626789599098 ], [ 112.789082090634921, -7.226252194275166 ], [ 112.7890861756308, -7.22623696964855 ], [ 112.789092845902061, -7.226222684703638 ], [ 112.789101898775684, -7.226209773481145 ], [ 112.789113059184601, -7.226198628281904 ], [ 112.789125988025418, -7.226189587747019 ], [ 112.78914029246198, -7.226182926568433 ], [ 112.789155537861376, -7.226178847142588 ], [ 112.789171261000092, -7.226177473420718 ] ] ] ] } },
{ "type": "Feature", "properties": { "OID_": 0, "Name": "Jl.Pantai Kenjeran 6", "FolderPath": "Data CCTV Usulan + 50 Jalur + Rencana 2026.kmz/Rencana 2026/Surabaya Utara.kmz/Wilayah Surabaya Utara Hendy", "Jenis": "Rencana 2026", "SubJenis": "Surabaya Utara", "POINT_X": 112.792674975, "POINT_Y": -7.230544386, "POINT_Z": 0.0, "BUFF_DIST": 10.0, "ORIG_FID": 39 }, "geometry": { "type": "MultiPolygon", "coordinates": [ [ [ [ 112.792674975000068, -7.230453963437594 ], [ 112.792690698286663, -7.230455337159245 ], [ 112.792705943829418, -7.230459416584328 ], [ 112.792720248400485, -7.230466077761665 ], [ 112.792733177362905, -7.230475118294857 ], [ 112.792744337876783, -7.23048626349201 ], [ 112.792753390835543, -7.230499174712087 ], [ 112.792760061169531, -7.230513459654326 ], [ 112.792764146203837, -7.230528684278094 ], [ 112.79276552181652, -7.230544385990969 ], [ 112.79276414620999, -7.230560087704375 ], [ 112.792760061181099, -7.230575312329672 ], [ 112.792753390851132, -7.230589597274258 ], [ 112.792744337894518, -7.230602508497208 ], [ 112.792733177380654, -7.230613653697422 ], [ 112.792720248416089, -7.230622694233494 ], [ 112.792705943841, -7.230629355413174 ], [ 112.792690698292816, -7.230633434839787 ], [ 112.792674975000068, -7.230634808561931 ], [ 112.79265925170732, -7.230633434839789 ], [ 112.792644006159151, -7.230629355413174 ], [ 112.792629701584062, -7.230622694233494 ], [ 112.792616772619496, -7.230613653697422 ], [ 112.792605612105632, -7.23060250849721 ], [ 112.792596559149004, -7.230589597274258 ], [ 112.792589888819052, -7.230575312329674 ], [ 112.792585803790161, -7.230560087704375 ], [ 112.792584428183631, -7.230544385990969 ], [ 112.792585803796314, -7.230528684278092 ], [ 112.792589888830619, -7.230513459654326 ], [ 112.792596559164608, -7.230499174712087 ], [ 112.792605612123367, -7.23048626349201 ], [ 112.792616772637246, -7.230475118294857 ], [ 112.792629701599651, -7.230466077761665 ], [ 112.792644006170718, -7.230459416584328 ], [ 112.792659251713488, -7.230455337159245 ], [ 112.792674975000068, -7.230453963437594 ] ] ] ] } },
{ "type": "Feature", "properties": { "OID_": 0, "Name": "Jl.Kenjeran PB 2", "FolderPath": "Data CCTV Usulan + 50 Jalur + Rencana 2026.kmz/Rencana 2026/Surabaya Utara.kmz/Wilayah Surabaya Utara Hendy", "Jenis": "Rencana 2026", "SubJenis": "Surabaya Utara", "POINT_X": 112.778165104, "POINT_Y": -7.248099372, "POINT_Z": 0.0, "BUFF_DIST": 10.0, "ORIG_FID": 40 }, "geometry": { "type": "MultiPolygon", "coordinates": [ [ [ [ 112.778165104000095, -7.248008949507169 ], [ 112.778180827894602, -7.248010323227742 ], [ 112.778196074026823, -7.248014402649686 ], [ 112.778210379150963, -7.248021063821896 ], [ 112.778223308613249, -7.248030104348131 ], [ 112.778234469558654, -7.248041249536705 ], [ 112.778243522867442, -7.248054160746846 ], [ 112.778250193459328, -7.248068445678092 ], [ 112.778254278651588, -7.248083670290145 ], [ 112.778255654317462, -7.24809937199094 ], [ 112.778254278657769, -7.248115073692268 ], [ 112.778250193470939, -7.248130298305855 ], [ 112.778243522883074, -7.248144583239452 ], [ 112.778234469576432, -7.248157494452474 ], [ 112.778223308631041, -7.24816863964412 ], [ 112.778210379166595, -7.248177680173237 ], [ 112.778196074038419, -7.248184341347797 ], [ 112.778180827900783, -7.248188420771276 ], [ 112.778165104000095, -7.248189794492386 ], [ 112.778149380099407, -7.248188420771276 ], [ 112.778134133961757, -7.248184341347797 ], [ 112.778119828833596, -7.248177680173239 ], [ 112.778106899369149, -7.24816863964412 ], [ 112.778095738423758, -7.248157494452474 ], [ 112.778086685117103, -7.248144583239452 ], [ 112.778080014529252, -7.248130298305855 ], [ 112.778075929342421, -7.248115073692268 ], [ 112.778074553682728, -7.24809937199094 ], [ 112.778075929348603, -7.248083670290144 ], [ 112.778080014540862, -7.248068445678092 ], [ 112.778086685132749, -7.248054160746848 ], [ 112.778095738441536, -7.248041249536705 ], [ 112.778106899386927, -7.248030104348131 ], [ 112.778119828849228, -7.248021063821896 ], [ 112.778134133973367, -7.248014402649686 ], [ 112.778149380105589, -7.248010323227742 ], [ 112.778165104000095, -7.248008949507169 ] ] ] ] } },
{ "type": "Feature", "properties": { "OID_": 0, "Name": "Jl.Gresik- Tanjung Sadari", "FolderPath": "Data CCTV Usulan + 50 Jalur + Rencana 2026.kmz/Rencana 2026/Surabaya Utara.kmz/Wilayah Surabaya Utara Hendy", "Jenis": "Rencana 2026", "SubJenis": "Surabaya Utara", "POINT_X": 112.72220999300001, "POINT_Y": -7.232475085, "POINT_Z": 0.0, "BUFF_DIST": 10.0, "ORIG_FID": 41 }, "geometry": { "type": "MultiPolygon", "coordinates": [ [ [ [ 112.722209993000092, -7.23238466244528 ], [ 112.722225716353464, -7.232386036166785 ], [ 112.722240961960978, -7.232390115591523 ], [ 112.722255266592811, -7.232396776768296 ], [ 112.722268195610141, -7.232405817300724 ], [ 112.722279356171413, -7.232416962496936 ], [ 112.722288409168641, -7.232429873715921 ], [ 112.722295079530952, -7.232444158656951 ], [ 112.722299164582608, -7.232459383279433 ], [ 112.722300540201132, -7.23247508499098 ], [ 112.722299164588776, -7.232490786703059 ], [ 112.722295079542533, -7.23250601132707 ], [ 112.72228840918423, -7.232520296270446 ], [ 112.722279356189162, -7.232533207492308 ], [ 112.72226819562789, -7.232544352691582 ], [ 112.722255266608414, -7.232553393226887 ], [ 112.72224096197256, -7.232560054406007 ], [ 112.722225716359631, -7.232564133832275 ], [ 112.722209993000092, -7.232565507554334 ], [ 112.722194269640553, -7.232564133832275 ], [ 112.722179024027625, -7.232560054406007 ], [ 112.72216471939177, -7.232553393226889 ], [ 112.722151790372294, -7.232544352691582 ], [ 112.722140629811022, -7.232533207492308 ], [ 112.72213157681594, -7.232520296270447 ], [ 112.722124906457651, -7.23250601132707 ], [ 112.722120821411409, -7.23249078670306 ], [ 112.722119445799038, -7.23247508499098 ], [ 112.722120821417562, -7.232459383279433 ], [ 112.722124906469233, -7.232444158656951 ], [ 112.722131576831543, -7.232429873715919 ], [ 112.722140629828772, -7.232416962496937 ], [ 112.722151790390043, -7.232405817300726 ], [ 112.72216471940736, -7.232396776768296 ], [ 112.722179024039207, -7.232390115591523 ], [ 112.722194269646721, -7.232386036166785 ], [ 112.722209993000092, -7.23238466244528 ] ] ] ] } },
{ "type": "Feature", "properties": { "OID_": 0, "Name": "Perempatan Jl.Gresik 1", "FolderPath": "Data CCTV Usulan + 50 Jalur + Rencana 2026.kmz/Rencana 2026/Surabaya Utara.kmz/Wilayah Surabaya Utara Hendy", "Jenis": "Rencana 2026", "SubJenis": "Surabaya Utara", "POINT_X": 112.721463298, "POINT_Y": -7.232555608, "POINT_Z": 0.0, "BUFF_DIST": 10.0, "ORIG_FID": 42 }, "geometry": { "type": "MultiPolygon", "coordinates": [ [ [ [ 112.721463298000117, -7.232465185445524 ], [ 112.721479021356274, -7.232466559167052 ], [ 112.721494266966502, -7.232470638591774 ], [ 112.721508571600864, -7.232477299768525 ], [ 112.721521500620483, -7.232486340300921 ], [ 112.72153266118373, -7.232497485497094 ], [ 112.721541714182564, -7.232510396716032 ], [ 112.721548384546054, -7.232524681657013 ], [ 112.721552469598436, -7.23253990627944 ], [ 112.721553845217215, -7.232555607990932 ], [ 112.721552469604603, -7.232571309702957 ], [ 112.721548384557636, -7.232586534326913 ], [ 112.721541714198153, -7.232600819270241 ], [ 112.721532661201479, -7.232613730492055 ], [ 112.721521500638218, -7.23262487569129 ], [ 112.721508571616468, -7.232633916226565 ], [ 112.72149426697807, -7.232640577405657 ], [ 112.721479021362441, -7.232644656831913 ], [ 112.721463298000117, -7.232646030553943 ], [ 112.721447574637793, -7.232644656831913 ], [ 112.721432329022164, -7.232640577405657 ], [ 112.721418024383766, -7.232633916226563 ], [ 112.721405095362016, -7.23262487569129 ], [ 112.721393934798755, -7.232613730492055 ], [ 112.721384881802081, -7.232600819270241 ], [ 112.721378211442598, -7.232586534326914 ], [ 112.721374126395631, -7.232571309702957 ], [ 112.721372750783019, -7.232555607990932 ], [ 112.721374126401798, -7.232539906279439 ], [ 112.72137821145418, -7.232524681657013 ], [ 112.72138488181767, -7.232510396716032 ], [ 112.721393934816504, -7.232497485497094 ], [ 112.721405095379751, -7.232486340300921 ], [ 112.72141802439937, -7.232477299768525 ], [ 112.721432329033732, -7.232470638591774 ], [ 112.72144757464396, -7.232466559167052 ], [ 112.721463298000117, -7.232465185445524 ] ] ] ] } },
{ "type": "Feature", "properties": { "OID_": 0, "Name": "Jl.Gresik 4", "FolderPath": "Data CCTV Usulan + 50 Jalur + Rencana 2026.kmz/Rencana 2026/Surabaya Utara.kmz/Wilayah Surabaya Utara Hendy", "Jenis": "Rencana 2026", "SubJenis": "Surabaya Utara", "POINT_X": 112.71723541, "POINT_Y": -7.231457589, "POINT_Z": 0.0, "BUFF_DIST": 10.0, "ORIG_FID": 43 }, "geometry": { "type": "MultiPolygon", "coordinates": [ [ [ [ 112.717235410000058, -7.231367166441196 ], [ 112.717251133318229, -7.231368540162788 ], [ 112.717266378891622, -7.231372619587706 ], [ 112.717280683491424, -7.231379280764778 ], [ 112.717293612479821, -7.23138832129761 ], [ 112.71730477301611, -7.231399466494318 ], [ 112.717313825993045, -7.231412377713876 ], [ 112.717320496340434, -7.231426662655546 ], [ 112.717324581382954, -7.231441887278701 ], [ 112.717325956998394, -7.23145758899095 ], [ 112.717324581389107, -7.231473290703731 ], [ 112.717320496352016, -7.231488515328418 ], [ 112.717313826008663, -7.231502800272431 ], [ 112.717304773033845, -7.231515711494869 ], [ 112.717293612497556, -7.231526856694638 ], [ 112.717280683507013, -7.231535897230347 ], [ 112.71726637890319, -7.231542558409759 ], [ 112.717251133324396, -7.23154663783621 ], [ 112.717235410000058, -7.231548011558309 ], [ 112.717219686675719, -7.23154663783621 ], [ 112.717204441096911, -7.231542558409759 ], [ 112.717190136493087, -7.231535897230345 ], [ 112.717177207502559, -7.231526856694638 ], [ 112.71716604696627, -7.231515711494867 ], [ 112.717156993991452, -7.23150280027243 ], [ 112.717150323648085, -7.23148851532842 ], [ 112.717146238610994, -7.231473290703731 ], [ 112.717144863001707, -7.23145758899095 ], [ 112.717146238617161, -7.231441887278703 ], [ 112.717150323659666, -7.231426662655546 ], [ 112.717156994007055, -7.231412377713876 ], [ 112.717166046984005, -7.231399466494318 ], [ 112.717177207520294, -7.23138832129761 ], [ 112.717190136508691, -7.231379280764778 ], [ 112.717204441108493, -7.231372619587708 ], [ 112.717219686681872, -7.231368540162788 ], [ 112.717235410000058, -7.231367166441196 ] ] ] ] } },
{ "type": "Feature", "properties": { "OID_": 0, "Name": "Jl.Ikan Dorang", "FolderPath": "Data CCTV Usulan + 50 Jalur + Rencana 2026.kmz/Rencana 2026/Surabaya Utara.kmz/Wilayah Surabaya Utara Hendy", "Jenis": "Rencana 2026", "SubJenis": "Surabaya Utara", "POINT_X": 112.726311893, "POINT_Y": -7.23111016, "POINT_Z": 0.0, "BUFF_DIST": 10.0, "ORIG_FID": 44 }, "geometry": { "type": "MultiPolygon", "coordinates": [ [ [ [ 112.726311893000116, -7.231019737439858 ], [ 112.726327616306278, -7.231021111161446 ], [ 112.726342861868005, -7.231025190586429 ], [ 112.726357166456879, -7.231031851763602 ], [ 112.726370095435385, -7.231040892296571 ], [ 112.726381255963148, -7.231052037493447 ], [ 112.726390308933176, -7.231064948713205 ], [ 112.726396979275464, -7.231079233655089 ], [ 112.726401064314857, -7.231094458278478 ], [ 112.726402439929259, -7.231110159990965 ], [ 112.726401064321024, -7.231125861703982 ], [ 112.726396979287045, -7.231141086328902 ], [ 112.72639030894878, -7.231155371273134 ], [ 112.726381255980883, -7.231168282495765 ], [ 112.72637009545312, -7.231179427695705 ], [ 112.726357166472482, -7.231188468231552 ], [ 112.726342861879573, -7.231195129411068 ], [ 112.726327616312432, -7.231199208837579 ], [ 112.726311893000116, -7.231200582559715 ], [ 112.726296169687799, -7.231199208837579 ], [ 112.726280924120658, -7.231195129411068 ], [ 112.726266619527749, -7.231188468231552 ], [ 112.726253690547111, -7.231179427695705 ], [ 112.726242530019348, -7.231168282495765 ], [ 112.726233477051451, -7.231155371273134 ], [ 112.726226806713186, -7.231141086328902 ], [ 112.726222721679207, -7.231125861703982 ], [ 112.726221346070986, -7.231110159990965 ], [ 112.726222721685374, -7.231094458278478 ], [ 112.726226806724767, -7.231079233655089 ], [ 112.726233477067055, -7.231064948713205 ], [ 112.726242530037084, -7.231052037493447 ], [ 112.726253690564846, -7.231040892296571 ], [ 112.726266619543352, -7.231031851763602 ], [ 112.726280924132226, -7.231025190586428 ], [ 112.726296169693953, -7.231021111161446 ], [ 112.726311893000116, -7.231019737439858 ] ] ] ] } },
{ "type": "Feature", "properties": { "OID_": 0, "Name": "Jl.Gresik - Jepara", "FolderPath": "Data CCTV Usulan + 50 Jalur + Rencana 2026.kmz/Rencana 2026/Surabaya Utara.kmz/Wilayah Surabaya Utara Hendy", "Jenis": "Rencana 2026", "SubJenis": "Surabaya Utara", "POINT_X": 112.726492347, "POINT_Y": -7.233268676, "POINT_Z": 0.0, "BUFF_DIST": 10.0, "ORIG_FID": 45 }, "geometry": { "type": "MultiPolygon", "coordinates": [ [ [ [ 112.726492347000089, -7.23317825344841 ], [ 112.726508070380916, -7.233179627169871 ], [ 112.726523316015047, -7.233183706594468 ], [ 112.726537620671863, -7.233190367771009 ], [ 112.726550549711774, -7.233199408303125 ], [ 112.726561710292543, -7.233210553498949 ], [ 112.72657076330556, -7.233223464717482 ], [ 112.726577433679537, -7.233237749658017 ], [ 112.726581518738328, -7.233252974279968 ], [ 112.72658289435924, -7.233268675990971 ], [ 112.726581518744482, -7.233284377702505 ], [ 112.726577433691105, -7.233299602325988 ], [ 112.726570763321178, -7.233313887268868 ], [ 112.726561710310278, -7.233326798490281 ], [ 112.726550549729524, -7.233337943689166 ], [ 112.726537620687466, -7.233346984224157 ], [ 112.726523316026629, -7.233353645403046 ], [ 112.726508070387084, -7.233357724829172 ], [ 112.726492347000089, -7.233359098551183 ], [ 112.726476623613095, -7.233357724829174 ], [ 112.726461377973536, -7.233353645403046 ], [ 112.726447073312713, -7.233346984224159 ], [ 112.726434144270655, -7.233337943689166 ], [ 112.726422983689886, -7.233326798490281 ], [ 112.726413930679001, -7.233313887268866 ], [ 112.72640726030906, -7.233299602325988 ], [ 112.726403175255683, -7.233284377702505 ], [ 112.726401799640925, -7.233268675990971 ], [ 112.726403175261837, -7.233252974279968 ], [ 112.726407260320642, -7.233237749658017 ], [ 112.726413930694605, -7.233223464717482 ], [ 112.726422983707636, -7.233210553498947 ], [ 112.726434144288405, -7.233199408303124 ], [ 112.726447073328302, -7.233190367771009 ], [ 112.726461377985117, -7.233183706594468 ], [ 112.726476623619249, -7.233179627169871 ], [ 112.726492347000089, -7.23317825344841 ] ] ] ] } },
{ "type": "Feature", "properties": { "OID_": 0, "Name": "Perematan Jl.Gresik 2", "FolderPath": "Data CCTV Usulan + 50 Jalur + Rencana 2026.kmz/Rencana 2026/Surabaya Utara.kmz/Wilayah Surabaya Utara Hendy", "Jenis": "Rencana 2026", "SubJenis": "Surabaya Utara", "POINT_X": 112.72145303800001, "POINT_Y": -7.232326739, "POINT_Z": 0.0, "BUFF_DIST": 10.0, "ORIG_FID": 46 }, "geometry": { "type": "MultiPolygon", "coordinates": [ [ [ [ 112.72145303800005, -7.232236316444703 ], [ 112.721468761348291, -7.232237690166203 ], [ 112.721484006950831, -7.232241769590968 ], [ 112.721498311577989, -7.232248430767784 ], [ 112.721511240591099, -7.232257471300273 ], [ 112.721522401148746, -7.232268616496556 ], [ 112.721531454143005, -7.232281527715624 ], [ 112.721538124503141, -7.23229581265675 ], [ 112.721542209553462, -7.232311037279326 ], [ 112.721543585171545, -7.232326738990976 ], [ 112.72154220955963, -7.232342440703158 ], [ 112.721538124514723, -7.232357665327269 ], [ 112.721531454158594, -7.232371950270737 ], [ 112.721522401166482, -7.232384861492683 ], [ 112.721511240608848, -7.232396006692028 ], [ 112.721498311593592, -7.232405047227393 ], [ 112.721484006962413, -7.232411708406555 ], [ 112.721468761354444, -7.23241578783285 ], [ 112.72145303800005, -7.232417161554931 ], [ 112.721437314645655, -7.232415787832853 ], [ 112.721422069037686, -7.232411708406555 ], [ 112.721407764406507, -7.232405047227394 ], [ 112.721394835391251, -7.232396006692028 ], [ 112.721383674833618, -7.232384861492685 ], [ 112.721374621841505, -7.232371950270739 ], [ 112.721367951485377, -7.232357665327269 ], [ 112.72136386644047, -7.232342440703159 ], [ 112.721362490828554, -7.232326738990976 ], [ 112.721363866446637, -7.232311037279327 ], [ 112.721367951496958, -7.232295812656751 ], [ 112.721374621857095, -7.232281527715624 ], [ 112.721383674851353, -7.232268616496556 ], [ 112.721394835409001, -7.232257471300273 ], [ 112.721407764422111, -7.232248430767784 ], [ 112.721422069049268, -7.232241769590967 ], [ 112.721437314651808, -7.232237690166203 ], [ 112.72145303800005, -7.232236316444703 ] ] ] ] } },
{ "type": "Feature", "properties": { "OID_": 0, "Name": "Jl. Gresik Gadukan 1", "FolderPath": "Data CCTV Usulan + 50 Jalur + Rencana 2026.kmz/Rencana 2026/Surabaya Utara.kmz/Wilayah Surabaya Utara Hendy", "Jenis": "Rencana 2026", "SubJenis": "Surabaya Utara", "POINT_X": 112.713855338, "POINT_Y": -7.230763147, "POINT_Z": 0.0, "BUFF_DIST": 10.0, "ORIG_FID": 47 }, "geometry": { "type": "MultiPolygon", "coordinates": [ [ [ [ 112.71385533800003, -7.230672724438429 ], [ 112.713871061294185, -7.230674098160083 ], [ 112.713886306844273, -7.230678177585129 ], [ 112.713900611422233, -7.230684838762401 ], [ 112.713913540390877, -7.230693879295508 ], [ 112.713924700910113, -7.230705024492555 ], [ 112.713933753873221, -7.230717935712508 ], [ 112.713940424210435, -7.23073222065461 ], [ 112.713944509246701, -7.23074744527823 ], [ 112.713945884860038, -7.230763146990955 ], [ 112.713944509252855, -7.230778848704212 ], [ 112.713940424222002, -7.230794073329363 ], [ 112.713933753888824, -7.230808358273809 ], [ 112.713924700927848, -7.230821269496638 ], [ 112.713913540408598, -7.230832414696746 ], [ 112.713900611437836, -7.23084145523273 ], [ 112.713886306855855, -7.230848116412348 ], [ 112.713871061300338, -7.230852195838923 ], [ 112.71385533800003, -7.230853569561034 ], [ 112.713839614699708, -7.230852195838923 ], [ 112.713824369144206, -7.230848116412348 ], [ 112.713810064562225, -7.23084145523273 ], [ 112.713797135591449, -7.230832414696746 ], [ 112.713785975072199, -7.230821269496636 ], [ 112.713776922111222, -7.230808358273809 ], [ 112.713770251778044, -7.230794073329363 ], [ 112.713766166747192, -7.230778848704212 ], [ 112.713764791140008, -7.230763146990955 ], [ 112.713766166753359, -7.230747445278232 ], [ 112.713770251789626, -7.23073222065461 ], [ 112.713776922126826, -7.230717935712508 ], [ 112.713785975089934, -7.230705024492555 ], [ 112.713797135609184, -7.230693879295508 ], [ 112.713810064577814, -7.230684838762401 ], [ 112.713824369155773, -7.230678177585127 ], [ 112.713839614705861, -7.230674098160083 ], [ 112.71385533800003, -7.230672724438429 ] ] ] ] } },
{ "type": "Feature", "properties": { "OID_": 0, "Name": "Jl.Gresik Gadukan 2", "FolderPath": "Data CCTV Usulan + 50 Jalur + Rencana 2026.kmz/Rencana 2026/Surabaya Utara.kmz/Wilayah Surabaya Utara Hendy", "Jenis": "Rencana 2026", "SubJenis": "Surabaya Utara", "POINT_X": 112.71360535399999, "POINT_Y": -7.230833472, "POINT_Z": 0.0, "BUFF_DIST": 10.0, "ORIG_FID": 48 }, "geometry": { "type": "MultiPolygon", "coordinates": [ [ [ [ 112.713605354000038, -7.230743049438762 ], [ 112.713621077296622, -7.230744423160382 ], [ 112.713636322849084, -7.230748502585414 ], [ 112.713650627429246, -7.230755163762666 ], [ 112.713663556399894, -7.230764204295745 ], [ 112.713674716920849, -7.230775349492756 ], [ 112.713683769885378, -7.230788260712668 ], [ 112.713690440223601, -7.230802545654727 ], [ 112.713694525260493, -7.230817770278304 ], [ 112.713695900874058, -7.230833471990978 ], [ 112.713694525266675, -7.230849173704186 ], [ 112.713690440235169, -7.230864398329291 ], [ 112.713683769900967, -7.230878683273693 ], [ 112.713674716938598, -7.230891594496483 ], [ 112.713663556417629, -7.230902739696558 ], [ 112.713650627444849, -7.230911780232513 ], [ 112.713636322860665, -7.230918441412109 ], [ 112.71362107730279, -7.230922520838671 ], [ 112.713605354000038, -7.230923894560814 ], [ 112.713589630697285, -7.230922520838671 ], [ 112.71357438513941, -7.230918441412109 ], [ 112.71356008055524, -7.230911780232511 ], [ 112.713547151582446, -7.230902739696558 ], [ 112.713535991061477, -7.230891594496483 ], [ 112.713526938099108, -7.230878683273694 ], [ 112.713520267764906, -7.230864398329291 ], [ 112.7135161827334, -7.230849173704186 ], [ 112.713514807126018, -7.230833471990978 ], [ 112.713516182739582, -7.230817770278303 ], [ 112.713520267776474, -7.230802545654726 ], [ 112.713526938114697, -7.230788260712668 ], [ 112.713535991079226, -7.230775349492756 ], [ 112.713547151600181, -7.230764204295745 ], [ 112.713560080570829, -7.230755163762666 ], [ 112.713574385150991, -7.230748502585414 ], [ 112.713589630703453, -7.230744423160382 ], [ 112.713605354000038, -7.230743049438762 ] ] ] ] } },
{ "type": "Feature", "properties": { "OID_": 0, "Name": "Jl.Gresik - Kecamatan Krembangan", "FolderPath": "Data CCTV Usulan + 50 Jalur + Rencana 2026.kmz/Rencana 2026/Surabaya Utara.kmz/Wilayah Surabaya Utara Hendy", "Jenis": "Rencana 2026", "SubJenis": "Surabaya Utara", "POINT_X": 112.72412327799999, "POINT_Y": -7.232884052, "POINT_Z": 0.0, "BUFF_DIST": 10.0, "ORIG_FID": 49 }, "geometry": { "type": "MultiPolygon", "coordinates": [ [ [ [ 112.724123278000093, -7.232793629446915 ], [ 112.724139001367632, -7.232795003168379 ], [ 112.72415424698886, -7.232799082593043 ], [ 112.724168551633568, -7.232805743769697 ], [ 112.724181480662523, -7.232814784301965 ], [ 112.724192641233856, -7.232825929497976 ], [ 112.724201694239198, -7.232838840716729 ], [ 112.724208364607534, -7.232853125657506 ], [ 112.724212449662858, -7.23286835027971 ], [ 112.724213825282618, -7.232884051990978 ], [ 112.724212449669025, -7.232899753702776 ], [ 112.724208364619116, -7.232914978326516 ], [ 112.724201694254816, -7.232929263269638 ], [ 112.724192641251591, -7.232942174491266 ], [ 112.724181480680272, -7.232953319690339 ], [ 112.724168551649157, -7.232962360225485 ], [ 112.724154247000442, -7.232969021404484 ], [ 112.724139001373786, -7.232973100830679 ], [ 112.724123278000093, -7.232974474552728 ], [ 112.724107554626414, -7.232973100830679 ], [ 112.724092308999758, -7.232969021404484 ], [ 112.724078004351043, -7.232962360225485 ], [ 112.724065075319928, -7.232953319690339 ], [ 112.724053914748609, -7.232942174491266 ], [ 112.724044861745384, -7.232929263269636 ], [ 112.724038191381084, -7.232914978326517 ], [ 112.72403410633116, -7.232899753702776 ], [ 112.724032730717582, -7.232884051990978 ], [ 112.724034106337342, -7.232868350279711 ], [ 112.724038191392665, -7.232853125657505 ], [ 112.724044861760987, -7.232838840716729 ], [ 112.724053914766344, -7.232825929497976 ], [ 112.724065075337677, -7.232814784301963 ], [ 112.724078004366632, -7.232805743769697 ], [ 112.72409230901134, -7.232799082593043 ], [ 112.724107554632567, -7.232795003168379 ], [ 112.724123278000093, -7.232793629446915 ] ] ] ] } },
{ "type": "Feature", "properties": { "OID_": 0, "Name": "Jl.TJ Perak - Gresik", "FolderPath": "Data CCTV Usulan + 50 Jalur + Rencana 2026.kmz/Rencana 2026/Surabaya Utara.kmz/Wilayah Surabaya Utara Hendy", "Jenis": "Rencana 2026", "SubJenis": "Surabaya Utara", "POINT_X": 112.728306532, "POINT_Y": -7.232352072, "POINT_Z": 0.0, "BUFF_DIST": 10.0, "ORIG_FID": 50 }, "geometry": { "type": "MultiPolygon", "coordinates": [ [ [ [ 112.728306532000033, -7.232261649444798 ], [ 112.728322255349156, -7.232263023166298 ], [ 112.728337500952534, -7.232267102591059 ], [ 112.728351805580516, -7.232273763767868 ], [ 112.728364734594336, -7.232282804300346 ], [ 112.728375895152595, -7.232293949496618 ], [ 112.728384948147365, -7.232306860715669 ], [ 112.728391618507871, -7.232321145656779 ], [ 112.728395703558419, -7.232336370279342 ], [ 112.728397079176574, -7.232352071990973 ], [ 112.728395703564587, -7.232367773703136 ], [ 112.728391618519453, -7.23238299832723 ], [ 112.728384948162955, -7.232397283270685 ], [ 112.728375895170331, -7.232410194492615 ], [ 112.728364734612086, -7.232421339691948 ], [ 112.728351805596105, -7.232430380227302 ], [ 112.72833750096413, -7.232437041406457 ], [ 112.728322255355309, -7.232441120832749 ], [ 112.728306532000033, -7.232442494554825 ], [ 112.728290808644758, -7.232441120832749 ], [ 112.72827556303595, -7.232437041406457 ], [ 112.728261258403961, -7.232430380227302 ], [ 112.728248329387995, -7.232421339691948 ], [ 112.728237168829736, -7.232410194492616 ], [ 112.728228115837112, -7.232397283270685 ], [ 112.728221445480628, -7.23238299832723 ], [ 112.728217360435494, -7.232367773703136 ], [ 112.728215984823507, -7.232352071990973 ], [ 112.728217360441647, -7.232336370279342 ], [ 112.728221445492196, -7.232321145656779 ], [ 112.728228115852716, -7.232306860715669 ], [ 112.728237168847471, -7.232293949496618 ], [ 112.728248329405744, -7.232282804300346 ], [ 112.728261258419565, -7.232273763767868 ], [ 112.728275563047532, -7.232267102591057 ], [ 112.728290808650911, -7.2322630231663 ], [ 112.728306532000033, -7.232261649444798 ] ] ] ] } },
{ "type": "Feature", "properties": { "OID_": 0, "Name": "Jl.Gresik - Rajawali", "FolderPath": "Data CCTV Usulan + 50 Jalur + Rencana 2026.kmz/Rencana 2026/Surabaya Utara.kmz/Wilayah Surabaya Utara Hendy", "Jenis": "Rencana 2026", "SubJenis": "Surabaya Utara", "POINT_X": 112.727697526, "POINT_Y": -7.232804249, "POINT_Z": 0.0, "BUFF_DIST": 10.0, "ORIG_FID": 51 }, "geometry": { "type": "MultiPolygon", "coordinates": [ [ [ [ 112.727697526000043, -7.232713826446549 ], [ 112.727713249364811, -7.232715200168063 ], [ 112.727728494983353, -7.232719279592743 ], [ 112.72774279962556, -7.232725940769417 ], [ 112.727755728652255, -7.232734981301717 ], [ 112.727766889221613, -7.232746126497769 ], [ 112.727775942225378, -7.232759037716563 ], [ 112.727782612592534, -7.232773322657391 ], [ 112.727786697647147, -7.23278854727965 ], [ 112.72778807326668, -7.232804248990973 ], [ 112.727786697653315, -7.232819950702827 ], [ 112.727782612604116, -7.232835175326617 ], [ 112.727775942240982, -7.232849460269789 ], [ 112.727766889239348, -7.232862371491467 ], [ 112.72775572866999, -7.232873516690577 ], [ 112.727742799641149, -7.232882557225754 ], [ 112.727728494994949, -7.232889218404777 ], [ 112.727713249370964, -7.232893297830985 ], [ 112.727697526000043, -7.232894671552998 ], [ 112.727681802629121, -7.232893297830986 ], [ 112.727666557005136, -7.232889218404777 ], [ 112.727652252358936, -7.232882557225754 ], [ 112.727639323330095, -7.232873516690577 ], [ 112.727628162760737, -7.232862371491465 ], [ 112.727619109759104, -7.232849460269789 ], [ 112.727612439395983, -7.232835175326619 ], [ 112.727608354346771, -7.232819950702827 ], [ 112.727606978733405, -7.232804248990973 ], [ 112.727608354352938, -7.23278854727965 ], [ 112.727612439407551, -7.23277332265739 ], [ 112.727619109774707, -7.232759037716563 ], [ 112.727628162778473, -7.232746126497769 ], [ 112.72763932334783, -7.232734981301715 ], [ 112.727652252374526, -7.232725940769419 ], [ 112.727666557016732, -7.232719279592741 ], [ 112.727681802635274, -7.232715200168063 ], [ 112.727697526000043, -7.232713826446549 ] ] ] ] } },
{ "type": "Feature", "properties": { "OID_": 0, "Name": "Jl.Rajawali", "FolderPath": "Data CCTV Usulan + 50 Jalur + Rencana 2026.kmz/Rencana 2026/Surabaya Utara.kmz/Wilayah Surabaya Utara Hendy", "Jenis": "Rencana 2026", "SubJenis": "Surabaya Utara", "POINT_X": 112.729686106, "POINT_Y": -7.233340517, "POINT_Z": 0.0, "BUFF_DIST": 10.0, "ORIG_FID": 52 }, "geometry": { "type": "MultiPolygon", "coordinates": [ [ [ [ 112.729686106000031, -7.233250094448612 ], [ 112.729701829383345, -7.233251468170115 ], [ 112.729717075019892, -7.233255547594699 ], [ 112.729731379678952, -7.233262208771219 ], [ 112.72974430872091, -7.233271249303305 ], [ 112.729755469303441, -7.233282394499094 ], [ 112.729764522317907, -7.233295305717589 ], [ 112.729771192692922, -7.23330959065808 ], [ 112.729775277752367, -7.233324815279983 ], [ 112.729776653373506, -7.233340516990935 ], [ 112.72977527775852, -7.233356218702419 ], [ 112.729771192704504, -7.233371443325855 ], [ 112.729764522333511, -7.233385728268691 ], [ 112.729755469321191, -7.233398639490062 ], [ 112.72974430873866, -7.233409784688912 ], [ 112.72973137969457, -7.233418825223876 ], [ 112.729717075031473, -7.233425486402741 ], [ 112.729701829389498, -7.233429565828858 ], [ 112.729686106000031, -7.233430939550813 ], [ 112.72967038261055, -7.233429565828858 ], [ 112.729655136968589, -7.233425486402741 ], [ 112.729640832305478, -7.233418825223876 ], [ 112.729627903261388, -7.233409784688912 ], [ 112.729616742678857, -7.233398639490062 ], [ 112.729607689666551, -7.233385728268691 ], [ 112.729601019295544, -7.233371443325855 ], [ 112.729596934241528, -7.233356218702419 ], [ 112.729595558626556, -7.233340516990935 ], [ 112.729596934247681, -7.233324815279984 ], [ 112.72960101930714, -7.233309590658078 ], [ 112.72960768968214, -7.233295305717587 ], [ 112.729616742696606, -7.233282394499094 ], [ 112.729627903279138, -7.233271249303305 ], [ 112.729640832321095, -7.233262208771219 ], [ 112.729655136980156, -7.233255547594697 ], [ 112.729670382616703, -7.233251468170115 ], [ 112.729686106000031, -7.233250094448612 ] ] ] ] } },
{ "type": "Feature", "properties": { "OID_": 0, "Name": "Jl.Perak Timur 1", "FolderPath": "Data CCTV Usulan + 50 Jalur + Rencana 2026.kmz/Rencana 2026/Surabaya Utara.kmz/Wilayah Surabaya Utara Hendy", "Jenis": "Rencana 2026", "SubJenis": "Surabaya Utara", "POINT_X": 112.729658911, "POINT_Y": -7.23003814, "POINT_Z": 0.0, "BUFF_DIST": 10.0, "ORIG_FID": 53 }, "geometry": { "type": "MultiPolygon", "coordinates": [ [ [ [ 112.729658911000115, -7.229947717435626 ], [ 112.729674634269202, -7.229949091157284 ], [ 112.729689879794975, -7.229953170582458 ], [ 112.729704184350126, -7.229959831759944 ], [ 112.729717113298136, -7.229968872293338 ], [ 112.72972827379958, -7.229980017490737 ], [ 112.729737326748264, -7.229992928711099 ], [ 112.72974399707482, -7.230007213653656 ], [ 112.729748082104578, -7.230022438277762 ], [ 112.729749457715712, -7.230038139990983 ], [ 112.729748082110731, -7.230053841704737 ], [ 112.729743997086402, -7.230069066330373 ], [ 112.729737326763853, -7.230083351275273 ], [ 112.729728273817315, -7.230096262498511 ], [ 112.729717113315871, -7.230107407698971 ], [ 112.729704184365715, -7.230116448235242 ], [ 112.729689879806557, -7.230123109415071 ], [ 112.729674634275355, -7.230127188841776 ], [ 112.729658911000115, -7.23012856256397 ], [ 112.729643187724875, -7.230127188841776 ], [ 112.729627942193673, -7.230123109415071 ], [ 112.7296136376345, -7.230116448235242 ], [ 112.729600708684359, -7.230107407698971 ], [ 112.729589548182915, -7.230096262498511 ], [ 112.729580495236377, -7.230083351275273 ], [ 112.729573824913828, -7.230069066330373 ], [ 112.729569739889499, -7.230053841704737 ], [ 112.729568364284503, -7.230038139990983 ], [ 112.729569739895652, -7.23002243827776 ], [ 112.72957382492541, -7.230007213653656 ], [ 112.729580495251952, -7.229992928711099 ], [ 112.72958954820065, -7.229980017490739 ], [ 112.729600708702094, -7.229968872293337 ], [ 112.729613637650104, -7.229959831759943 ], [ 112.729627942205255, -7.229953170582458 ], [ 112.729643187731028, -7.229949091157284 ], [ 112.729658911000115, -7.229947717435626 ] ] ] ] } },
{ "type": "Feature", "properties": { "OID_": 0, "Name": "Jl. Perak Timur 2", "FolderPath": "Data CCTV Usulan + 50 Jalur + Rencana 2026.kmz/Rencana 2026/Surabaya Utara.kmz/Wilayah Surabaya Utara Hendy", "Jenis": "Rencana 2026", "SubJenis": "Surabaya Utara", "POINT_X": 112.73133358699999, "POINT_Y": -7.226504243, "POINT_Z": 0.0, "BUFF_DIST": 10.0, "ORIG_FID": 54 }, "geometry": { "type": "MultiPolygon", "coordinates": [ [ [ [ 112.731333587000108, -7.226413820421618 ], [ 112.73134931014701, -7.226415194143504 ], [ 112.731364555554308, -7.226419273569309 ], [ 112.731378859998301, -7.226425934747826 ], [ 112.731391788845841, -7.226434975282618 ], [ 112.731402949260556, -7.226446120481742 ], [ 112.731412002138882, -7.226459031704101 ], [ 112.731418672413596, -7.226473316648866 ], [ 112.731422757411607, -7.226488541275327 ], [ 112.731424133012069, -7.226504242990977 ], [ 112.731422757417775, -7.226519944707158 ], [ 112.731418672425164, -7.226535169335149 ], [ 112.731412002154457, -7.226549454282257 ], [ 112.731402949278277, -7.22656236550749 ], [ 112.731391788863561, -7.226573510709675 ], [ 112.731378860013876, -7.226582551247343 ], [ 112.731364555565875, -7.226589212428201 ], [ 112.731349310153149, -7.226593291855535 ], [ 112.731333587000108, -7.22659466557793 ], [ 112.731317863847067, -7.226593291855535 ], [ 112.731302618434327, -7.226589212428201 ], [ 112.731288313986326, -7.226582551247343 ], [ 112.731275385136641, -7.226573510709675 ], [ 112.731264224721926, -7.226562365507491 ], [ 112.731255171845746, -7.226549454282257 ], [ 112.731248501575038, -7.226535169335149 ], [ 112.731244416582442, -7.22651994470716 ], [ 112.731243040988133, -7.226504242990977 ], [ 112.731244416588595, -7.226488541275326 ], [ 112.731248501586606, -7.226473316648866 ], [ 112.731255171861335, -7.226459031704103 ], [ 112.731264224739661, -7.226446120481742 ], [ 112.731275385154376, -7.226434975282618 ], [ 112.731288314001915, -7.226425934747826 ], [ 112.731302618445895, -7.226419273569309 ], [ 112.731317863853207, -7.226415194143504 ], [ 112.731333587000108, -7.226413820421618 ] ] ] ] } },
{ "type": "Feature", "properties": { "OID_": 0, "Name": "Jl.Perak Barat 1", "FolderPath": "Data CCTV Usulan + 50 Jalur + Rencana 2026.kmz/Rencana 2026/Surabaya Utara.kmz/Wilayah Surabaya Utara Hendy", "Jenis": "Rencana 2026", "SubJenis": "Surabaya Utara", "POINT_X": 112.731224705, "POINT_Y": -7.225766457, "POINT_Z": 0.0, "BUFF_DIST": 10.0, "ORIG_FID": 55 }, "geometry": { "type": "MultiPolygon", "coordinates": [ [ [ [ 112.731224705000045, -7.225676034418686 ], [ 112.731240428121438, -7.225677408140628 ], [ 112.731255673504023, -7.225681487566566 ], [ 112.731269977924811, -7.225688148745295 ], [ 112.731282906751389, -7.22569718928038 ], [ 112.731294067147999, -7.225708334479864 ], [ 112.731303120011631, -7.225721245702641 ], [ 112.731309790275546, -7.225735530647866 ], [ 112.731313875266935, -7.225750755274817 ], [ 112.731315250865151, -7.225766456990975 ], [ 112.731313875273088, -7.225782158707664 ], [ 112.731309790287114, -7.225797383336144 ], [ 112.731303120027221, -7.225811668283713 ], [ 112.73129406716572, -7.225824579509367 ], [ 112.73128290676911, -7.225835724711908 ], [ 112.731269977940386, -7.225844765249867 ], [ 112.731255673515591, -7.225851426430942 ], [ 112.731240428127592, -7.225855505858406 ], [ 112.731224705000045, -7.225856879580837 ], [ 112.731208981872498, -7.225855505858406 ], [ 112.731193736484499, -7.225851426430942 ], [ 112.731179432059704, -7.225844765249866 ], [ 112.731166503230995, -7.225835724711908 ], [ 112.73115534283437, -7.225824579509365 ], [ 112.73114628997287, -7.225811668283714 ], [ 112.731139619712991, -7.225797383336144 ], [ 112.731135534727002, -7.225782158707664 ], [ 112.731134159134939, -7.225766456990975 ], [ 112.73113553473317, -7.225750755274817 ], [ 112.731139619724544, -7.225735530647866 ], [ 112.731146289988459, -7.225721245702641 ], [ 112.731155342852105, -7.225708334479864 ], [ 112.731166503248716, -7.225697189280379 ], [ 112.731179432075294, -7.225688148745295 ], [ 112.731193736496067, -7.225681487566564 ], [ 112.731208981878652, -7.225677408140628 ], [ 112.731224705000045, -7.225676034418686 ] ] ] ] } },
{ "type": "Feature", "properties": { "OID_": 0, "Name": "Jl.Perak Timur 3", "FolderPath": "Data CCTV Usulan + 50 Jalur + Rencana 2026.kmz/Rencana 2026/Surabaya Utara.kmz/Wilayah Surabaya Utara Hendy", "Jenis": "Rencana 2026", "SubJenis": "Surabaya Utara", "POINT_X": 112.733197492, "POINT_Y": -7.216589576, "POINT_Z": 0.0, "BUFF_DIST": 10.0, "ORIG_FID": 56 }, "geometry": { "type": "MultiPolygon", "coordinates": [ [ [ [ 112.733197492000045, -7.216499153382445 ], [ 112.733213214804465, -7.216500527104877 ], [ 112.733228459879712, -7.216504606532451 ], [ 112.733242764012118, -7.216511267713858 ], [ 112.733255692578055, -7.216520308252569 ], [ 112.733266852749651, -7.216531453456527 ], [ 112.733275905430801, -7.216544364684482 ], [ 112.733282575560239, -7.216558649635444 ], [ 112.733286660469247, -7.216573874268501 ], [ 112.733288036039738, -7.216589575990959 ], [ 112.733286660475414, -7.216605277713947 ], [ 112.733282575571778, -7.216620502348532 ], [ 112.733275905446362, -7.216634787301833 ], [ 112.733266852767372, -7.216647698532659 ], [ 112.733255692595748, -7.216658843739673 ], [ 112.733242764027679, -7.216667884281255 ], [ 112.733228459891265, -7.216674545465001 ], [ 112.733213214810604, -7.216678624894101 ], [ 112.733197492000045, -7.216679998617141 ], [ 112.733181769189486, -7.216678624894103 ], [ 112.733166524108825, -7.216674545465001 ], [ 112.733152219972411, -7.216667884281255 ], [ 112.733139291404342, -7.216658843739673 ], [ 112.733128131232718, -7.216647698532659 ], [ 112.733119078553727, -7.216634787301832 ], [ 112.733112408428312, -7.216620502348532 ], [ 112.733108323524675, -7.216605277713947 ], [ 112.733106947960351, -7.216589575990959 ], [ 112.733108323530843, -7.216573874268501 ], [ 112.733112408439865, -7.216558649635442 ], [ 112.733119078569288, -7.216544364684482 ], [ 112.733128131250439, -7.216531453456525 ], [ 112.733139291422034, -7.216520308252569 ], [ 112.733152219987986, -7.216511267713856 ], [ 112.733166524120378, -7.216504606532451 ], [ 112.733181769195625, -7.216500527104877 ], [ 112.733197492000045, -7.216499153382445 ] ] ] ] } },
{ "type": "Feature", "properties": { "OID_": 0, "Name": "Jl.Tj Perak - Teluk Kumai Timur", "FolderPath": "Data CCTV Usulan + 50 Jalur + Rencana 2026.kmz/Rencana 2026/Surabaya Utara.kmz/Wilayah Surabaya Utara Hendy", "Jenis": "Rencana 2026", "SubJenis": "Surabaya Utara", "POINT_X": 112.73395743099999, "POINT_Y": -7.212275903, "POINT_Z": 0.0, "BUFF_DIST": 10.0, "ORIG_FID": 57 }, "geometry": { "type": "MultiPolygon", "coordinates": [ [ [ [ 112.733957431000022, -7.212185480365378 ], [ 112.733973153655597, -7.212186854088142 ], [ 112.733988398586504, -7.212190933516488 ], [ 112.734002702583481, -7.212197594699147 ], [ 112.73401563102702, -7.212206635239564 ], [ 112.734026791092973, -7.212217780445621 ], [ 112.734035843688403, -7.212230691676013 ], [ 112.734042513754673, -7.212244976629663 ], [ 112.734046598625042, -7.21226020126559 ], [ 112.734047974182488, -7.212275902991006 ], [ 112.734046598631181, -7.212291604716952 ], [ 112.734042513766227, -7.212306829354407 ], [ 112.734035843703964, -7.212321114310396 ], [ 112.734026791110665, -7.212334025543656 ], [ 112.734015631044699, -7.212345170752768 ], [ 112.734002702599042, -7.212354211296053 ], [ 112.733988398598044, -7.212360872481051 ], [ 112.733973153661736, -7.212364951910922 ], [ 112.733957431000022, -7.212366325634144 ], [ 112.733941708338307, -7.212364951910922 ], [ 112.733926463402, -7.212360872481051 ], [ 112.733912159401015, -7.212354211296053 ], [ 112.733899230955345, -7.212345170752768 ], [ 112.733888070889392, -7.212334025543656 ], [ 112.733879018296079, -7.212321114310398 ], [ 112.733872348233817, -7.212306829354407 ], [ 112.733868263368862, -7.212291604716952 ], [ 112.733866887817555, -7.212275902991006 ], [ 112.733868263375015, -7.212260201265591 ], [ 112.73387234824537, -7.212244976629663 ], [ 112.73387901831164, -7.212230691676013 ], [ 112.733888070907071, -7.212217780445621 ], [ 112.733899230973037, -7.212206635239562 ], [ 112.733912159416576, -7.212197594699147 ], [ 112.733926463413539, -7.212190933516486 ], [ 112.73394170834446, -7.212186854088144 ], [ 112.733957431000022, -7.212185480365378 ] ] ] ] } },
{ "type": "Feature", "properties": { "OID_": 0, "Name": "Jl.Perak Barat 2", "FolderPath": "Data CCTV Usulan + 50 Jalur + Rencana 2026.kmz/Rencana 2026/Surabaya Utara.kmz/Wilayah Surabaya Utara Hendy", "Jenis": "Rencana 2026", "SubJenis": "Surabaya Utara", "POINT_X": 112.733850942, "POINT_Y": -7.211069714, "POINT_Z": 0.0, "BUFF_DIST": 10.0, "ORIG_FID": 58 }, "geometry": { "type": "MultiPolygon", "coordinates": [ [ [ [ 112.733850942000117, -7.210979291360672 ], [ 112.733866664614069, -7.210980665083438 ], [ 112.733881909504632, -7.210984744511997 ], [ 112.73389621346378, -7.210991405695008 ], [ 112.733909141873085, -7.2110004462359 ], [ 112.733920301909521, -7.211011591442545 ], [ 112.733929354480992, -7.211024502673616 ], [ 112.733936024529626, -7.211038787628021 ], [ 112.733940109389167, -7.211054012264749 ], [ 112.733941484942989, -7.211069713990992 ], [ 112.733940109395306, -7.211085415717764 ], [ 112.733936024541165, -7.211100640356019 ], [ 112.733929354496539, -7.211114925312762 ], [ 112.733920301927199, -7.211127836546702 ], [ 112.733909141890777, -7.2111389817564 ], [ 112.733896213479326, -7.211148022300162 ], [ 112.733881909516185, -7.21115468348551 ], [ 112.733866664620209, -7.211158762915597 ], [ 112.733850942000117, -7.211160136638968 ], [ 112.733835219380012, -7.211158762915597 ], [ 112.733819974484035, -7.21115468348551 ], [ 112.733805670520908, -7.21114802230016 ], [ 112.733792742109443, -7.2111389817564 ], [ 112.733781582073021, -7.211127836546702 ], [ 112.733772529503682, -7.211114925312762 ], [ 112.733765859459069, -7.211100640356021 ], [ 112.733761774604915, -7.211085415717764 ], [ 112.733760399057246, -7.211069713990992 ], [ 112.733761774611054, -7.211054012264749 ], [ 112.733765859470608, -7.211038787628019 ], [ 112.733772529519229, -7.211024502673616 ], [ 112.7337815820907, -7.211011591442545 ], [ 112.733792742127136, -7.2110004462359 ], [ 112.733805670536455, -7.210991405695006 ], [ 112.733819974495589, -7.210984744511998 ], [ 112.733835219386151, -7.210980665083438 ], [ 112.733850942000117, -7.210979291360672 ] ] ] ] } },
{ "type": "Feature", "properties": { "OID_": 0, "Name": "Pertigaan Kalimas Baru 1", "FolderPath": "Data CCTV Usulan + 50 Jalur + Rencana 2026.kmz/Rencana 2026/Surabaya Utara.kmz/Wilayah Surabaya Utara Hendy", "Jenis": "Rencana 2026", "SubJenis": "Surabaya Utara", "POINT_X": 112.73610173100001, "POINT_Y": -7.208606395, "POINT_Z": 0.0, "BUFF_DIST": 10.0, "ORIG_FID": 59 }, "geometry": { "type": "MultiPolygon", "coordinates": [ [ [ [ 112.736101731000076, -7.208515972350908 ], [ 112.736117453529076, -7.208517346073855 ], [ 112.736132698337286, -7.208521425502848 ], [ 112.736147002219141, -7.208528086686576 ], [ 112.736159930558614, -7.208537127228444 ], [ 112.736171090534739, -7.208548272436287 ], [ 112.736180143057297, -7.208561183668746 ], [ 112.736186813069892, -7.208575468624685 ], [ 112.736190897907363, -7.208590693263053 ], [ 112.736192273453753, -7.208606394990985 ], [ 112.736190897913502, -7.208622096719444 ], [ 112.736186813081432, -7.208637321359336 ], [ 112.736180143072858, -7.208651606317614 ], [ 112.736171090552418, -7.208664517552942 ], [ 112.736159930576292, -7.208675662763837 ], [ 112.736147002234688, -7.208684703308569 ], [ 112.736132698348825, -7.208691364494636 ], [ 112.736117453535229, -7.208695443925158 ], [ 112.736101731000076, -7.208696817648642 ], [ 112.736086008464923, -7.20869544392516 ], [ 112.736070763651327, -7.208691364494636 ], [ 112.736056459765464, -7.208684703308569 ], [ 112.73604353142386, -7.208675662763837 ], [ 112.73603237144772, -7.208664517552942 ], [ 112.736023318927295, -7.208651606317614 ], [ 112.736016648918721, -7.208637321359336 ], [ 112.736012564086636, -7.208622096719444 ], [ 112.736011188546399, -7.208606394990985 ], [ 112.736012564092789, -7.208590693263055 ], [ 112.73601664893026, -7.208575468624685 ], [ 112.736023318942856, -7.208561183668746 ], [ 112.736032371465413, -7.208548272436288 ], [ 112.736043531441538, -7.208537127228444 ], [ 112.736056459781011, -7.208528086686576 ], [ 112.736070763662866, -7.208521425502848 ], [ 112.736086008471062, -7.208517346073855 ], [ 112.736101731000076, -7.208515972350908 ] ] ] ] } },
{ "type": "Feature", "properties": { "OID_": 0, "Name": "Pertigaan Kalimas Baru 2", "FolderPath": "Data CCTV Usulan + 50 Jalur + Rencana 2026.kmz/Rencana 2026/Surabaya Utara.kmz/Wilayah Surabaya Utara Hendy", "Jenis": "Rencana 2026", "SubJenis": "Surabaya Utara", "POINT_X": 112.73623486699999, "POINT_Y": -7.208382663, "POINT_Z": 0.0, "BUFF_DIST": 10.0, "ORIG_FID": 60 }, "geometry": { "type": "MultiPolygon", "coordinates": [ [ [ [ 112.736234867, -7.208292240350026 ], [ 112.736250589521305, -7.208293614072987 ], [ 112.736265834322026, -7.208297693502024 ], [ 112.736280138196861, -7.208304354685815 ], [ 112.736293066529981, -7.20831339522777 ], [ 112.73630422650065, -7.208324540435723 ], [ 112.736313279018759, -7.208337451668307 ], [ 112.736319949028086, -7.208351736624387 ], [ 112.736324033863539, -7.208366961262901 ], [ 112.736325409409261, -7.208382662990987 ], [ 112.736324033869693, -7.208398364719601 ], [ 112.736319949039625, -7.208413589359642 ], [ 112.73631327903432, -7.20842787431806 ], [ 112.736304226518328, -7.208440785553512 ], [ 112.736293066547674, -7.208451930764517 ], [ 112.736280138212408, -7.208460971309337 ], [ 112.736265834333565, -7.208467632495468 ], [ 112.736250589527458, -7.20847171192603 ], [ 112.736234867, -7.208473085649526 ], [ 112.736219144472571, -7.208471711926031 ], [ 112.73620389966645, -7.208467632495468 ], [ 112.736189595787607, -7.208460971309338 ], [ 112.736176667452355, -7.208451930764517 ], [ 112.736165507481687, -7.208440785553512 ], [ 112.736156454965695, -7.20842787431806 ], [ 112.736149784960389, -7.208413589359642 ], [ 112.736145700130336, -7.208398364719601 ], [ 112.736144324590754, -7.208382662990987 ], [ 112.736145700136476, -7.208366961262903 ], [ 112.736149784971929, -7.208351736624387 ], [ 112.736156454981256, -7.208337451668309 ], [ 112.736165507499379, -7.208324540435723 ], [ 112.736176667470033, -7.20831339522777 ], [ 112.736189595803154, -7.208304354685815 ], [ 112.736203899677989, -7.208297693502024 ], [ 112.73621914447871, -7.208293614072987 ], [ 112.736234867, -7.208292240350026 ] ] ] ] } },
{ "type": "Feature", "properties": { "OID_": 0, "Name": "Jl.Kalimas Baru 1", "FolderPath": "Data CCTV Usulan + 50 Jalur + Rencana 2026.kmz/Rencana 2026/Surabaya Utara.kmz/Wilayah Surabaya Utara Hendy", "Jenis": "Rencana 2026", "SubJenis": "Surabaya Utara", "POINT_X": 112.736798693, "POINT_Y": -7.214077447, "POINT_Z": 0.0, "BUFF_DIST": 10.0, "ORIG_FID": 61 }, "geometry": { "type": "MultiPolygon", "coordinates": [ [ [ [ 112.736798693000082, -7.213987024372527 ], [ 112.736814415717802, -7.21398839809514 ], [ 112.736829660708977, -7.213992477523163 ], [ 112.736843964762514, -7.213999138705295 ], [ 112.736856893257155, -7.214008179245002 ], [ 112.736868053367232, -7.214019324450181 ], [ 112.73687710599846, -7.214032235679556 ], [ 112.736883776091105, -7.214046520632085 ], [ 112.736887860977603, -7.214061745266815 ], [ 112.736889236540506, -7.214077446990994 ], [ 112.736887860983742, -7.214093148715706 ], [ 112.736883776102658, -7.214108373351962 ], [ 112.73687710601402, -7.214122658306829 ], [ 112.736868053384924, -7.214135569539071 ], [ 112.736856893274862, -7.214146714747306 ], [ 112.736843964778075, -7.214155755289882 ], [ 112.736829660720531, -7.214162416474357 ], [ 112.736814415723941, -7.214166495903906 ], [ 112.736798693000082, -7.214167869627068 ], [ 112.736782970276224, -7.214166495903907 ], [ 112.736767725279648, -7.214162416474357 ], [ 112.73675342122209, -7.214155755289882 ], [ 112.736740492725318, -7.214146714747306 ], [ 112.736729332615241, -7.214135569539071 ], [ 112.736720279986159, -7.214122658306827 ], [ 112.736713609897521, -7.214108373351962 ], [ 112.736709525016423, -7.214093148715706 ], [ 112.736708149459659, -7.214077446990994 ], [ 112.736709525022562, -7.214061745266813 ], [ 112.736713609909074, -7.214046520632085 ], [ 112.736720280001705, -7.214032235679556 ], [ 112.736729332632947, -7.214019324450183 ], [ 112.73674049274301, -7.214008179245002 ], [ 112.736753421237651, -7.213999138705295 ], [ 112.736767725291188, -7.213992477523161 ], [ 112.736782970282377, -7.21398839809514 ], [ 112.736798693000082, -7.213987024372527 ] ] ] ] } },
{ "type": "Feature", "properties": { "OID_": 0, "Name": "Jl.Kalimas Baru 2", "FolderPath": "Data CCTV Usulan + 50 Jalur + Rencana 2026.kmz/Rencana 2026/Surabaya Utara.kmz/Wilayah Surabaya Utara Hendy", "Jenis": "Rencana 2026", "SubJenis": "Surabaya Utara", "POINT_X": 112.736639496, "POINT_Y": -7.213857764, "POINT_Z": 0.0, "BUFF_DIST": 10.0, "ORIG_FID": 62 }, "geometry": { "type": "MultiPolygon", "coordinates": [ [ [ [ 112.736639496000066, -7.21376734137165 ], [ 112.736655218710212, -7.213768715094272 ], [ 112.736670463694026, -7.213772794522332 ], [ 112.736684767740655, -7.213779455704532 ], [ 112.736697696229072, -7.213788496244326 ], [ 112.736708856333763, -7.213799641449612 ], [ 112.736717908960628, -7.21381255267911 ], [ 112.736724579050062, -7.213826837631774 ], [ 112.736728663934585, -7.213842062266652 ], [ 112.73673003949682, -7.213857763990982 ], [ 112.736728663940738, -7.213873465715842 ], [ 112.736724579061601, -7.213888690352246 ], [ 112.736717908976189, -7.213902975307248 ], [ 112.73670885635147, -7.213915886539619 ], [ 112.736697696246765, -7.21392703174796 ], [ 112.736684767756216, -7.213936072290619 ], [ 112.736670463705579, -7.213942733475159 ], [ 112.736655218716351, -7.213946812904748 ], [ 112.736639496000066, -7.213948186627925 ], [ 112.736623773283767, -7.213946812904748 ], [ 112.736608528294539, -7.213942733475159 ], [ 112.736594224243902, -7.213936072290621 ], [ 112.736581295753354, -7.21392703174796 ], [ 112.736570135648648, -7.213915886539619 ], [ 112.736561083023943, -7.21390297530725 ], [ 112.736554412938517, -7.213888690352246 ], [ 112.73655032805938, -7.213873465715842 ], [ 112.736548952503298, -7.213857763990982 ], [ 112.736550328065533, -7.213842062266652 ], [ 112.736554412950056, -7.213826837631774 ], [ 112.73656108303949, -7.213812552679112 ], [ 112.736570135666355, -7.213799641449614 ], [ 112.736581295771046, -7.213788496244324 ], [ 112.736594224259463, -7.213779455704532 ], [ 112.736608528306093, -7.213772794522332 ], [ 112.736623773289921, -7.213768715094272 ], [ 112.736639496000066, -7.21376734137165 ] ] ] ] } },
{ "type": "Feature", "properties": { "OID_": 0, "Name": "Jl. Kalimas Baru 3", "FolderPath": "Data CCTV Usulan + 50 Jalur + Rencana 2026.kmz/Rencana 2026/Surabaya Utara.kmz/Wilayah Surabaya Utara Hendy", "Jenis": "Rencana 2026", "SubJenis": "Surabaya Utara", "POINT_X": 112.73674848, "POINT_Y": -7.217634711, "POINT_Z": 0.0, "BUFF_DIST": 10.0, "ORIG_FID": 63 }, "geometry": { "type": "MultiPolygon", "coordinates": [ [ [ [ 112.736748480000074, -7.217544288386577 ], [ 112.736764202840575, -7.217545662108971 ], [ 112.736779447950795, -7.217549741536357 ], [ 112.736793752116029, -7.217556402717459 ], [ 112.736806680711624, -7.21756544325576 ], [ 112.736817840908856, -7.217576588459207 ], [ 112.736826893610768, -7.217589499686574 ], [ 112.736833563755496, -7.21760378463688 ], [ 112.736837648673898, -7.217619009269244 ], [ 112.736839024247544, -7.217634710990985 ], [ 112.736837648680051, -7.217650412713256 ], [ 112.73683356376705, -7.217665637347146 ], [ 112.736826893626329, -7.217679922299793 ], [ 112.736817840926562, -7.217692833530034 ], [ 112.73680668072933, -7.217703978736538 ], [ 112.736793752131589, -7.217713019277706 ], [ 112.736779447962363, -7.217719680461148 ], [ 112.736764202846715, -7.217723759890062 ], [ 112.736748480000074, -7.217725133613015 ], [ 112.736732757153433, -7.217723759890062 ], [ 112.736717512037799, -7.217719680461148 ], [ 112.736703207868558, -7.217713019277708 ], [ 112.736690279270817, -7.217703978736538 ], [ 112.736679119073585, -7.217692833530033 ], [ 112.736670066373819, -7.217679922299793 ], [ 112.736663396233098, -7.217665637347146 ], [ 112.736659311320096, -7.217650412713256 ], [ 112.736657935752604, -7.217634710990985 ], [ 112.736659311326264, -7.217619009269244 ], [ 112.736663396244651, -7.21760378463688 ], [ 112.736670066389379, -7.217589499686574 ], [ 112.736679119091292, -7.217576588459207 ], [ 112.736690279288524, -7.217565443255758 ], [ 112.736703207884119, -7.217556402717459 ], [ 112.736717512049353, -7.217549741536357 ], [ 112.736732757159572, -7.217545662108971 ], [ 112.736748480000074, -7.217544288386577 ] ] ] ] } },
{ "type": "Feature", "properties": { "OID_": 0, "Name": "Jl,Kaimas Baru 4", "FolderPath": "Data CCTV Usulan + 50 Jalur + Rencana 2026.kmz/Rencana 2026/Surabaya Utara.kmz/Wilayah Surabaya Utara Hendy", "Jenis": "Rencana 2026", "SubJenis": "Surabaya Utara", "POINT_X": 112.736589493, "POINT_Y": -7.217887782, "POINT_Z": 0.0, "BUFF_DIST": 10.0, "ORIG_FID": 64 }, "geometry": { "type": "MultiPolygon", "coordinates": [ [ [ [ 112.73658949300011, -7.217797359387557 ], [ 112.736605215849352, -7.217798733109926 ], [ 112.736620460968041, -7.21780281253727 ], [ 112.736634765141218, -7.217809473718297 ], [ 112.736647693744004, -7.217818514256497 ], [ 112.736658853947446, -7.21782965945982 ], [ 112.73666790665439, -7.217842570687045 ], [ 112.736674576802812, -7.217856855637195 ], [ 112.736678661723488, -7.217872080269388 ], [ 112.736680037297901, -7.217887781990955 ], [ 112.736678661729641, -7.217903483713053 ], [ 112.73667457681438, -7.217918708346777 ], [ 112.73666790666995, -7.217932993299266 ], [ 112.736658853965139, -7.217945904529361 ], [ 112.736647693761711, -7.217957049735742 ], [ 112.736634765156793, -7.217966090276815 ], [ 112.736620460979594, -7.21797275146018 ], [ 112.736605215855505, -7.21797683088905 ], [ 112.73658949300011, -7.217978204611997 ], [ 112.73657377014473, -7.21797683088905 ], [ 112.736558525020641, -7.21797275146018 ], [ 112.736544220843442, -7.217966090276813 ], [ 112.736531292238524, -7.217957049735742 ], [ 112.736520132035096, -7.217945904529361 ], [ 112.736511079330285, -7.217932993299265 ], [ 112.736504409185855, -7.217918708346777 ], [ 112.736500324270594, -7.217903483713053 ], [ 112.736498948702334, -7.217887781990955 ], [ 112.736500324276747, -7.217872080269389 ], [ 112.736504409197423, -7.217856855637195 ], [ 112.736511079345846, -7.217842570687045 ], [ 112.736520132052789, -7.217829659459818 ], [ 112.736531292256231, -7.217818514256497 ], [ 112.736544220859003, -7.217809473718297 ], [ 112.73655852503218, -7.217802812537269 ], [ 112.736573770150883, -7.217798733109926 ], [ 112.73658949300011, -7.217797359387557 ] ] ] ] } },
{ "type": "Feature", "properties": { "OID_": 0, "Name": "Jl.Raya Hangtuah 1", "FolderPath": "Data CCTV Usulan + 50 Jalur + Rencana 2026.kmz/Rencana 2026/Surabaya Utara.kmz/Wilayah Surabaya Utara Hendy", "Jenis": "Rencana 2026", "SubJenis": "Surabaya Utara", "POINT_X": 112.74074696, "POINT_Y": -7.222409034, "POINT_Z": 0.0, "BUFF_DIST": 10.0, "ORIG_FID": 65 }, "geometry": { "type": "MultiPolygon", "coordinates": [ [ [ [ 112.740746960000024, -7.222318611405441 ], [ 112.7407626830054, -7.222319985127545 ], [ 112.740777928275492, -7.22232406455408 ], [ 112.740792232590735, -7.222330725733789 ], [ 112.740805161321902, -7.222339766270202 ], [ 112.74081632163616, -7.222350911471323 ], [ 112.740825374433015, -7.222363822695996 ], [ 112.740832044647703, -7.222378107643319 ], [ 112.740836129608937, -7.222393332272507 ], [ 112.740837505197007, -7.22240903399097 ], [ 112.74083612961509, -7.222424735709964 ], [ 112.740832044659271, -7.222439960340678 ], [ 112.74082537444859, -7.222454245290347 ], [ 112.740816321653881, -7.22246715651789 ], [ 112.740805161339608, -7.222478301722069 ], [ 112.740792232606296, -7.222487342261356 ], [ 112.740777928287045, -7.222494003443406 ], [ 112.740762683011553, -7.222498082871471 ], [ 112.740746960000024, -7.22249945659414 ], [ 112.740731236988481, -7.222498082871471 ], [ 112.740715991712989, -7.222494003443406 ], [ 112.740701687393738, -7.222487342261354 ], [ 112.740688758660426, -7.222478301722069 ], [ 112.740677598346153, -7.22246715651789 ], [ 112.740668545551458, -7.222454245290347 ], [ 112.740661875340777, -7.222439960340678 ], [ 112.740657790384944, -7.222424735709964 ], [ 112.740656414803027, -7.22240903399097 ], [ 112.740657790391111, -7.222393332272507 ], [ 112.74066187535233, -7.222378107643319 ], [ 112.740668545567019, -7.222363822695995 ], [ 112.740677598363874, -7.222350911471323 ], [ 112.740688758678132, -7.222339766270202 ], [ 112.740701687409313, -7.222330725733789 ], [ 112.740715991724542, -7.22232406455408 ], [ 112.740731236994634, -7.222319985127545 ], [ 112.740746960000024, -7.222318611405441 ] ] ] ] } },
{ "type": "Feature", "properties": { "OID_": 0, "Name": "Jl.Raya Hangtuah 2", "FolderPath": "Data CCTV Usulan + 50 Jalur + Rencana 2026.kmz/Rencana 2026/Surabaya Utara.kmz/Wilayah Surabaya Utara Hendy", "Jenis": "Rencana 2026", "SubJenis": "Surabaya Utara", "POINT_X": 112.740502304, "POINT_Y": -7.222448905, "POINT_Z": 0.0, "BUFF_DIST": 10.0, "ORIG_FID": 66 }, "geometry": { "type": "MultiPolygon", "coordinates": [ [ [ [ 112.740502304000074, -7.222358482405549 ], [ 112.740518027006829, -7.22235985612771 ], [ 112.740533272278256, -7.22236393555424 ], [ 112.740547576594736, -7.222370596733939 ], [ 112.740560505327053, -7.222379637270335 ], [ 112.740571665642292, -7.222390782471437 ], [ 112.740580718439929, -7.222403693696086 ], [ 112.740587388655214, -7.222417978643386 ], [ 112.740591473616803, -7.222433203272546 ], [ 112.740592849204987, -7.222448904990981 ], [ 112.740591473622956, -7.222464606709949 ], [ 112.740587388666754, -7.222479831340636 ], [ 112.740580718455504, -7.22249411629028 ], [ 112.740571665660013, -7.222507027517801 ], [ 112.740560505344774, -7.222518172721962 ], [ 112.740547576610325, -7.222527213261232 ], [ 112.740533272289824, -7.222533874443272 ], [ 112.740518027012982, -7.222537953871328 ], [ 112.740502304000074, -7.222539327593934 ], [ 112.740486580987167, -7.222537953871329 ], [ 112.740471335710325, -7.222533874443272 ], [ 112.740457031389823, -7.222527213261232 ], [ 112.740444102655374, -7.222518172721962 ], [ 112.740432942340135, -7.222507027517801 ], [ 112.74042388954463, -7.22249411629028 ], [ 112.740417219333381, -7.222479831340638 ], [ 112.740413134377192, -7.22246460670995 ], [ 112.740411758795148, -7.222448904990981 ], [ 112.740413134383346, -7.222433203272546 ], [ 112.740417219344934, -7.222417978643386 ], [ 112.740423889560205, -7.222403693696086 ], [ 112.740432942357842, -7.222390782471435 ], [ 112.740444102673081, -7.222379637270335 ], [ 112.740457031405398, -7.222370596733939 ], [ 112.740471335721878, -7.22236393555424 ], [ 112.74048658099332, -7.22235985612771 ], [ 112.740502304000074, -7.222358482405549 ] ] ] ] } },
{ "type": "Feature", "properties": { "OID_": 0, "Name": "Jl.Hang Tuah-Benteng", "FolderPath": "Data CCTV Usulan + 50 Jalur + Rencana 2026.kmz/Rencana 2026/Surabaya Utara.kmz/Wilayah Surabaya Utara Hendy", "Jenis": "Rencana 2026", "SubJenis": "Surabaya Utara", "POINT_X": 112.740688891, "POINT_Y": -7.225132212, "POINT_Z": 0.0, "BUFF_DIST": 10.0, "ORIG_FID": 67 }, "geometry": { "type": "MultiPolygon", "coordinates": [ [ [ [ 112.740688891000104, -7.225041789416166 ], [ 112.74070461409957, -7.225043163138143 ], [ 112.740719859460896, -7.225047242564192 ], [ 112.740734163861745, -7.225053903743109 ], [ 112.74074709267029, -7.225062944278444 ], [ 112.740758253051339, -7.22507408947824 ], [ 112.740767305902367, -7.225087000701371 ], [ 112.740773976156973, -7.225101285646995 ], [ 112.740778061142663, -7.225116510274367 ], [ 112.740779436738976, -7.225132211990961 ], [ 112.740778061148816, -7.225147913708085 ], [ 112.740773976168541, -7.225163138336988 ], [ 112.740767305917956, -7.225177423284955 ], [ 112.74075825306906, -7.225190334510964 ], [ 112.740747092688011, -7.225201479713816 ], [ 112.74073416387732, -7.225210520252026 ], [ 112.740719859472463, -7.225217181433283 ], [ 112.740704614105724, -7.225221260860862 ], [ 112.740688891000104, -7.225222634583332 ], [ 112.740673167894471, -7.225221260860862 ], [ 112.740657922527731, -7.225217181433283 ], [ 112.740643618122874, -7.225210520252026 ], [ 112.740630689312184, -7.225201479713816 ], [ 112.740619528931134, -7.225190334510964 ], [ 112.740610476082253, -7.225177423284955 ], [ 112.740603805831654, -7.225163138336989 ], [ 112.740599720851378, -7.225147913708085 ], [ 112.740598345261233, -7.225132211990961 ], [ 112.740599720857531, -7.225116510274367 ], [ 112.740603805843222, -7.225101285646995 ], [ 112.740610476097828, -7.225087000701371 ], [ 112.740619528948855, -7.22507408947824 ], [ 112.740630689329905, -7.225062944278444 ], [ 112.740643618138449, -7.225053903743109 ], [ 112.740657922539299, -7.225047242564192 ], [ 112.740673167900624, -7.225043163138143 ], [ 112.740688891000104, -7.225041789416166 ] ] ] ] } },
{ "type": "Feature", "properties": { "OID_": 0, "Name": "Jl.Hangtuah-Iskandar Muda", "FolderPath": "Data CCTV Usulan + 50 Jalur + Rencana 2026.kmz/Rencana 2026/Surabaya Utara.kmz/Wilayah Surabaya Utara Hendy", "Jenis": "Rencana 2026", "SubJenis": "Surabaya Utara", "POINT_X": 112.74126667100001, "POINT_Y": -7.225263905, "POINT_Z": 0.0, "BUFF_DIST": 10.0, "ORIG_FID": 68 }, "geometry": { "type": "MultiPolygon", "coordinates": [ [ [ [ 112.741266671000062, -7.225173482416722 ], [ 112.74128239410409, -7.225174856138672 ], [ 112.741297639469821, -7.225178935564696 ], [ 112.741311943874805, -7.225185596743573 ], [ 112.741324872687102, -7.225194637278857 ], [ 112.741336033071377, -7.225205782478587 ], [ 112.741345085925019, -7.225218693701647 ], [ 112.741351756181558, -7.225232978647188 ], [ 112.741355841168428, -7.225248203274472 ], [ 112.741357216765138, -7.225263904990975 ], [ 112.741355841174595, -7.225279606708009 ], [ 112.741351756193126, -7.225294831336824 ], [ 112.741345085940608, -7.225309116284709 ], [ 112.741336033089098, -7.225322027510642 ], [ 112.741324872704823, -7.225333172713429 ], [ 112.741311943890395, -7.225342213251588 ], [ 112.741297639481388, -7.225348874432808 ], [ 112.741282394110243, -7.225352953860363 ], [ 112.741266671000062, -7.225354327582845 ], [ 112.741250947889867, -7.225352953860363 ], [ 112.741235702518722, -7.225348874432808 ], [ 112.74122139810973, -7.22534221325159 ], [ 112.741208469295302, -7.225333172713429 ], [ 112.741197308911012, -7.225322027510642 ], [ 112.741188256059516, -7.225309116284709 ], [ 112.741181585806984, -7.225294831336824 ], [ 112.741177500825529, -7.225279606708011 ], [ 112.741176125234972, -7.225263904990975 ], [ 112.741177500831682, -7.225248203274473 ], [ 112.741181585818552, -7.225232978647188 ], [ 112.741188256075091, -7.225218693701647 ], [ 112.741197308928733, -7.225205782478587 ], [ 112.741208469313023, -7.225194637278856 ], [ 112.741221398125305, -7.225185596743573 ], [ 112.74123570253029, -7.225178935564696 ], [ 112.741250947896035, -7.225174856138672 ], [ 112.741266671000062, -7.225173482416722 ] ] ] ] } },
{ "type": "Feature", "properties": { "OID_": 0, "Name": "Jl.Iskandar Muda", "FolderPath": "Data CCTV Usulan + 50 Jalur + Rencana 2026.kmz/Rencana 2026/Surabaya Utara.kmz/Wilayah Surabaya Utara Hendy", "Jenis": "Rencana 2026", "SubJenis": "Surabaya Utara", "POINT_X": 112.7436781, "POINT_Y": -7.225600191, "POINT_Z": 0.0, "BUFF_DIST": 10.0, "ORIG_FID": 69 }, "geometry": { "type": "MultiPolygon", "coordinates": [ [ [ [ 112.743678100000011, -7.225509768418014 ], [ 112.743693823115649, -7.225511142139976 ], [ 112.743709068492663, -7.225515221565942 ], [ 112.743723372908221, -7.225521882744721 ], [ 112.743736301730067, -7.225530923279869 ], [ 112.743747462122599, -7.225542068479436 ], [ 112.743756514982948, -7.225554979702307 ], [ 112.743763185244404, -7.225569264647637 ], [ 112.743767270234301, -7.225584489274697 ], [ 112.74376864583202, -7.22560019099097 ], [ 112.743767270240454, -7.225615892707773 ], [ 112.743763185255972, -7.225631117336365 ], [ 112.743756514998537, -7.225645402284038 ], [ 112.74374746214032, -7.225658313509782 ], [ 112.743736301747788, -7.225669458712406 ], [ 112.743723372923796, -7.225678499250431 ], [ 112.743709068504231, -7.225685160431552 ], [ 112.743693823121802, -7.225689239859046 ], [ 112.743678100000011, -7.225690613581478 ], [ 112.743662376878206, -7.225689239859048 ], [ 112.743647131495791, -7.225685160431552 ], [ 112.743632827076212, -7.225678499250431 ], [ 112.74361989825222, -7.225669458712406 ], [ 112.743608737859688, -7.225658313509782 ], [ 112.743599685001485, -7.225645402284036 ], [ 112.743593014744036, -7.225631117336365 ], [ 112.743588929759568, -7.225615892707773 ], [ 112.743587554168002, -7.22560019099097 ], [ 112.743588929765721, -7.225584489274699 ], [ 112.743593014755618, -7.225569264647637 ], [ 112.743599685017074, -7.225554979702307 ], [ 112.743608737877409, -7.225542068479436 ], [ 112.743619898269941, -7.225530923279869 ], [ 112.743632827091801, -7.225521882744722 ], [ 112.743647131507345, -7.22551522156594 ], [ 112.743662376884359, -7.225511142139976 ], [ 112.743678100000011, -7.225509768418014 ] ] ] ] } },
{ "type": "Feature", "properties": { "OID_": 0, "Name": "Jl.Sasak", "FolderPath": "Data CCTV Usulan + 50 Jalur + Rencana 2026.kmz/Rencana 2026/Surabaya Utara.kmz/Wilayah Surabaya Utara Hendy", "Jenis": "Rencana 2026", "SubJenis": "Surabaya Utara", "POINT_X": 112.74097623199999, "POINT_Y": -7.232965338, "POINT_Z": 0.0, "BUFF_DIST": 10.0, "ORIG_FID": 70 }, "geometry": { "type": "MultiPolygon", "coordinates": [ [ [ [ 112.740976232000094, -7.232874915447175 ], [ 112.740991955370433, -7.232876289168651 ], [ 112.741007200994389, -7.232880368593301 ], [ 112.741021505641655, -7.23288702976993 ], [ 112.741034434672926, -7.232896070302166 ], [ 112.741045595246248, -7.232907215498138 ], [ 112.741054648253225, -7.232920126716844 ], [ 112.741061318622741, -7.232934411657569 ], [ 112.741065403678803, -7.232949636279721 ], [ 112.741066779298805, -7.232965337990934 ], [ 112.741065403684971, -7.232981039702673 ], [ 112.741061318634323, -7.232996264326358 ], [ 112.741054648268829, -7.233010549269433 ], [ 112.741045595263998, -7.233023460491014 ], [ 112.741034434690675, -7.233034605690048 ], [ 112.741021505657258, -7.233043646225161 ], [ 112.741007201005957, -7.233050307404135 ], [ 112.740991955376586, -7.233054386830317 ], [ 112.740976232000094, -7.233055760552344 ], [ 112.740960508623587, -7.233054386830317 ], [ 112.740945262994217, -7.233050307404135 ], [ 112.740930958342929, -7.233043646225161 ], [ 112.740918029309512, -7.233034605690048 ], [ 112.740906868736189, -7.233023460491014 ], [ 112.740897815731358, -7.233010549269431 ], [ 112.740891145365865, -7.23299626432636 ], [ 112.740887060315217, -7.232981039702675 ], [ 112.740885684701368, -7.232965337990934 ], [ 112.74088706032137, -7.232949636279721 ], [ 112.740891145377432, -7.232934411657569 ], [ 112.740897815746948, -7.232920126716844 ], [ 112.740906868753939, -7.232907215498139 ], [ 112.740918029327261, -7.232896070302166 ], [ 112.740930958358518, -7.23288702976993 ], [ 112.740945263005798, -7.232880368593301 ], [ 112.740960508629755, -7.232876289168651 ], [ 112.740976232000094, -7.232874915447175 ] ] ] ] } },
{ "type": "Feature", "properties": { "OID_": 0, "Name": "Jl. KH Mas Mansyur", "FolderPath": "Data CCTV Usulan + 50 Jalur + Rencana 2026.kmz/Rencana 2026/Surabaya Utara.kmz/Wilayah Surabaya Utara Hendy", "Jenis": "Rencana 2026", "SubJenis": "Surabaya Utara", "POINT_X": 112.740786413, "POINT_Y": -7.229929703, "POINT_Z": 0.0, "BUFF_DIST": 10.0, "ORIG_FID": 71 }, "geometry": { "type": "MultiPolygon", "coordinates": [ [ [ [ 112.740786413000023, -7.229839280435142 ], [ 112.740802136265359, -7.229840654156815 ], [ 112.740817381787508, -7.229844733582008 ], [ 112.740831686339234, -7.229851394759525 ], [ 112.740844615284161, -7.229860435292959 ], [ 112.740855775782947, -7.229871580490414 ], [ 112.740864828729471, -7.229884491710838 ], [ 112.740871499054435, -7.229898776653461 ], [ 112.740875584083213, -7.229914001277638 ], [ 112.740876959694035, -7.229929702990933 ], [ 112.740875584089366, -7.229945404704764 ], [ 112.740871499066017, -7.229960629330469 ], [ 112.74086482874506, -7.22997491427544 ], [ 112.740855775800682, -7.229987825498737 ], [ 112.740844615301896, -7.229998970699253 ], [ 112.740831686354838, -7.230008011235565 ], [ 112.740817381799076, -7.230014672415424 ], [ 112.740802136271512, -7.23001875184215 ], [ 112.740786413000023, -7.230020125564347 ], [ 112.740770689728535, -7.23001875184215 ], [ 112.740755444200971, -7.230014672415424 ], [ 112.740741139645223, -7.230008011235565 ], [ 112.740728210698151, -7.229998970699253 ], [ 112.740717050199365, -7.229987825498737 ], [ 112.740707997254987, -7.229974914275438 ], [ 112.74070132693403, -7.229960629330471 ], [ 112.740697241910681, -7.229945404704764 ], [ 112.740695866306012, -7.229929702990933 ], [ 112.740697241916834, -7.229914001277638 ], [ 112.740701326945612, -7.229898776653461 ], [ 112.74070799727059, -7.229884491710837 ], [ 112.7407170502171, -7.229871580490414 ], [ 112.740728210715886, -7.229860435292959 ], [ 112.740741139660813, -7.229851394759525 ], [ 112.740755444212539, -7.229844733582008 ], [ 112.740770689734688, -7.229840654156815 ], [ 112.740786413000023, -7.229839280435142 ] ] ] ] } },
{ "type": "Feature", "properties": { "OID_": 0, "Name": "Jl. KH Mas Mansyur 2", "FolderPath": "Data CCTV Usulan + 50 Jalur + Rencana 2026.kmz/Rencana 2026/Surabaya Utara.kmz/Wilayah Surabaya Utara Hendy", "Jenis": "Rencana 2026", "SubJenis": "Surabaya Utara", "POINT_X": 112.740889839, "POINT_Y": -7.227243873, "POINT_Z": 0.0, "BUFF_DIST": 10.0, "ORIG_FID": 72 }, "geometry": { "type": "MultiPolygon", "coordinates": [ [ [ [ 112.740889839000033, -7.227153450424568 ], [ 112.740905562172486, -7.227154824146385 ], [ 112.740920807604596, -7.227158903572056 ], [ 112.740935112071838, -7.227165564750356 ], [ 112.74094804094041, -7.227174605284857 ], [ 112.740959201373272, -7.227185750483621 ], [ 112.740968254266321, -7.227198661705562 ], [ 112.740974924551892, -7.227212946649863 ], [ 112.740979009556554, -7.22722817127583 ], [ 112.740980385159233, -7.227243872990974 ], [ 112.740979009562707, -7.227259574706647 ], [ 112.74097492456346, -7.227274799334143 ], [ 112.740968254281924, -7.227289084280793 ], [ 112.740959201391007, -7.227301995505606 ], [ 112.740948040958131, -7.227313140707431 ], [ 112.740935112087428, -7.227322181244805 ], [ 112.740920807616178, -7.227328842425448 ], [ 112.740905562178654, -7.227332921852652 ], [ 112.740889839000033, -7.227334295575027 ], [ 112.740874115821413, -7.227332921852652 ], [ 112.740858870383889, -7.227328842425448 ], [ 112.740844565912639, -7.227322181244807 ], [ 112.740831637041936, -7.227313140707431 ], [ 112.740820476609059, -7.227301995505606 ], [ 112.740811423718142, -7.227289084280793 ], [ 112.740804753436606, -7.227274799334143 ], [ 112.740800668437359, -7.227259574706649 ], [ 112.740799292840833, -7.227243872990974 ], [ 112.740800668443512, -7.22722817127583 ], [ 112.740804753448174, -7.227212946649863 ], [ 112.740811423733746, -7.227198661705562 ], [ 112.740820476626794, -7.227185750483621 ], [ 112.740831637059657, -7.227174605284857 ], [ 112.740844565928228, -7.227165564750356 ], [ 112.740858870395471, -7.227158903572056 ], [ 112.74087411582758, -7.227154824146385 ], [ 112.740889839000033, -7.227153450424568 ] ] ] ] } },
{ "type": "Feature", "properties": { "OID_": 0, "Name": "Jl.Sidorame", "FolderPath": "Data CCTV Usulan + 50 Jalur + Rencana 2026.kmz/Rencana 2026/Surabaya Utara.kmz/Wilayah Surabaya Utara Hendy", "Jenis": "Rencana 2026", "SubJenis": "Surabaya Utara", "POINT_X": 112.746339831, "POINT_Y": -7.226554896, "POINT_Z": 0.0, "BUFF_DIST": 10.0, "ORIG_FID": 73 }, "geometry": { "type": "MultiPolygon", "coordinates": [ [ [ [ 112.746339831000114, -7.226464473421776 ], [ 112.746355554148749, -7.226465847143662 ], [ 112.746370799557766, -7.226469926569458 ], [ 112.746385104003338, -7.226476587747958 ], [ 112.746398032852326, -7.22648562828273 ], [ 112.746409193268278, -7.22649677348183 ], [ 112.746418246147627, -7.22650968470416 ], [ 112.746424916423081, -7.226523969648895 ], [ 112.746429001421532, -7.226539194275318 ], [ 112.746430377022151, -7.226554895990935 ], [ 112.7464290014277, -7.226570597707084 ], [ 112.746424916434648, -7.226585822335037 ], [ 112.746418246163202, -7.226600107282117 ], [ 112.746409193285999, -7.22661301850732 ], [ 112.746398032870047, -7.226624163709479 ], [ 112.746385104018927, -7.226633204247126 ], [ 112.746370799569334, -7.226639865427972 ], [ 112.746355554154903, -7.226643944855296 ], [ 112.746339831000114, -7.226645318577686 ], [ 112.746324107845311, -7.226643944855296 ], [ 112.746308862430894, -7.226639865427972 ], [ 112.746294557981301, -7.226633204247126 ], [ 112.746281629130166, -7.226624163709479 ], [ 112.746270468714215, -7.226613018507321 ], [ 112.746261415837012, -7.226600107282117 ], [ 112.746254745565565, -7.226585822335037 ], [ 112.746250660572514, -7.226570597707085 ], [ 112.746249284978063, -7.226554895990935 ], [ 112.746250660578681, -7.22653919427532 ], [ 112.746254745577133, -7.226523969648895 ], [ 112.746261415852601, -7.22650968470416 ], [ 112.746270468731936, -7.226496773481832 ], [ 112.746281629147902, -7.22648562828273 ], [ 112.746294557996876, -7.226476587747958 ], [ 112.746308862442447, -7.226469926569457 ], [ 112.746324107851464, -7.226465847143662 ], [ 112.746339831000114, -7.226464473421776 ] ] ] ] } },
{ "type": "Feature", "properties": { "OID_": 0, "Name": "Jl.Sultan Iskandar Muda", "FolderPath": "Data CCTV Usulan + 50 Jalur + Rencana 2026.kmz/Rencana 2026/Surabaya Utara.kmz/Wilayah Surabaya Utara Hendy", "Jenis": "Rencana 2026", "SubJenis": "Surabaya Utara", "POINT_X": 112.745774969, "POINT_Y": -7.226250946, "POINT_Z": 0.0, "BUFF_DIST": 10.0, "ORIG_FID": 74 }, "geometry": { "type": "MultiPolygon", "coordinates": [ [ [ [ 112.745774969000081, -7.226160523420563 ], [ 112.745790692138215, -7.226161897142491 ], [ 112.745805937537042, -7.226165976568341 ], [ 112.74582024197305, -7.22617263774693 ], [ 112.745833170813398, -7.226181678281821 ], [ 112.745844331221903, -7.226192823481068 ], [ 112.745853384095199, -7.226205734703571 ], [ 112.745860054366204, -7.226220019648496 ], [ 112.745864139361927, -7.226235244275122 ], [ 112.745865514961622, -7.226250945990948 ], [ 112.745864139368095, -7.226266647707304 ], [ 112.745860054377758, -7.226281872335463 ], [ 112.745853384110774, -7.226296157282729 ], [ 112.745844331239624, -7.226309068508106 ], [ 112.745833170831133, -7.226320213710415 ], [ 112.745820241988639, -7.22632925424818 ], [ 112.74580593754861, -7.226335915429114 ], [ 112.745790692144368, -7.226339994856493 ], [ 112.745774969000081, -7.226341368578877 ], [ 112.745759245855794, -7.226339994856493 ], [ 112.745744000451552, -7.226335915429114 ], [ 112.745729696011523, -7.22632925424818 ], [ 112.745716767169029, -7.226320213710415 ], [ 112.745705606760538, -7.226309068508105 ], [ 112.745696553889388, -7.226296157282729 ], [ 112.745689883622404, -7.226281872335463 ], [ 112.745685798632067, -7.226266647707305 ], [ 112.74568442303854, -7.226250945990948 ], [ 112.745685798638235, -7.226235244275122 ], [ 112.745689883633958, -7.226220019648496 ], [ 112.745696553904963, -7.226205734703573 ], [ 112.745705606778259, -7.226192823481068 ], [ 112.745716767186764, -7.22618167828182 ], [ 112.745729696027112, -7.22617263774693 ], [ 112.74574400046312, -7.226165976568339 ], [ 112.745759245861947, -7.226161897142491 ], [ 112.745774969000081, -7.226160523420563 ] ] ] ] } },
{ "type": "Feature", "properties": { "OID_": 0, "Name": "Jl.Wonosari", "FolderPath": "Data CCTV Usulan + 50 Jalur + Rencana 2026.kmz/Rencana 2026/Surabaya Utara.kmz/Wilayah Surabaya Utara Hendy", "Jenis": "Rencana 2026", "SubJenis": "Surabaya Utara", "POINT_X": 112.747315551, "POINT_Y": -7.224808953, "POINT_Z": 0.0, "BUFF_DIST": 10.0, "ORIG_FID": 75 }, "geometry": { "type": "MultiPolygon", "coordinates": [ [ [ [ 112.747315551000042, -7.224718530414933 ], [ 112.747331274088353, -7.224719904136917 ], [ 112.747346519438835, -7.224723983563024 ], [ 112.74736082382951, -7.224730644742035 ], [ 112.747373752628874, -7.224739685277497 ], [ 112.747384913002008, -7.224750830477447 ], [ 112.747393965846598, -7.224763741700765 ], [ 112.747400636096458, -7.22477802664659 ], [ 112.747404721079249, -7.224793251274178 ], [ 112.747406096674581, -7.224808952990994 ], [ 112.747404721085402, -7.224824654708341 ], [ 112.747400636108026, -7.224839879337456 ], [ 112.747393965862187, -7.224854164285626 ], [ 112.747384913019729, -7.224867075511816 ], [ 112.747373752646595, -7.224878220714825 ], [ 112.747360823845099, -7.224887261253164 ], [ 112.747346519450417, -7.224893922434515 ], [ 112.747331274094506, -7.224898001862153 ], [ 112.747315551000042, -7.224899375584655 ], [ 112.747299827905593, -7.224898001862154 ], [ 112.747284582549682, -7.224893922434515 ], [ 112.747270278154986, -7.224887261253165 ], [ 112.74725734935349, -7.224878220714825 ], [ 112.747246188980355, -7.224867075511816 ], [ 112.747237136137898, -7.224854164285626 ], [ 112.747230465892059, -7.224839879337456 ], [ 112.747226380914682, -7.224824654708341 ], [ 112.747225005325504, -7.224808952990994 ], [ 112.747226380920836, -7.224793251274178 ], [ 112.747230465903627, -7.22477802664659 ], [ 112.747237136153487, -7.224763741700764 ], [ 112.747246188998091, -7.224750830477449 ], [ 112.74725734937121, -7.224739685277496 ], [ 112.747270278170575, -7.224730644742035 ], [ 112.74728458256125, -7.224723983563022 ], [ 112.747299827911746, -7.224719904136917 ], [ 112.747315551000042, -7.224718530414933 ] ] ] ] } },
{ "type": "Feature", "properties": { "OID_": 0, "Name": "Jl.Karang Tembok", "FolderPath": "Data CCTV Usulan + 50 Jalur + Rencana 2026.kmz/Rencana 2026/Surabaya Utara.kmz/Wilayah Surabaya Utara Hendy", "Jenis": "Rencana 2026", "SubJenis": "Surabaya Utara", "POINT_X": 112.74724892899999, "POINT_Y": -7.224729898, "POINT_Z": 0.0, "BUFF_DIST": 10.0, "ORIG_FID": 76 }, "geometry": { "type": "MultiPolygon", "coordinates": [ [ [ [ 112.747248929000079, -7.224639475414638 ], [ 112.747264652085647, -7.224640849136594 ], [ 112.747279897433486, -7.224644928562713 ], [ 112.747294201821688, -7.224651589741747 ], [ 112.747307130618793, -7.224660630277242 ], [ 112.747318290989995, -7.224671775477232 ], [ 112.747327343833007, -7.224684686700595 ], [ 112.747334014081716, -7.22469897164647 ], [ 112.747338099063782, -7.224714196274109 ], [ 112.747339474658872, -7.224729897990979 ], [ 112.74733809906995, -7.224745599708382 ], [ 112.747334014093283, -7.22476082433755 ], [ 112.747327343848596, -7.224775109285769 ], [ 112.747318291007716, -7.224788020512003 ], [ 112.747307130636514, -7.224799165715051 ], [ 112.747294201837263, -7.224808206253419 ], [ 112.747279897445068, -7.224814867434795 ], [ 112.7472646520918, -7.224818946862446 ], [ 112.747248929000079, -7.224820320584982 ], [ 112.747233205908358, -7.224818946862446 ], [ 112.747217960555091, -7.224814867434795 ], [ 112.747203656162881, -7.224808206253419 ], [ 112.74719072736363, -7.224799165715051 ], [ 112.747179566992443, -7.224788020512002 ], [ 112.747170514151563, -7.224775109285769 ], [ 112.747163843906876, -7.224760824337552 ], [ 112.747159758930209, -7.224745599708382 ], [ 112.747158383341286, -7.224729897990979 ], [ 112.747159758936377, -7.224714196274109 ], [ 112.747163843918443, -7.224698971646468 ], [ 112.747170514167152, -7.224684686700595 ], [ 112.747179567010164, -7.224671775477234 ], [ 112.747190727381351, -7.224660630277242 ], [ 112.747203656178471, -7.224651589741748 ], [ 112.747217960566672, -7.224644928562715 ], [ 112.747233205914512, -7.224640849136594 ], [ 112.747248929000079, -7.224639475414638 ] ] ] ] } },
{ "type": "Feature", "properties": { "OID_": 0, "Name": "Jl. Wonokusumo - Wonosari", "FolderPath": "Data CCTV Usulan + 50 Jalur + Rencana 2026.kmz/Rencana 2026/Surabaya Utara.kmz/Wilayah Surabaya Utara Hendy", "Jenis": "Rencana 2026", "SubJenis": "Surabaya Utara", "POINT_X": 112.749885198, "POINT_Y": -7.222658562, "POINT_Z": 0.0, "BUFF_DIST": 10.0, "ORIG_FID": 77 }, "geometry": { "type": "MultiPolygon", "coordinates": [ [ [ [ 112.749885198000015, -7.222568139406394 ], [ 112.749900921014017, -7.222569513128497 ], [ 112.749916166292451, -7.222573592554989 ], [ 112.749930470615539, -7.222580253734626 ], [ 112.749943399353796, -7.222589294270939 ], [ 112.74995455967418, -7.22260043947194 ], [ 112.749963612475995, -7.222613350696469 ], [ 112.749970282694335, -7.222627635643638 ], [ 112.749974367657813, -7.222642860272661 ], [ 112.749975743246651, -7.22265856199095 ], [ 112.749974367663967, -7.222674263709775 ], [ 112.749970282705902, -7.222689488340323 ], [ 112.749963612491584, -7.222703773289834 ], [ 112.749954559691901, -7.222716684517239 ], [ 112.749943399371531, -7.222727829721298 ], [ 112.749930470631114, -7.222736870260483 ], [ 112.749916166304018, -7.222743531442463 ], [ 112.749900921020156, -7.222747610870483 ], [ 112.749885198000015, -7.222748984593119 ], [ 112.74986947497986, -7.222747610870483 ], [ 112.749854229695998, -7.222743531442463 ], [ 112.749839925368903, -7.222736870260483 ], [ 112.749826996628499, -7.222727829721298 ], [ 112.749815836308116, -7.222716684517238 ], [ 112.749806783508447, -7.222703773289833 ], [ 112.749800113294128, -7.222689488340325 ], [ 112.74979602833605, -7.222674263709775 ], [ 112.74979465275338, -7.22265856199095 ], [ 112.749796028342203, -7.222642860272661 ], [ 112.749800113305682, -7.222627635643638 ], [ 112.749806783524022, -7.222613350696469 ], [ 112.749815836325837, -7.22260043947194 ], [ 112.74982699664622, -7.222589294270939 ], [ 112.749839925384478, -7.222580253734625 ], [ 112.749854229707566, -7.222573592554989 ], [ 112.749869474985999, -7.222569513128497 ], [ 112.749885198000015, -7.222568139406394 ] ] ] ] } },
{ "type": "Feature", "properties": { "OID_": 0, "Name": "Jl. Wonokusumo", "FolderPath": "Data CCTV Usulan + 50 Jalur + Rencana 2026.kmz/Rencana 2026/Surabaya Utara.kmz/Wilayah Surabaya Utara Hendy", "Jenis": "Rencana 2026", "SubJenis": "Surabaya Utara", "POINT_X": 112.75132977, "POINT_Y": -7.223216223, "POINT_Z": 0.0, "BUFF_DIST": 10.0, "ORIG_FID": 78 }, "geometry": { "type": "MultiPolygon", "coordinates": [ [ [ [ 112.751329770000098, -7.223125800408626 ], [ 112.751345493033355, -7.223127174130688 ], [ 112.75136073833049, -7.22313125355708 ], [ 112.7513750426711, -7.223137914736554 ], [ 112.751387971425203, -7.223146955272647 ], [ 112.751399131759271, -7.223158100473375 ], [ 112.751408184572171, -7.223171011697591 ], [ 112.751414854798682, -7.223185296644412 ], [ 112.751418939767177, -7.223200521273059 ], [ 112.751420315357677, -7.223216222990969 ], [ 112.75141893977333, -7.22323192470941 ], [ 112.75141485481025, -7.223247149339588 ], [ 112.75140818458776, -7.223261434288751 ], [ 112.751399131776992, -7.223274345515841 ], [ 112.751387971442938, -7.223285490719627 ], [ 112.751375042686675, -7.223294531258593 ], [ 112.751360738342058, -7.223301192440407 ], [ 112.751345493039523, -7.223305271868329 ], [ 112.751329770000098, -7.223306645590944 ], [ 112.751314046960672, -7.223305271868329 ], [ 112.751298801658137, -7.223301192440407 ], [ 112.751284497313506, -7.223294531258595 ], [ 112.751271568557257, -7.223285490719627 ], [ 112.751260408223203, -7.223274345515841 ], [ 112.751251355412435, -7.223261434288751 ], [ 112.751244685189931, -7.223247149339588 ], [ 112.751240600226865, -7.223231924709411 ], [ 112.751239224642504, -7.223216222990969 ], [ 112.751240600233018, -7.223200521273061 ], [ 112.751244685201499, -7.223185296644412 ], [ 112.751251355428025, -7.223171011697591 ], [ 112.751260408240924, -7.223158100473375 ], [ 112.751271568574978, -7.223146955272645 ], [ 112.751284497329095, -7.223137914736554 ], [ 112.751298801669691, -7.223131253557078 ], [ 112.751314046966826, -7.223127174130688 ], [ 112.751329770000098, -7.223125800408626 ] ] ] ] } },
{ "type": "Feature", "properties": { "OID_": 0, "Name": "Jl. Tambak Wedi", "FolderPath": "Data CCTV Usulan + 50 Jalur + Rencana 2026.kmz/Rencana 2026/Surabaya Utara.kmz/Wilayah Surabaya Utara Hendy", "Jenis": "Rencana 2026", "SubJenis": "Surabaya Utara", "POINT_X": 112.77194009599999, "POINT_Y": -7.206429097, "POINT_Z": 0.0, "BUFF_DIST": 10.0, "ORIG_FID": 79 }, "geometry": { "type": "MultiPolygon", "coordinates": [ [ [ [ 112.771940096000094, -7.206338674342329 ], [ 112.77195581845406, -7.206340048065396 ], [ 112.771971063189483, -7.206344127494782 ], [ 112.77198536700304, -7.206350788679143 ], [ 112.771998295280781, -7.206359829221868 ], [ 112.772009455203644, -7.20637097443077 ], [ 112.772018507682986, -7.206383885664455 ], [ 112.772025177663735, -7.206398170621756 ], [ 112.772029262481695, -7.206413395261568 ], [ 112.772030638021519, -7.206429096990991 ], [ 112.772029262487834, -7.206444798720944 ], [ 112.772025177675275, -7.206460023362281 ], [ 112.772018507698533, -7.206474308321915 ], [ 112.772009455221308, -7.206487219558467 ], [ 112.771998295298459, -7.206498364770423 ], [ 112.771985367018587, -7.206507405316015 ], [ 112.771971063201008, -7.206514066502711 ], [ 112.771955818460185, -7.206518145933623 ], [ 112.771940096000094, -7.206519519657245 ], [ 112.771924373540003, -7.206518145933625 ], [ 112.771909128799194, -7.206514066502711 ], [ 112.771894824981615, -7.206507405316015 ], [ 112.771881896701728, -7.206498364770423 ], [ 112.77187073677888, -7.206487219558467 ], [ 112.771861684301669, -7.206474308321916 ], [ 112.771855014324927, -7.206460023362283 ], [ 112.771850929512368, -7.206444798720944 ], [ 112.771849553978669, -7.206429096990991 ], [ 112.771850929518493, -7.206413395261568 ], [ 112.771855014336467, -7.206398170621754 ], [ 112.771861684317216, -7.206383885664457 ], [ 112.771870736796558, -7.206370974430771 ], [ 112.771881896719421, -7.20635982922187 ], [ 112.771894824997162, -7.206350788679143 ], [ 112.771909128810719, -7.206344127494782 ], [ 112.771924373546142, -7.206340048065396 ], [ 112.771940096000094, -7.206338674342329 ] ] ] ] } },
{ "type": "Feature", "properties": { "OID_": 0, "Name": "Jl.Tambak Wedi Barat", "FolderPath": "Data CCTV Usulan + 50 Jalur + Rencana 2026.kmz/Rencana 2026/Surabaya Utara.kmz/Wilayah Surabaya Utara Hendy", "Jenis": "Rencana 2026", "SubJenis": "Surabaya Utara", "POINT_X": 112.77125512800001, "POINT_Y": -7.208904682, "POINT_Z": 0.0, "BUFF_DIST": 10.0, "ORIG_FID": 80 }, "geometry": { "type": "MultiPolygon", "coordinates": [ [ [ [ 112.771255128, -7.208814259352117 ], [ 112.77127085053931, -7.208815633075031 ], [ 112.771286095357468, -7.208819712503974 ], [ 112.771300399248688, -7.208826373687613 ], [ 112.771313327596602, -7.208835414229364 ], [ 112.771324487580031, -7.208846559437061 ], [ 112.771333540108529, -7.208859470669355 ], [ 112.771340210125487, -7.208873755625106 ], [ 112.77134429496563, -7.208888980263276 ], [ 112.7713456705129, -7.208904681991002 ], [ 112.771344294971755, -7.208920383719258 ], [ 112.771340210137026, -7.208935608358954 ], [ 112.771333540124076, -7.208949893317045 ], [ 112.771324487597724, -7.208962804552202 ], [ 112.771313327614294, -7.208973949762956 ], [ 112.771300399264234, -7.20898299030757 ], [ 112.771286095369007, -7.208989651493548 ], [ 112.771270850545434, -7.208993730924019 ], [ 112.771255128, -7.208995104647499 ], [ 112.77123940545458, -7.208993730924019 ], [ 112.771224160630993, -7.208989651493548 ], [ 112.77120985673578, -7.20898299030757 ], [ 112.77119692838572, -7.208973949762956 ], [ 112.77118576840229, -7.208962804552202 ], [ 112.771176715875939, -7.208949893317045 ], [ 112.771170045862988, -7.208935608358954 ], [ 112.77116596102826, -7.208920383719258 ], [ 112.771164585487114, -7.208904681991002 ], [ 112.771165961034384, -7.208888980263276 ], [ 112.771170045874527, -7.208873755625106 ], [ 112.771176715891485, -7.208859470669353 ], [ 112.771185768419969, -7.208846559437061 ], [ 112.771196928403398, -7.208835414229364 ], [ 112.771209856751327, -7.208826373687613 ], [ 112.771224160642532, -7.208819712503974 ], [ 112.771239405460705, -7.208815633075031 ], [ 112.771255128, -7.208814259352117 ] ] ] ] } },
{ "type": "Feature", "properties": { "OID_": 0, "Name": "Jl. Tambak Wedi - Jembatan", "FolderPath": "Data CCTV Usulan + 50 Jalur + Rencana 2026.kmz/Rencana 2026/Surabaya Utara.kmz/Wilayah Surabaya Utara Hendy", "Jenis": "Rencana 2026", "SubJenis": "Surabaya Utara", "POINT_X": 112.769070489, "POINT_Y": -7.218568436, "POINT_Z": 0.0, "BUFF_DIST": 10.0, "ORIG_FID": 81 }, "geometry": { "type": "MultiPolygon", "coordinates": [ [ [ [ 112.769070489000114, -7.218478013390207 ], [ 112.769086211872846, -7.218479387112582 ], [ 112.76910145701433, -7.218483466539804 ], [ 112.769115761208894, -7.218490127720633 ], [ 112.769128689830993, -7.218499168258565 ], [ 112.769139850051104, -7.218510313461559 ], [ 112.769148902771576, -7.218523224688398 ], [ 112.769155572929989, -7.218537509638121 ], [ 112.769159657856761, -7.218552734269864 ], [ 112.769161033433221, -7.218568435990962 ], [ 112.769159657862915, -7.218584137712595 ], [ 112.769155572941543, -7.218599362345865 ], [ 112.769148902787151, -7.218613647297929 ], [ 112.769139850068811, -7.218626558527641 ], [ 112.769128689848699, -7.21863770373369 ], [ 112.769115761224455, -7.218646744274492 ], [ 112.769101457025883, -7.218653405457658 ], [ 112.769086211878985, -7.218657484886409 ], [ 112.769070489000114, -7.218658858609266 ], [ 112.769054766121229, -7.21865748488641 ], [ 112.769039520974331, -7.218653405457658 ], [ 112.769025216775759, -7.218646744274494 ], [ 112.769012288151515, -7.21863770373369 ], [ 112.769001127931418, -7.21862655852764 ], [ 112.768992075213077, -7.218613647297929 ], [ 112.768985405058672, -7.218599362345865 ], [ 112.7689813201373, -7.218584137712595 ], [ 112.768979944566993, -7.218568435990962 ], [ 112.768981320143467, -7.218552734269863 ], [ 112.768985405070225, -7.21853750963812 ], [ 112.768992075228638, -7.218523224688398 ], [ 112.769001127949124, -7.218510313461559 ], [ 112.769012288169222, -7.218499168258563 ], [ 112.769025216791334, -7.218490127720633 ], [ 112.769039520985899, -7.218483466539804 ], [ 112.769054766127368, -7.218479387112582 ], [ 112.769070489000114, -7.218478013390207 ] ] ] ] } },
{ "type": "Feature", "properties": { "OID_": 0, "Name": "Jl.Dukuh Bulak Banteng", "FolderPath": "Data CCTV Usulan + 50 Jalur + Rencana 2026.kmz/Rencana 2026/Surabaya Utara.kmz/Wilayah Surabaya Utara Hendy", "Jenis": "Rencana 2026", "SubJenis": "Surabaya Utara", "POINT_X": 112.76867762800001, "POINT_Y": -7.21811781, "POINT_Z": 0.0, "BUFF_DIST": 10.0, "ORIG_FID": 82 }, "geometry": { "type": "MultiPolygon", "coordinates": [ [ [ [ 112.768677628000091, -7.218027387388483 ], [ 112.768693350857276, -7.218028761110858 ], [ 112.768708595983654, -7.218032840538158 ], [ 112.768722900164065, -7.218039501719119 ], [ 112.768735828773387, -7.218048542257227 ], [ 112.768746988982443, -7.218059687460439 ], [ 112.768756041693962, -7.218072598687534 ], [ 112.768762711845781, -7.218086883637539 ], [ 112.768766796768517, -7.218102108269582 ], [ 112.768768172343613, -7.218117809990988 ], [ 112.768766796774656, -7.21813351171293 ], [ 112.768762711857335, -7.2181487363465 ], [ 112.768756041709537, -7.218163021298845 ], [ 112.768746989000149, -7.218175932528813 ], [ 112.768735828791094, -7.218187077735081 ], [ 112.76872290017964, -7.21819611827606 ], [ 112.768708595995221, -7.21820277945936 ], [ 112.768693350863416, -7.218206858888188 ], [ 112.768677628000091, -7.218208232611103 ], [ 112.768661905136767, -7.218206858888189 ], [ 112.768646660004961, -7.21820277945936 ], [ 112.768632355820557, -7.218196118276062 ], [ 112.768619427209089, -7.218187077735081 ], [ 112.768608267000033, -7.218175932528811 ], [ 112.768599214290646, -7.218163021298845 ], [ 112.768592544142862, -7.2181487363465 ], [ 112.768588459225526, -7.21813351171293 ], [ 112.76858708365657, -7.218117809990988 ], [ 112.76858845923168, -7.218102108269582 ], [ 112.768592544154401, -7.21808688363754 ], [ 112.768599214306221, -7.218072598687534 ], [ 112.76860826701774, -7.218059687460439 ], [ 112.768619427226795, -7.218048542257227 ], [ 112.768632355836118, -7.218039501719119 ], [ 112.768646660016529, -7.218032840538158 ], [ 112.76866190514292, -7.218028761110858 ], [ 112.768677628000091, -7.218027387388483 ] ] ] ] } },
{ "type": "Feature", "properties": { "OID_": 0, "Name": "Jl.Kedinding Lor", "FolderPath": "Data CCTV Usulan + 50 Jalur + Rencana 2026.kmz/Rencana 2026/Surabaya Utara.kmz/Wilayah Surabaya Utara Hendy", "Jenis": "Rencana 2026", "SubJenis": "Surabaya Utara", "POINT_X": 112.768161081, "POINT_Y": -7.221791535, "POINT_Z": 0.0, "BUFF_DIST": 10.0, "ORIG_FID": 83 }, "geometry": { "type": "MultiPolygon", "coordinates": [ [ [ [ 112.768161081000017, -7.221701112403045 ], [ 112.768176803984062, -7.221702486125154 ], [ 112.768192049233463, -7.221706565551799 ], [ 112.768206353529294, -7.221713226731689 ], [ 112.768219282242924, -7.221722267268347 ], [ 112.768230442542048, -7.221733412469768 ], [ 112.768239495326625, -7.22174632369479 ], [ 112.768246165532247, -7.221760608642501 ], [ 112.768250250487952, -7.221775833272099 ], [ 112.768251626074161, -7.221791534990984 ], [ 112.768250250494106, -7.221807236710403 ], [ 112.768246165543815, -7.221822461341528 ], [ 112.7682394953422, -7.221836746291582 ], [ 112.768230442559769, -7.221849657519475 ], [ 112.768219282260659, -7.221860802723956 ], [ 112.768206353544869, -7.221869843263484 ], [ 112.76819204924503, -7.221876504445714 ], [ 112.768176803990215, -7.221880583873889 ], [ 112.768161081000017, -7.221881957596624 ], [ 112.768145358009818, -7.221880583873891 ], [ 112.768130112754989, -7.221876504445714 ], [ 112.76811580845515, -7.221869843263484 ], [ 112.768102879739374, -7.221860802723956 ], [ 112.76809171944025, -7.221849657519475 ], [ 112.768082666657833, -7.221836746291582 ], [ 112.768075996456204, -7.22182246134153 ], [ 112.768071911505913, -7.221807236710403 ], [ 112.768070535925858, -7.221791534990984 ], [ 112.768071911512081, -7.221775833272098 ], [ 112.768075996467772, -7.221760608642501 ], [ 112.768082666673394, -7.22174632369479 ], [ 112.768091719457971, -7.221733412469768 ], [ 112.768102879757095, -7.221722267268347 ], [ 112.768115808470725, -7.221713226731689 ], [ 112.768130112766556, -7.221706565551799 ], [ 112.768145358015971, -7.221702486125154 ], [ 112.768161081000017, -7.221701112403045 ] ] ] ] } },
{ "type": "Feature", "properties": { "OID_": 0, "Name": "Jl.Platuk Donomulyo", "FolderPath": "Data CCTV Usulan + 50 Jalur + Rencana 2026.kmz/Rencana 2026/Surabaya Utara.kmz/Wilayah Surabaya Utara Hendy", "Jenis": "Rencana 2026", "SubJenis": "Surabaya Utara", "POINT_X": 112.76796618900001, "POINT_Y": -7.225265511, "POINT_Z": 0.0, "BUFF_DIST": 10.0, "ORIG_FID": 84 }, "geometry": { "type": "MultiPolygon", "coordinates": [ [ [ [ 112.767966189000049, -7.225175088416708 ], [ 112.767981912104133, -7.225176462138688 ], [ 112.767997157469921, -7.225180541564715 ], [ 112.768011461874949, -7.225187202743592 ], [ 112.768024390687287, -7.225196243278875 ], [ 112.76803555107162, -7.225207388478604 ], [ 112.76804460392529, -7.225220299701663 ], [ 112.768051274181857, -7.225234584647203 ], [ 112.768055359168741, -7.225249809274485 ], [ 112.768056734765452, -7.225265510990988 ], [ 112.76805535917488, -7.225281212708021 ], [ 112.768051274193425, -7.225296437336834 ], [ 112.768044603940879, -7.225310722284718 ], [ 112.768035551089341, -7.225323633510652 ], [ 112.768024390705023, -7.225334778713438 ], [ 112.768011461890538, -7.225343819251594 ], [ 112.767997157481489, -7.225350480432814 ], [ 112.767981912110287, -7.225354559860368 ], [ 112.767966189000049, -7.225355933582817 ], [ 112.767950465889811, -7.225354559860368 ], [ 112.767935220518609, -7.225350480432814 ], [ 112.76792091610956, -7.225343819251594 ], [ 112.767907987295089, -7.225334778713438 ], [ 112.767896826910771, -7.225323633510651 ], [ 112.767887774059218, -7.225310722284718 ], [ 112.767881103806673, -7.225296437336835 ], [ 112.767877018825217, -7.225281212708021 ], [ 112.76787564323466, -7.225265510990988 ], [ 112.767877018831356, -7.225249809274484 ], [ 112.767881103818254, -7.225234584647202 ], [ 112.767887774074808, -7.225220299701663 ], [ 112.767896826928492, -7.225207388478604 ], [ 112.76790798731281, -7.225196243278873 ], [ 112.767920916125149, -7.225187202743592 ], [ 112.767935220530177, -7.225180541564713 ], [ 112.767950465895979, -7.225176462138688 ], [ 112.767966189000049, -7.225175088416708 ] ] ] ] } },
{ "type": "Feature", "properties": { "OID_": 0, "Name": "Jembatan Tanah Kali Kedinding 2", "FolderPath": "Data CCTV Usulan + 50 Jalur + Rencana 2026.kmz/Rencana 2026/Surabaya Utara.kmz/Wilayah Surabaya Utara Hendy", "Jenis": "Rencana 2026", "SubJenis": "Surabaya Utara", "POINT_X": 112.76597092199999, "POINT_Y": -7.232328786, "POINT_Z": 0.0, "BUFF_DIST": 10.0, "ORIG_FID": 85 }, "geometry": { "type": "MultiPolygon", "coordinates": [ [ [ [ 112.765970922000065, -7.232238363444675 ], [ 112.765986645348391, -7.232239737166166 ], [ 112.766001890950989, -7.23224381659093 ], [ 112.766016195578217, -7.232250477767749 ], [ 112.766029124591384, -7.232259518300236 ], [ 112.76604028514906, -7.232270663496516 ], [ 112.766049338143375, -7.232283574715582 ], [ 112.76605600850354, -7.232297859656706 ], [ 112.766060093553889, -7.232313084279284 ], [ 112.766061469171973, -7.232328785990932 ], [ 112.766060093560043, -7.232344487703111 ], [ 112.766056008515122, -7.232359712327221 ], [ 112.766049338158979, -7.232373997270689 ], [ 112.76604028516681, -7.232386908492633 ], [ 112.766029124609119, -7.232398053691978 ], [ 112.766016195593807, -7.23240709422734 ], [ 112.766001890962571, -7.232413755406502 ], [ 112.765986645354545, -7.232417834832797 ], [ 112.765970922000065, -7.232419208554887 ], [ 112.765955198645585, -7.232417834832797 ], [ 112.765939953037559, -7.232413755406502 ], [ 112.765925648406323, -7.23240709422734 ], [ 112.765912719391011, -7.232398053691978 ], [ 112.76590155883332, -7.232386908492633 ], [ 112.765892505841165, -7.232373997270689 ], [ 112.765885835485022, -7.232359712327221 ], [ 112.765881750440087, -7.232344487703111 ], [ 112.765880374828171, -7.232328785990932 ], [ 112.765881750446241, -7.232313084279284 ], [ 112.76588583549659, -7.232297859656706 ], [ 112.765892505856755, -7.232283574715582 ], [ 112.76590155885107, -7.232270663496516 ], [ 112.765912719408746, -7.232259518300234 ], [ 112.765925648421927, -7.232250477767748 ], [ 112.765939953049141, -7.23224381659093 ], [ 112.765955198651753, -7.232239737166166 ], [ 112.765970922000065, -7.232238363444675 ] ] ] ] } },
{ "type": "Feature", "properties": { "OID_": 0, "Name": "Jembatan Tanah Kali Kedinding", "FolderPath": "Data CCTV Usulan + 50 Jalur + Rencana 2026.kmz/Rencana 2026/Surabaya Utara.kmz/Wilayah Surabaya Utara Hendy", "Jenis": "Rencana 2026", "SubJenis": "Surabaya Utara", "POINT_X": 112.765811454, "POINT_Y": -7.232142654, "POINT_Z": 0.0, "BUFF_DIST": 10.0, "ORIG_FID": 86 }, "geometry": { "type": "MultiPolygon", "coordinates": [ [ [ [ 112.765811454000072, -7.232052231443959 ], [ 112.765827177341933, -7.232053605165487 ], [ 112.765842422938306, -7.232057684590284 ], [ 112.765856727559679, -7.232064345767156 ], [ 112.765869656567546, -7.232073386299717 ], [ 112.76588081712066, -7.23208453149609 ], [ 112.765889870111266, -7.232097442715262 ], [ 112.765896540468688, -7.232111727656501 ], [ 112.765900625517361, -7.232126952279202 ], [ 112.76590200113489, -7.232142653990979 ], [ 112.765900625523528, -7.232158355703286 ], [ 112.76589654048027, -7.232173580327519 ], [ 112.765889870126855, -7.232187865271104 ], [ 112.765880817138395, -7.232200776493152 ], [ 112.765869656585295, -7.232211921692588 ], [ 112.765856727575269, -7.232220962228026 ], [ 112.765842422949888, -7.232227623407239 ], [ 112.7658271773481, -7.23223170283357 ], [ 112.765811454000072, -7.232233076555644 ], [ 112.76579573065203, -7.23223170283357 ], [ 112.765780485050243, -7.232227623407239 ], [ 112.765766180424862, -7.232220962228026 ], [ 112.765753251414836, -7.232211921692588 ], [ 112.765742090861735, -7.232200776493152 ], [ 112.765733037873275, -7.232187865271104 ], [ 112.765726367519861, -7.232173580327519 ], [ 112.765722282476617, -7.232158355703286 ], [ 112.765720906865255, -7.232142653990979 ], [ 112.76572228248277, -7.232126952279202 ], [ 112.765726367531443, -7.232111727656501 ], [ 112.765733037888864, -7.232097442715262 ], [ 112.765742090879471, -7.23208453149609 ], [ 112.765753251432585, -7.232073386299716 ], [ 112.765766180440451, -7.232064345767155 ], [ 112.765780485061825, -7.232057684590282 ], [ 112.765795730658198, -7.232053605165487 ], [ 112.765811454000072, -7.232052231443959 ] ] ] ] } },
{ "type": "Feature", "properties": { "OID_": 0, "Name": "Jl.Kedung Cowek", "FolderPath": "Data CCTV Usulan + 50 Jalur + Rencana 2026.kmz/Rencana 2026/Surabaya Utara.kmz/Wilayah Surabaya Utara Hendy", "Jenis": "Rencana 2026", "SubJenis": "Surabaya Utara", "POINT_X": 112.772610511, "POINT_Y": -7.233107237, "POINT_Z": 0.0, "BUFF_DIST": 10.0, "ORIG_FID": 87 }, "geometry": { "type": "MultiPolygon", "coordinates": [ [ [ [ 112.772610511000039, -7.233016814447767 ], [ 112.772626234375267, -7.233018188169229 ], [ 112.772641480003998, -7.233022267593855 ], [ 112.77265578465574, -7.233028928770446 ], [ 112.772668713691047, -7.233037969302623 ], [ 112.772679874267851, -7.233049114498526 ], [ 112.772688927277656, -7.233062025717151 ], [ 112.772695597649246, -7.233076310657789 ], [ 112.772699682706588, -7.233091535279846 ], [ 112.77270105832703, -7.233107236990961 ], [ 112.772699682712755, -7.233122938702605 ], [ 112.772695597660828, -7.233138163326196 ], [ 112.77268892729326, -7.233152448269177 ], [ 112.772679874285586, -7.233165359490681 ], [ 112.772668713708796, -7.233176504689645 ], [ 112.772655784671329, -7.233185545224703 ], [ 112.772641480015594, -7.233192206403636 ], [ 112.772626234381448, -7.233196285829791 ], [ 112.772610511000039, -7.233197659551814 ], [ 112.77259478761863, -7.233196285829791 ], [ 112.772579541984484, -7.233192206403636 ], [ 112.772565237328735, -7.233185545224702 ], [ 112.772552308291282, -7.233176504689645 ], [ 112.772541147714477, -7.233165359490681 ], [ 112.772532094706804, -7.233152448269177 ], [ 112.772525424339236, -7.233138163326196 ], [ 112.772521339287309, -7.233122938702605 ], [ 112.772519963673034, -7.233107236990961 ], [ 112.772521339293476, -7.233091535279848 ], [ 112.772525424350818, -7.233076310657789 ], [ 112.772532094722408, -7.233062025717153 ], [ 112.772541147732227, -7.233049114498526 ], [ 112.772552308309017, -7.233037969302623 ], [ 112.772565237344338, -7.233028928770446 ], [ 112.772579541996066, -7.233022267593855 ], [ 112.772594787624797, -7.233018188169229 ], [ 112.772610511000039, -7.233016814447767 ] ] ] ] } },
{ "type": "Feature", "properties": { "OID_": 0, "Name": "Jl.Tambak Wedi Baru", "FolderPath": "Data CCTV Usulan + 50 Jalur + Rencana 2026.kmz/Rencana 2026/Surabaya Utara.kmz/Wilayah Surabaya Utara Hendy", "Jenis": "Rencana 2026", "SubJenis": "Surabaya Utara", "POINT_X": 112.778834256, "POINT_Y": -7.21104129, "POINT_Z": 0.0, "BUFF_DIST": 10.0, "ORIG_FID": 88 }, "geometry": { "type": "MultiPolygon", "coordinates": [ [ [ [ 112.778834256000096, -7.2109508673605 ], [ 112.778849978613067, -7.210952241083335 ], [ 112.778865223502692, -7.210956320511897 ], [ 112.77887952746093, -7.210962981694916 ], [ 112.778892455869453, -7.210972022235822 ], [ 112.778903615905179, -7.210983167442482 ], [ 112.778912668476082, -7.210996078673568 ], [ 112.778919338524304, -7.211010363627987 ], [ 112.778923423383588, -7.211025588264738 ], [ 112.778924798937325, -7.211041289991 ], [ 112.778923423389742, -7.211056991717791 ], [ 112.778919338535843, -7.211072216356065 ], [ 112.778912668491643, -7.211086501312826 ], [ 112.778903615922871, -7.211099412546781 ], [ 112.778892455887132, -7.211110557756494 ], [ 112.778879527476477, -7.211119598300265 ], [ 112.778865223514245, -7.211126259485624 ], [ 112.77884997861922, -7.211130338915711 ], [ 112.778834256000096, -7.211131712639018 ], [ 112.778818533380985, -7.211130338915711 ], [ 112.77880328848596, -7.211126259485624 ], [ 112.778788984523715, -7.211119598300265 ], [ 112.77877605611306, -7.211110557756494 ], [ 112.778764896077334, -7.211099412546781 ], [ 112.778755843508549, -7.211086501312826 ], [ 112.778749173464362, -7.211072216356067 ], [ 112.778745088610464, -7.211056991717792 ], [ 112.77874371306288, -7.211041289991 ], [ 112.778745088616603, -7.211025588264737 ], [ 112.778749173475902, -7.211010363627989 ], [ 112.77875584352411, -7.210996078673568 ], [ 112.778764896095012, -7.210983167442482 ], [ 112.778776056130752, -7.210972022235822 ], [ 112.778788984539261, -7.210962981694916 ], [ 112.778803288497514, -7.210956320511897 ], [ 112.778818533387124, -7.210952241083335 ], [ 112.778834256000096, -7.2109508673605 ] ] ] ] } },
{ "type": "Feature", "properties": { "OID_": 0, "Name": "Jl.Kali Kedinding", "FolderPath": "Data CCTV Usulan + 50 Jalur + Rencana 2026.kmz/Rencana 2026/Surabaya Utara.kmz/Wilayah Surabaya Utara Hendy", "Jenis": "Rencana 2026", "SubJenis": "Surabaya Utara", "POINT_X": 112.77872333800001, "POINT_Y": -7.213104485, "POINT_Z": 0.0, "BUFF_DIST": 10.0, "ORIG_FID": 89 }, "geometry": { "type": "MultiPolygon", "coordinates": [ [ [ [ 112.778723338000077, -7.213014062368675 ], [ 112.778739060684231, -7.213015436091364 ], [ 112.778754305642849, -7.213019515519559 ], [ 112.778768609665846, -7.213026176701978 ], [ 112.778781538132876, -7.213035217242068 ], [ 112.778792698219135, -7.213046362447722 ], [ 112.778801750831022, -7.213059273677644 ], [ 112.778808420909414, -7.21307355863078 ], [ 112.778812505787201, -7.213088783266156 ], [ 112.778813881347162, -7.213104484991005 ], [ 112.77881250579334, -7.213120186716381 ], [ 112.778808420920967, -7.213135411353286 ], [ 112.778801750846583, -7.213149696308758 ], [ 112.778792698236813, -7.213162607541551 ], [ 112.778781538150568, -7.213173752750259 ], [ 112.778768609681393, -7.213182793293218 ], [ 112.778754305654402, -7.213189454477976 ], [ 112.77873906069037, -7.213193533907698 ], [ 112.778723338000077, -7.213194907630902 ], [ 112.77870761530977, -7.2131935339077 ], [ 112.778692370345752, -7.213189454477976 ], [ 112.778678066318747, -7.213182793293218 ], [ 112.778665137849572, -7.213173752750259 ], [ 112.778653977763327, -7.213162607541549 ], [ 112.778644925153557, -7.213149696308758 ], [ 112.778638255079173, -7.213135411353286 ], [ 112.7786341702068, -7.213120186716381 ], [ 112.778632794652978, -7.213104484991005 ], [ 112.778634170212939, -7.213088783266156 ], [ 112.778638255090726, -7.21307355863078 ], [ 112.778644925169118, -7.213059273677644 ], [ 112.778653977781019, -7.213046362447722 ], [ 112.778665137867264, -7.213035217242068 ], [ 112.778678066334308, -7.213026176701976 ], [ 112.778692370357291, -7.213019515519557 ], [ 112.778707615315923, -7.213015436091364 ], [ 112.778723338000077, -7.213014062368675 ] ] ] ] } },
{ "type": "Feature", "properties": { "OID_": 0, "Name": "Jl. Pantai Kenjeran 1", "FolderPath": "Data CCTV Usulan + 50 Jalur + Rencana 2026.kmz/Rencana 2026/Surabaya Utara.kmz/Wilayah Surabaya Utara Hendy", "Jenis": "Rencana 2026", "SubJenis": "Surabaya Utara", "POINT_X": 112.787463253, "POINT_Y": -7.2233566, "POINT_Z": 0.0, "BUFF_DIST": 10.0, "ORIG_FID": 90 }, "geometry": { "type": "MultiPolygon", "coordinates": [ [ [ [ 112.787463253000055, -7.223266177409126 ], [ 112.787478976038173, -7.223267551131212 ], [ 112.787494221340012, -7.223271630557579 ], [ 112.787508525685027, -7.223278291737012 ], [ 112.787521454443123, -7.22328733227305 ], [ 112.787532614780631, -7.22329847747371 ], [ 112.787541667596315, -7.223311388697845 ], [ 112.787548337824902, -7.223325673644579 ], [ 112.787552422794633, -7.223340898273135 ], [ 112.787553798385588, -7.223356599990947 ], [ 112.7875524228008, -7.223372301709292 ], [ 112.787548337836455, -7.223387526339375 ], [ 112.787541667611904, -7.22340181128845 ], [ 112.787532614798351, -7.223414722515461 ], [ 112.787521454460844, -7.223425867719178 ], [ 112.787508525700616, -7.22343490825809 ], [ 112.787494221351579, -7.223441569439864 ], [ 112.787478976044326, -7.223445648867759 ], [ 112.787463253000055, -7.223447022590333 ], [ 112.787447529955784, -7.223445648867761 ], [ 112.787432284648546, -7.223441569439864 ], [ 112.787417980299509, -7.22343490825809 ], [ 112.787405051539267, -7.223425867719178 ], [ 112.787393891201773, -7.223414722515461 ], [ 112.78738483838822, -7.223401811288451 ], [ 112.787378168163656, -7.223387526339377 ], [ 112.787374083199325, -7.223372301709292 ], [ 112.787372707614537, -7.223356599990947 ], [ 112.787374083205478, -7.223340898273135 ], [ 112.787378168175223, -7.223325673644579 ], [ 112.787384838403796, -7.223311388697845 ], [ 112.787393891219494, -7.22329847747371 ], [ 112.787405051556988, -7.22328733227305 ], [ 112.787417980315084, -7.223278291737012 ], [ 112.787432284660099, -7.223271630557579 ], [ 112.787447529961952, -7.223267551131212 ], [ 112.787463253000055, -7.223266177409126 ] ] ] ] } },
{ "type": "Feature", "properties": { "OID_": 0, "Name": "Jl. Pantai Kenjeran 3", "FolderPath": "Data CCTV Usulan + 50 Jalur + Rencana 2026.kmz/Rencana 2026/Surabaya Utara.kmz/Wilayah Surabaya Utara Hendy", "Jenis": "Rencana 2026", "SubJenis": "Surabaya Utara", "POINT_X": 112.790246819, "POINT_Y": -7.226588138, "POINT_Z": 0.0, "BUFF_DIST": 10.0, "ORIG_FID": 91 }, "geometry": { "type": "MultiPolygon", "coordinates": [ [ [ [ 112.790246819000117, -7.226497715421935 ], [ 112.790262542149904, -7.226499089143821 ], [ 112.790277787560044, -7.226503168569613 ], [ 112.790292092006652, -7.226509829748102 ], [ 112.790305020856593, -7.226518870282862 ], [ 112.790316181273354, -7.226530015481947 ], [ 112.790325234153357, -7.226542926704258 ], [ 112.790331904429308, -7.226557211648971 ], [ 112.790335989428073, -7.226572436275373 ], [ 112.790337365028776, -7.226588137990968 ], [ 112.79033598943424, -7.226603839707091 ], [ 112.790331904440876, -7.226619064335024 ], [ 112.790325234168947, -7.226633349282082 ], [ 112.790316181291089, -7.226646260507269 ], [ 112.790305020874314, -7.22665740570941 ], [ 112.790292092022241, -7.226666446247044 ], [ 112.790277787571597, -7.226673107427878 ], [ 112.790262542156057, -7.226677186855198 ], [ 112.790246819000117, -7.226678560577581 ], [ 112.790231095844177, -7.226677186855198 ], [ 112.790215850428638, -7.226673107427878 ], [ 112.790201545977993, -7.226666446247044 ], [ 112.790188617125921, -7.22665740570941 ], [ 112.790177456709145, -7.226646260507269 ], [ 112.790168403831302, -7.226633349282082 ], [ 112.790161733559358, -7.226619064335024 ], [ 112.790157648566009, -7.226603839707091 ], [ 112.790156272971458, -7.226588137990968 ], [ 112.790157648572162, -7.226572436275373 ], [ 112.790161733570926, -7.226557211648971 ], [ 112.790168403846877, -7.226542926704257 ], [ 112.79017745672688, -7.226530015481945 ], [ 112.790188617143642, -7.226518870282862 ], [ 112.790201545993582, -7.226509829748102 ], [ 112.790215850440205, -7.226503168569613 ], [ 112.790231095850331, -7.226499089143823 ], [ 112.790246819000117, -7.226497715421935 ] ] ] ] } },
{ "type": "Feature", "properties": { "OID_": 0, "Name": "Jl.Pantai Kenjeran 5", "FolderPath": "Data CCTV Usulan + 50 Jalur + Rencana 2026.kmz/Rencana 2026/Surabaya Utara.kmz/Wilayah Surabaya Utara Hendy", "Jenis": "Rencana 2026", "SubJenis": "Surabaya Utara", "POINT_X": 112.79203372000001, "POINT_Y": -7.229142433, "POINT_Z": 0.0, "BUFF_DIST": 10.0, "ORIG_FID": 92 }, "geometry": { "type": "MultiPolygon", "coordinates": [ [ [ [ 112.792033720000063, -7.229052010432091 ], [ 112.79204944323817, -7.229053384153756 ], [ 112.79206468873393, -7.229057463579088 ], [ 112.792078993260887, -7.229064124756836 ], [ 112.792091922183431, -7.229073165290584 ], [ 112.792103082662877, -7.229084310488421 ], [ 112.79211213559374, -7.229097221709289 ], [ 112.792118805907151, -7.229111506652405 ], [ 112.792122890928866, -7.229126731277106 ], [ 112.7921242665373, -7.229142432990945 ], [ 112.792122890935019, -7.229158134705314 ], [ 112.792118805918719, -7.229173359331546 ], [ 112.792112135609329, -7.229187644277006 ], [ 112.792103082680612, -7.22920055550075 ], [ 112.792091922201152, -7.229211700701649 ], [ 112.792078993276476, -7.229220741238272 ], [ 112.792064688745484, -7.229227402418362 ], [ 112.792049443244323, -7.229231481845225 ], [ 112.792033720000063, -7.229232855567523 ], [ 112.792017996755803, -7.229231481845227 ], [ 112.792002751254643, -7.229227402418362 ], [ 112.79198844672365, -7.229220741238272 ], [ 112.791975517798974, -7.229211700701649 ], [ 112.791964357319515, -7.22920055550075 ], [ 112.791955304390797, -7.229187644277006 ], [ 112.791948634081407, -7.229173359331546 ], [ 112.791944549065121, -7.229158134705316 ], [ 112.79194317346284, -7.229142432990945 ], [ 112.791944549071275, -7.229126731277106 ], [ 112.791948634092989, -7.229111506652405 ], [ 112.7919553044064, -7.229097221709289 ], [ 112.79196435733725, -7.229084310488419 ], [ 112.791975517816709, -7.229073165290583 ], [ 112.791988446739254, -7.229064124756834 ], [ 112.79200275126621, -7.229057463579088 ], [ 112.792017996761956, -7.229053384153756 ], [ 112.792033720000063, -7.229052010432091 ] ] ] ] } },
{ "type": "Feature", "properties": { "OID_": 0, "Name": "Jl.Pantai Kenjeran 4", "FolderPath": "Data CCTV Usulan + 50 Jalur + Rencana 2026.kmz/Rencana 2026/Surabaya Utara.kmz/Wilayah Surabaya Utara Hendy", "Jenis": "Rencana 2026", "SubJenis": "Surabaya Utara", "POINT_X": 112.791336535, "POINT_Y": -7.227486199, "POINT_Z": 0.0, "BUFF_DIST": 10.0, "ORIG_FID": 93 }, "geometry": { "type": "MultiPolygon", "coordinates": [ [ [ [ 112.791336535000028, -7.227395776425484 ], [ 112.791352258180879, -7.227397150147308 ], [ 112.791367503621089, -7.227401229572934 ], [ 112.791381808095949, -7.227407890751165 ], [ 112.791394736971426, -7.227416931285569 ], [ 112.791405897410215, -7.227428076484214 ], [ 112.791414950308095, -7.227440987706018 ], [ 112.79142162059722, -7.227455272650169 ], [ 112.791425705604055, -7.227470497275975 ], [ 112.791427081207473, -7.227486198990951 ], [ 112.791425705610209, -7.227501900706461 ], [ 112.791421620608801, -7.227517125333793 ], [ 112.791414950323698, -7.227531410280291 ], [ 112.79140589742795, -7.227544321504968 ], [ 112.791394736989147, -7.227555466706674 ], [ 112.791381808111552, -7.227564507243953 ], [ 112.791367503632671, -7.227571168424525 ], [ 112.791352258187032, -7.227575247851682 ], [ 112.791336535000028, -7.227576621574027 ], [ 112.791320811813023, -7.227575247851684 ], [ 112.791305566367384, -7.227571168424525 ], [ 112.791291261888503, -7.227564507243953 ], [ 112.791278333010908, -7.227555466706674 ], [ 112.791267172572105, -7.227544321504968 ], [ 112.791258119676371, -7.227531410280291 ], [ 112.791251449391254, -7.227517125333794 ], [ 112.791247364389847, -7.227501900706461 ], [ 112.791245988792582, -7.227486198990951 ], [ 112.791247364396014, -7.227470497275975 ], [ 112.791251449402836, -7.227455272650171 ], [ 112.79125811969196, -7.227440987706018 ], [ 112.791267172589841, -7.227428076484214 ], [ 112.791278333028643, -7.227416931285568 ], [ 112.791291261904107, -7.227407890751165 ], [ 112.791305566378966, -7.227401229572934 ], [ 112.79132081181919, -7.227397150147308 ], [ 112.791336535000028, -7.227395776425484 ] ] ] ] } },
{ "type": "Feature", "properties": { "OID_": 0, "Name": "Jl.Kenjeran 2", "FolderPath": "Data CCTV Usulan + 50 Jalur + Rencana 2026.kmz/Rencana 2026/Surabaya Utara.kmz/Wilayah Surabaya Utara Hendy", "Jenis": "Rencana 2026", "SubJenis": "Surabaya Utara", "POINT_X": 112.77233988499999, "POINT_Y": -7.246332552, "POINT_Z": 0.0, "BUFF_DIST": 10.0, "ORIG_FID": 94 }, "geometry": { "type": "MultiPolygon", "coordinates": [ [ [ [ 112.772339885000065, -7.246242129500135 ], [ 112.772355608833337, -7.246243503220842 ], [ 112.772370854906157, -7.246247582643102 ], [ 112.772385159974576, -7.246254243815828 ], [ 112.772398089386499, -7.246263284342763 ], [ 112.772409250288405, -7.246274429532203 ], [ 112.772418303561935, -7.246287340743345 ], [ 112.772424974127844, -7.246301625675698 ], [ 112.772429059304187, -7.246316850288931 ], [ 112.77243043496469, -7.246332551990943 ], [ 112.772429059310355, -7.246348253693487 ], [ 112.77242497413944, -7.246363478308254 ], [ 112.772418303577552, -7.24637776324296 ], [ 112.772409250306183, -7.246390674456983 ], [ 112.772398089404277, -7.246401819649489 ], [ 112.772385159990208, -7.246410860179309 ], [ 112.772370854917753, -7.246417521354382 ], [ 112.772355608839504, -7.246421600778179 ], [ 112.772339885000065, -7.246422974499366 ], [ 112.77232416116064, -7.246421600778179 ], [ 112.772308915082391, -7.246417521354382 ], [ 112.772294610009936, -7.246410860179309 ], [ 112.772281680595853, -7.246401819649489 ], [ 112.772270519693961, -7.246390674456983 ], [ 112.772261466422577, -7.24637776324296 ], [ 112.77225479586069, -7.246363478308254 ], [ 112.772250710689789, -7.246348253693487 ], [ 112.772249335035454, -7.246332551990943 ], [ 112.772250710695957, -7.246316850288931 ], [ 112.7722547958723, -7.246301625675698 ], [ 112.772261466438209, -7.246287340743345 ], [ 112.772270519711725, -7.246274429532202 ], [ 112.772281680613645, -7.246263284342763 ], [ 112.772294610025568, -7.246254243815828 ], [ 112.772308915093987, -7.2462475826431 ], [ 112.772324161166807, -7.246243503220842 ], [ 112.772339885000065, -7.246242129500135 ] ] ] ] } },
{ "type": "Feature", "properties": { "OID_": 0, "Name": "Jalur Lambat - Jalur Cepat", "FolderPath": "Data CCTV Usulan + 50 Jalur + Rencana 2026.kmz/Rencana 2026/Surabaya Utara.kmz/Wilayah Surabaya Utara Hendy", "Jenis": "Rencana 2026", "SubJenis": "Surabaya Utara", "POINT_X": 112.771438456, "POINT_Y": -7.236735335, "POINT_Z": 0.0, "BUFF_DIST": 10.0, "ORIG_FID": 95 }, "geometry": { "type": "MultiPolygon", "coordinates": [ [ [ [ 112.771438456000055, -7.236644912462074 ], [ 112.771454179500864, -7.236646286183361 ], [ 112.771469425251325, -7.236650365607336 ], [ 112.771483730017309, -7.236657026782867 ], [ 112.771496659155858, -7.236666067313607 ], [ 112.771507819821778, -7.236677212507738 ], [ 112.771516872903888, -7.236690123724313 ], [ 112.771523543328755, -7.23670440866268 ], [ 112.77152762841871, -7.236719633282318 ], [ 112.771529004050137, -7.236735334990936 ], [ 112.771527628424892, -7.236751036700086 ], [ 112.771523543340351, -7.236766261321256 ], [ 112.771516872919506, -7.236780546261971 ], [ 112.771507819839542, -7.236793457481423 ], [ 112.771496659173621, -7.236804602678614 ], [ 112.771483730032912, -7.236813643212235 ], [ 112.771469425262922, -7.236820304390113 ], [ 112.771454179507032, -7.236824383815621 ], [ 112.771438456000055, -7.236825757537387 ], [ 112.771422732493079, -7.236824383815623 ], [ 112.771407486737203, -7.236820304390113 ], [ 112.771393181967213, -7.236813643212235 ], [ 112.771380252826503, -7.236804602678614 ], [ 112.771369092160583, -7.236793457481421 ], [ 112.771360039080619, -7.236780546261969 ], [ 112.771353368659774, -7.236766261321258 ], [ 112.771349283575233, -7.236751036700086 ], [ 112.771347907949988, -7.236735334990936 ], [ 112.771349283581401, -7.236719633282316 ], [ 112.771353368671356, -7.23670440866268 ], [ 112.771360039096237, -7.236690123724313 ], [ 112.771369092178332, -7.236677212507738 ], [ 112.771380252844267, -7.236666067313608 ], [ 112.771393181982816, -7.236657026782867 ], [ 112.771407486748785, -7.236650365607336 ], [ 112.771422732499261, -7.236646286183361 ], [ 112.771438456000055, -7.236644912462074 ] ] ] ] } },
{ "type": "Feature", "properties": { "OID_": 0, "Name": "Jl. Kedung Cowek", "FolderPath": "Data CCTV Usulan + 50 Jalur + Rencana 2026.kmz/Rencana 2026/Surabaya Utara.kmz/Wilayah Surabaya Utara Hendy", "Jenis": "Rencana 2026", "SubJenis": "Surabaya Utara", "POINT_X": 112.773066922, "POINT_Y": -7.231972311, "POINT_Z": 0.0, "BUFF_DIST": 10.0, "ORIG_FID": 96 }, "geometry": { "type": "MultiPolygon", "coordinates": [ [ [ [ 112.773066922000112, -7.231881888443235 ], [ 112.773082645336089, -7.231883262164787 ], [ 112.773097890926735, -7.231887341589615 ], [ 112.773112195542751, -7.231894002766536 ], [ 112.773125124545786, -7.231903043299164 ], [ 112.773136285094708, -7.231914188495621 ], [ 112.773145338081903, -7.231927099714887 ], [ 112.773152008436853, -7.231941384656236 ], [ 112.773156093483991, -7.23195660927905 ], [ 112.77315746910098, -7.231972310990943 ], [ 112.773156093490144, -7.231988012703369 ], [ 112.773152008448434, -7.232003237327715 ], [ 112.773145338097521, -7.232017522271406 ], [ 112.773136285112457, -7.232030433493551 ], [ 112.773125124563521, -7.232041578693069 ], [ 112.77311219555834, -7.232050619228573 ], [ 112.773097890938331, -7.232057280407839 ], [ 112.773082645342242, -7.232061359834199 ], [ 112.773066922000112, -7.23206273355627 ], [ 112.773051198657981, -7.232061359834199 ], [ 112.773035953061893, -7.232057280407839 ], [ 112.773021648441869, -7.232050619228574 ], [ 112.773008719436703, -7.232041578693069 ], [ 112.772997558887766, -7.23203043349355 ], [ 112.772988505902703, -7.232017522271406 ], [ 112.772981835551789, -7.232003237327715 ], [ 112.77297775051008, -7.231988012703369 ], [ 112.772976374899244, -7.231972310990943 ], [ 112.772977750516233, -7.23195660927905 ], [ 112.772981835563371, -7.231941384656236 ], [ 112.77298850591832, -7.231927099714889 ], [ 112.772997558905516, -7.231914188495621 ], [ 112.773008719454438, -7.231903043299162 ], [ 112.773021648457473, -7.231894002766536 ], [ 112.773035953073489, -7.231887341589615 ], [ 112.773051198664135, -7.231883262164787 ], [ 112.773066922000112, -7.231881888443235 ] ] ] ] } },
{ "type": "Feature", "properties": { "OID_": 0, "Name": "Jl. Nambangan", "FolderPath": "Data CCTV Usulan + 50 Jalur + Rencana 2026.kmz/Rencana 2026/Surabaya Utara.kmz/Wilayah Surabaya Utara Hendy", "Jenis": "Rencana 2026", "SubJenis": "Surabaya Utara", "POINT_X": 112.779431328, "POINT_Y": -7.222076052, "POINT_Z": 0.0, "BUFF_DIST": 10.0, "ORIG_FID": 97 }, "geometry": { "type": "MultiPolygon", "coordinates": [ [ [ [ 112.779431328000101, -7.221985629404092 ], [ 112.77944705099398, -7.221987003126272 ], [ 112.779462296252916, -7.221991082552868 ], [ 112.779476600557686, -7.221997743732674 ], [ 112.779489529279402, -7.222006784269221 ], [ 112.779500689585504, -7.222017929470503 ], [ 112.779509742375737, -7.222030840695361 ], [ 112.779516412585537, -7.222045125642896 ], [ 112.779520497543771, -7.222060350272303 ], [ 112.779521873130847, -7.222076051990995 ], [ 112.779520497549939, -7.222091753710219 ], [ 112.779516412597104, -7.222106978341153 ], [ 112.779509742391312, -7.222121263291029 ], [ 112.779500689603225, -7.222134174518763 ], [ 112.779489529297123, -7.222145319723104 ], [ 112.779476600573275, -7.222154360262522 ], [ 112.779462296264484, -7.222161021444668 ], [ 112.779447051000119, -7.222165100872792 ], [ 112.779431328000101, -7.222166474595427 ], [ 112.779415605000082, -7.222165100872794 ], [ 112.779400359735718, -7.222161021444668 ], [ 112.77938605542694, -7.222154360262522 ], [ 112.779373126703092, -7.222145319723104 ], [ 112.779361966396991, -7.222134174518762 ], [ 112.779352913608903, -7.222121263291029 ], [ 112.779346243403111, -7.222106978341155 ], [ 112.779342158450277, -7.222091753710219 ], [ 112.779340782869355, -7.222076051990995 ], [ 112.77934215845643, -7.222060350272301 ], [ 112.779346243414665, -7.222045125642894 ], [ 112.779352913624479, -7.222030840695361 ], [ 112.779361966414712, -7.222017929470503 ], [ 112.779373126720799, -7.222006784269219 ], [ 112.779386055442515, -7.221997743732674 ], [ 112.779400359747285, -7.221991082552868 ], [ 112.779415605006221, -7.221987003126272 ], [ 112.779431328000101, -7.221985629404092 ] ] ] ] } },
{ "type": "Feature", "properties": { "OID_": 0, "Name": "Jl. Nambangan 2", "FolderPath": "Data CCTV Usulan + 50 Jalur + Rencana 2026.kmz/Rencana 2026/Surabaya Utara.kmz/Wilayah Surabaya Utara Hendy", "Jenis": "Rencana 2026", "SubJenis": "Surabaya Utara", "POINT_X": 112.781929897, "POINT_Y": -7.222126696, "POINT_Z": 0.0, "BUFF_DIST": 10.0, "ORIG_FID": 98 }, "geometry": { "type": "MultiPolygon", "coordinates": [ [ [ [ 112.781929897000055, -7.222036273404325 ], [ 112.781945619995682, -7.222037647126468 ], [ 112.781960865256309, -7.222041726553054 ], [ 112.781975169562671, -7.222048387732844 ], [ 112.781988098285836, -7.222057428269369 ], [ 112.781999258593174, -7.222068573470628 ], [ 112.782008311384402, -7.22208148469546 ], [ 112.782014981594955, -7.222095769642961 ], [ 112.782019066553659, -7.222110994272335 ], [ 112.782020442140876, -7.222126695990992 ], [ 112.782019066559812, -7.22214239771018 ], [ 112.782014981606522, -7.222157622341084 ], [ 112.782008311399991, -7.222171907290925 ], [ 112.781999258610881, -7.222184818518632 ], [ 112.781988098303543, -7.222195963722949 ], [ 112.78197516957826, -7.222205004262342 ], [ 112.781960865267877, -7.22221166544448 ], [ 112.781945620001835, -7.222215744872594 ], [ 112.781929897000055, -7.222217118595259 ], [ 112.781914173998274, -7.222215744872594 ], [ 112.781898928732232, -7.22221166544448 ], [ 112.781884624421849, -7.222205004262346 ], [ 112.781871695696566, -7.222195963722949 ], [ 112.781860535389228, -7.222184818518632 ], [ 112.781851482600132, -7.222171907290925 ], [ 112.781844812393587, -7.222157622341085 ], [ 112.781840727440297, -7.22214239771018 ], [ 112.781839351859233, -7.222126695990992 ], [ 112.781840727446465, -7.222110994272335 ], [ 112.781844812405154, -7.222095769642961 ], [ 112.781851482615707, -7.22208148469546 ], [ 112.781860535406935, -7.222068573470629 ], [ 112.781871695714273, -7.222057428269369 ], [ 112.781884624437438, -7.222048387732846 ], [ 112.7818989287438, -7.222041726553052 ], [ 112.781914174004442, -7.222037647126468 ], [ 112.781929897000055, -7.222036273404325 ] ] ] ] } },
{ "type": "Feature", "properties": { "OID_": 0, "Name": "Jl.Nambangan 3", "FolderPath": "Data CCTV Usulan + 50 Jalur + Rencana 2026.kmz/Rencana 2026/Surabaya Utara.kmz/Wilayah Surabaya Utara Hendy", "Jenis": "Rencana 2026", "SubJenis": "Surabaya Utara", "POINT_X": 112.78477035500001, "POINT_Y": -7.222150813, "POINT_Z": 0.0, "BUFF_DIST": 10.0, "ORIG_FID": 99 }, "geometry": { "type": "MultiPolygon", "coordinates": [ [ [ [ 112.784770355000092, -7.222060390404386 ], [ 112.784786077996557, -7.222061764126516 ], [ 112.78480132325798, -7.222065843553097 ], [ 112.784815627565109, -7.222072504732881 ], [ 112.784828556288943, -7.222081545269396 ], [ 112.784839716596892, -7.222092690470644 ], [ 112.784848769388603, -7.222105601695461 ], [ 112.784855439599497, -7.222119886642946 ], [ 112.784859524558428, -7.222135111272305 ], [ 112.784860900145716, -7.222150812990944 ], [ 112.784859524564567, -7.222166514710119 ], [ 112.78485543961105, -7.222181739341004 ], [ 112.784848769404164, -7.222196024290832 ], [ 112.784839716614599, -7.222208935518522 ], [ 112.784828556306678, -7.222220080722828 ], [ 112.784815627580684, -7.222229121262215 ], [ 112.784801323269548, -7.222235782444341 ], [ 112.784786078002696, -7.222239861872454 ], [ 112.784770355000092, -7.222241235595131 ], [ 112.784754631997487, -7.222239861872455 ], [ 112.784739386730635, -7.222235782444341 ], [ 112.784725082419499, -7.222229121262215 ], [ 112.784712153693505, -7.222220080722828 ], [ 112.784700993385584, -7.222208935518522 ], [ 112.784691940596019, -7.222196024290832 ], [ 112.784685270389119, -7.222181739341006 ], [ 112.784681185435616, -7.222166514710119 ], [ 112.784679809854467, -7.222150812990944 ], [ 112.784681185441755, -7.222135111272307 ], [ 112.784685270400686, -7.222119886642946 ], [ 112.78469194061158, -7.222105601695461 ], [ 112.784700993403291, -7.222092690470644 ], [ 112.784712153711226, -7.222081545269394 ], [ 112.78472508243506, -7.222072504732881 ], [ 112.784739386742203, -7.222065843553097 ], [ 112.784754632003626, -7.222061764126516 ], [ 112.784770355000092, -7.222060390404386 ] ] ] ] } },
{ "type": "Feature", "properties": { "OID_": 0, "Name": "Jl. Pantai Kenjeran 2", "FolderPath": "Data CCTV Usulan + 50 Jalur + Rencana 2026.kmz/Rencana 2026/Surabaya Utara.kmz/Wilayah Surabaya Utara Hendy", "Jenis": "Rencana 2026", "SubJenis": "Surabaya Utara", "POINT_X": 112.787498883, "POINT_Y": -7.224911756, "POINT_Z": 0.0, "BUFF_DIST": 10.0, "ORIG_FID": 100 }, "geometry": { "type": "MultiPolygon", "coordinates": [ [ [ [ 112.787498883000012, -7.224821333415282 ], [ 112.787514606091861, -7.224822707137264 ], [ 112.787529851445797, -7.224826786563354 ], [ 112.787544155839711, -7.224833447742334 ], [ 112.787557084642003, -7.224842488277755 ], [ 112.787568245017653, -7.224853633477657 ], [ 112.787577297864289, -7.224866544700916 ], [ 112.787583968115655, -7.224880829646677 ], [ 112.78758805309937, -7.224896054274195 ], [ 112.787589428695014, -7.224911755990941 ], [ 112.787588053105509, -7.224927457708217 ], [ 112.787583968127223, -7.224942682337264 ], [ 112.787577297879878, -7.224956967285371 ], [ 112.787568245035374, -7.224969878511502 ], [ 112.787557084659724, -7.224981023714461 ], [ 112.787544155855301, -7.22499006425276 ], [ 112.787529851457379, -7.224996725434082 ], [ 112.787514606098028, -7.2250008048617 ], [ 112.787498883000012, -7.225002178584187 ], [ 112.78748315990201, -7.2250008048617 ], [ 112.787467914542646, -7.224996725434082 ], [ 112.787453610144738, -7.22499006425276 ], [ 112.7874406813403, -7.224981023714461 ], [ 112.787429520964665, -7.224969878511502 ], [ 112.787420468120146, -7.224956967285371 ], [ 112.787413797872802, -7.224942682337266 ], [ 112.787409712894515, -7.224927457708217 ], [ 112.787408337305024, -7.224911755990941 ], [ 112.787409712900654, -7.224896054274197 ], [ 112.787413797884369, -7.224880829646676 ], [ 112.787420468135736, -7.224866544700916 ], [ 112.787429520982386, -7.224853633477657 ], [ 112.787440681358021, -7.224842488277755 ], [ 112.787453610160313, -7.224833447742334 ], [ 112.787467914554227, -7.224826786563352 ], [ 112.787483159908163, -7.224822707137264 ], [ 112.787498883000012, -7.224821333415282 ] ] ] ] } },
{ "type": "Feature", "properties": { "OID_": 0, "Name": "Jl. Pantai Kenjeran 7", "FolderPath": "Data CCTV Usulan + 50 Jalur + Rencana 2026.kmz/Rencana 2026/Surabaya Utara.kmz/Wilayah Surabaya Utara Hendy", "Jenis": "Rencana 2026", "SubJenis": "Surabaya Utara", "POINT_X": 112.793273361, "POINT_Y": -7.232346399, "POINT_Z": 0.0, "BUFF_DIST": 10.0, "ORIG_FID": 101 }, "geometry": { "type": "MultiPolygon", "coordinates": [ [ [ [ 112.793273361000047, -7.232255976444671 ], [ 112.79328908434897, -7.232257350166246 ], [ 112.793304329952164, -7.232261429591005 ], [ 112.793318634579947, -7.232268090767817 ], [ 112.793331563593625, -7.232277131300297 ], [ 112.793342724151742, -7.23228827649657 ], [ 112.793351777146398, -7.232301187715627 ], [ 112.793358447506819, -7.23231547265674 ], [ 112.793362532557325, -7.232330697279306 ], [ 112.793363908175451, -7.232346398990941 ], [ 112.793362532563492, -7.23236210070311 ], [ 112.793358447518401, -7.232377325327206 ], [ 112.793351777162002, -7.232391610270665 ], [ 112.793342724169477, -7.232404521492599 ], [ 112.793331563611375, -7.232415666691934 ], [ 112.793318634595551, -7.23242470722729 ], [ 112.793304329963746, -7.232431368406447 ], [ 112.793289084355138, -7.232435447832739 ], [ 112.793273361000047, -7.232436821554741 ], [ 112.79325763764497, -7.23243544783274 ], [ 112.793242392036348, -7.232431368406447 ], [ 112.793228087404557, -7.232424707227292 ], [ 112.793215158388733, -7.232415666691934 ], [ 112.793203997830616, -7.232404521492599 ], [ 112.793194944838106, -7.232391610270665 ], [ 112.793188274481693, -7.232377325327206 ], [ 112.793184189436616, -7.23236210070311 ], [ 112.793182813824643, -7.232346398990941 ], [ 112.793184189442783, -7.232330697279306 ], [ 112.793188274493289, -7.23231547265674 ], [ 112.79319494485371, -7.232301187715627 ], [ 112.793203997848352, -7.232288276496572 ], [ 112.793215158406483, -7.232277131300297 ], [ 112.793228087420147, -7.232268090767817 ], [ 112.793242392047929, -7.232261429591005 ], [ 112.793257637651138, -7.232257350166246 ], [ 112.793273361000047, -7.232255976444671 ] ] ] ] } },
{ "type": "Feature", "properties": { "OID_": 0, "Name": "Jl. Pantai Kenjeran", "FolderPath": "Data CCTV Usulan + 50 Jalur + Rencana 2026.kmz/Rencana 2026/Surabaya Utara.kmz/Wilayah Surabaya Utara Hendy", "Jenis": "Rencana 2026", "SubJenis": "Surabaya Utara", "POINT_X": 112.793379448, "POINT_Y": -7.232337332, "POINT_Z": 0.0, "BUFF_DIST": 10.0, "ORIG_FID": 102 }, "geometry": { "type": "MultiPolygon", "coordinates": [ [ [ [ 112.79337944800011, -7.232246909444663 ], [ 112.79339517134872, -7.232248283166204 ], [ 112.793410416951616, -7.232252362590966 ], [ 112.793424721579115, -7.232259023767781 ], [ 112.793437650592537, -7.232268064300264 ], [ 112.793448811150427, -7.232279209496543 ], [ 112.793457864144898, -7.232292120715604 ], [ 112.79346453450519, -7.232306405656724 ], [ 112.793468619555611, -7.232321630279293 ], [ 112.793469995173709, -7.232337331990936 ], [ 112.793468619561779, -7.232353033703111 ], [ 112.793464534516772, -7.232368258327215 ], [ 112.793457864160501, -7.232382543270677 ], [ 112.793448811168162, -7.232395454492616 ], [ 112.793437650610272, -7.232406599691954 ], [ 112.793424721594718, -7.232415640227314 ], [ 112.793410416963198, -7.232422301406473 ], [ 112.793395171354888, -7.23242638083277 ], [ 112.79337944800011, -7.232427754554809 ], [ 112.793363724645346, -7.23242638083277 ], [ 112.793348479037036, -7.232422301406473 ], [ 112.793334174405516, -7.232415640227316 ], [ 112.793321245389961, -7.232406599691954 ], [ 112.793310084832072, -7.232395454492616 ], [ 112.793301031839732, -7.232382543270679 ], [ 112.793294361483461, -7.232368258327215 ], [ 112.793290276438455, -7.232353033703111 ], [ 112.793288900826525, -7.232337331990936 ], [ 112.793290276444623, -7.232321630279293 ], [ 112.793294361495043, -7.232306405656724 ], [ 112.793301031855336, -7.232292120715606 ], [ 112.793310084849807, -7.232279209496543 ], [ 112.793321245407697, -7.232268064300264 ], [ 112.793334174421119, -7.232259023767781 ], [ 112.793348479048618, -7.232252362590966 ], [ 112.793363724651499, -7.232248283166204 ], [ 112.79337944800011, -7.232246909444663 ] ] ] ] } },
{ "type": "Feature", "properties": { "OID_": 0, "Name": "Jl.Pantai Kenjern - THP", "FolderPath": "Data CCTV Usulan + 50 Jalur + Rencana 2026.kmz/Rencana 2026/Surabaya Utara.kmz/Wilayah Surabaya Utara Hendy", "Jenis": "Rencana 2026", "SubJenis": "Surabaya Utara", "POINT_X": 112.794064318, "POINT_Y": -7.23339081, "POINT_Z": 0.0, "BUFF_DIST": 10.0, "ORIG_FID": 103 }, "geometry": { "type": "MultiPolygon", "coordinates": [ [ [ [ 112.794064318000096, -7.233300387448898 ], [ 112.794080041385158, -7.233301761170323 ], [ 112.794095287023382, -7.233305840594899 ], [ 112.794109591684034, -7.233312501771404 ], [ 112.794122520727427, -7.233321542303471 ], [ 112.794133681311195, -7.233332687499236 ], [ 112.794142734326655, -7.233345598717702 ], [ 112.794149404702409, -7.233359883658162 ], [ 112.794153489762294, -7.233375108280027 ], [ 112.794154865383589, -7.233390809990948 ], [ 112.794153489768462, -7.233406511702396 ], [ 112.794149404713991, -7.233421736325798 ], [ 112.794142734342245, -7.233436021268603 ], [ 112.79413368132893, -7.233448932489947 ], [ 112.794122520745162, -7.233460077688771 ], [ 112.794109591699652, -7.233469118223717 ], [ 112.794095287034978, -7.233475779402568 ], [ 112.794080041391311, -7.233479858828674 ], [ 112.794064318000096, -7.233481232550699 ], [ 112.794048594608881, -7.233479858828676 ], [ 112.794033348965215, -7.233475779402568 ], [ 112.794019044300541, -7.233469118223717 ], [ 112.79400611525503, -7.233460077688771 ], [ 112.793994954671263, -7.233448932489947 ], [ 112.793985901657933, -7.233436021268602 ], [ 112.793979231286201, -7.233421736325799 ], [ 112.79397514623173, -7.233406511702397 ], [ 112.793973770616603, -7.233390809990948 ], [ 112.793975146237898, -7.233375108280029 ], [ 112.793979231297769, -7.233359883658162 ], [ 112.793985901673537, -7.2333455987177 ], [ 112.793994954688998, -7.233332687499234 ], [ 112.794006115272765, -7.233321542303471 ], [ 112.794019044316144, -7.233312501771404 ], [ 112.794033348976811, -7.233305840594898 ], [ 112.794048594615035, -7.233301761170323 ], [ 112.794064318000096, -7.233300387448898 ] ] ] ] } },
{ "type": "Feature", "properties": { "OID_": 0, "Name": "Jl.Sukolilo Larangan", "FolderPath": "Data CCTV Usulan + 50 Jalur + Rencana 2026.kmz/Rencana 2026/Surabaya Utara.kmz/Wilayah Surabaya Utara Hendy", "Jenis": "Rencana 2026", "SubJenis": "Surabaya Utara", "POINT_X": 112.798239892, "POINT_Y": -7.243898605, "POINT_Z": 0.0, "BUFF_DIST": 10.0, "ORIG_FID": 104 }, "geometry": { "type": "MultiPolygon", "coordinates": [ [ [ [ 112.798239892000083, -7.243808182490522 ], [ 112.798255615748985, -7.243809556211351 ], [ 112.798270861740022, -7.243813635634046 ], [ 112.798285166731688, -7.243820296807484 ], [ 112.798298096074262, -7.243829337335386 ], [ 112.798309256916284, -7.243840482526016 ], [ 112.798318310141241, -7.243853393738537 ], [ 112.798324980671353, -7.243867678672415 ], [ 112.798329065825783, -7.243882903287273 ], [ 112.798330441478925, -7.243898604990962 ], [ 112.798329065831965, -7.243914306695181 ], [ 112.798324980682963, -7.243929531311573 ], [ 112.798318310156859, -7.243943816247802 ], [ 112.798309256934061, -7.243956727463204 ], [ 112.798298096092026, -7.2439678726569 ], [ 112.79828516674732, -7.243976913187684 ], [ 112.798270861751618, -7.243983574363468 ], [ 112.798255615755153, -7.243987653787697 ], [ 112.798239892000083, -7.243989027509057 ], [ 112.798224168245014, -7.243987653787699 ], [ 112.798208922248548, -7.243983574363468 ], [ 112.798194617252861, -7.243976913187682 ], [ 112.798181687908141, -7.2439678726569 ], [ 112.798170527066105, -7.243956727463204 ], [ 112.798161473843308, -7.243943816247802 ], [ 112.798154803317203, -7.243929531311573 ], [ 112.798150718168202, -7.243914306695181 ], [ 112.798149342521256, -7.243898604990962 ], [ 112.798150718174398, -7.243882903287274 ], [ 112.798154803328814, -7.243867678672415 ], [ 112.798161473858926, -7.243853393738537 ], [ 112.798170527083883, -7.243840482526016 ], [ 112.798181687925918, -7.243829337335384 ], [ 112.798194617268479, -7.243820296807484 ], [ 112.798208922260159, -7.243813635634046 ], [ 112.798224168251181, -7.243809556211351 ], [ 112.798239892000083, -7.243808182490522 ] ] ] ] } },
{ "type": "Feature", "properties": { "OID_": 0, "Name": "Jl.Sukolilo Lor 2", "FolderPath": "Data CCTV Usulan + 50 Jalur + Rencana 2026.kmz/Rencana 2026/Surabaya Utara.kmz/Wilayah Surabaya Utara Hendy", "Jenis": "Rencana 2026", "SubJenis": "Surabaya Utara", "POINT_X": 112.796412238, "POINT_Y": -7.249788674, "POINT_Z": 0.0, "BUFF_DIST": 10.0, "ORIG_FID": 105 }, "geometry": { "type": "MultiPolygon", "coordinates": [ [ [ [ 112.796412238000016, -7.249698251513914 ], [ 112.796427961953114, -7.249699625234336 ], [ 112.796443208142122, -7.249703704655975 ], [ 112.796457513319552, -7.249710365827688 ], [ 112.796470442830028, -7.249719406353254 ], [ 112.796481603816986, -7.249730551541004 ], [ 112.796490657159524, -7.249743462750184 ], [ 112.796497327776265, -7.249757747680373 ], [ 112.796501412983744, -7.249772972291297 ], [ 112.796502788654749, -7.249788673990928 ], [ 112.796501412989926, -7.249804375691092 ], [ 112.796497327787876, -7.24981960030355 ], [ 112.796490657175156, -7.24983388523609 ], [ 112.796481603834778, -7.249846796448156 ], [ 112.79647044284782, -7.249857941638973 ], [ 112.796457513335199, -7.249866982167423 ], [ 112.796443208153732, -7.249873643341489 ], [ 112.796427961959282, -7.249877722764663 ], [ 112.796412238000016, -7.249879096485726 ], [ 112.796396514040751, -7.249877722764665 ], [ 112.796381267846314, -7.249873643341489 ], [ 112.796366962664834, -7.249866982167421 ], [ 112.796354033152227, -7.249857941638973 ], [ 112.796342872165255, -7.249846796448156 ], [ 112.796333818824877, -7.249833885236091 ], [ 112.796327148212171, -7.24981960030355 ], [ 112.796323063010121, -7.249804375691093 ], [ 112.796321687345298, -7.249788673990928 ], [ 112.796323063016303, -7.249772972291297 ], [ 112.796327148223767, -7.249757747680373 ], [ 112.796333818840509, -7.249743462750184 ], [ 112.796342872183047, -7.249730551541004 ], [ 112.796354033170005, -7.249719406353254 ], [ 112.79636696268048, -7.249710365827688 ], [ 112.79638126785791, -7.249703704655973 ], [ 112.796396514046918, -7.249699625234336 ], [ 112.796412238000016, -7.249698251513914 ] ] ] ] } },
{ "type": "Feature", "properties": { "OID_": 0, "Name": "Depan Ken Park", "FolderPath": "Data CCTV Usulan + 50 Jalur + Rencana 2026.kmz/Rencana 2026/Surabaya Utara.kmz/Wilayah Surabaya Utara Hendy", "Jenis": "Rencana 2026", "SubJenis": "Surabaya Utara", "POINT_X": 112.795560204, "POINT_Y": -7.252431688, "POINT_Z": 0.0, "BUFF_DIST": 10.0, "ORIG_FID": 106 }, "geometry": { "type": "MultiPolygon", "coordinates": [ [ [ [ 112.795560204000026, -7.252341265524397 ], [ 112.795575928044798, -7.252342639244663 ], [ 112.795591174322709, -7.252346718665829 ], [ 112.795605479583557, -7.252353379836771 ], [ 112.795618409169407, -7.252362420361286 ], [ 112.79562957022145, -7.252373565547742 ], [ 112.795638623616753, -7.252386476755427 ], [ 112.795645294272404, -7.252400761683957 ], [ 112.795649379503701, -7.252415986293116 ], [ 112.79565075518272, -7.252431687990924 ], [ 112.795649379509882, -7.252447389689267 ], [ 112.795645294284014, -7.252462614299958 ], [ 112.795638623632414, -7.252476899230841 ], [ 112.795629570239242, -7.252489810441408 ], [ 112.795618409187213, -7.252500955630936 ], [ 112.795605479599203, -7.252509996158337 ], [ 112.795591174334319, -7.252516657331631 ], [ 112.79557592805098, -7.252520736754332 ], [ 112.795560204000026, -7.25252211047522 ], [ 112.795544479949072, -7.252520736754334 ], [ 112.795529233665746, -7.252516657331631 ], [ 112.795514928400863, -7.252509996158337 ], [ 112.795501998812853, -7.252500955630936 ], [ 112.795490837760823, -7.252489810441408 ], [ 112.795481784367652, -7.252476899230841 ], [ 112.795475113716051, -7.252462614299958 ], [ 112.795471028490184, -7.252447389689267 ], [ 112.795469652817346, -7.252431687990924 ], [ 112.795471028496365, -7.252415986293114 ], [ 112.795475113727662, -7.252400761683957 ], [ 112.795481784383298, -7.252386476755427 ], [ 112.795490837778601, -7.252373565547741 ], [ 112.795501998830659, -7.252362420361286 ], [ 112.795514928416509, -7.252353379836771 ], [ 112.795529233677357, -7.252346718665827 ], [ 112.795544479955268, -7.252342639244663 ], [ 112.795560204000026, -7.252341265524397 ] ] ] ] } },
{ "type": "Feature", "properties": { "OID_": 0, "Name": "Jl. Sukolilo Lor", "FolderPath": "Data CCTV Usulan + 50 Jalur + Rencana 2026.kmz/Rencana 2026/Surabaya Utara.kmz/Wilayah Surabaya Utara Hendy", "Jenis": "Rencana 2026", "SubJenis": "Surabaya Utara", "POINT_X": 112.79789292, "POINT_Y": -7.246080369, "POINT_Z": 0.0, "BUFF_DIST": 10.0, "ORIG_FID": 107 }, "geometry": { "type": "MultiPolygon", "coordinates": [ [ [ [ 112.797892920000095, -7.245989946499182 ], [ 112.797908643824613, -7.24599132021987 ], [ 112.797923889888963, -7.245995399642177 ], [ 112.797938194949424, -7.246002060814976 ], [ 112.797951124354171, -7.246011101342011 ], [ 112.797962285249881, -7.246022246531572 ], [ 112.797971338518366, -7.246035157742857 ], [ 112.797978009080552, -7.246049442675369 ], [ 112.797982094254635, -7.246064667288769 ], [ 112.797983469914371, -7.246080368990957 ], [ 112.797982094260803, -7.246096070693675 ], [ 112.797978009092162, -7.24611129530861 ], [ 112.797971338533998, -7.246125580243474 ], [ 112.797962285267644, -7.246138491457638 ], [ 112.797951124371949, -7.24614963665027 ], [ 112.797938194965056, -7.246158677180189 ], [ 112.797923889900559, -7.24616533835534 ], [ 112.797908643830795, -7.246169417779176 ], [ 112.797892920000095, -7.246170791500414 ], [ 112.797877196169409, -7.246169417779176 ], [ 112.797861950099644, -7.24616533835534 ], [ 112.797847645035148, -7.246158677180189 ], [ 112.797834715628255, -7.24614963665027 ], [ 112.797823554732545, -7.246138491457637 ], [ 112.797814501466192, -7.246125580243475 ], [ 112.797807830908042, -7.24611129530861 ], [ 112.797803745739401, -7.246096070693675 ], [ 112.797802370085819, -7.246080368990957 ], [ 112.797803745745568, -7.246064667288771 ], [ 112.797807830919638, -7.246049442675369 ], [ 112.797814501481838, -7.246035157742857 ], [ 112.797823554750323, -7.246022246531572 ], [ 112.797834715646033, -7.24601110134201 ], [ 112.79784764505078, -7.246002060814974 ], [ 112.797861950111241, -7.245995399642175 ], [ 112.797877196175591, -7.24599132021987 ], [ 112.797892920000095, -7.245989946499182 ] ] ] ] } },
{ "type": "Feature", "properties": { "OID_": 0, "Name": "Jl.Tambak Wedi", "FolderPath": "Data CCTV Usulan + 50 Jalur + Rencana 2026.kmz/Rencana 2026/Surabaya Utara.kmz/Wilayah Surabaya Utara Hendy", "Jenis": "Rencana 2026", "SubJenis": "Surabaya Utara", "POINT_X": 112.76931039, "POINT_Y": -7.216784897, "POINT_Z": 0.0, "BUFF_DIST": 10.0, "ORIG_FID": 108 }, "geometry": { "type": "MultiPolygon", "coordinates": [ [ [ [ 112.769310390000101, -7.216694474383222 ], [ 112.769326112811257, -7.216695848105672 ], [ 112.769341357893026, -7.216699927533212 ], [ 112.769355662031586, -7.216706588714561 ], [ 112.769368590603051, -7.216715629253194 ], [ 112.76937975077945, -7.216726774457056 ], [ 112.76938880346448, -7.216739685684904 ], [ 112.769395473596774, -7.21675397063574 ], [ 112.769399558507544, -7.216769195268671 ], [ 112.769400934078618, -7.216784896990994 ], [ 112.769399558513697, -7.216800598713847 ], [ 112.769395473608327, -7.216815823348304 ], [ 112.769388803480041, -7.216830108301481 ], [ 112.769379750797171, -7.216843019532198 ], [ 112.769368590620758, -7.216854164739115 ], [ 112.769355662047147, -7.216863205280625 ], [ 112.769341357904594, -7.216869866464308 ], [ 112.76932611281741, -7.216873945893377 ], [ 112.769310390000101, -7.216875319616376 ], [ 112.769294667182791, -7.216873945893377 ], [ 112.769279422095607, -7.216869866464308 ], [ 112.76926511795304, -7.216863205280623 ], [ 112.769252189379444, -7.216854164739115 ], [ 112.76924102920303, -7.216843019532198 ], [ 112.769231976520146, -7.216830108301481 ], [ 112.769225306391874, -7.216815823348304 ], [ 112.769221221486504, -7.216800598713847 ], [ 112.769219845921583, -7.216784896990994 ], [ 112.769221221492643, -7.21676919526867 ], [ 112.769225306403428, -7.21675397063574 ], [ 112.769231976535721, -7.216739685684904 ], [ 112.769241029220737, -7.216726774457056 ], [ 112.76925218939715, -7.216715629253194 ], [ 112.769265117968615, -7.216706588714559 ], [ 112.769279422107161, -7.216699927533211 ], [ 112.769294667188944, -7.216695848105672 ], [ 112.769310390000101, -7.216694474383222 ] ] ] ] } },
{ "type": "Feature", "properties": { "OID_": 0, "Name": "Jl.Buak sari", "FolderPath": "Data CCTV Usulan + 50 Jalur + Rencana 2026.kmz/Rencana 2026/Surabaya Utara.kmz/Wilayah Surabaya Utara Hendy", "Jenis": "Rencana 2026", "SubJenis": "Surabaya Utara", "POINT_X": 112.751588165, "POINT_Y": -7.214308064, "POINT_Z": 0.0, "BUFF_DIST": 10.0, "ORIG_FID": 109 }, "geometry": { "type": "MultiPolygon", "coordinates": [ [ [ [ 112.751588165000044, -7.214217641373442 ], [ 112.751603887725722, -7.214219015096035 ], [ 112.751619132724613, -7.214223094524016 ], [ 112.751633436785383, -7.214229755706087 ], [ 112.751646365286561, -7.2142387962457 ], [ 112.751657525402294, -7.214249941450769 ], [ 112.751666578038098, -7.214262852680013 ], [ 112.751673248134125, -7.214277137632395 ], [ 112.751677333022684, -7.214292362266972 ], [ 112.751678708586283, -7.214308063990996 ], [ 112.751677333028823, -7.214323765715545 ], [ 112.751673248145678, -7.214338990351649 ], [ 112.751666578053658, -7.214353275306374 ], [ 112.751657525420001, -7.21436618653849 ], [ 112.751646365304268, -7.214377331746609 ], [ 112.751633436800944, -7.214386372289094 ], [ 112.751619132736153, -7.214393033473501 ], [ 112.751603887731861, -7.21439711290301 ], [ 112.751588165000044, -7.214398486626163 ], [ 112.751572442268213, -7.21439711290301 ], [ 112.751557197263921, -7.214393033473501 ], [ 112.751542893199144, -7.214386372289094 ], [ 112.75152996469582, -7.214377331746609 ], [ 112.751518804580087, -7.21436618653849 ], [ 112.751509751946429, -7.214353275306372 ], [ 112.751503081854409, -7.214338990351649 ], [ 112.75149899697125, -7.214323765715547 ], [ 112.75149762141379, -7.214308063990996 ], [ 112.751498996977404, -7.214292362266971 ], [ 112.751503081865962, -7.214277137632395 ], [ 112.75150975196199, -7.214262852680013 ], [ 112.751518804597779, -7.214249941450769 ], [ 112.751529964713512, -7.2142387962457 ], [ 112.751542893214705, -7.214229755706087 ], [ 112.751557197275474, -7.214223094524016 ], [ 112.751572442274366, -7.214219015096036 ], [ 112.751588165000044, -7.214217641373442 ] ] ] ] } },
{ "type": "Feature", "properties": { "OID_": 0, "Name": "Jl.Temunggung Timmur", "FolderPath": "Data CCTV Usulan + 50 Jalur + Rencana 2026.kmz/Rencana 2026/Surabaya Utara.kmz/Wilayah Surabaya Utara Hendy", "Jenis": "Rencana 2026", "SubJenis": "Surabaya Utara", "POINT_X": 112.75806115899999, "POINT_Y": -7.224935719, "POINT_Z": 0.0, "BUFF_DIST": 10.0, "ORIG_FID": 110 }, "geometry": { "type": "MultiPolygon", "coordinates": [ [ [ [ 112.758061159000022, -7.224845296415421 ], [ 112.758076882092695, -7.224846670137405 ], [ 112.758092127447455, -7.224850749563489 ], [ 112.758106431842108, -7.224857410742461 ], [ 112.758119360645082, -7.224866451277874 ], [ 112.758130521021315, -7.224877596477763 ], [ 112.758139573868419, -7.22489050770101 ], [ 112.758146244120141, -7.224904792646755 ], [ 112.758150329104069, -7.224920017274258 ], [ 112.758151704699785, -7.224935718990986 ], [ 112.758150329110236, -7.224951420708247 ], [ 112.758146244131709, -7.224966645337278 ], [ 112.758139573884009, -7.224980930285368 ], [ 112.758130521039035, -7.224993841511487 ], [ 112.758119360662803, -7.225004986714435 ], [ 112.758106431857698, -7.225014027252723 ], [ 112.758092127459022, -7.225020688434039 ], [ 112.758076882098862, -7.225024767861651 ], [ 112.758061159000022, -7.22502614158414 ], [ 112.758045435901195, -7.225024767861651 ], [ 112.758030190541035, -7.225020688434039 ], [ 112.758015886142346, -7.225014027252724 ], [ 112.75800295733724, -7.225004986714435 ], [ 112.757991796961022, -7.224993841511487 ], [ 112.757982744116035, -7.224980930285368 ], [ 112.757976073868335, -7.22496664533728 ], [ 112.757971988889821, -7.224951420708247 ], [ 112.757970613300259, -7.224935718990986 ], [ 112.757971988895974, -7.224920017274257 ], [ 112.757976073879902, -7.224904792646755 ], [ 112.757982744131624, -7.22489050770101 ], [ 112.757991796978743, -7.224877596477763 ], [ 112.758002957354975, -7.224866451277874 ], [ 112.758015886157935, -7.224857410742459 ], [ 112.758030190552589, -7.224850749563487 ], [ 112.758045435907349, -7.224846670137405 ], [ 112.758061159000022, -7.224845296415421 ] ] ] ] } },
{ "type": "Feature", "properties": { "OID_": 0, "Name": "Raya Mastrip 1", "FolderPath": "Data CCTV Usulan + 50 Jalur + Rencana 2026.kmz/Rencana 2026/Surabaya Selatan.kmz/Surabaya Selatan", "Jenis": "Rencana 2026", "SubJenis": "Surabaya Selatan", "POINT_X": 112.667066713, "POINT_Y": -7.350318218, "POINT_Z": 0.0, "BUFF_DIST": 10.0, "ORIG_FID": 111 }, "geometry": { "type": "MultiPolygon", "coordinates": [ [ [ [ 112.667066713000054, -7.350227795915462 ], [ 112.667082440464441, -7.350229169629828 ], [ 112.667097690058071, -7.350233249033339 ], [ 112.667111998430002, -7.350239910175453 ], [ 112.667124930827782, -7.350248950660843 ], [ 112.667136094307125, -7.350260095799069 ], [ 112.667145149671384, -7.350273006950883 ], [ 112.667151821777779, -7.350287291817605 ], [ 112.66715590789758, -7.350302516360896 ], [ 112.667157283875824, -7.350318217990782 ], [ 112.667155907903833, -7.350333919621211 ], [ 112.667151821789545, -7.350349144166056 ], [ 112.667145149687244, -7.350363429035164 ], [ 112.667136094325159, -7.350376340189903 ], [ 112.667124930845816, -7.350387485331241 ], [ 112.667111998445876, -7.350396525819556 ], [ 112.667097690069852, -7.350403186964051 ], [ 112.667082440470722, -7.350407266369119 ], [ 112.667066713000054, -7.350408640084025 ], [ 112.6670509855294, -7.350407266369119 ], [ 112.667035735930256, -7.350403186964051 ], [ 112.667021427554246, -7.350396525819554 ], [ 112.667008495154306, -7.350387485331241 ], [ 112.666997331674949, -7.350376340189903 ], [ 112.666988276312878, -7.350363429035165 ], [ 112.666981604210562, -7.350349144166058 ], [ 112.666977518096289, -7.350333919621211 ], [ 112.666976142124298, -7.350318217990782 ], [ 112.666977518102541, -7.350302516360898 ], [ 112.666981604222329, -7.350287291817605 ], [ 112.666988276328738, -7.350273006950881 ], [ 112.666997331692997, -7.350260095799069 ], [ 112.66700849517234, -7.350248950660843 ], [ 112.667021427570106, -7.350239910175454 ], [ 112.667035735942036, -7.350233249033339 ], [ 112.667050985535667, -7.350229169629828 ], [ 112.667066713000054, -7.350227795915462 ] ] ] ] } },
{ "type": "Feature", "properties": { "OID_": 0, "Name": "Raya Mastrip 2", "FolderPath": "Data CCTV Usulan + 50 Jalur + Rencana 2026.kmz/Rencana 2026/Surabaya Selatan.kmz/Surabaya Selatan", "Jenis": "Rencana 2026", "SubJenis": "Surabaya Selatan", "POINT_X": 112.669897765, "POINT_Y": -7.350163438, "POINT_Z": 0.0, "BUFF_DIST": 10.0, "ORIG_FID": 112 }, "geometry": { "type": "MultiPolygon", "coordinates": [ [ [ [ 112.669897765000087, -7.350073015914872 ], [ 112.669913492459031, -7.350074389629272 ], [ 112.669928742047389, -7.350078469032809 ], [ 112.669943050414361, -7.350085130174969 ], [ 112.66995598280765, -7.35009417066042 ], [ 112.669967146283128, -7.350105315798722 ], [ 112.669976201644261, -7.350118226950626 ], [ 112.669982873748353, -7.350132511817447 ], [ 112.669986959866733, -7.350147736360843 ], [ 112.669988335844494, -7.350163437990838 ], [ 112.669986959872986, -7.350179139621372 ], [ 112.669982873760134, -7.350194364166323 ], [ 112.66997620166012, -7.350208649035531 ], [ 112.669967146301175, -7.350221560190358 ], [ 112.669955982825698, -7.350232705331772 ], [ 112.669943050430234, -7.350241745820149 ], [ 112.66992874205917, -7.350248406964692 ], [ 112.669913492465312, -7.350252486369786 ], [ 112.669897765000087, -7.350253860084683 ], [ 112.669882037534876, -7.350252486369786 ], [ 112.669866787941018, -7.350248406964692 ], [ 112.669852479569954, -7.350241745820149 ], [ 112.66983954717449, -7.350232705331772 ], [ 112.669828383699013, -7.350221560190358 ], [ 112.669819328340054, -7.35020864903553 ], [ 112.669812656240055, -7.350194364166323 ], [ 112.669808570127188, -7.350179139621372 ], [ 112.669807194155695, -7.350163437990838 ], [ 112.669808570133455, -7.350147736360841 ], [ 112.669812656251835, -7.350132511817447 ], [ 112.669819328355914, -7.350118226950626 ], [ 112.669828383717046, -7.350105315798722 ], [ 112.669839547192524, -7.35009417066042 ], [ 112.669852479585813, -7.350085130174969 ], [ 112.669866787952799, -7.350078469032809 ], [ 112.669882037541143, -7.350074389629272 ], [ 112.669897765000087, -7.350073015914872 ] ] ] ] } },
{ "type": "Feature", "properties": { "OID_": 0, "Name": "Raya Mastrip 3", "FolderPath": "Data CCTV Usulan + 50 Jalur + Rencana 2026.kmz/Rencana 2026/Surabaya Selatan.kmz/Surabaya Selatan", "Jenis": "Rencana 2026", "SubJenis": "Surabaya Selatan", "POINT_X": 112.696204921, "POINT_Y": -7.341197643, "POINT_Z": 0.0, "BUFF_DIST": 10.0, "ORIG_FID": 113 }, "geometry": { "type": "MultiPolygon", "coordinates": [ [ [ [ 112.696204921000117, -7.341107220878808 ], [ 112.696220648143893, -7.341108594593731 ], [ 112.696235897426646, -7.341112673998897 ], [ 112.696250205506885, -7.341119335143711 ], [ 112.696263137641026, -7.341128375632771 ], [ 112.696274300892796, -7.341139520775515 ], [ 112.696283356072456, -7.341152431932566 ], [ 112.696290028042839, -7.341166716805081 ], [ 112.696294114079322, -7.341181941354545 ], [ 112.696295490029513, -7.341197642990799 ], [ 112.696294114085575, -7.341213344627592 ], [ 112.696290028054591, -7.341228569178609 ], [ 112.696283356088301, -7.341242854053509 ], [ 112.696274300910815, -7.34125576521348 ], [ 112.696263137659045, -7.341266910359335 ], [ 112.696250205522745, -7.341275950851312 ], [ 112.696235897438413, -7.341282611998506 ], [ 112.696220648150145, -7.341286691405228 ], [ 112.696204921000117, -7.341288065120693 ], [ 112.696189193850074, -7.341286691405228 ], [ 112.696173944561821, -7.341282611998506 ], [ 112.696159636477489, -7.341275950851312 ], [ 112.696146704341189, -7.341266910359335 ], [ 112.696135541089419, -7.34125576521348 ], [ 112.696126485911932, -7.341242854053508 ], [ 112.696119813945643, -7.341228569178609 ], [ 112.696115727914645, -7.341213344627593 ], [ 112.696114351970721, -7.341197642990799 ], [ 112.696115727920912, -7.341181941354545 ], [ 112.696119813957395, -7.341166716805081 ], [ 112.696126485927778, -7.341152431932566 ], [ 112.696135541107438, -7.341139520775513 ], [ 112.696146704359208, -7.341128375632771 ], [ 112.696159636493348, -7.341119335143711 ], [ 112.696173944573573, -7.341112673998897 ], [ 112.696189193856341, -7.341108594593731 ], [ 112.696204921000117, -7.341107220878808 ] ] ] ] } },
{ "type": "Feature", "properties": { "OID_": 0, "Name": "Raya Mastrip 4", "FolderPath": "Data CCTV Usulan + 50 Jalur + Rencana 2026.kmz/Rencana 2026/Surabaya Selatan.kmz/Surabaya Selatan", "Jenis": "Rencana 2026", "SubJenis": "Surabaya Selatan", "POINT_X": 112.70274351, "POINT_Y": -7.337031126, "POINT_Z": 0.0, "BUFF_DIST": 10.0, "ORIG_FID": 114 }, "geometry": { "type": "MultiPolygon", "coordinates": [ [ [ [ 112.70274351, -7.336940703862062 ], [ 112.702759236997466, -7.336942077577263 ], [ 112.702774486138324, -7.336946156983185 ], [ 112.702788794085436, -7.336952818129234 ], [ 112.702801726099253, -7.336961858619965 ], [ 112.702812889247156, -7.336973003764775 ], [ 112.70282194434256, -7.336985914924216 ], [ 112.702828616250869, -7.337000199799372 ], [ 112.702832702249324, -7.337015424351657 ], [ 112.702834078186712, -7.337031125990815 ], [ 112.702832702255577, -7.337046827630514 ], [ 112.702828616262622, -7.337062052184348 ], [ 112.702821944358377, -7.33707633706189 ], [ 112.702812889265161, -7.337089248224252 ], [ 112.702801726117258, -7.337100393372166 ], [ 112.702788794101281, -7.337109433865815 ], [ 112.702774486150076, -7.337116095014242 ], [ 112.702759237003704, -7.337120174421716 ], [ 112.70274351, -7.337121548137412 ], [ 112.702727782996291, -7.337120174421718 ], [ 112.702712533849933, -7.337116095014242 ], [ 112.702698225898729, -7.337109433865815 ], [ 112.702685293882752, -7.337100393372166 ], [ 112.702674130734835, -7.33708924822425 ], [ 112.702665075641619, -7.33707633706189 ], [ 112.702658403737388, -7.337062052184351 ], [ 112.702654317744418, -7.337046827630514 ], [ 112.702652941813284, -7.337031125990815 ], [ 112.702654317750671, -7.337015424351657 ], [ 112.70265840374914, -7.337000199799372 ], [ 112.70266507565745, -7.336985914924214 ], [ 112.70267413075284, -7.336973003764775 ], [ 112.702685293900743, -7.336961858619963 ], [ 112.70269822591456, -7.336952818129234 ], [ 112.702712533861671, -7.336946156983187 ], [ 112.702727783002544, -7.336942077577263 ], [ 112.70274351, -7.336940703862062 ] ] ] ] } },
{ "type": "Feature", "properties": { "OID_": 0, "Name": "Raya Mastrip 5", "FolderPath": "Data CCTV Usulan + 50 Jalur + Rencana 2026.kmz/Rencana 2026/Surabaya Selatan.kmz/Surabaya Selatan", "Jenis": "Rencana 2026", "SubJenis": "Surabaya Selatan", "POINT_X": 112.704716073, "POINT_Y": -7.334671707, "POINT_Z": 0.0, "BUFF_DIST": 10.0, "ORIG_FID": 115 }, "geometry": { "type": "MultiPolygon", "coordinates": [ [ [ [ 112.7047160730001, -7.334581284852599 ], [ 112.704731799914725, -7.334582658567923 ], [ 112.704747048975293, -7.334586737974274 ], [ 112.704761356847058, -7.334593399121018 ], [ 112.704774288792763, -7.334602439612696 ], [ 112.704785451881875, -7.334613584758674 ], [ 112.704794506929574, -7.334626495919466 ], [ 112.70480117880274, -7.334640780796123 ], [ 112.704805264779694, -7.334656005350001 ], [ 112.704806640709833, -7.334671706990805 ], [ 112.704805264785946, -7.334687408632147 ], [ 112.704801178814492, -7.334702633187577 ], [ 112.704794506945419, -7.334716918066612 ], [ 112.704785451899866, -7.334729829230326 ], [ 112.704774288810754, -7.334740974379406 ], [ 112.704761356862889, -7.334750014874005 ], [ 112.704747048987031, -7.33475667602313 ], [ 112.704731799920978, -7.33476075543103 ], [ 112.7047160730001, -7.334762129146894 ], [ 112.704700346079221, -7.33476075543103 ], [ 112.704685097013169, -7.33475667602313 ], [ 112.70467078913731, -7.334750014874005 ], [ 112.704657857189432, -7.334740974379406 ], [ 112.704646694100333, -7.334729829230326 ], [ 112.704637639054781, -7.334716918066612 ], [ 112.704630967185693, -7.334702633187577 ], [ 112.704626881214239, -7.334687408632148 ], [ 112.704625505290366, -7.334671706990805 ], [ 112.704626881220506, -7.334656005350003 ], [ 112.704630967197446, -7.334640780796123 ], [ 112.704637639070626, -7.334626495919468 ], [ 112.704646694118324, -7.334613584758674 ], [ 112.704657857207437, -7.334602439612696 ], [ 112.704670789153141, -7.334593399121017 ], [ 112.704685097024907, -7.334586737974273 ], [ 112.704700346085474, -7.334582658567923 ], [ 112.7047160730001, -7.334581284852599 ] ] ] ] } },
{ "type": "Feature", "properties": { "OID_": 0, "Name": "Raya Wiyung 1", "FolderPath": "Data CCTV Usulan + 50 Jalur + Rencana 2026.kmz/Rencana 2026/Surabaya Selatan.kmz/Surabaya Selatan", "Jenis": "Rencana 2026", "SubJenis": "Surabaya Selatan", "POINT_X": 112.70528338299999, "POINT_Y": -7.313008627, "POINT_Z": 0.0, "BUFF_DIST": 10.0, "ORIG_FID": 116 }, "geometry": { "type": "MultiPolygon", "coordinates": [ [ [ [ 112.705283383000051, -7.312918204765774 ], [ 112.705299109155504, -7.312919578482425 ], [ 112.705314357479949, -7.312923657892694 ], [ 112.705328664661025, -7.31293031904584 ], [ 112.70534159598246, -7.312939359546202 ], [ 112.705352758532683, -7.312950504702885 ], [ 112.705361813143284, -7.31296341587608 ], [ 112.705368484694375, -7.312977700766457 ], [ 112.705372570474069, -7.312992925334955 ], [ 112.705373946337787, -7.313008626990835 ], [ 112.705372570480293, -7.313024328647252 ], [ 112.705368484706085, -7.3130395532173 ], [ 112.705361813159072, -7.313053838110049 ], [ 112.705352758550646, -7.313066749286153 ], [ 112.705341596000409, -7.313077894445933 ], [ 112.705328664676799, -7.313086934949205 ], [ 112.705314357491659, -7.313093596104722 ], [ 112.705299109161729, -7.31309767551654 ], [ 112.705283383000051, -7.313099049233708 ], [ 112.705267656838373, -7.31309767551654 ], [ 112.705252408508443, -7.313093596104722 ], [ 112.705238101323303, -7.313086934949205 ], [ 112.705225169999693, -7.313077894445933 ], [ 112.705214007449456, -7.313066749286153 ], [ 112.705204952841029, -7.313053838110049 ], [ 112.705198281294017, -7.3130395532173 ], [ 112.705194195519809, -7.313024328647254 ], [ 112.705192819662315, -7.313008626990835 ], [ 112.705194195526033, -7.312992925334957 ], [ 112.705198281305726, -7.312977700766457 ], [ 112.705204952856818, -7.312963415876082 ], [ 112.705214007467418, -7.312950504702885 ], [ 112.705225170017641, -7.312939359546202 ], [ 112.705238101339077, -7.31293031904584 ], [ 112.705252408520153, -7.312923657892693 ], [ 112.705267656844597, -7.312919578482425 ], [ 112.705283383000051, -7.312918204765774 ] ] ] ] } },
{ "type": "Feature", "properties": { "OID_": 0, "Name": "Raya Wiyung 2", "FolderPath": "Data CCTV Usulan + 50 Jalur + Rencana 2026.kmz/Rencana 2026/Surabaya Selatan.kmz/Surabaya Selatan", "Jenis": "Rencana 2026", "SubJenis": "Surabaya Selatan", "POINT_X": 112.687865985, "POINT_Y": -7.311821194, "POINT_Z": 0.0, "BUFF_DIST": 10.0, "ORIG_FID": 117 }, "geometry": { "type": "MultiPolygon", "coordinates": [ [ [ [ 112.68786598500003, -7.311730771761031 ], [ 112.687881711113931, -7.311732145477761 ], [ 112.687896959398088, -7.311736224888244 ], [ 112.687911266541363, -7.31174288604174 ], [ 112.68792419782865, -7.311751926542579 ], [ 112.687935360349385, -7.311763071699846 ], [ 112.687944414936055, -7.311775982873721 ], [ 112.687951086469511, -7.311790267764849 ], [ 112.687955172238418, -7.311805492334146 ], [ 112.687956548098498, -7.311821193990852 ], [ 112.687955172244642, -7.311836895648096 ], [ 112.687951086481235, -7.311852120218941 ], [ 112.687944414951829, -7.311866405112442 ], [ 112.687935360367334, -7.311879316289223 ], [ 112.687924197846584, -7.311890461449589 ], [ 112.687911266557151, -7.311899501953336 ], [ 112.687896959409798, -7.311906163109201 ], [ 112.687881711120156, -7.311910242521233 ], [ 112.68786598500003, -7.311911616238469 ], [ 112.687850258879891, -7.311910242521233 ], [ 112.687835010590248, -7.311906163109201 ], [ 112.687820703442895, -7.311899501953336 ], [ 112.687807772153462, -7.311890461449589 ], [ 112.687796609632727, -7.311879316289223 ], [ 112.687787555048232, -7.31186640511244 ], [ 112.687780883518826, -7.311852120218942 ], [ 112.687776797755404, -7.311836895648096 ], [ 112.687775421901563, -7.311821193990852 ], [ 112.687776797761643, -7.311805492334146 ], [ 112.68778088353055, -7.311790267764849 ], [ 112.687787555064006, -7.311775982873721 ], [ 112.687796609650661, -7.311763071699846 ], [ 112.687807772171411, -7.311751926542577 ], [ 112.687820703458684, -7.31174288604174 ], [ 112.687835010601972, -7.311736224888242 ], [ 112.687850258886129, -7.311732145477761 ], [ 112.68786598500003, -7.311730771761031 ] ] ] ] } },
{ "type": "Feature", "properties": { "OID_": 0, "Name": "Balas Klumprik", "FolderPath": "Data CCTV Usulan + 50 Jalur + Rencana 2026.kmz/Rencana 2026/Surabaya Selatan.kmz/Surabaya Selatan", "Jenis": "Rencana 2026", "SubJenis": "Surabaya Selatan", "POINT_X": 112.69173927200001, "POINT_Y": -7.332374541, "POINT_Z": 0.0, "BUFF_DIST": 10.0, "ORIG_FID": 118 }, "geometry": { "type": "MultiPolygon", "coordinates": [ [ [ [ 112.691739272000063, -7.33228411884343 ], [ 112.691754998834071, -7.332285492558897 ], [ 112.691770247816478, -7.33228957196566 ], [ 112.691784555614888, -7.332296233113087 ], [ 112.691797487494327, -7.332305273605687 ], [ 112.691808650526212, -7.3323164187528 ], [ 112.691817705527498, -7.33232932991491 ], [ 112.691824377366473, -7.332343614793025 ], [ 112.691828463322466, -7.332358839348455 ], [ 112.691829839245557, -7.332374540990858 ], [ 112.691828463328719, -7.3323902426338 ], [ 112.691824377378211, -7.332405467190783 ], [ 112.691817705543329, -7.332419752071275 ], [ 112.691808650544203, -7.332432663236305 ], [ 112.691797487512304, -7.332443808386521 ], [ 112.691784555630719, -7.332452848882038 ], [ 112.691770247828217, -7.332459510031843 ], [ 112.691754998840324, -7.332463589440161 ], [ 112.691739272000063, -7.332464963156156 ], [ 112.691723545159803, -7.332463589440161 ], [ 112.691708296171896, -7.332459510031843 ], [ 112.691693988369408, -7.332452848882038 ], [ 112.691681056487809, -7.332443808386521 ], [ 112.691669893455924, -7.332432663236305 ], [ 112.691660838456798, -7.332419752071275 ], [ 112.691654166621902, -7.332405467190785 ], [ 112.691650080671408, -7.3323902426338 ], [ 112.691648704754556, -7.332374540990858 ], [ 112.691650080677647, -7.332358839348455 ], [ 112.691654166633654, -7.332343614793025 ], [ 112.691660838472615, -7.33232932991491 ], [ 112.691669893473914, -7.3323164187528 ], [ 112.6916810565058, -7.332305273605686 ], [ 112.691693988385225, -7.332296233113086 ], [ 112.691708296183648, -7.33228957196566 ], [ 112.691723545166042, -7.332285492558897 ], [ 112.691739272000063, -7.33228411884343 ] ] ] ] } },
{ "type": "Feature", "properties": { "OID_": 0, "Name": "Dukuh Menanggal 1 - 1", "FolderPath": "Data CCTV Usulan + 50 Jalur + Rencana 2026.kmz/Rencana 2026/Surabaya Selatan.kmz/Surabaya Selatan", "Jenis": "Rencana 2026", "SubJenis": "Surabaya Selatan", "POINT_X": 112.726648122, "POINT_Y": -7.346531178, "POINT_Z": 0.0, "BUFF_DIST": 10.0, "ORIG_FID": 119 }, "geometry": { "type": "MultiPolygon", "coordinates": [ [ [ [ 112.726648122000029, -7.346440755900319 ], [ 112.72666384933126, -7.346442129614872 ], [ 112.726679098795756, -7.346446209019071 ], [ 112.726693407046525, -7.346452870162306 ], [ 112.726706339334783, -7.346461910649221 ], [ 112.726717502719595, -7.346473055789323 ], [ 112.726726558007172, -7.346485966943311 ], [ 112.726733230057079, -7.34650025181244 ], [ 112.726737316142277, -7.346515476358296 ], [ 112.726738692108867, -7.346531177990826 ], [ 112.72673731614853, -7.346546879623898 ], [ 112.726733230068845, -7.346562104171309 ], [ 112.726726558023032, -7.34657638904282 ], [ 112.726717502737628, -7.346589300199733 ], [ 112.726706339352802, -7.346600445342949 ], [ 112.726693407062371, -7.346609485832781 ], [ 112.726679098807523, -7.346616146978401 ], [ 112.726663849337513, -7.346620226384153 ], [ 112.726648122000029, -7.346621600099338 ], [ 112.726632394662545, -7.346620226384155 ], [ 112.726617145192535, -7.346616146978401 ], [ 112.726602836937687, -7.346609485832783 ], [ 112.726589904647255, -7.346600445342949 ], [ 112.726578741262443, -7.346589300199733 ], [ 112.72656968597704, -7.34657638904282 ], [ 112.726563013931212, -7.346562104171309 ], [ 112.726558927851542, -7.346546879623898 ], [ 112.726557551891204, -7.346531177990826 ], [ 112.726558927857795, -7.346515476358294 ], [ 112.726563013942979, -7.34650025181244 ], [ 112.726569685992885, -7.346485966943311 ], [ 112.726578741280463, -7.346473055789323 ], [ 112.726589904665289, -7.346461910649219 ], [ 112.726602836953546, -7.346452870162306 ], [ 112.726617145204315, -7.346446209019071 ], [ 112.726632394668812, -7.346442129614872 ], [ 112.726648122000029, -7.346440755900319 ] ] ] ] } },
{ "type": "Feature", "properties": { "OID_": 0, "Name": "Joyoloyo", "FolderPath": "Data CCTV Usulan + 50 Jalur + Rencana 2026.kmz/Rencana 2026/Surabaya Selatan.kmz/Surabaya Selatan", "Jenis": "Rencana 2026", "SubJenis": "Surabaya Selatan", "POINT_X": 112.71486753799999, "POINT_Y": -7.306819568, "POINT_Z": 0.0, "BUFF_DIST": 10.0, "ORIG_FID": 120 }, "geometry": { "type": "MultiPolygon", "coordinates": [ [ [ [ 112.714867538000021, -7.306729145741063 ], [ 112.714883263938987, -7.306730519458091 ], [ 112.714898512053537, -7.306734598869475 ], [ 112.714912819037679, -7.306741260024446 ], [ 112.714925750181109, -7.306750300527287 ], [ 112.714936912577699, -7.306761445687022 ], [ 112.714945967063656, -7.306774356863754 ], [ 112.714952638522888, -7.306788641758044 ], [ 112.714956724246349, -7.306803866330712 ], [ 112.71495810009111, -7.306819567990889 ], [ 112.714956724252573, -7.306835269651608 ], [ 112.714952638534598, -7.306850494225821 ], [ 112.714945967079416, -7.306864779122481 ], [ 112.714936912595618, -7.30687769030212 ], [ 112.714925750199043, -7.306888835464948 ], [ 112.714912819053438, -7.306897875970696 ], [ 112.714898512065247, -7.306904537128036 ], [ 112.714883263945211, -7.306908616540966 ], [ 112.714867538000021, -7.306909990258518 ], [ 112.714851812054818, -7.306908616540968 ], [ 112.714836563934782, -7.306904537128036 ], [ 112.71482225694659, -7.306897875970696 ], [ 112.714809325800985, -7.306888835464948 ], [ 112.71479816340441, -7.30687769030212 ], [ 112.714789108920613, -7.306864779122481 ], [ 112.714782437465431, -7.306850494225821 ], [ 112.714778351747469, -7.306835269651608 ], [ 112.714776975908919, -7.306819567990889 ], [ 112.714778351753679, -7.306803866330712 ], [ 112.71478243747714, -7.306788641758042 ], [ 112.714789108936372, -7.306774356863752 ], [ 112.71479816342233, -7.306761445687022 ], [ 112.714809325818919, -7.306750300527287 ], [ 112.71482225696235, -7.306741260024446 ], [ 112.714836563946491, -7.306734598869475 ], [ 112.714851812061042, -7.306730519458092 ], [ 112.714867538000021, -7.306729145741063 ] ] ] ] } },
{ "type": "Feature", "properties": { "OID_": 0, "Name": "Ahmad Yani 1", "FolderPath": "Data CCTV Usulan + 50 Jalur + Rencana 2026.kmz/Rencana 2026/Surabaya Selatan.kmz/Surabaya Selatan", "Jenis": "Rencana 2026", "SubJenis": "Surabaya Selatan", "POINT_X": 112.73064644599999, "POINT_Y": -7.326862141, "POINT_Z": 0.0, "BUFF_DIST": 10.0, "ORIG_FID": 121 }, "geometry": { "type": "MultiPolygon", "coordinates": [ [ [ [ 112.730646446000037, -7.326771718821281 ], [ 112.73066217264072, -7.326773092537077 ], [ 112.730677421435658, -7.32677717194484 ], [ 112.730691729058194, -7.326783833093895 ], [ 112.730704660778613, -7.326792873588708 ], [ 112.730715823673265, -7.326804018738546 ], [ 112.730724878563251, -7.326816929903818 ], [ 112.730731550320186, -7.326831214785423 ], [ 112.730735636225958, -7.326846439344576 ], [ 112.730737012132138, -7.326862140990821 ], [ 112.730735636232211, -7.326877842637602 ], [ 112.730731550331939, -7.326893067198307 ], [ 112.730724878579053, -7.326907352082292 ], [ 112.730715823691256, -7.326920263250473 ], [ 112.730704660796604, -7.326931408403417 ], [ 112.730691729073982, -7.326940448901143 ], [ 112.730677421447382, -7.326947110052577 ], [ 112.730662172646959, -7.326951189461886 ], [ 112.730646446000037, -7.32695256317823 ], [ 112.730630719353115, -7.326951189461888 ], [ 112.730615470552692, -7.326947110052577 ], [ 112.730601162926092, -7.326940448901143 ], [ 112.730588231203484, -7.326931408403417 ], [ 112.730577068308818, -7.326920263250473 ], [ 112.730568013421021, -7.326907352082291 ], [ 112.73056134166815, -7.326893067198307 ], [ 112.730557255767877, -7.326877842637602 ], [ 112.73055587986795, -7.326862140990821 ], [ 112.73055725577413, -7.326846439344577 ], [ 112.730561341679888, -7.326831214785423 ], [ 112.730568013436823, -7.326816929903818 ], [ 112.730577068326809, -7.326804018738546 ], [ 112.730588231221475, -7.326792873588706 ], [ 112.730601162941895, -7.326783833093895 ], [ 112.73061547056443, -7.32677717194484 ], [ 112.730630719359368, -7.326773092537077 ], [ 112.730646446000037, -7.326771718821281 ] ] ] ] } },
{ "type": "Feature", "properties": { "OID_": 0, "Name": "Ahmad Yani 2", "FolderPath": "Data CCTV Usulan + 50 Jalur + Rencana 2026.kmz/Rencana 2026/Surabaya Selatan.kmz/Surabaya Selatan", "Jenis": "Rencana 2026", "SubJenis": "Surabaya Selatan", "POINT_X": 112.733849655, "POINT_Y": -7.314852541, "POINT_Z": 0.0, "BUFF_DIST": 10.0, "ORIG_FID": 122 }, "geometry": { "type": "MultiPolygon", "coordinates": [ [ [ [ 112.733849655000085, -7.314762118773166 ], [ 112.733865381220056, -7.3147634924897 ], [ 112.733880629607071, -7.314767571899635 ], [ 112.733894936846866, -7.314774233052239 ], [ 112.733907868221365, -7.314783273551861 ], [ 112.733919030817404, -7.314794418707632 ], [ 112.733928085465152, -7.314807329879775 ], [ 112.733934757043613, -7.314821614768986 ], [ 112.733938842840075, -7.31483683933624 ], [ 112.733940218709435, -7.314852540990839 ], [ 112.733938842846314, -7.314868242645978 ], [ 112.733934757055323, -7.314883467214779 ], [ 112.73392808548094, -7.314897752106363 ], [ 112.733919030835352, -7.314910663281415 ], [ 112.733907868239314, -7.314921808440285 ], [ 112.73389493686264, -7.314930848942819 ], [ 112.733880629618795, -7.314937510097793 ], [ 112.733865381226295, -7.314941589509276 ], [ 112.733849655000085, -7.314942963226335 ], [ 112.733833928773876, -7.314941589509277 ], [ 112.733818680381376, -7.314937510097793 ], [ 112.733804373137517, -7.314930848942819 ], [ 112.733791441760857, -7.314921808440285 ], [ 112.733780279164819, -7.314910663281413 ], [ 112.733771224519231, -7.314897752106363 ], [ 112.733764552944848, -7.314883467214779 ], [ 112.733760467153857, -7.314868242645978 ], [ 112.733759091290736, -7.314852540990839 ], [ 112.733760467160096, -7.314836839336238 ], [ 112.733764552956558, -7.314821614768986 ], [ 112.733771224535019, -7.314807329879775 ], [ 112.733780279182767, -7.314794418707632 ], [ 112.733791441778806, -7.314783273551861 ], [ 112.733804373153291, -7.314774233052239 ], [ 112.733818680393085, -7.314767571899635 ], [ 112.733833928780101, -7.3147634924897 ], [ 112.733849655000085, -7.314762118773166 ] ] ] ] } },
{ "type": "Feature", "properties": { "OID_": 0, "Name": "Ahmad Yani 3", "FolderPath": "Data CCTV Usulan + 50 Jalur + Rencana 2026.kmz/Rencana 2026/Surabaya Selatan.kmz/Surabaya Selatan", "Jenis": "Rencana 2026", "SubJenis": "Surabaya Selatan", "POINT_X": 112.734269578, "POINT_Y": -7.313173142, "POINT_Z": 0.0, "BUFF_DIST": 10.0, "ORIG_FID": 123 }, "geometry": { "type": "MultiPolygon", "coordinates": [ [ [ [ 112.734269578000067, -7.31308271976645 ], [ 112.734285304161276, -7.31308409348307 ], [ 112.734300552491305, -7.313088172893308 ], [ 112.734314859677625, -7.313094834046403 ], [ 112.734327791003793, -7.313103874546702 ], [ 112.734338953558122, -7.313115019703303 ], [ 112.73434800817202, -7.313127930876404 ], [ 112.734354679725541, -7.313142215766677 ], [ 112.734358765506741, -7.313157440335063 ], [ 112.734360141370942, -7.31317314199083 ], [ 112.734358765512965, -7.313188843647133 ], [ 112.734354679737251, -7.313204068217068 ], [ 112.734348008187794, -7.313218353109713 ], [ 112.734338953576056, -7.313231264285726 ], [ 112.734327791021741, -7.313242409445422 ], [ 112.734314859693399, -7.31325144994863 ], [ 112.734300552503015, -7.313258111104098 ], [ 112.7342853041675, -7.313262190515883 ], [ 112.734269578000067, -7.313263564233072 ], [ 112.734253851832634, -7.313262190515883 ], [ 112.734238603497133, -7.313258111104098 ], [ 112.734224296306735, -7.313251449948631 ], [ 112.734211364978407, -7.313242409445422 ], [ 112.734200202424091, -7.313231264285726 ], [ 112.734191147812354, -7.313218353109713 ], [ 112.734184476262882, -7.313204068217068 ], [ 112.734180390487182, -7.313188843647133 ], [ 112.734179014629191, -7.31317314199083 ], [ 112.734180390493407, -7.313157440335063 ], [ 112.734184476274606, -7.313142215766677 ], [ 112.734191147828128, -7.313127930876404 ], [ 112.734200202442025, -7.313115019703303 ], [ 112.734211364996355, -7.3131038745467 ], [ 112.734224296322509, -7.313094834046403 ], [ 112.734238603508842, -7.313088172893306 ], [ 112.734253851838872, -7.31308409348307 ], [ 112.734269578000067, -7.31308271976645 ] ] ] ] } },
{ "type": "Feature", "properties": { "OID_": 0, "Name": "Ahmad Yani 4", "FolderPath": "Data CCTV Usulan + 50 Jalur + Rencana 2026.kmz/Rencana 2026/Surabaya Selatan.kmz/Surabaya Selatan", "Jenis": "Rencana 2026", "SubJenis": "Surabaya Selatan", "POINT_X": 112.734906602, "POINT_Y": -7.306835459, "POINT_Z": 0.0, "BUFF_DIST": 10.0, "ORIG_FID": 124 }, "geometry": { "type": "MultiPolygon", "coordinates": [ [ [ [ 112.734906602000024, -7.306745036741107 ], [ 112.734922327939557, -7.306746410458131 ], [ 112.734937576054648, -7.306750489869515 ], [ 112.734951883039301, -7.30675715102448 ], [ 112.734964814183186, -7.306766191527313 ], [ 112.734975976580159, -7.30677733668704 ], [ 112.734985031066429, -7.306790247863764 ], [ 112.734991702525917, -7.306804532758044 ], [ 112.73499578824952, -7.306819757330699 ], [ 112.734997164094324, -7.306835458990868 ], [ 112.734995788255731, -7.306851160651573 ], [ 112.734991702537627, -7.306866385225777 ], [ 112.734985031082203, -7.306880670122426 ], [ 112.734975976598093, -7.306893581302056 ], [ 112.73496481420112, -7.30690472646488 ], [ 112.734951883055061, -7.306913766970617 ], [ 112.734937576066358, -7.306920428127953 ], [ 112.734922327945782, -7.306924507540883 ], [ 112.734906602000024, -7.306925881258436 ], [ 112.73489087605428, -7.306924507540884 ], [ 112.734875627933704, -7.306920428127953 ], [ 112.734861320945001, -7.306913766970617 ], [ 112.734848389798941, -7.30690472646488 ], [ 112.734837227401968, -7.306893581302056 ], [ 112.734828172917858, -7.306880670122426 ], [ 112.734821501462434, -7.306866385225777 ], [ 112.734817415744317, -7.306851160651575 ], [ 112.734816039905724, -7.306835458990868 ], [ 112.734817415750541, -7.306819757330701 ], [ 112.734821501474144, -7.306804532758044 ], [ 112.734828172933632, -7.306790247863764 ], [ 112.734837227419902, -7.30677733668704 ], [ 112.734848389816861, -7.306766191527313 ], [ 112.734861320960761, -7.30675715102448 ], [ 112.734875627945414, -7.306750489869513 ], [ 112.734890876060504, -7.306746410458131 ], [ 112.734906602000024, -7.306745036741107 ] ] ] ] } },
{ "type": "Feature", "properties": { "OID_": 0, "Name": "Ahmad Yani 5", "FolderPath": "Data CCTV Usulan + 50 Jalur + Rencana 2026.kmz/Rencana 2026/Surabaya Selatan.kmz/Surabaya Selatan", "Jenis": "Rencana 2026", "SubJenis": "Surabaya Selatan", "POINT_X": 112.73487538099999, "POINT_Y": -7.313669478, "POINT_Z": 0.0, "BUFF_DIST": 10.0, "ORIG_FID": 125 }, "geometry": { "type": "MultiPolygon", "coordinates": [ [ [ [ 112.734875381000052, -7.313579055768479 ], [ 112.734891107178626, -7.31358042948505 ], [ 112.734906355525496, -7.313584508895198 ], [ 112.734920662727617, -7.31359117004815 ], [ 112.734933594068067, -7.313600210548249 ], [ 112.734944756634718, -7.313611355704604 ], [ 112.73495381125862, -7.313624266877421 ], [ 112.734960482819517, -7.313638551767382 ], [ 112.734964568605221, -7.313653776335435 ], [ 112.734965944470957, -7.313669477990856 ], [ 112.73496456861146, -7.313685179646814 ], [ 112.734960482831227, -7.313700404216414 ], [ 112.734953811274394, -7.313714689108747 ], [ 112.734944756652666, -7.313727600284471 ], [ 112.734933594086016, -7.313738745443927 ], [ 112.734920662743392, -7.313747785946934 ], [ 112.734906355537206, -7.313754447102257 ], [ 112.734891107184851, -7.313758526513954 ], [ 112.734875381000052, -7.313759900231124 ], [ 112.734859654815253, -7.313758526513954 ], [ 112.734844406462912, -7.313754447102257 ], [ 112.734830099256712, -7.313747785946934 ], [ 112.734817167914102, -7.313738745443927 ], [ 112.734806005347451, -7.313727600284473 ], [ 112.734796950725709, -7.313714689108745 ], [ 112.734790279168877, -7.313700404216416 ], [ 112.734786193388658, -7.313685179646814 ], [ 112.734784817529146, -7.313669477990856 ], [ 112.734786193394882, -7.313653776335435 ], [ 112.734790279180601, -7.313638551767382 ], [ 112.734796950741483, -7.313624266877423 ], [ 112.7348060053654, -7.313611355704604 ], [ 112.734817167932036, -7.313600210548249 ], [ 112.734830099272486, -7.313591170048149 ], [ 112.734844406474608, -7.313584508895198 ], [ 112.734859654821491, -7.31358042948505 ], [ 112.734875381000052, -7.313579055768479 ] ] ] ] } },
{ "type": "Feature", "properties": { "OID_": 0, "Name": "Bibis Karah 1", "FolderPath": "Data CCTV Usulan + 50 Jalur + Rencana 2026.kmz/Rencana 2026/Surabaya Selatan.kmz/Surabaya Selatan", "Jenis": "Rencana 2026", "SubJenis": "Surabaya Selatan", "POINT_X": 112.71254841299999, "POINT_Y": -7.310932162, "POINT_Z": 0.0, "BUFF_DIST": 10.0, "ORIG_FID": 126 }, "geometry": { "type": "MultiPolygon", "coordinates": [ [ [ [ 112.712548413000036, -7.310841739757547 ], [ 112.712564139082829, -7.310843113474284 ], [ 112.712579387336831, -7.310847192884927 ], [ 112.712593694451826, -7.310853854038681 ], [ 112.712606625713519, -7.310862894539878 ], [ 112.712617788212185, -7.310874039697585 ], [ 112.712626842780949, -7.310886950871967 ], [ 112.712633514301217, -7.310901235763656 ], [ 112.712637600062038, -7.310916460333554 ], [ 112.71263897591939, -7.310932161990878 ], [ 112.712637600068277, -7.31094786364874 ], [ 112.712633514312913, -7.310963088220183 ], [ 112.712626842796723, -7.310977373114245 ], [ 112.712617788230119, -7.310990284291536 ], [ 112.712606625731453, -7.31100142945234 ], [ 112.7125936944676, -7.311010469956441 ], [ 112.712579387348555, -7.311017131112568 ], [ 112.712564139089068, -7.311021210524761 ], [ 112.712548413000036, -7.311022584242099 ], [ 112.712532686911004, -7.311021210524761 ], [ 112.712517438651517, -7.311017131112568 ], [ 112.712503131532472, -7.311010469956441 ], [ 112.712490200268604, -7.31100142945234 ], [ 112.712479037769938, -7.310990284291536 ], [ 112.712469983203349, -7.310977373114245 ], [ 112.712463311687145, -7.310963088220183 ], [ 112.712459225931795, -7.31094786364874 ], [ 112.712457850080668, -7.310932161990878 ], [ 112.712459225938034, -7.310916460333554 ], [ 112.712463311698855, -7.310901235763656 ], [ 112.712469983219123, -7.310886950871967 ], [ 112.712479037787887, -7.310874039697585 ], [ 112.712490200286553, -7.310862894539877 ], [ 112.712503131548246, -7.310853854038681 ], [ 112.712517438663241, -7.310847192884927 ], [ 112.712532686917243, -7.310843113474284 ], [ 112.712548413000036, -7.310841739757547 ] ] ] ] } },
{ "type": "Feature", "properties": { "OID_": 0, "Name": "Manunggal Kebonsari 1", "FolderPath": "Data CCTV Usulan + 50 Jalur + Rencana 2026.kmz/Rencana 2026/Surabaya Selatan.kmz/Surabaya Selatan", "Jenis": "Rencana 2026", "SubJenis": "Surabaya Selatan", "POINT_X": 112.71202798100001, "POINT_Y": -7.327711937, "POINT_Z": 0.0, "BUFF_DIST": 10.0, "ORIG_FID": 127 }, "geometry": { "type": "MultiPolygon", "coordinates": [ [ [ [ 112.712027981, -7.327621514824693 ], [ 112.712043707670475, -7.327622888540448 ], [ 112.712058956494289, -7.327626967948057 ], [ 112.712073264143939, -7.327633629096862 ], [ 112.712086195888872, -7.327642669591332 ], [ 112.712097358804684, -7.327653814740748 ], [ 112.712106413711808, -7.327666725905533 ], [ 112.712113085481391, -7.327681010786602 ], [ 112.712117171394908, -7.327696235345183 ], [ 112.712118547303675, -7.327711936990833 ], [ 112.712117171401161, -7.327727638637024 ], [ 112.712113085493129, -7.327742863197154 ], [ 112.712106413727625, -7.327757148080602 ], [ 112.71209735882266, -7.327770059248298 ], [ 112.712086195906849, -7.32778120440082 ], [ 112.712073264159741, -7.327790244898208 ], [ 112.712058956506041, -7.327796906049387 ], [ 112.712043707676727, -7.327800985458547 ], [ 112.712027981, -7.32780235917483 ], [ 112.712012254323284, -7.327800985458547 ], [ 112.71199700549397, -7.327796906049387 ], [ 112.711982697840256, -7.327790244898208 ], [ 112.711969766093148, -7.32778120440082 ], [ 112.711958603177337, -7.327770059248298 ], [ 112.711949548272386, -7.327757148080601 ], [ 112.711942876506882, -7.327742863197154 ], [ 112.71193879059885, -7.327727638637024 ], [ 112.711937414696322, -7.327711936990833 ], [ 112.711938790605103, -7.327696235345181 ], [ 112.711942876518606, -7.327681010786602 ], [ 112.711949548288189, -7.327666725905533 ], [ 112.711958603195328, -7.327653814740749 ], [ 112.711969766111125, -7.327642669591332 ], [ 112.711982697856072, -7.32763362909686 ], [ 112.711997005505708, -7.327626967948055 ], [ 112.712012254329537, -7.327622888540448 ], [ 112.712027981, -7.327621514824693 ] ] ] ] } },
{ "type": "Feature", "properties": { "OID_": 0, "Name": "Manunggal Kebonsari 2", "FolderPath": "Data CCTV Usulan + 50 Jalur + Rencana 2026.kmz/Rencana 2026/Surabaya Selatan.kmz/Surabaya Selatan", "Jenis": "Rencana 2026", "SubJenis": "Surabaya Selatan", "POINT_X": 112.720176999, "POINT_Y": -7.328828396, "POINT_Z": 0.0, "BUFF_DIST": 10.0, "ORIG_FID": 128 }, "geometry": { "type": "MultiPolygon", "coordinates": [ [ [ [ 112.720176999000046, -7.328737973829191 ], [ 112.720192725709666, -7.32873934754486 ], [ 112.720207974571451, -7.328743426952266 ], [ 112.720222282256699, -7.328750088100739 ], [ 112.720235214033835, -7.328759128594761 ], [ 112.720246376977428, -7.328770273743629 ], [ 112.720255431907106, -7.328783184907773 ], [ 112.720262103693301, -7.328797469788136 ], [ 112.720266189616979, -7.328812694345959 ], [ 112.720267565529184, -7.328828395990834 ], [ 112.720266189623231, -7.328844097636246 ], [ 112.720262103705039, -7.328859322195624 ], [ 112.720255431922922, -7.328873607078362 ], [ 112.720246376995405, -7.32888651824542 ], [ 112.720235214051826, -7.328897663397393 ], [ 112.720222282272516, -7.328906703894329 ], [ 112.72020797458319, -7.328913365045183 ], [ 112.720192725715904, -7.328917444454141 ], [ 112.720176999000046, -7.32891881817037 ], [ 112.720161272284173, -7.328917444454141 ], [ 112.720146023416902, -7.328913365045183 ], [ 112.720131715727561, -7.328906703894331 ], [ 112.720118783948266, -7.328897663397393 ], [ 112.720107621004672, -7.328886518245421 ], [ 112.720098566077155, -7.328873607078362 ], [ 112.720091894295052, -7.328859322195624 ], [ 112.72008780837686, -7.328844097636246 ], [ 112.720086432470907, -7.328828395990834 ], [ 112.720087808383113, -7.328812694345961 ], [ 112.72009189430679, -7.328797469788136 ], [ 112.720098566092986, -7.328783184907771 ], [ 112.720107621022649, -7.328770273743629 ], [ 112.720118783966257, -7.328759128594761 ], [ 112.720131715743378, -7.328750088100739 ], [ 112.720146023428626, -7.328743426952264 ], [ 112.720161272290426, -7.32873934754486 ], [ 112.720176999000046, -7.328737973829191 ] ] ] ] } },
{ "type": "Feature", "properties": { "OID_": 0, "Name": "Gayung Kebonsari", "FolderPath": "Data CCTV Usulan + 50 Jalur + Rencana 2026.kmz/Rencana 2026/Surabaya Selatan.kmz/Surabaya Selatan", "Jenis": "Rencana 2026", "SubJenis": "Surabaya Selatan", "POINT_X": 112.72599676, "POINT_Y": -7.329241448, "POINT_Z": 0.0, "BUFF_DIST": 10.0, "ORIG_FID": 129 }, "geometry": { "type": "MultiPolygon", "coordinates": [ [ [ [ 112.725996760000044, -7.329151025830802 ], [ 112.726012486724159, -7.329152399546489 ], [ 112.726027735599985, -7.32915647895382 ], [ 112.72604204329842, -7.329163140102173 ], [ 112.726054975087465, -7.329172180596029 ], [ 112.726066138041347, -7.329183325744691 ], [ 112.726075192979351, -7.3291962369086 ], [ 112.7260818647717, -7.329210521788699 ], [ 112.726085950699144, -7.329225746346246 ], [ 112.7260873266126, -7.329241447990833 ], [ 112.726085950705382, -7.329257149635956 ], [ 112.726081864783424, -7.329272374195056 ], [ 112.726075192995168, -7.329286659077533 ], [ 112.726066138059323, -7.329299570244356 ], [ 112.726054975105455, -7.329310715396122 ], [ 112.726042043314237, -7.329319755892893 ], [ 112.726027735611723, -7.329326417043623 ], [ 112.726012486730397, -7.329330496452507 ], [ 112.725996760000044, -7.32933187016867 ], [ 112.72598103326969, -7.329330496452507 ], [ 112.725965784388364, -7.329326417043623 ], [ 112.72595147668585, -7.329319755892895 ], [ 112.725938544894646, -7.329310715396122 ], [ 112.725927381940764, -7.329299570244355 ], [ 112.725918327004919, -7.329286659077533 ], [ 112.725911655216663, -7.329272374195056 ], [ 112.725907569294705, -7.329257149635956 ], [ 112.725906193387488, -7.329241447990833 ], [ 112.725907569300944, -7.329225746346246 ], [ 112.725911655228401, -7.329210521788699 ], [ 112.725918327020736, -7.3291962369086 ], [ 112.725927381958755, -7.329183325744693 ], [ 112.725938544912637, -7.329172180596029 ], [ 112.725951476701667, -7.329163140102173 ], [ 112.725965784400103, -7.32915647895382 ], [ 112.725981033275943, -7.329152399546489 ], [ 112.725996760000044, -7.329151025830802 ] ] ] ] } },
{ "type": "Feature", "properties": { "OID_": 0, "Name": "Gayung Kebonsari Timur 1", "FolderPath": "Data CCTV Usulan + 50 Jalur + Rencana 2026.kmz/Rencana 2026/Surabaya Selatan.kmz/Surabaya Selatan", "Jenis": "Rencana 2026", "SubJenis": "Surabaya Selatan", "POINT_X": 112.726447613, "POINT_Y": -7.325797413, "POINT_Z": 0.0, "BUFF_DIST": 10.0, "ORIG_FID": 130 }, "geometry": { "type": "MultiPolygon", "coordinates": [ [ [ [ 112.726447613, -7.325706990817001 ], [ 112.726463339603356, -7.325708364532918 ], [ 112.726478588362099, -7.325712443940871 ], [ 112.72649289595067, -7.325719105090242 ], [ 112.726505827640409, -7.325728145585481 ], [ 112.726516990508571, -7.325739290735848 ], [ 112.726526045377057, -7.325752201901726 ], [ 112.726532717118161, -7.325766486784007 ], [ 112.726536803014227, -7.325781711343879 ], [ 112.726538178917139, -7.325797412990863 ], [ 112.72653680302048, -7.325813114638388 ], [ 112.726532717129885, -7.32582833919981 ], [ 112.726526045392859, -7.32584262408447 ], [ 112.726516990526548, -7.325855535253263 ], [ 112.726505827658386, -7.325866680406732 ], [ 112.726492895966473, -7.325875720904883 ], [ 112.726478588373823, -7.325882382056629 ], [ 112.726463339609595, -7.325886461466137 ], [ 112.726447613, -7.325887835182488 ], [ 112.726431886390401, -7.325886461466137 ], [ 112.726416637626173, -7.325882382056629 ], [ 112.726402330033537, -7.325875720904883 ], [ 112.726389398341624, -7.325866680406732 ], [ 112.726378235473462, -7.325855535253261 ], [ 112.726369180607136, -7.325842624084468 ], [ 112.72636250887011, -7.325828339199812 ], [ 112.726358422979516, -7.325813114638388 ], [ 112.726357047082857, -7.325797412990863 ], [ 112.726358422985768, -7.325781711343879 ], [ 112.726362508881834, -7.325766486784007 ], [ 112.726369180622953, -7.325752201901726 ], [ 112.726378235491438, -7.325739290735847 ], [ 112.726389398359601, -7.325728145585479 ], [ 112.726402330049339, -7.325719105090242 ], [ 112.726416637637911, -7.325712443940871 ], [ 112.726431886396654, -7.325708364532918 ], [ 112.726447613, -7.325706990817001 ] ] ] ] } },
{ "type": "Feature", "properties": { "OID_": 0, "Name": "Pulo Wonokromo 1", "FolderPath": "Data CCTV Usulan + 50 Jalur + Rencana 2026.kmz/Rencana 2026/Surabaya Selatan.kmz/Surabaya Selatan", "Jenis": "Rencana 2026", "SubJenis": "Surabaya Selatan", "POINT_X": 112.73699107900001, "POINT_Y": -7.300742794, "POINT_Z": 0.0, "BUFF_DIST": 10.0, "ORIG_FID": 131 }, "geometry": { "type": "MultiPolygon", "coordinates": [ [ [ [ 112.736991079000063, -7.300652371716803 ], [ 112.737006804726676, -7.300653745434164 ], [ 112.737022052635325, -7.300657824846648 ], [ 112.737036359426256, -7.300664486003407 ], [ 112.737049290395063, -7.300673526508675 ], [ 112.737060452640904, -7.300684671671408 ], [ 112.737069507004591, -7.300697582851609 ], [ 112.737076178373755, -7.300711867749734 ], [ 112.737080264042021, -7.300727092326494 ], [ 112.737081639868208, -7.300742793990891 ], [ 112.737080264048245, -7.300758495655826 ], [ 112.737076178385436, -7.300773720234129 ], [ 112.737069507020337, -7.300788005134623 ], [ 112.737060452658824, -7.300800916317732 ], [ 112.737049290412983, -7.300812061483551 ], [ 112.737036359442016, -7.300821101991726 ], [ 112.737022052647006, -7.300827763150854 ], [ 112.737006804732886, -7.300831842564881 ], [ 112.736991079000063, -7.300833216282835 ], [ 112.736975353267226, -7.300831842564881 ], [ 112.736960105353106, -7.300827763150854 ], [ 112.736945798558111, -7.300821101991726 ], [ 112.736932867587143, -7.300812061483551 ], [ 112.736921705341288, -7.300800916317732 ], [ 112.736912650979789, -7.300788005134625 ], [ 112.736905979614676, -7.300773720234129 ], [ 112.736901893951881, -7.300758495655826 ], [ 112.736900518131918, -7.300742793990891 ], [ 112.736901893958105, -7.300727092326493 ], [ 112.736905979626371, -7.300711867749736 ], [ 112.736912650995535, -7.300697582851609 ], [ 112.736921705359222, -7.300684671671408 ], [ 112.736932867605049, -7.300673526508676 ], [ 112.736945798573856, -7.300664486003407 ], [ 112.736960105364801, -7.300657824846646 ], [ 112.736975353273451, -7.300653745434164 ], [ 112.736991079000063, -7.300652371716803 ] ] ] ] } },
{ "type": "Feature", "properties": { "OID_": 0, "Name": "Pulo Wonokromo 2", "FolderPath": "Data CCTV Usulan + 50 Jalur + Rencana 2026.kmz/Rencana 2026/Surabaya Selatan.kmz/Surabaya Selatan", "Jenis": "Rencana 2026", "SubJenis": "Surabaya Selatan", "POINT_X": 112.72644899, "POINT_Y": -7.305237912, "POINT_Z": 0.0, "BUFF_DIST": 10.0, "ORIG_FID": 132 }, "geometry": { "type": "MultiPolygon", "coordinates": [ [ [ [ 112.726448990000108, -7.305147489734699 ], [ 112.726464715883779, -7.305148863451823 ], [ 112.726479963944726, -7.305152942863494 ], [ 112.726494270878561, -7.305159604018931 ], [ 112.726507201976546, -7.305168644522404 ], [ 112.726518364333884, -7.305179789682917 ], [ 112.726527418787995, -7.305192700860554 ], [ 112.72653409022378, -7.305206985755842 ], [ 112.726538175932859, -7.305222210329574 ], [ 112.726539551772802, -7.305237911990853 ], [ 112.726538175939098, -7.305253613652666 ], [ 112.726534090235489, -7.305268838227945 ], [ 112.726527418803755, -7.305283123125602 ], [ 112.72651836435179, -7.305296034306145 ], [ 112.726507201994465, -7.305307179469753 ], [ 112.726494270894335, -7.305316219976134 ], [ 112.726479963956436, -7.305322881133935 ], [ 112.726464715890017, -7.305326960547153 ], [ 112.726448990000108, -7.3053283342648 ], [ 112.726433264110199, -7.305326960547155 ], [ 112.72641801604378, -7.305322881133935 ], [ 112.726403709105881, -7.305316219976134 ], [ 112.726390778005751, -7.305307179469753 ], [ 112.726379615648426, -7.305296034306145 ], [ 112.726370561196461, -7.305283123125602 ], [ 112.726363889764727, -7.305268838227945 ], [ 112.726359804061119, -7.305253613652666 ], [ 112.726358428227414, -7.305237911990853 ], [ 112.726359804067357, -7.305222210329574 ], [ 112.726363889776437, -7.305206985755842 ], [ 112.726370561212221, -7.305192700860555 ], [ 112.726379615666332, -7.305179789682917 ], [ 112.726390778023671, -7.305168644522403 ], [ 112.726403709121641, -7.305159604018931 ], [ 112.72641801605549, -7.305152942863494 ], [ 112.726433264116423, -7.305148863451823 ], [ 112.726448990000108, -7.305147489734699 ] ] ] ] } },
{ "type": "Feature", "properties": { "OID_": 0, "Name": "Pulo Wonokromo 3", "FolderPath": "Data CCTV Usulan + 50 Jalur + Rencana 2026.kmz/Rencana 2026/Surabaya Selatan.kmz/Surabaya Selatan", "Jenis": "Rencana 2026", "SubJenis": "Surabaya Selatan", "POINT_X": 112.73148122400001, "POINT_Y": -7.30135871, "POINT_Z": 0.0, "BUFF_DIST": 10.0, "ORIG_FID": 133 }, "geometry": { "type": "MultiPolygon", "coordinates": [ [ [ [ 112.731481224000049, -7.301268287719198 ], [ 112.731496949748177, -7.301269661436548 ], [ 112.731512197677688, -7.301273740848918 ], [ 112.731526504488215, -7.301280402005498 ], [ 112.731539435474701, -7.301289442510521 ], [ 112.731550597735819, -7.301300587672947 ], [ 112.731559652111883, -7.301313498852797 ], [ 112.731566323490171, -7.301327783750535 ], [ 112.731570409164036, -7.301343008326879 ], [ 112.731571784992099, -7.301358709990848 ], [ 112.73157040917026, -7.301374411655358 ], [ 112.731566323501866, -7.301389636233246 ], [ 112.731559652127643, -7.301403921133351 ], [ 112.731550597753738, -7.301416832316109 ], [ 112.731539435492621, -7.301427977481627 ], [ 112.731526504503961, -7.301437017989552 ], [ 112.731512197689383, -7.301443679148501 ], [ 112.731496949754401, -7.301447758562418 ], [ 112.731481224000049, -7.301449132280307 ], [ 112.731465498245711, -7.301447758562418 ], [ 112.731450250310729, -7.301443679148501 ], [ 112.731435943496152, -7.301437017989553 ], [ 112.731423012507477, -7.301427977481627 ], [ 112.731411850246374, -7.301416832316109 ], [ 112.731402795872469, -7.301403921133351 ], [ 112.731396124498247, -7.301389636233246 ], [ 112.731392038829838, -7.301374411655358 ], [ 112.731390663008, -7.301358709990848 ], [ 112.731392038836063, -7.301343008326879 ], [ 112.731396124509928, -7.301327783750535 ], [ 112.731402795888215, -7.301313498852799 ], [ 112.731411850264294, -7.301300587672949 ], [ 112.731423012525411, -7.301289442510519 ], [ 112.731435943511897, -7.301280402005498 ], [ 112.731450250322425, -7.301273740848918 ], [ 112.731465498251936, -7.301269661436548 ], [ 112.731481224000049, -7.301268287719198 ] ] ] ] } },
{ "type": "Feature", "properties": { "OID_": 0, "Name": "Jagir Wonokromo 1", "FolderPath": "Data CCTV Usulan + 50 Jalur + Rencana 2026.kmz/Rencana 2026/Surabaya Selatan.kmz/Surabaya Selatan", "Jenis": "Rencana 2026", "SubJenis": "Surabaya Selatan", "POINT_X": 112.74989411, "POINT_Y": -7.303346999, "POINT_Z": 0.0, "BUFF_DIST": 10.0, "ORIG_FID": 134 }, "geometry": { "type": "MultiPolygon", "coordinates": [ [ [ [ 112.749894110000014, -7.303256576727128 ], [ 112.749909835817618, -7.303257950444367 ], [ 112.749925083814475, -7.303262029856381 ], [ 112.749939390688183, -7.303268691012374 ], [ 112.749952321731811, -7.303277731516602 ], [ 112.74996348404224, -7.30328887667805 ], [ 112.749972538458309, -7.303301787856767 ], [ 112.749979209866069, -7.303316072753247 ], [ 112.749983295557982, -7.303331297328254 ], [ 112.749984671392127, -7.303346998990842 ], [ 112.749983295564206, -7.303362700653971 ], [ 112.74997920987775, -7.303377925230523 ], [ 112.749972538474069, -7.303392210129376 ], [ 112.749963484060174, -7.303405121310994 ], [ 112.749952321749745, -7.303416266475534 ], [ 112.749939390703958, -7.303425306982668 ], [ 112.74992508382617, -7.30343196814103 ], [ 112.749909835823829, -7.303436047554587 ], [ 112.749894110000014, -7.303437421272343 ], [ 112.749878384176199, -7.303436047554589 ], [ 112.749863136173857, -7.30343196814103 ], [ 112.74984882929607, -7.303425306982668 ], [ 112.749835898250282, -7.303416266475534 ], [ 112.749824735939853, -7.303405121310992 ], [ 112.749815681525959, -7.303392210129376 ], [ 112.749809010122277, -7.303377925230523 ], [ 112.749804924435821, -7.303362700653971 ], [ 112.7498035486079, -7.303346998990842 ], [ 112.749804924442046, -7.303331297328254 ], [ 112.749809010133959, -7.303316072753247 ], [ 112.749815681541719, -7.303301787856765 ], [ 112.749824735957787, -7.30328887667805 ], [ 112.749835898268216, -7.303277731516602 ], [ 112.749848829311844, -7.303268691012374 ], [ 112.749863136185553, -7.303262029856381 ], [ 112.749878384182409, -7.303257950444367 ], [ 112.749894110000014, -7.303256576727128 ] ] ] ] } },
{ "type": "Feature", "properties": { "OID_": 0, "Name": "Ketintang 1", "FolderPath": "Data CCTV Usulan + 50 Jalur + Rencana 2026.kmz/Rencana 2026/Surabaya Selatan.kmz/Surabaya Selatan", "Jenis": "Rencana 2026", "SubJenis": "Surabaya Selatan", "POINT_X": 112.732432585, "POINT_Y": -7.309935606, "POINT_Z": 0.0, "BUFF_DIST": 10.0, "ORIG_FID": 135 }, "geometry": { "type": "MultiPolygon", "coordinates": [ [ [ [ 112.732432585000083, -7.309845183753521 ], [ 112.732448311048017, -7.309846557470339 ], [ 112.732463559268226, -7.30985063688116 ], [ 112.732477866351502, -7.309857298035212 ], [ 112.732490797584532, -7.309866338536804 ], [ 112.732501960058457, -7.309877483695002 ], [ 112.732511014607141, -7.309890394869955 ], [ 112.732517686112629, -7.309904679762274 ], [ 112.732521771864398, -7.309919904332845 ], [ 112.73252314771868, -7.309935605990859 ], [ 112.732521771870609, -7.309951307649412 ], [ 112.732517686124325, -7.309966532221527 ], [ 112.732511014622915, -7.309980817116219 ], [ 112.732501960076391, -7.309993728294078 ], [ 112.73249079760248, -7.310004873455373 ], [ 112.732477866367276, -7.310013913959873 ], [ 112.732463559279935, -7.310020575116296 ], [ 112.732448311054242, -7.310024654528666 ], [ 112.732432585000083, -7.310026028246049 ], [ 112.732416858945911, -7.310024654528668 ], [ 112.732401610720217, -7.310020575116296 ], [ 112.732387303632876, -7.310013913959873 ], [ 112.732374372397686, -7.310004873455373 ], [ 112.732363209923761, -7.309993728294078 ], [ 112.732354155377237, -7.309980817116219 ], [ 112.732347483875827, -7.309966532221529 ], [ 112.732343398129544, -7.309951307649412 ], [ 112.732342022281472, -7.309935605990859 ], [ 112.732343398135768, -7.309919904332845 ], [ 112.732347483887523, -7.309904679762274 ], [ 112.732354155393011, -7.309890394869955 ], [ 112.732363209941695, -7.309877483695003 ], [ 112.73237437241562, -7.309866338536804 ], [ 112.73238730364865, -7.309857298035212 ], [ 112.732401610731927, -7.309850636881158 ], [ 112.732416858952149, -7.309846557470339 ], [ 112.732432585000083, -7.309845183753521 ] ] ] ] } },
{ "type": "Feature", "properties": { "OID_": 0, "Name": "Ketintang Barat", "FolderPath": "Data CCTV Usulan + 50 Jalur + Rencana 2026.kmz/Rencana 2026/Surabaya Selatan.kmz/Surabaya Selatan", "Jenis": "Rencana 2026", "SubJenis": "Surabaya Selatan", "POINT_X": 112.72392302599999, "POINT_Y": -7.307660492, "POINT_Z": 0.0, "BUFF_DIST": 10.0, "ORIG_FID": 136 }, "geometry": { "type": "MultiPolygon", "coordinates": [ [ [ [ 112.72392302600008, -7.307570069744428 ], [ 112.723938751968447, -7.307571443461394 ], [ 112.723954000111519, -7.307575522872628 ], [ 112.723968307122405, -7.30758218402735 ], [ 112.723981238290023, -7.307591224529853 ], [ 112.723992400707473, -7.307602369689171 ], [ 112.724001455210342, -7.307615280865425 ], [ 112.724008126682065, -7.307629565759183 ], [ 112.724012212413157, -7.307644790331283 ], [ 112.72401358826049, -7.30766049199088 ], [ 112.724012212419382, -7.307676193651013 ], [ 112.724008126693775, -7.30769141822466 ], [ 112.724001455226116, -7.307705703120789 ], [ 112.723992400725393, -7.307718614299947 ], [ 112.723981238307942, -7.307729759462364 ], [ 112.723968307138179, -7.307738799967773 ], [ 112.723954000123229, -7.307745461124865 ], [ 112.723938751974686, -7.307749540537648 ], [ 112.72392302600008, -7.307750914255151 ], [ 112.723907300025473, -7.307749540537648 ], [ 112.723892051876945, -7.307745461124865 ], [ 112.72387774486198, -7.307738799967773 ], [ 112.723864813692217, -7.307729759462364 ], [ 112.723853651274766, -7.307718614299947 ], [ 112.723844596774043, -7.307705703120788 ], [ 112.723837925306384, -7.307691418224662 ], [ 112.723833839580777, -7.307676193651015 ], [ 112.723832463739669, -7.30766049199088 ], [ 112.723833839587002, -7.307644790331285 ], [ 112.723837925318094, -7.307629565759183 ], [ 112.723844596789817, -7.307615280865425 ], [ 112.7238536512927, -7.307602369689175 ], [ 112.723864813710136, -7.307591224529851 ], [ 112.723877744877754, -7.30758218402735 ], [ 112.72389205188864, -7.307575522872626 ], [ 112.723907300031712, -7.307571443461394 ], [ 112.72392302600008, -7.307570069744428 ] ] ] ] } },
{ "type": "Feature", "properties": { "OID_": 0, "Name": "Karah Agung", "FolderPath": "Data CCTV Usulan + 50 Jalur + Rencana 2026.kmz/Rencana 2026/Surabaya Selatan.kmz/Surabaya Selatan", "Jenis": "Rencana 2026", "SubJenis": "Surabaya Selatan", "POINT_X": 112.71755949, "POINT_Y": -7.31690696, "POINT_Z": 0.0, "BUFF_DIST": 10.0, "ORIG_FID": 137 }, "geometry": { "type": "MultiPolygon", "coordinates": [ [ [ [ 112.717559490000099, -7.316816537781403 ], [ 112.717575216291991, -7.316817911497789 ], [ 112.717590464748739, -7.316821990907353 ], [ 112.717604772053946, -7.316828652059345 ], [ 112.717617703487591, -7.316837692558147 ], [ 112.717628866134675, -7.316848837712906 ], [ 112.717637920823833, -7.316861748883873 ], [ 112.717644592432805, -7.316876033771782 ], [ 112.717648678247954, -7.316891258337654 ], [ 112.717650054123609, -7.316906959990823 ], [ 112.717648678254193, -7.316922661644534 ], [ 112.717644592444529, -7.316937886211951 ], [ 112.717637920839621, -7.316952171102234 ], [ 112.717628866152623, -7.316965082276113 ], [ 112.717617703505539, -7.316976227433968 ], [ 112.717604772069734, -7.316985267935682 ], [ 112.717590464760463, -7.316991929090051 ], [ 112.717575216298229, -7.316996008501162 ], [ 112.717559490000099, -7.316997382218123 ], [ 112.717543763701968, -7.316996008501164 ], [ 112.717528515239735, -7.316991929090051 ], [ 112.717514207930449, -7.316985267935682 ], [ 112.717501276494659, -7.316976227433968 ], [ 112.717490113847575, -7.316965082276113 ], [ 112.717481059160576, -7.316952171102236 ], [ 112.717474387555669, -7.316937886211953 ], [ 112.717470301746005, -7.316922661644534 ], [ 112.717468925876588, -7.316906959990823 ], [ 112.717470301752243, -7.316891258337653 ], [ 112.717474387567393, -7.316876033771783 ], [ 112.717481059176365, -7.316861748883873 ], [ 112.717490113865523, -7.316848837712906 ], [ 112.717501276512607, -7.316837692558147 ], [ 112.717514207946238, -7.316828652059345 ], [ 112.717528515251459, -7.316821990907351 ], [ 112.717543763708207, -7.316817911497789 ], [ 112.717559490000099, -7.316816537781403 ] ] ] ] } },
{ "type": "Feature", "properties": { "OID_": 0, "Name": "Raya Jemursari 1", "FolderPath": "Data CCTV Usulan + 50 Jalur + Rencana 2026.kmz/Rencana 2026/Surabaya Selatan.kmz/Surabaya Selatan", "Jenis": "Rencana 2026", "SubJenis": "Surabaya Selatan", "POINT_X": 112.73555578600001, "POINT_Y": -7.32658391, "POINT_Z": 0.0, "BUFF_DIST": 10.0, "ORIG_FID": 138 }, "geometry": { "type": "MultiPolygon", "coordinates": [ [ [ [ 112.735555786000077, -7.326493487820172 ], [ 112.735571512630997, -7.326494861535998 ], [ 112.735586761416471, -7.326498940943812 ], [ 112.735601069030125, -7.326505602092947 ], [ 112.735614000742544, -7.326514642587871 ], [ 112.735625163630274, -7.326525787737848 ], [ 112.735634218514633, -7.326538698903279 ], [ 112.735640890267433, -7.326552983785063 ], [ 112.735644976170676, -7.326568208344402 ], [ 112.735646352076003, -7.326583909990839 ], [ 112.735644976176928, -7.326599611637817 ], [ 112.735640890279171, -7.326614836198708 ], [ 112.735634218530436, -7.326629121082867 ], [ 112.735625163648251, -7.326642032251211 ], [ 112.735614000760521, -7.326653177404291 ], [ 112.735601069045941, -7.326662217902129 ], [ 112.735586761428209, -7.326668879053642 ], [ 112.735571512637236, -7.326672958463007 ], [ 112.735555786000077, -7.326674332179353 ], [ 112.735540059362904, -7.326672958463007 ], [ 112.735524810571931, -7.326668879053642 ], [ 112.735510502954199, -7.326662217902127 ], [ 112.735497571239634, -7.326653177404291 ], [ 112.735486408351889, -7.326642032251211 ], [ 112.735477353469705, -7.326629121082867 ], [ 112.735470681720983, -7.326614836198708 ], [ 112.735466595823226, -7.326599611637817 ], [ 112.735465219924151, -7.326583909990839 ], [ 112.735466595829479, -7.326568208344402 ], [ 112.735470681732707, -7.326552983785063 ], [ 112.735477353485507, -7.326538698903278 ], [ 112.735486408369866, -7.326525787737849 ], [ 112.735497571257611, -7.32651464258787 ], [ 112.735510502970016, -7.326505602092947 ], [ 112.735524810583684, -7.326498940943812 ], [ 112.735540059369157, -7.326494861536 ], [ 112.735555786000077, -7.326493487820172 ] ] ] ] } },
{ "type": "Feature", "properties": { "OID_": 0, "Name": "Margorejo Indah 1", "FolderPath": "Data CCTV Usulan + 50 Jalur + Rencana 2026.kmz/Rencana 2026/Surabaya Selatan.kmz/Surabaya Selatan", "Jenis": "Rencana 2026", "SubJenis": "Surabaya Selatan", "POINT_X": 112.74914481, "POINT_Y": -7.316994427, "POINT_Z": 0.0, "BUFF_DIST": 10.0, "ORIG_FID": 139 }, "geometry": { "type": "MultiPolygon", "coordinates": [ [ [ [ 112.749144810000075, -7.31690400478174 ], [ 112.749160536295022, -7.316905378498148 ], [ 112.74917578475474, -7.316909457907694 ], [ 112.749190092062747, -7.316916119059663 ], [ 112.749203023498907, -7.316925159558432 ], [ 112.749214186148166, -7.316936304713145 ], [ 112.749223240839086, -7.316949215884062 ], [ 112.749229912449351, -7.316963500771917 ], [ 112.749233998265296, -7.31697872533773 ], [ 112.749235374141207, -7.316994426990838 ], [ 112.749233998271521, -7.317010128644486 ], [ 112.749229912461061, -7.317025353211847 ], [ 112.749223240854874, -7.317039638102074 ], [ 112.749214186166114, -7.317052549275902 ], [ 112.749203023516856, -7.317063694433717 ], [ 112.749190092078535, -7.317072734935394 ], [ 112.749175784766464, -7.317079396089737 ], [ 112.749160536301261, -7.317083475500832 ], [ 112.749144810000075, -7.31708484921776 ], [ 112.74912908369889, -7.317083475500833 ], [ 112.749113835233686, -7.317079396089737 ], [ 112.749099527921615, -7.317072734935392 ], [ 112.749086596483295, -7.317063694433717 ], [ 112.749075433834037, -7.317052549275902 ], [ 112.749066379145276, -7.317039638102074 ], [ 112.749059707539089, -7.317025353211847 ], [ 112.749055621728616, -7.317010128644486 ], [ 112.749054245858929, -7.316994426990838 ], [ 112.749055621734854, -7.31697872533773 ], [ 112.749059707550799, -7.316963500771917 ], [ 112.749066379161064, -7.316949215884062 ], [ 112.749075433851985, -7.316936304713145 ], [ 112.749086596501243, -7.31692515955843 ], [ 112.749099527937403, -7.316916119059662 ], [ 112.749113835245396, -7.316909457907694 ], [ 112.749129083705128, -7.316905378498148 ], [ 112.749144810000075, -7.31690400478174 ] ] ] ] } },
{ "type": "Feature", "properties": { "OID_": 0, "Name": "Margorejo Indah 2", "FolderPath": "Data CCTV Usulan + 50 Jalur + Rencana 2026.kmz/Rencana 2026/Surabaya Selatan.kmz/Surabaya Selatan", "Jenis": "Rencana 2026", "SubJenis": "Surabaya Selatan", "POINT_X": 112.73780247800001, "POINT_Y": -7.31705863, "POINT_Z": 0.0, "BUFF_DIST": 10.0, "ORIG_FID": 140 }, "geometry": { "type": "MultiPolygon", "coordinates": [ [ [ [ 112.737802478000049, -7.316968207782045 ], [ 112.737818204297255, -7.316969581498426 ], [ 112.737833452759148, -7.316973660907959 ], [ 112.737847760069187, -7.316980322059913 ], [ 112.737860691507194, -7.316989362558653 ], [ 112.737871854158044, -7.317000507713335 ], [ 112.737880908850272, -7.317013418884216 ], [ 112.737887580461489, -7.317027703772031 ], [ 112.737891666278017, -7.317042928337798 ], [ 112.737893042154127, -7.317058629990863 ], [ 112.737891666284256, -7.317074331644466 ], [ 112.737887580473213, -7.317089556211783 ], [ 112.73788090886606, -7.317103841101972 ], [ 112.737871854176007, -7.317116752275763 ], [ 112.737860691525142, -7.317127897433544 ], [ 112.737847760084975, -7.317136937935197 ], [ 112.737833452770872, -7.317143599089518 ], [ 112.73781820430348, -7.317147678500606 ], [ 112.737802478000049, -7.317149052217554 ], [ 112.737786751696618, -7.317147678500606 ], [ 112.737771503229226, -7.317143599089518 ], [ 112.737757195915108, -7.317136937935197 ], [ 112.737744264474941, -7.317127897433544 ], [ 112.737733101824091, -7.317116752275763 ], [ 112.737724047134037, -7.317103841101971 ], [ 112.737717375526884, -7.317089556211783 ], [ 112.737713289715842, -7.317074331644466 ], [ 112.73771191384597, -7.317058629990863 ], [ 112.73771328972208, -7.317042928337798 ], [ 112.737717375538608, -7.317027703772033 ], [ 112.737724047149825, -7.317013418884215 ], [ 112.737733101842053, -7.317000507713335 ], [ 112.737744264492903, -7.316989362558653 ], [ 112.737757195930897, -7.316980322059913 ], [ 112.73777150324095, -7.316973660907959 ], [ 112.737786751702842, -7.316969581498426 ], [ 112.737802478000049, -7.316968207782045 ] ] ] ] } },
{ "type": "Feature", "properties": { "OID_": 0, "Name": "Raya Prapen 1", "FolderPath": "Data CCTV Usulan + 50 Jalur + Rencana 2026.kmz/Rencana 2026/Surabaya Selatan.kmz/Surabaya Selatan", "Jenis": "Rencana 2026", "SubJenis": "Surabaya Selatan", "POINT_X": 112.759281481, "POINT_Y": -7.308921047, "POINT_Z": 0.0, "BUFF_DIST": 10.0, "ORIG_FID": 141 }, "geometry": { "type": "MultiPolygon", "coordinates": [ [ [ [ 112.759281481000016, -7.308830624749456 ], [ 112.759297207012466, -7.308831998466343 ], [ 112.75931245519827, -7.308836077877349 ], [ 112.759326762249273, -7.308842739031701 ], [ 112.759339693453114, -7.308851779533697 ], [ 112.759350855901857, -7.308862924692398 ], [ 112.759359910430121, -7.308875835867928 ], [ 112.759366581920531, -7.308890120760892 ], [ 112.759370667663092, -7.308905345332143 ], [ 112.75937204351429, -7.308921046990863 ], [ 112.759370667669316, -7.308936748650121 ], [ 112.759366581932255, -7.30895197322292 ], [ 112.759359910445895, -7.308966258118253 ], [ 112.759350855919791, -7.308979169296691 ], [ 112.759339693471063, -7.308990314458485 ], [ 112.759326762265047, -7.308999354963391 ], [ 112.759312455209979, -7.309006016120112 ], [ 112.759297207018705, -7.309010095532666 ], [ 112.759281481000016, -7.309011469250094 ], [ 112.759265754981328, -7.309010095532666 ], [ 112.759250506790053, -7.309006016120112 ], [ 112.759236199735, -7.308999354963391 ], [ 112.759223268528984, -7.308990314458485 ], [ 112.759212106080241, -7.308979169296689 ], [ 112.759203051554138, -7.308966258118251 ], [ 112.759196380067777, -7.30895197322292 ], [ 112.759192294330717, -7.308936748650122 ], [ 112.759190918485743, -7.308921046990863 ], [ 112.759192294336941, -7.308905345332143 ], [ 112.759196380079501, -7.308890120760892 ], [ 112.759203051569912, -7.308875835867929 ], [ 112.759212106098175, -7.308862924692399 ], [ 112.759223268546918, -7.308851779533699 ], [ 112.759236199750774, -7.308842739031699 ], [ 112.759250506801763, -7.308836077877349 ], [ 112.759265754987567, -7.308831998466343 ], [ 112.759281481000016, -7.308830624749456 ] ] ] ] } },
{ "type": "Feature", "properties": { "OID_": 0, "Name": "Ngagel 1", "FolderPath": "Data CCTV Usulan + 50 Jalur + Rencana 2026.kmz/Rencana 2026/Surabaya Selatan.kmz/Surabaya Selatan", "Jenis": "Rencana 2026", "SubJenis": "Surabaya Selatan", "POINT_X": 112.74218399599999, "POINT_Y": -7.29630873, "POINT_Z": 0.0, "BUFF_DIST": 10.0, "ORIG_FID": 142 }, "geometry": { "type": "MultiPolygon", "coordinates": [ [ [ [ 112.742183996000108, -7.296218307699095 ], [ 112.742199721571879, -7.296219681416714 ], [ 112.742214969330391, -7.296223760829996 ], [ 112.742229275980463, -7.296230421988063 ], [ 112.742242206821956, -7.296239462495103 ], [ 112.74225336895789, -7.296250607660017 ], [ 112.742262423232418, -7.29626351884275 ], [ 112.742269094535885, -7.296277803743675 ], [ 112.74227318016392, -7.296293028323414 ], [ 112.742274555976564, -7.296308729990888 ], [ 112.742273180170145, -7.296324431658896 ], [ 112.742269094547552, -7.296339656240182 ], [ 112.74226242324815, -7.296353941143475 ], [ 112.742253368975796, -7.296366852329109 ], [ 112.742242206839862, -7.296377997497111 ], [ 112.742229275996209, -7.296387038007058 ], [ 112.742214969342086, -7.296393699167489 ], [ 112.742199721578103, -7.296397778582314 ], [ 112.742183996000108, -7.296399152300549 ], [ 112.742168270422127, -7.296397778582315 ], [ 112.742153022658144, -7.296393699167489 ], [ 112.742138716004021, -7.296387038007056 ], [ 112.742125785160368, -7.296377997497111 ], [ 112.742114623024435, -7.296366852329107 ], [ 112.742105568752081, -7.296353941143475 ], [ 112.742098897452664, -7.296339656240182 ], [ 112.742094811830086, -7.296324431658898 ], [ 112.742093436023666, -7.296308729990888 ], [ 112.74209481183631, -7.296293028323414 ], [ 112.742098897464345, -7.296277803743675 ], [ 112.742105568767812, -7.296263518842748 ], [ 112.74211462304234, -7.296250607660017 ], [ 112.742125785178274, -7.296239462495103 ], [ 112.742138716019767, -7.296230421988061 ], [ 112.742153022669839, -7.296223760829996 ], [ 112.742168270428351, -7.296219681416714 ], [ 112.742183996000108, -7.296218307699095 ] ] ] ] } },
{ "type": "Feature", "properties": { "OID_": 0, "Name": "Ngagel 2", "FolderPath": "Data CCTV Usulan + 50 Jalur + Rencana 2026.kmz/Rencana 2026/Surabaya Selatan.kmz/Surabaya Selatan", "Jenis": "Rencana 2026", "SubJenis": "Surabaya Selatan", "POINT_X": 112.74733425399999, "POINT_Y": -7.28320048, "POINT_Z": 0.0, "BUFF_DIST": 10.0, "ORIG_FID": 143 }, "geometry": { "type": "MultiPolygon", "coordinates": [ [ [ [ 112.747334254000066, -7.283110057646764 ], [ 112.747349979114659, -7.283111431365197 ], [ 112.747365226429864, -7.283115510780838 ], [ 112.747379532663999, -7.28312217194276 ], [ 112.747392463129557, -7.283131212455032 ], [ 112.747403624940986, -7.283142357626395 ], [ 112.747412678952273, -7.283155268816597 ], [ 112.747419350061776, -7.283169553725786 ], [ 112.747423435571037, -7.283184778314334 ], [ 112.747424811343677, -7.283200479990889 ], [ 112.747423435577232, -7.283216181667979 ], [ 112.747419350073443, -7.283231406258066 ], [ 112.74741267896799, -7.283245691169619 ], [ 112.747403624958849, -7.283258602362719 ], [ 112.747392463147435, -7.283269747537166 ], [ 112.74737953267973, -7.283278788052333 ], [ 112.747365226441531, -7.283285449216618 ], [ 112.747349979120855, -7.283289528633802 ], [ 112.747334254000066, -7.283290902352808 ], [ 112.747318528879276, -7.283289528633802 ], [ 112.747303281558601, -7.283285449216618 ], [ 112.747288975320402, -7.283278788052335 ], [ 112.747276044852697, -7.283269747537166 ], [ 112.747264883041282, -7.283258602362719 ], [ 112.747255829032142, -7.283245691169621 ], [ 112.747249157926689, -7.283231406258066 ], [ 112.747245072422885, -7.283216181667979 ], [ 112.747243696656454, -7.283200479990889 ], [ 112.747245072429081, -7.283184778314334 ], [ 112.747249157938356, -7.283169553725786 ], [ 112.747255829047859, -7.283155268816597 ], [ 112.747264883059145, -7.283142357626395 ], [ 112.74727604487056, -7.283131212455032 ], [ 112.747288975336119, -7.28312217194276 ], [ 112.747303281570268, -7.283115510780838 ], [ 112.747318528885472, -7.283111431365197 ], [ 112.747334254000066, -7.283110057646764 ] ] ] ] } },
{ "type": "Feature", "properties": { "OID_": 0, "Name": "Ngagel 3", "FolderPath": "Data CCTV Usulan + 50 Jalur + Rencana 2026.kmz/Rencana 2026/Surabaya Selatan.kmz/Surabaya Selatan", "Jenis": "Rencana 2026", "SubJenis": "Surabaya Selatan", "POINT_X": 112.74622859199999, "POINT_Y": -7.280053965, "POINT_Z": 0.0, "BUFF_DIST": 10.0, "ORIG_FID": 144 }, "geometry": { "type": "MultiPolygon", "coordinates": [ [ [ [ 112.74622859200008, -7.279963542634266 ], [ 112.746244317005051, -7.279964916352883 ], [ 112.746259564213986, -7.279968995769091 ], [ 112.746273870348404, -7.279975656931935 ], [ 112.746286800723823, -7.279984697445463 ], [ 112.746297962457433, -7.27999584261837 ], [ 112.746307016405609, -7.280008753810365 ], [ 112.746313687468614, -7.280023038721534 ], [ 112.746317772949382, -7.280038263312193 ], [ 112.746319148712431, -7.280053964990926 ], [ 112.746317772955592, -7.280069666670194 ], [ 112.746313687480267, -7.280084891262391 ], [ 112.746307016421298, -7.280099176175926 ], [ 112.746297962475296, -7.280112087370814 ], [ 112.746286800741686, -7.280123232546805 ], [ 112.746273870364107, -7.280132273063229 ], [ 112.746259564225639, -7.280138934228433 ], [ 112.746244317011261, -7.280143013646185 ], [ 112.74622859200008, -7.280144387365388 ], [ 112.746212866988913, -7.280143013646185 ], [ 112.74619761977452, -7.280138934228433 ], [ 112.746183313636053, -7.280132273063229 ], [ 112.746170383258487, -7.280123232546805 ], [ 112.746159221524863, -7.280112087370814 ], [ 112.746150167578861, -7.280099176175927 ], [ 112.746143496519906, -7.280084891262392 ], [ 112.746139411044581, -7.280069666670194 ], [ 112.746138035287743, -7.280053964990926 ], [ 112.746139411050791, -7.280038263312193 ], [ 112.746143496531559, -7.280023038721536 ], [ 112.746150167594564, -7.280008753810363 ], [ 112.746159221542726, -7.27999584261837 ], [ 112.74617038327635, -7.279984697445461 ], [ 112.74618331365177, -7.279975656931935 ], [ 112.746197619786173, -7.279968995769091 ], [ 112.746212866995108, -7.279964916352883 ], [ 112.74622859200008, -7.279963542634266 ] ] ] ] } },
{ "type": "Feature", "properties": { "OID_": 0, "Name": "Bung Tomo 1", "FolderPath": "Data CCTV Usulan + 50 Jalur + Rencana 2026.kmz/Rencana 2026/Surabaya Selatan.kmz/Surabaya Selatan", "Jenis": "Rencana 2026", "SubJenis": "Surabaya Selatan", "POINT_X": 112.74795749, "POINT_Y": -7.29162278, "POINT_Z": 0.0, "BUFF_DIST": 10.0, "ORIG_FID": 145 }, "geometry": { "type": "MultiPolygon", "coordinates": [ [ [ [ 112.74795749000009, -7.291532357680345 ], [ 112.747973215408322, -7.291533731398284 ], [ 112.747988463008284, -7.291537810812411 ], [ 112.748002769509583, -7.291544471971854 ], [ 112.748015700216598, -7.291553512480768 ], [ 112.748026862236458, -7.291564657647989 ], [ 112.748035916416825, -7.291577568833391 ], [ 112.748042587650914, -7.291591853737272 ], [ 112.748046673236459, -7.291607078320165 ], [ 112.748048049034793, -7.291622779990885 ], [ 112.748046673242683, -7.291638481662143 ], [ 112.748042587662582, -7.291653706246575 ], [ 112.748035916432542, -7.291667991152821 ], [ 112.748026862254335, -7.291680902341127 ], [ 112.74801570023449, -7.291692047511435 ], [ 112.7480027695253, -7.291701088023249 ], [ 112.747988463019965, -7.291707749185056 ], [ 112.747973215414547, -7.291711828600726 ], [ 112.74795749000009, -7.291713202319206 ], [ 112.747941764585633, -7.291711828600726 ], [ 112.747926516980215, -7.291707749185056 ], [ 112.74791221047488, -7.291701088023249 ], [ 112.74789927976569, -7.291692047511435 ], [ 112.747888117745845, -7.291680902341127 ], [ 112.747879063567638, -7.291667991152821 ], [ 112.747872392337612, -7.291653706246576 ], [ 112.747868306757496, -7.291638481662143 ], [ 112.747866930965401, -7.291622779990885 ], [ 112.747868306763721, -7.291607078320163 ], [ 112.747872392349265, -7.291591853737272 ], [ 112.747879063583369, -7.291577568833393 ], [ 112.747888117763722, -7.291564657647989 ], [ 112.747899279783582, -7.291553512480768 ], [ 112.747912210490611, -7.291544471971854 ], [ 112.747926516991896, -7.291537810812411 ], [ 112.747941764591857, -7.291533731398284 ], [ 112.74795749000009, -7.291532357680345 ] ] ] ] } },
{ "type": "Feature", "properties": { "OID_": 0, "Name": "Ngagel Jaya Selatan", "FolderPath": "Data CCTV Usulan + 50 Jalur + Rencana 2026.kmz/Rencana 2026/Surabaya Selatan.kmz/Surabaya Selatan", "Jenis": "Rencana 2026", "SubJenis": "Surabaya Selatan", "POINT_X": 112.756831074, "POINT_Y": -7.293743086, "POINT_Z": 0.0, "BUFF_DIST": 10.0, "ORIG_FID": 146 }, "geometry": { "type": "MultiPolygon", "coordinates": [ [ [ [ 112.756831074000047, -7.293652663688794 ], [ 112.756846799482275, -7.29365403740661 ], [ 112.756862047153959, -7.293658116820355 ], [ 112.756876353722561, -7.293664777979175 ], [ 112.756889284490413, -7.293673818487242 ], [ 112.756900446562781, -7.293684963653418 ], [ 112.756909500785738, -7.293697874837614 ], [ 112.75691617205122, -7.293712159740158 ], [ 112.756920257656006, -7.293727384321623 ], [ 112.756921633460806, -7.293743085990876 ], [ 112.756920257662202, -7.293758787660664 ], [ 112.756916172062901, -7.293774012243673 ], [ 112.75690950080147, -7.293788297148583 ], [ 112.756900446580673, -7.29380120833568 ], [ 112.756889284508304, -7.293812353504944 ], [ 112.756876353738292, -7.293821394015912 ], [ 112.756862047165626, -7.293828055177098 ], [ 112.756846799488486, -7.293832134592385 ], [ 112.756831074000047, -7.29383350831073 ], [ 112.756815348511623, -7.293832134592387 ], [ 112.756800100834468, -7.293828055177098 ], [ 112.756785794261802, -7.293821394015912 ], [ 112.75677286349179, -7.293812353504944 ], [ 112.756761701419421, -7.29380120833568 ], [ 112.756752647198624, -7.293788297148582 ], [ 112.756745975937207, -7.293774012243673 ], [ 112.756741890337892, -7.293758787660664 ], [ 112.756740514539302, -7.293743085990876 ], [ 112.756741890344102, -7.293727384321624 ], [ 112.756745975948888, -7.293712159740159 ], [ 112.75675264721437, -7.293697874837614 ], [ 112.756761701437327, -7.293684963653419 ], [ 112.756772863509696, -7.293673818487242 ], [ 112.756785794277548, -7.293664777979175 ], [ 112.756800100846149, -7.293658116820355 ], [ 112.756815348517833, -7.29365403740661 ], [ 112.756831074000047, -7.293652663688794 ] ] ] ] } },
{ "type": "Feature", "properties": { "OID_": 0, "Name": "Raya Dukuh Kupang 1", "FolderPath": "Data CCTV Usulan + 50 Jalur + Rencana 2026.kmz/Rencana 2026/Surabaya Selatan.kmz/Surabaya Selatan", "Jenis": "Rencana 2026", "SubJenis": "Surabaya Selatan", "POINT_X": 112.715714288, "POINT_Y": -7.284364826, "POINT_Z": 0.0, "BUFF_DIST": 10.0, "ORIG_FID": 147 }, "geometry": { "type": "MultiPolygon", "coordinates": [ [ [ [ 112.715714288000072, -7.284274403651387 ], [ 112.715730013155238, -7.284275777369766 ], [ 112.715745260509792, -7.2842798567852 ], [ 112.715759566780861, -7.284286517946778 ], [ 112.715772497279772, -7.284295558458588 ], [ 112.715783659119992, -7.284306703629377 ], [ 112.715792713154642, -7.284319614818915 ], [ 112.715799384281354, -7.284333899727372 ], [ 112.715803469801159, -7.284349124315137 ], [ 112.715804845577352, -7.284364825990886 ], [ 112.715803469807369, -7.284380527667169 ], [ 112.715799384293021, -7.284395752256474 ], [ 112.715792713170359, -7.284410037167297 ], [ 112.715783659137855, -7.28442294835973 ], [ 112.71577249729765, -7.284434093533605 ], [ 112.715759566796564, -7.284443134048313 ], [ 112.715745260521459, -7.284449795212254 ], [ 112.715730013161448, -7.284453874629227 ], [ 112.715714288000072, -7.28445524834815 ], [ 112.715698562838696, -7.284453874629227 ], [ 112.715683315478685, -7.284449795212254 ], [ 112.71566900920358, -7.284443134048313 ], [ 112.715656078702509, -7.284434093533605 ], [ 112.715644916862288, -7.28442294835973 ], [ 112.715635862829799, -7.284410037167295 ], [ 112.715629191707123, -7.284395752256476 ], [ 112.715625106192775, -7.284380527667169 ], [ 112.715623730422791, -7.284364825990886 ], [ 112.715625106198985, -7.284349124315137 ], [ 112.71562919171879, -7.284333899727372 ], [ 112.715635862845502, -7.284319614818915 ], [ 112.715644916880166, -7.284306703629377 ], [ 112.715656078720372, -7.284295558458586 ], [ 112.715669009219297, -7.284286517946778 ], [ 112.715683315490352, -7.284279856785198 ], [ 112.715698562844906, -7.284275777369766 ], [ 112.715714288000072, -7.284274403651387 ] ] ] ] } },
{ "type": "Feature", "properties": { "OID_": 0, "Name": "Raya Dukuh Kupang 2", "FolderPath": "Data CCTV Usulan + 50 Jalur + Rencana 2026.kmz/Rencana 2026/Surabaya Selatan.kmz/Surabaya Selatan", "Jenis": "Rencana 2026", "SubJenis": "Surabaya Selatan", "POINT_X": 112.716330191, "POINT_Y": -7.282295011, "POINT_Z": 0.0, "BUFF_DIST": 10.0, "ORIG_FID": 148 }, "geometry": { "type": "MultiPolygon", "coordinates": [ [ [ [ 112.716330191000111, -7.282204588643174 ], [ 112.716345916083156, -7.282205962361671 ], [ 112.716361163367779, -7.282210041777477 ], [ 112.716375469573208, -7.282216702939664 ], [ 112.716388400012832, -7.282225743452296 ], [ 112.71639956180185, -7.282236888624104 ], [ 112.716408615794975, -7.282249799814821 ], [ 112.716415286891092, -7.282264084724582 ], [ 112.716419372392167, -7.282279309313735 ], [ 112.716420748162037, -7.282295010990918 ], [ 112.716419372398363, -7.282310712668635 ], [ 112.716415286902759, -7.282325937259331 ], [ 112.716408615810678, -7.282340222171453 ], [ 112.716399561819713, -7.282353133365067 ], [ 112.716388400030695, -7.282364278539958 ], [ 112.716375469588925, -7.282373319055488 ], [ 112.716361163379446, -7.282379980220037 ], [ 112.716345916089352, -7.282384059637383 ], [ 112.716330191000111, -7.282385433356432 ], [ 112.71631446591087, -7.282384059637384 ], [ 112.716299218620776, -7.282379980220037 ], [ 112.716284912411297, -7.282373319055488 ], [ 112.716271981969527, -7.282364278539958 ], [ 112.716260820180509, -7.282353133365067 ], [ 112.716251766189529, -7.282340222171453 ], [ 112.716245095097463, -7.282325937259331 ], [ 112.716241009601859, -7.282310712668635 ], [ 112.716239633838185, -7.282295010990918 ], [ 112.716241009608055, -7.282279309313735 ], [ 112.71624509510913, -7.282264084724582 ], [ 112.716251766205247, -7.282249799814822 ], [ 112.716260820198372, -7.282236888624104 ], [ 112.71627198198739, -7.282225743452296 ], [ 112.716284912427, -7.282216702939662 ], [ 112.716299218632443, -7.282210041777477 ], [ 112.716314465917065, -7.282205962361672 ], [ 112.716330191000111, -7.282204588643174 ] ] ] ] } },
{ "type": "Feature", "properties": { "OID_": 0, "Name": "Raya Dukuh Kupang 3", "FolderPath": "Data CCTV Usulan + 50 Jalur + Rencana 2026.kmz/Rencana 2026/Surabaya Selatan.kmz/Surabaya Selatan", "Jenis": "Rencana 2026", "SubJenis": "Surabaya Selatan", "POINT_X": 112.71483387000001, "POINT_Y": -7.286468755, "POINT_Z": 0.0, "BUFF_DIST": 10.0, "ORIG_FID": 149 }, "geometry": { "type": "MultiPolygon", "coordinates": [ [ [ [ 112.71483387, -7.286378332659741 ], [ 112.7148495952285, -7.286379706378014 ], [ 112.71486484265418, -7.286383785793068 ], [ 112.71487914899194, -7.286390446954027 ], [ 112.714892079551177, -7.286399487464996 ], [ 112.714903241443452, -7.286410632634752 ], [ 112.714912295520321, -7.286423543823093 ], [ 112.714918966678155, -7.286437828730222 ], [ 112.714923052217003, -7.286453053316576 ], [ 112.714924427999605, -7.286468754990867 ], [ 112.714923052223213, -7.286484456665696 ], [ 112.714918966689822, -7.28649968125359 ], [ 112.714912295536038, -7.286513966163084 ], [ 112.714903241461315, -7.286526877354322 ], [ 112.71489207956904, -7.286538022527166 ], [ 112.714879149007672, -7.286547063041033 ], [ 112.714864842665847, -7.286553724204355 ], [ 112.71484959523471, -7.286557803620951 ], [ 112.71483387, -7.286559177339722 ], [ 112.714818144765303, -7.286557803620952 ], [ 112.714802897334167, -7.286553724204355 ], [ 112.714788590992356, -7.286547063041033 ], [ 112.714775660430973, -7.286538022527166 ], [ 112.714764498538699, -7.286526877354322 ], [ 112.714755444463975, -7.286513966163084 ], [ 112.714748773310205, -7.28649968125359 ], [ 112.7147446877768, -7.286484456665696 ], [ 112.714743312000408, -7.286468754990867 ], [ 112.714744687783011, -7.286453053316574 ], [ 112.714748773321858, -7.286437828730222 ], [ 112.714755444479707, -7.286423543823093 ], [ 112.714764498556576, -7.286410632634754 ], [ 112.714775660448851, -7.286399487464996 ], [ 112.714788591008073, -7.286390446954027 ], [ 112.714802897345834, -7.286383785793066 ], [ 112.714818144771513, -7.286379706378014 ], [ 112.71483387, -7.286378332659741 ] ] ] ] } },
{ "type": "Feature", "properties": { "OID_": 0, "Name": "Raya Simo Gunung 1", "FolderPath": "Data CCTV Usulan + 50 Jalur + Rencana 2026.kmz/Rencana 2026/Surabaya Selatan.kmz/Surabaya Selatan", "Jenis": "Rencana 2026", "SubJenis": "Surabaya Selatan", "POINT_X": 112.709925191, "POINT_Y": -7.275640389, "POINT_Z": 0.0, "BUFF_DIST": 10.0, "ORIG_FID": 150 }, "geometry": { "type": "MultiPolygon", "coordinates": [ [ [ [ 112.709925191000025, -7.275549966616648 ], [ 112.70994091585132, -7.275551340335518 ], [ 112.70995616291124, -7.27555541975252 ], [ 112.709970468905851, -7.275562080916662 ], [ 112.709983399154893, -7.275571121431945 ], [ 112.709994560779435, -7.275582266607023 ], [ 112.71000361463912, -7.275595177801527 ], [ 112.710010285636926, -7.275609462715477 ], [ 112.710014371077776, -7.275624687309096 ], [ 112.710015746827366, -7.27564038899088 ], [ 112.710014371083986, -7.2756560906732 ], [ 112.710010285648579, -7.275671315268359 ], [ 112.710003614654823, -7.275685600184668 ], [ 112.709994560797284, -7.275698511382067 ], [ 112.709983399172742, -7.275709656560226 ], [ 112.709970468921554, -7.275718697078403 ], [ 112.709956162922893, -7.275725358244903 ], [ 112.709940915857516, -7.275729437663445 ], [ 112.709925191000025, -7.275730811382928 ], [ 112.709909466142534, -7.275729437663445 ], [ 112.709894219077157, -7.275725358244903 ], [ 112.709879913078495, -7.275718697078403 ], [ 112.709866982827307, -7.275709656560226 ], [ 112.709855821202765, -7.275698511382065 ], [ 112.709846767345226, -7.275685600184668 ], [ 112.709840096351471, -7.275671315268361 ], [ 112.709836010916064, -7.2756560906732 ], [ 112.709834635172669, -7.27564038899088 ], [ 112.709836010922274, -7.275624687309095 ], [ 112.709840096363124, -7.275609462715477 ], [ 112.709846767360929, -7.275595177801527 ], [ 112.709855821220614, -7.275582266607023 ], [ 112.709866982845156, -7.275571121431945 ], [ 112.709879913094198, -7.275562080916662 ], [ 112.70989421908881, -7.27555541975252 ], [ 112.70990946614873, -7.275551340335518 ], [ 112.709925191000025, -7.275549966616648 ] ] ] ] } },
{ "type": "Feature", "properties": { "OID_": 0, "Name": "Mayjen Sungkono 1", "FolderPath": "Data CCTV Usulan + 50 Jalur + Rencana 2026.kmz/Rencana 2026/Surabaya Selatan.kmz/Surabaya Selatan", "Jenis": "Rencana 2026", "SubJenis": "Surabaya Selatan", "POINT_X": 112.707206677, "POINT_Y": -7.288234944, "POINT_Z": 0.0, "BUFF_DIST": 10.0, "ORIG_FID": 151 }, "geometry": { "type": "MultiPolygon", "coordinates": [ [ [ [ 112.707206677000045, -7.288144521666806 ], [ 112.707222402290128, -7.288145895384974 ], [ 112.707237649775507, -7.288149974799708 ], [ 112.707251956169301, -7.288156635960149 ], [ 112.707264886779157, -7.288165676470415 ], [ 112.707276048715144, -7.288176821639302 ], [ 112.70728510282747, -7.288189732826636 ], [ 112.707291774011424, -7.288204017732655 ], [ 112.707295859566287, -7.288219242317819 ], [ 112.707297235354275, -7.288234943990889 ], [ 112.707295859572497, -7.288250645664492 ], [ 112.707291774023105, -7.288265870251203 ], [ 112.707285102843201, -7.288280155159582 ], [ 112.707276048733021, -7.288293066349816 ], [ 112.707264886797049, -7.28830421152179 ], [ 112.707251956185033, -7.288313252034953 ], [ 112.707237649787189, -7.28831991319776 ], [ 112.707222402296338, -7.288323992614036 ], [ 112.707206677000045, -7.288325366332702 ], [ 112.707190951703751, -7.288323992614037 ], [ 112.707175704212915, -7.28831991319776 ], [ 112.707161397815071, -7.288313252034953 ], [ 112.707148467203055, -7.28830421152179 ], [ 112.707137305267082, -7.288293066349816 ], [ 112.707128251156902, -7.288280155159583 ], [ 112.707121579976999, -7.288265870251203 ], [ 112.707117494427607, -7.288250645664492 ], [ 112.707116118645828, -7.288234943990889 ], [ 112.707117494433817, -7.288219242317817 ], [ 112.70712157998868, -7.288204017732655 ], [ 112.707128251172634, -7.288189732826636 ], [ 112.707137305284959, -7.288176821639302 ], [ 112.707148467220946, -7.288165676470415 ], [ 112.707161397830788, -7.288156635960149 ], [ 112.707175704224596, -7.28814997479971 ], [ 112.707190951709975, -7.288145895384974 ], [ 112.707206677000045, -7.288144521666806 ] ] ] ] } },
{ "type": "Feature", "properties": { "OID_": 0, "Name": "Mayjen HR. Muhammad", "FolderPath": "Data CCTV Usulan + 50 Jalur + Rencana 2026.kmz/Rencana 2026/Surabaya Selatan.kmz/Surabaya Selatan", "Jenis": "Rencana 2026", "SubJenis": "Surabaya Selatan", "POINT_X": 112.693111422, "POINT_Y": -7.284472423, "POINT_Z": 0.0, "BUFF_DIST": 10.0, "ORIG_FID": 152 }, "geometry": { "type": "MultiPolygon", "coordinates": [ [ [ [ 112.693111422000015, -7.284382000651835 ], [ 112.693127147158933, -7.284383374370201 ], [ 112.693142394517125, -7.284387453785611 ], [ 112.69315670079159, -7.28439411494716 ], [ 112.693169631293586, -7.284403155458924 ], [ 112.693180793136477, -7.284414300629664 ], [ 112.693189847173286, -7.284427211819137 ], [ 112.69319651830159, -7.284441496727529 ], [ 112.693200603822376, -7.28445672131522 ], [ 112.693201979598882, -7.284472422990895 ], [ 112.693200603828572, -7.284488124667106 ], [ 112.693196518313258, -7.284503349256339 ], [ 112.693189847188989, -7.284517634167091 ], [ 112.693180793154355, -7.284530545359467 ], [ 112.693169631311463, -7.284541690533287 ], [ 112.693156700807307, -7.28455073104795 ], [ 112.693142394528792, -7.28455739221186 ], [ 112.693127147165143, -7.284561471628816 ], [ 112.693111422000015, -7.284562845347733 ], [ 112.693095696834888, -7.284561471628816 ], [ 112.693080449471225, -7.28455739221186 ], [ 112.693066143192723, -7.28455073104795 ], [ 112.693053212688554, -7.284541690533287 ], [ 112.693042050845676, -7.284530545359465 ], [ 112.693032996811027, -7.28451763416709 ], [ 112.693026325686773, -7.284503349256341 ], [ 112.693022240171445, -7.284488124667106 ], [ 112.693020864401149, -7.284472422990895 ], [ 112.693022240177655, -7.28445672131522 ], [ 112.69302632569844, -7.284441496727529 ], [ 112.693032996826744, -7.284427211819139 ], [ 112.693042050863554, -7.284414300629664 ], [ 112.693053212706431, -7.284403155458924 ], [ 112.693066143208441, -7.28439411494716 ], [ 112.693080449482892, -7.284387453785611 ], [ 112.693095696841098, -7.284383374370201 ], [ 112.693111422000015, -7.284382000651835 ] ] ] ] } },
{ "type": "Feature", "properties": { "OID_": 0, "Name": "KH Abdul Wahab Siamin", "FolderPath": "Data CCTV Usulan + 50 Jalur + Rencana 2026.kmz/Rencana 2026/Surabaya Selatan.kmz/Surabaya Selatan", "Jenis": "Rencana 2026", "SubJenis": "Surabaya Selatan", "POINT_X": 112.70685672800001, "POINT_Y": -7.288593424, "POINT_Z": 0.0, "BUFF_DIST": 10.0, "ORIG_FID": 153 }, "geometry": { "type": "MultiPolygon", "coordinates": [ [ [ [ 112.706856728000048, -7.288503001668214 ], [ 112.706872453302623, -7.288504375386368 ], [ 112.706887700800124, -7.288508454801038 ], [ 112.706902007205287, -7.288515115961374 ], [ 112.706914937825417, -7.288524156471495 ], [ 112.706926099770271, -7.288535301640206 ], [ 112.706935153889802, -7.288548212827336 ], [ 112.70694182507907, -7.288562497733129 ], [ 112.706945910637174, -7.288577722318054 ], [ 112.706947286426256, -7.288593423990875 ], [ 112.706945910643384, -7.288609125664229 ], [ 112.706941825090738, -7.288624350250699 ], [ 112.706935153905533, -7.288638635158852 ], [ 112.706926099788163, -7.288651546348884 ], [ 112.706914937843308, -7.288662691520682 ], [ 112.706902007221018, -7.288671732033702 ], [ 112.706887700811791, -7.288678393196402 ], [ 112.706872453308833, -7.288682472612614 ], [ 112.706856728000048, -7.28868384633125 ], [ 112.706841002691263, -7.288682472612615 ], [ 112.706825755188291, -7.288678393196402 ], [ 112.706811448779078, -7.288671732033702 ], [ 112.706798518156774, -7.288662691520682 ], [ 112.706787356211919, -7.288651546348882 ], [ 112.706778302094563, -7.288638635158854 ], [ 112.706771630909344, -7.288624350250701 ], [ 112.706767545356712, -7.288609125664229 ], [ 112.706766169573825, -7.288593423990875 ], [ 112.706767545362922, -7.288577722318053 ], [ 112.706771630921025, -7.288562497733129 ], [ 112.70677830211028, -7.288548212827336 ], [ 112.70678735622981, -7.288535301640206 ], [ 112.706798518174665, -7.288524156471493 ], [ 112.706811448794795, -7.288515115961374 ], [ 112.706825755199958, -7.28850845480104 ], [ 112.706841002697473, -7.288504375386368 ], [ 112.706856728000048, -7.288503001668214 ] ] ] ] } },
{ "type": "Feature", "properties": { "OID_": 0, "Name": "Raya Jajar Tunggal Selatan", "FolderPath": "Data CCTV Usulan + 50 Jalur + Rencana 2026.kmz/Rencana 2026/Surabaya Selatan.kmz/Surabaya Selatan", "Jenis": "Rencana 2026", "SubJenis": "Surabaya Selatan", "POINT_X": 112.70686498000001, "POINT_Y": -7.30168502, "POINT_Z": 0.0, "BUFF_DIST": 10.0, "ORIG_FID": 154 }, "geometry": { "type": "MultiPolygon", "coordinates": [ [ [ [ 112.706864980000091, -7.301594597720577 ], [ 112.706880705759616, -7.301595971437878 ], [ 112.706895953700183, -7.301600050850189 ], [ 112.70691026052107, -7.301606712006674 ], [ 112.706923191516935, -7.301615752511564 ], [ 112.706934353786153, -7.301626897673831 ], [ 112.706943408168783, -7.301639808853497 ], [ 112.706950079551902, -7.301654093751027 ], [ 112.706954165228723, -7.301669318327152 ], [ 112.706955541057795, -7.301685019990894 ], [ 112.706954165234947, -7.301700721655177 ], [ 112.706950079563597, -7.301715946232844 ], [ 112.706943408184529, -7.301730231132747 ], [ 112.706934353804058, -7.301743142315314 ], [ 112.706923191534869, -7.301754287480673 ], [ 112.706910260536816, -7.301763327988469 ], [ 112.706895953711879, -7.301769989147322 ], [ 112.70688070576584, -7.301774068561179 ], [ 112.706864980000091, -7.301775442279074 ], [ 112.706849254234356, -7.301774068561179 ], [ 112.706834006288304, -7.301769989147322 ], [ 112.706819699463367, -7.301763327988469 ], [ 112.706806768465313, -7.301754287480673 ], [ 112.706795606196124, -7.301743142315314 ], [ 112.706786551815654, -7.301730231132747 ], [ 112.706779880436585, -7.301715946232844 ], [ 112.706775794765235, -7.301700721655177 ], [ 112.706774418942388, -7.301685019990894 ], [ 112.70677579477146, -7.301669318327152 ], [ 112.706779880448281, -7.301654093751027 ], [ 112.706786551831399, -7.301639808853495 ], [ 112.70679560621403, -7.301626897673831 ], [ 112.706806768483247, -7.301615752511566 ], [ 112.706819699479112, -7.301606712006672 ], [ 112.706834006299999, -7.30160005085019 ], [ 112.706849254240566, -7.301595971437878 ], [ 112.706864980000091, -7.301594597720577 ] ] ] ] } },
{ "type": "Feature", "properties": { "OID_": 0, "Name": "Raya Dukuh Kupang Barat 1", "FolderPath": "Data CCTV Usulan + 50 Jalur + Rencana 2026.kmz/Rencana 2026/Surabaya Selatan.kmz/Surabaya Selatan", "Jenis": "Rencana 2026", "SubJenis": "Surabaya Selatan", "POINT_X": 112.70881844500001, "POINT_Y": -7.281056916, "POINT_Z": 0.0, "BUFF_DIST": 10.0, "ORIG_FID": 155 }, "geometry": { "type": "MultiPolygon", "coordinates": [ [ [ [ 112.70881844500002, -7.280966493638223 ], [ 112.708834170039921, -7.280967867356793 ], [ 112.70884941728275, -7.280971946772819 ], [ 112.708863723448928, -7.280978607935371 ], [ 112.708876653853082, -7.280987648448496 ], [ 112.70888781561149, -7.280998793620912 ], [ 112.708896869579775, -7.281011704812334 ], [ 112.708903540657602, -7.281025989722874 ], [ 112.70890762614745, -7.28104121431286 ], [ 112.708909001913554, -7.281056915990898 ], [ 112.70890762615366, -7.281072617669474 ], [ 112.708903540669255, -7.281087842261 ], [ 112.708896869595478, -7.2811021271739 ], [ 112.708887815629353, -7.281115038368219 ], [ 112.708876653870945, -7.281126183543718 ], [ 112.708863723464646, -7.281135224059742 ], [ 112.708849417294402, -7.281141885224653 ], [ 112.708834170046131, -7.281145964642222 ], [ 112.70881844500002, -7.281147338361354 ], [ 112.708802719953908, -7.281145964642222 ], [ 112.708787472705652, -7.281141885224653 ], [ 112.708773166535394, -7.28113522405974 ], [ 112.708760236129109, -7.281126183543718 ], [ 112.708749074370687, -7.281115038368219 ], [ 112.708740020404576, -7.281102127173899 ], [ 112.708733349330785, -7.281087842261 ], [ 112.708729263846379, -7.281072617669474 ], [ 112.708727888086486, -7.281056915990898 ], [ 112.708729263852589, -7.28104121431286 ], [ 112.708733349342438, -7.281025989722874 ], [ 112.708740020420265, -7.281011704812334 ], [ 112.70874907438855, -7.280998793620914 ], [ 112.708760236146972, -7.280987648448496 ], [ 112.708773166551111, -7.280978607935371 ], [ 112.708787472717304, -7.280971946772819 ], [ 112.708802719960119, -7.280967867356793 ], [ 112.70881844500002, -7.280966493638223 ] ] ] ] } },
{ "type": "Feature", "properties": { "OID_": 0, "Name": "Diponegoro 1", "FolderPath": "Data CCTV Usulan + 50 Jalur + Rencana 2026.kmz/Rencana 2026/Surabaya Selatan.kmz/Surabaya Selatan", "Jenis": "Rencana 2026", "SubJenis": "Surabaya Selatan", "POINT_X": 112.736393691, "POINT_Y": -7.29030041, "POINT_Z": 0.0, "BUFF_DIST": 10.0, "ORIG_FID": 156 }, "geometry": { "type": "MultiPolygon", "coordinates": [ [ [ [ 112.736393691000103, -7.290209987675056 ], [ 112.736409416362207, -7.290211361393063 ], [ 112.736424663917433, -7.290215440807428 ], [ 112.736438970376767, -7.290222101967261 ], [ 112.736451901045854, -7.290231142476702 ], [ 112.736463063032957, -7.290242287644573 ], [ 112.736472117186779, -7.29025519883073 ], [ 112.736478788401286, -7.290269483735446 ], [ 112.736482873974865, -7.290284708319225 ], [ 112.736484249769163, -7.290300409990864 ], [ 112.736482873981075, -7.290316111663037 ], [ 112.736478788412967, -7.290331336248358 ], [ 112.736472117202496, -7.290345621155438 ], [ 112.736463063050849, -7.290358532344495 ], [ 112.736451901063745, -7.290369677515455 ], [ 112.736438970392499, -7.290378718027794 ], [ 112.736424663929114, -7.290385379189993 ], [ 112.736409416368431, -7.290389458605898 ], [ 112.736393691000103, -7.290390832324468 ], [ 112.736377965631775, -7.290389458605898 ], [ 112.736362718071092, -7.290385379189993 ], [ 112.736348411607707, -7.290378718027793 ], [ 112.736335480936461, -7.290369677515455 ], [ 112.736324318949357, -7.290358532344495 ], [ 112.73631526479771, -7.290345621155438 ], [ 112.736308593587239, -7.290331336248358 ], [ 112.736304508019131, -7.290316111663037 ], [ 112.736303132231043, -7.290300409990864 ], [ 112.736304508025341, -7.290284708319225 ], [ 112.73630859359892, -7.290269483735446 ], [ 112.736315264813427, -7.290255198830732 ], [ 112.736324318967249, -7.290242287644573 ], [ 112.736335480954352, -7.290231142476702 ], [ 112.736348411623439, -7.290222101967261 ], [ 112.736362718082773, -7.290215440807428 ], [ 112.736377965637999, -7.290211361393063 ], [ 112.736393691000103, -7.290209987675056 ] ] ] ] } },
{ "type": "Feature", "properties": { "OID_": 0, "Name": "Diponegoro 2", "FolderPath": "Data CCTV Usulan + 50 Jalur + Rencana 2026.kmz/Rencana 2026/Surabaya Selatan.kmz/Surabaya Selatan", "Jenis": "Rencana 2026", "SubJenis": "Surabaya Selatan", "POINT_X": 112.734889135, "POINT_Y": -7.287941624, "POINT_Z": 0.0, "BUFF_DIST": 10.0, "ORIG_FID": 157 }, "geometry": { "type": "MultiPolygon", "coordinates": [ [ [ [ 112.734889135000117, -7.287851201665639 ], [ 112.734904860279983, -7.287852575383797 ], [ 112.734920107755428, -7.287856654798584 ], [ 112.734934414139929, -7.287863315959111 ], [ 112.734947344741371, -7.287872356469493 ], [ 112.734958506670097, -7.287883501638527 ], [ 112.734967560776525, -7.287896412826026 ], [ 112.734974231956159, -7.287910697732229 ], [ 112.73497831750835, -7.287925922317593 ], [ 112.734979693295443, -7.287941623990865 ], [ 112.73497831751456, -7.287957325664672 ], [ 112.734974231967826, -7.28797255025158 ], [ 112.734967560792256, -7.287986835160144 ], [ 112.734958506687974, -7.287999746350547 ], [ 112.734947344759249, -7.288010891522664 ], [ 112.734934414155646, -7.288019932035942 ], [ 112.734920107767095, -7.288026593198834 ], [ 112.734904860286193, -7.288030672615165 ], [ 112.734889135000117, -7.288032046333875 ], [ 112.734873409714055, -7.288030672615167 ], [ 112.734858162233138, -7.288026593198834 ], [ 112.734843855844588, -7.288019932035943 ], [ 112.734830925240985, -7.288010891522664 ], [ 112.73481976331226, -7.287999746350545 ], [ 112.734810709207991, -7.287986835160146 ], [ 112.734804038032422, -7.28797255025158 ], [ 112.734799952485687, -7.287957325664672 ], [ 112.734798576704804, -7.287941623990865 ], [ 112.734799952491898, -7.287925922317592 ], [ 112.734804038044089, -7.287910697732228 ], [ 112.734810709223723, -7.287896412826026 ], [ 112.734819763330151, -7.287883501638527 ], [ 112.734830925258876, -7.287872356469493 ], [ 112.734843855860319, -7.287863315959113 ], [ 112.734858162244805, -7.287856654798584 ], [ 112.734873409720265, -7.287852575383797 ], [ 112.734889135000117, -7.287851201665639 ] ] ] ] } },
{ "type": "Feature", "properties": { "OID_": 0, "Name": "Diponegoro 3", "FolderPath": "Data CCTV Usulan + 50 Jalur + Rencana 2026.kmz/Rencana 2026/Surabaya Selatan.kmz/Surabaya Selatan", "Jenis": "Rencana 2026", "SubJenis": "Surabaya Selatan", "POINT_X": 112.731201274, "POINT_Y": -7.280719467, "POINT_Z": 0.0, "BUFF_DIST": 10.0, "ORIG_FID": 158 }, "geometry": { "type": "MultiPolygon", "coordinates": [ [ [ [ 112.731201274000114, -7.280629044636853 ], [ 112.731216999028263, -7.28063041835544 ], [ 112.73123224625968, -7.280634497771528 ], [ 112.731246552415186, -7.280641158934178 ], [ 112.731259482809662, -7.28065019944744 ], [ 112.731270644559729, -7.28066134462002 ], [ 112.731279698521249, -7.280674255811636 ], [ 112.731286369594088, -7.280688540722386 ], [ 112.731290455080881, -7.280703765312599 ], [ 112.731291830845961, -7.280719466990871 ], [ 112.731290455087091, -7.280735168669679 ], [ 112.731286369605741, -7.280750393261431 ], [ 112.731279698536952, -7.280764678174546 ], [ 112.731270644577592, -7.280777589369055 ], [ 112.731259482827525, -7.28078873454472 ], [ 112.731246552430889, -7.280797775060878 ], [ 112.731232246271333, -7.280804436225888 ], [ 112.731216999034473, -7.280808515643518 ], [ 112.731201274000114, -7.280809889362677 ], [ 112.731185548965755, -7.280808515643519 ], [ 112.731170301728895, -7.280804436225888 ], [ 112.731155995569353, -7.280797775060878 ], [ 112.731143065172702, -7.28078873454472 ], [ 112.731131903422636, -7.280777589369053 ], [ 112.73112284946329, -7.280764678174545 ], [ 112.731116178394501, -7.280750393261431 ], [ 112.731112092913136, -7.280735168669679 ], [ 112.73111071715428, -7.280719466990871 ], [ 112.731112092919346, -7.280703765312597 ], [ 112.731116178406154, -7.280688540722386 ], [ 112.731122849478993, -7.280674255811636 ], [ 112.731131903440499, -7.280661344620022 ], [ 112.731143065190565, -7.280650199447439 ], [ 112.731155995585041, -7.28064115893418 ], [ 112.731170301740548, -7.280634497771526 ], [ 112.731185548971965, -7.28063041835544 ], [ 112.731201274000114, -7.280629044636853 ] ] ] ] } },
{ "type": "Feature", "properties": { "OID_": 0, "Name": "Diponegoro 4", "FolderPath": "Data CCTV Usulan + 50 Jalur + Rencana 2026.kmz/Rencana 2026/Surabaya Selatan.kmz/Surabaya Selatan", "Jenis": "Rencana 2026", "SubJenis": "Surabaya Selatan", "POINT_X": 112.730602326, "POINT_Y": -7.280039937, "POINT_Z": 0.0, "BUFF_DIST": 10.0, "ORIG_FID": 159 }, "geometry": { "type": "MultiPolygon", "coordinates": [ [ [ [ 112.730602326000053, -7.279949514634196 ], [ 112.730618051004541, -7.279950888352817 ], [ 112.730633298212993, -7.279954967769026 ], [ 112.73064760434697, -7.279961628931876 ], [ 112.730660534721991, -7.279970669445407 ], [ 112.730671696455246, -7.279981814618322 ], [ 112.730680750403138, -7.279994725810323 ], [ 112.730687421465944, -7.280009010721504 ], [ 112.730691506946599, -7.280024235312172 ], [ 112.73069288270959, -7.280039936990915 ], [ 112.730691506952795, -7.280055638670191 ], [ 112.730687421477597, -7.2800708632624 ], [ 112.730680750418855, -7.280085148175941 ], [ 112.730671696473109, -7.28009805937084 ], [ 112.730660534739854, -7.280109204546838 ], [ 112.730647604362673, -7.280118245063264 ], [ 112.73063329822466, -7.280124906228476 ], [ 112.730618051010751, -7.280128985646226 ], [ 112.730602326000053, -7.280130359365426 ], [ 112.730586600989369, -7.280128985646228 ], [ 112.730571353775446, -7.280124906228476 ], [ 112.730557047637447, -7.280118245063266 ], [ 112.730544117260266, -7.280109204546838 ], [ 112.730532955527011, -7.280098059370839 ], [ 112.730523901581265, -7.280085148175943 ], [ 112.730517230522523, -7.2800708632624 ], [ 112.730513145047325, -7.280055638670191 ], [ 112.73051176929053, -7.280039936990915 ], [ 112.730513145053521, -7.280024235312172 ], [ 112.730517230534176, -7.280009010721504 ], [ 112.730523901596982, -7.279994725810321 ], [ 112.730532955544874, -7.279981814618324 ], [ 112.730544117278129, -7.279970669445407 ], [ 112.730557047653136, -7.279961628931876 ], [ 112.730571353787113, -7.279954967769026 ], [ 112.730586600995579, -7.279950888352817 ], [ 112.730602326000053, -7.279949514634196 ] ] ] ] } },
{ "type": "Feature", "properties": { "OID_": 0, "Name": "Diponegoro 5", "FolderPath": "Data CCTV Usulan + 50 Jalur + Rencana 2026.kmz/Rencana 2026/Surabaya Selatan.kmz/Surabaya Selatan", "Jenis": "Rencana 2026", "SubJenis": "Surabaya Selatan", "POINT_X": 112.730018722, "POINT_Y": -7.279307878, "POINT_Z": 0.0, "BUFF_DIST": 10.0, "ORIG_FID": 160 }, "geometry": { "type": "MultiPolygon", "coordinates": [ [ [ [ 112.730018722000068, -7.279217455631242 ], [ 112.730034446979047, -7.279218829349917 ], [ 112.730049694162787, -7.27922290876626 ], [ 112.730064000273558, -7.279229569929325 ], [ 112.730076930627618, -7.279238610443147 ], [ 112.730088092342768, -7.279249755616424 ], [ 112.73009714627598, -7.279262666808843 ], [ 112.730103817327972, -7.279276951720481 ], [ 112.730107902802004, -7.279292176311642 ], [ 112.730109278562765, -7.279307877990889 ], [ 112.7301079028082, -7.279323579670673 ], [ 112.730103817339625, -7.279338804263373 ], [ 112.730097146291698, -7.279353089177376 ], [ 112.730088092360631, -7.279366000372689 ], [ 112.730076930645467, -7.279377145549046 ], [ 112.730064000289275, -7.279386186065765 ], [ 112.73004969417444, -7.279392847231191 ], [ 112.730034446985243, -7.279396926649073 ], [ 112.730018722000068, -7.27939830036831 ], [ 112.730002997014878, -7.279396926649073 ], [ 112.729987749825682, -7.279392847231191 ], [ 112.729973443710861, -7.279386186065765 ], [ 112.729960513354655, -7.279377145549046 ], [ 112.72994935163949, -7.279366000372687 ], [ 112.729940297708424, -7.279353089177374 ], [ 112.729933626660497, -7.279338804263373 ], [ 112.729929541191922, -7.279323579670675 ], [ 112.729928165437357, -7.279307877990889 ], [ 112.729929541198132, -7.279292176311641 ], [ 112.72993362667215, -7.279276951720481 ], [ 112.729940297724141, -7.279262666808841 ], [ 112.729949351657353, -7.279249755616424 ], [ 112.729960513372504, -7.279238610443145 ], [ 112.729973443726564, -7.279229569929325 ], [ 112.729987749837335, -7.27922290876626 ], [ 112.730002997021074, -7.279218829349917 ], [ 112.730018722000068, -7.279217455631242 ] ] ] ] } },
{ "type": "Feature", "properties": { "OID_": 0, "Name": "Ciliwung", "FolderPath": "Data CCTV Usulan + 50 Jalur + Rencana 2026.kmz/Rencana 2026/Surabaya Selatan.kmz/Surabaya Selatan", "Jenis": "Rencana 2026", "SubJenis": "Surabaya Selatan", "POINT_X": 112.733349613, "POINT_Y": -7.295552162, "POINT_Z": 0.0, "BUFF_DIST": 10.0, "ORIG_FID": 161 }, "geometry": { "type": "MultiPolygon", "coordinates": [ [ [ [ 112.733349613000087, -7.295461739696087 ], [ 112.733365338545454, -7.295463113413753 ], [ 112.733380586278358, -7.295467192827169 ], [ 112.7333948929044, -7.295473853985458 ], [ 112.733407823724164, -7.295482894492802 ], [ 112.733418985841354, -7.29549403965809 ], [ 112.733428040100677, -7.295506950841252 ], [ 112.733434711392931, -7.295521235742656 ], [ 112.733438797014117, -7.295536460322904 ], [ 112.733440172824444, -7.295552161990902 ], [ 112.733438797020341, -7.295567863659436 ], [ 112.733434711404627, -7.29558308824123 ], [ 112.733428040116408, -7.295597373144998 ], [ 112.733418985859259, -7.295610284331064 ], [ 112.73340782374207, -7.295621429499441 ], [ 112.733394892920131, -7.295630470009685 ], [ 112.733380586290039, -7.295637131170341 ], [ 112.733365338551664, -7.295641210585302 ], [ 112.733349613000087, -7.295642584303579 ], [ 112.733333887448509, -7.295641210585302 ], [ 112.733318639710134, -7.295637131170341 ], [ 112.733304333080042, -7.295630470009685 ], [ 112.733291402258118, -7.295621429499441 ], [ 112.733280240140928, -7.295610284331064 ], [ 112.733271185883765, -7.295597373145 ], [ 112.733264514595561, -7.295583088241232 ], [ 112.733260428979847, -7.295567863659436 ], [ 112.733259053175743, -7.295552161990902 ], [ 112.733260428986057, -7.295536460322904 ], [ 112.733264514607242, -7.295521235742656 ], [ 112.733271185899511, -7.295506950841253 ], [ 112.73328024015882, -7.29549403965809 ], [ 112.733291402276009, -7.295482894492801 ], [ 112.733304333095788, -7.295473853985458 ], [ 112.73331863972183, -7.295467192827171 ], [ 112.733333887454734, -7.295463113413753 ], [ 112.733349613000087, -7.295461739696087 ] ] ] ] } },
{ "type": "Feature", "properties": { "OID_": 0, "Name": "Kutai", "FolderPath": "Data CCTV Usulan + 50 Jalur + Rencana 2026.kmz/Rencana 2026/Surabaya Selatan.kmz/Surabaya Selatan", "Jenis": "Rencana 2026", "SubJenis": "Surabaya Selatan", "POINT_X": 112.733822985, "POINT_Y": -7.29204785, "POINT_Z": 0.0, "BUFF_DIST": 10.0, "ORIG_FID": 162 }, "geometry": { "type": "MultiPolygon", "coordinates": [ [ [ [ 112.733822985000074, -7.291957427682071 ], [ 112.733838710423143, -7.291958801399962 ], [ 112.733853958037471, -7.29196288081401 ], [ 112.733868264552257, -7.291969541973329 ], [ 112.733881195271465, -7.291978582482072 ], [ 112.733892357301855, -7.291989727649083 ], [ 112.733901411490749, -7.292002638834246 ], [ 112.733908082731148, -7.292016923737859 ], [ 112.733912168320543, -7.292032148320463 ], [ 112.733913544120171, -7.29204784999089 ], [ 112.733912168326754, -7.292063551661852 ], [ 112.733908082742801, -7.292078776246002 ], [ 112.733901411506494, -7.292093061151979 ], [ 112.733892357319732, -7.292105972340043 ], [ 112.733881195289371, -7.292117117510141 ], [ 112.733868264567988, -7.292126158021783 ], [ 112.733853958049153, -7.292132819183469 ], [ 112.733838710429353, -7.292136898599062 ], [ 112.733822985000074, -7.292138272317541 ], [ 112.733807259570796, -7.292136898599062 ], [ 112.733792011950982, -7.292132819183469 ], [ 112.733777705432146, -7.292126158021783 ], [ 112.733764774710778, -7.292117117510141 ], [ 112.733753612680403, -7.292105972340043 ], [ 112.733744558493655, -7.292093061151979 ], [ 112.733737887257334, -7.292078776246002 ], [ 112.733733801673381, -7.292063551661852 ], [ 112.733732425879964, -7.29204784999089 ], [ 112.733733801679591, -7.292032148320463 ], [ 112.733737887269001, -7.292016923737859 ], [ 112.733744558509386, -7.292002638834244 ], [ 112.733753612698294, -7.291989727649083 ], [ 112.73376477472867, -7.291978582482071 ], [ 112.733777705447892, -7.291969541973329 ], [ 112.733792011962663, -7.29196288081401 ], [ 112.733807259577006, -7.291958801399962 ], [ 112.733822985000074, -7.291957427682071 ] ] ] ] } },
{ "type": "Feature", "properties": { "OID_": 0, "Name": "Banjarsugihan 1", "FolderPath": "Data CCTV Usulan + 50 Jalur + Rencana 2026.kmz/Rencana 2026/Surabaya Barat.kmz/Surabaya Barat", "Jenis": "Rencana 2026", "SubJenis": "Surabaya Barat", "POINT_X": 112.65697231599999, "POINT_Y": -7.253537903, "POINT_Z": 0.0, "BUFF_DIST": 10.0, "ORIG_FID": 163 }, "geometry": { "type": "MultiPolygon", "coordinates": [ [ [ [ 112.656972316000065, -7.253447480528762 ], [ 112.65698804008322, -7.253448854248979 ], [ 112.657003286398336, -7.25345293366995 ], [ 112.657017591694114, -7.253459594840567 ], [ 112.657030521311526, -7.253468635364644 ], [ 112.657041682390812, -7.253479780550558 ], [ 112.657050735808212, -7.253492691757613 ], [ 112.657057406480149, -7.253506976685451 ], [ 112.657061491721407, -7.25352220129387 ], [ 112.657062867403795, -7.253537902990916 ], [ 112.657061491727589, -7.253553604688494 ], [ 112.657057406491745, -7.253568829298447 ], [ 112.657050735823859, -7.253583114228637 ], [ 112.657041682408604, -7.253596025438579 ], [ 112.657030521329318, -7.253607170627565 ], [ 112.65701759170976, -7.253616211154527 ], [ 112.657003286409946, -7.253622872327495 ], [ 112.656988040089402, -7.25362695175 ], [ 112.656972316000065, -7.253628325470807 ], [ 112.656956591910728, -7.253626951750002 ], [ 112.656941345590184, -7.253622872327495 ], [ 112.65692704029037, -7.253616211154527 ], [ 112.656914110670812, -7.253607170627565 ], [ 112.656902949591526, -7.253596025438579 ], [ 112.656893896176271, -7.253583114228637 ], [ 112.656887225508385, -7.253568829298449 ], [ 112.656883140272541, -7.253553604688496 ], [ 112.656881764596335, -7.253537902990916 ], [ 112.656883140278723, -7.253522201293868 ], [ 112.656887225519981, -7.253506976685451 ], [ 112.656893896191917, -7.253492691757613 ], [ 112.656902949609318, -7.253479780550558 ], [ 112.656914110688604, -7.253468635364644 ], [ 112.65692704030603, -7.253459594840567 ], [ 112.656941345601794, -7.25345293366995 ], [ 112.656956591916909, -7.253448854248979 ], [ 112.656972316000065, -7.253447480528762 ] ] ] ] } },
{ "type": "Feature", "properties": { "OID_": 0, "Name": "Banjarsugihan 2", "FolderPath": "Data CCTV Usulan + 50 Jalur + Rencana 2026.kmz/Rencana 2026/Surabaya Barat.kmz/Surabaya Barat", "Jenis": "Rencana 2026", "SubJenis": "Surabaya Barat", "POINT_X": 112.656035011, "POINT_Y": -7.253473307, "POINT_Z": 0.0, "BUFF_DIST": 10.0, "ORIG_FID": 164 }, "geometry": { "type": "MultiPolygon", "coordinates": [ [ [ [ 112.656035011000085, -7.253382884528503 ], [ 112.656050735080996, -7.25338425824877 ], [ 112.656065981393937, -7.25338833766975 ], [ 112.656080286687668, -7.253394998840385 ], [ 112.656093216303248, -7.253404039364489 ], [ 112.656104377380942, -7.253415184550433 ], [ 112.656113430797063, -7.253428095757525 ], [ 112.656120101468034, -7.253442380685404 ], [ 112.656124186708723, -7.253457605293864 ], [ 112.656125562390898, -7.253473306990957 ], [ 112.656124186714905, -7.253489008688581 ], [ 112.656120101479644, -7.253504233298577 ], [ 112.656113430812709, -7.253518518228806 ], [ 112.656104377398734, -7.253531429438786 ], [ 112.65609321632104, -7.253542574627803 ], [ 112.656080286703315, -7.253551615154788 ], [ 112.656065981405547, -7.25355827632778 ], [ 112.656050735087163, -7.253562355750294 ], [ 112.656035011000085, -7.253563729471059 ], [ 112.656019286912993, -7.253562355750295 ], [ 112.65600404059461, -7.25355827632778 ], [ 112.655989735296856, -7.253551615154788 ], [ 112.655976805679131, -7.253542574627803 ], [ 112.655965644601437, -7.253531429438786 ], [ 112.655956591187461, -7.253518518228804 ], [ 112.655949920520527, -7.253504233298577 ], [ 112.655945835285266, -7.253489008688581 ], [ 112.655944459609259, -7.253473306990957 ], [ 112.655945835291448, -7.253457605293864 ], [ 112.655949920532137, -7.253442380685403 ], [ 112.655956591203108, -7.253428095757525 ], [ 112.655965644619229, -7.253415184550434 ], [ 112.655976805696923, -7.253404039364488 ], [ 112.655989735312502, -7.253394998840385 ], [ 112.656004040606234, -7.253388337669748 ], [ 112.656019286919175, -7.25338425824877 ], [ 112.656035011000085, -7.253382884528503 ] ] ] ] } },
{ "type": "Feature", "properties": { "OID_": 0, "Name": "Banjarsugihan 3", "FolderPath": "Data CCTV Usulan + 50 Jalur + Rencana 2026.kmz/Rencana 2026/Surabaya Barat.kmz/Surabaya Barat", "Jenis": "Rencana 2026", "SubJenis": "Surabaya Barat", "POINT_X": 112.65902039700001, "POINT_Y": -7.254357581, "POINT_Z": 0.0, "BUFF_DIST": 10.0, "ORIG_FID": 165 }, "geometry": { "type": "MultiPolygon", "coordinates": [ [ [ [ 112.659020397000063, -7.254267158532034 ], [ 112.659036121111654, -7.254268532252215 ], [ 112.659051367454353, -7.254272611673038 ], [ 112.659065672775995, -7.254279272843415 ], [ 112.659078602416812, -7.254288313367169 ], [ 112.659089763516278, -7.254299458552679 ], [ 112.659098816950078, -7.25431236975927 ], [ 112.659105487634051, -7.254326654686591 ], [ 112.659109572882713, -7.254341879294462 ], [ 112.659110948567587, -7.254357580990945 ], [ 112.659109572888909, -7.254373282687958 ], [ 112.659105487645689, -7.254388507297364 ], [ 112.659098816965724, -7.254402792227038 ], [ 112.659089763534084, -7.254415703436517 ], [ 112.659078602434604, -7.254426848625101 ], [ 112.659065672791655, -7.254435889151736 ], [ 112.659051367465977, -7.254442550324468 ], [ 112.659036121117836, -7.254446629746826 ], [ 112.659020397000063, -7.254448003467572 ], [ 112.65900467288229, -7.254446629746826 ], [ 112.658989426534148, -7.254442550324468 ], [ 112.658975121208471, -7.254435889151737 ], [ 112.658962191565507, -7.254426848625101 ], [ 112.658951030466042, -7.254415703436517 ], [ 112.658941977034402, -7.25440279222704 ], [ 112.658935306354437, -7.254388507297364 ], [ 112.658931221111217, -7.254373282687958 ], [ 112.658929845432525, -7.254357580990945 ], [ 112.658931221117399, -7.254341879294464 ], [ 112.658935306366061, -7.254326654686593 ], [ 112.658941977050048, -7.25431236975927 ], [ 112.658951030483834, -7.254299458552679 ], [ 112.658962191583313, -7.254288313367167 ], [ 112.658975121224131, -7.254279272843415 ], [ 112.658989426545759, -7.254272611673038 ], [ 112.659004672888457, -7.254268532252216 ], [ 112.659020397000063, -7.254267158532034 ] ] ] ] } },
{ "type": "Feature", "properties": { "OID_": 0, "Name": "Banjarsugihan 4", "FolderPath": "Data CCTV Usulan + 50 Jalur + Rencana 2026.kmz/Rencana 2026/Surabaya Barat.kmz/Surabaya Barat", "Jenis": "Rencana 2026", "SubJenis": "Surabaya Barat", "POINT_X": 112.661314295, "POINT_Y": -7.255010856, "POINT_Z": 0.0, "BUFF_DIST": 10.0, "ORIG_FID": 166 }, "geometry": { "type": "MultiPolygon", "coordinates": [ [ [ [ 112.661314295000011, -7.25492043353459 ], [ 112.661330019134283, -7.254921807254759 ], [ 112.661345265498966, -7.254925886675463 ], [ 112.661359570841242, -7.254932547845649 ], [ 112.66137250050069, -7.25494158836914 ], [ 112.661383661616256, -7.254952733554334 ], [ 112.661392715063101, -7.254965644760555 ], [ 112.661399385756695, -7.254979929687465 ], [ 112.661403471011255, -7.2549951542949 ], [ 112.661404846698119, -7.25501085599093 ], [ 112.661403471017437, -7.255026557687493 ], [ 112.66139938576832, -7.255041782296463 ], [ 112.661392715078748, -7.25505606722573 ], [ 112.661383661634062, -7.255068978434837 ], [ 112.661372500518482, -7.255080123623101 ], [ 112.661359570856888, -7.255089164149477 ], [ 112.661345265510576, -7.255095825322017 ], [ 112.661330019140465, -7.255099904744257 ], [ 112.661314295000011, -7.255101278464942 ], [ 112.661298570859557, -7.255099904744257 ], [ 112.661283324489446, -7.255095825322017 ], [ 112.661269019143134, -7.255089164149477 ], [ 112.66125608948154, -7.255080123623101 ], [ 112.661244928365974, -7.255068978434835 ], [ 112.661235874921275, -7.255056067225728 ], [ 112.661229204231716, -7.255041782296463 ], [ 112.661225118982586, -7.255026557687495 ], [ 112.661223743301917, -7.25501085599093 ], [ 112.661225118988767, -7.254995154294898 ], [ 112.661229204243327, -7.254979929687465 ], [ 112.661235874936935, -7.254965644760554 ], [ 112.661244928383766, -7.254952733554332 ], [ 112.661256089499332, -7.25494158836914 ], [ 112.661269019158794, -7.254932547845649 ], [ 112.661283324501056, -7.254925886675461 ], [ 112.661298570865739, -7.254921807254759 ], [ 112.661314295000011, -7.25492043353459 ] ] ] ] } },
{ "type": "Feature", "properties": { "OID_": 0, "Name": "Banjarsugihan 5", "FolderPath": "Data CCTV Usulan + 50 Jalur + Rencana 2026.kmz/Rencana 2026/Surabaya Barat.kmz/Surabaya Barat", "Jenis": "Rencana 2026", "SubJenis": "Surabaya Barat", "POINT_X": 112.66156250900001, "POINT_Y": -7.255197722, "POINT_Z": 0.0, "BUFF_DIST": 10.0, "ORIG_FID": 167 }, "geometry": { "type": "MultiPolygon", "coordinates": [ [ [ [ 112.661562509000078, -7.25510729953534 ], [ 112.66157823314083, -7.255108673255468 ], [ 112.661593479511794, -7.255112752676141 ], [ 112.661607784859982, -7.255119413846272 ], [ 112.661620714524759, -7.255128454369689 ], [ 112.661631875644929, -7.25513959955479 ], [ 112.661640929095498, -7.255152510760906 ], [ 112.661647599791863, -7.255166795687702 ], [ 112.661651685048099, -7.255182020295009 ], [ 112.661653060735517, -7.255197721990912 ], [ 112.661651685054281, -7.255213423687347 ], [ 112.661647599803473, -7.255228648296192 ], [ 112.661640929111144, -7.255242933225336 ], [ 112.661631875662735, -7.25525584443434 ], [ 112.661620714542551, -7.255266989622513 ], [ 112.661607784875628, -7.255276030148815 ], [ 112.661593479523418, -7.255282691321301 ], [ 112.661578233147011, -7.255286770743508 ], [ 112.661562509000078, -7.255288144464205 ], [ 112.661546784853144, -7.255286770743508 ], [ 112.661531538476737, -7.255282691321301 ], [ 112.661517233124528, -7.255276030148815 ], [ 112.66150430345759, -7.255266989622513 ], [ 112.66149314233742, -7.255255844434339 ], [ 112.661484088888997, -7.255242933225338 ], [ 112.661477418196668, -7.255228648296192 ], [ 112.661473332945874, -7.255213423687349 ], [ 112.661471957264638, -7.255197721990912 ], [ 112.661473332952056, -7.255182020295009 ], [ 112.661477418208293, -7.255166795687701 ], [ 112.661484088904643, -7.255152510760906 ], [ 112.661493142355212, -7.255139599554791 ], [ 112.661504303475397, -7.255128454369689 ], [ 112.661517233140174, -7.255119413846272 ], [ 112.661531538488347, -7.255112752676141 ], [ 112.661546784859311, -7.255108673255468 ], [ 112.661562509000078, -7.25510729953534 ] ] ] ] } },
{ "type": "Feature", "properties": { "OID_": 0, "Name": "Banjarsugihan 6", "FolderPath": "Data CCTV Usulan + 50 Jalur + Rencana 2026.kmz/Rencana 2026/Surabaya Barat.kmz/Surabaya Barat", "Jenis": "Rencana 2026", "SubJenis": "Surabaya Barat", "POINT_X": 112.662010829, "POINT_Y": -7.255230938, "POINT_Z": 0.0, "BUFF_DIST": 10.0, "ORIG_FID": 168 }, "geometry": { "type": "MultiPolygon", "coordinates": [ [ [ [ 112.66201082900011, -7.255140515535482 ], [ 112.662026553142013, -7.255141889255615 ], [ 112.662041799514114, -7.25514596867628 ], [ 112.662056104863339, -7.255152629846406 ], [ 112.662069034529054, -7.255161670369808 ], [ 112.662080195650049, -7.255172815554892 ], [ 112.662089249101285, -7.255185726760989 ], [ 112.662095919798134, -7.255200011687763 ], [ 112.662100005054668, -7.255215236295047 ], [ 112.662101380742186, -7.255230937990929 ], [ 112.66210000506085, -7.255246639687343 ], [ 112.662095919809744, -7.255261864296162 ], [ 112.662089249116931, -7.25527614922529 ], [ 112.662080195667841, -7.255289060434272 ], [ 112.66206903454686, -7.255300205622429 ], [ 112.662056104878985, -7.255309246148717 ], [ 112.662041799525724, -7.255315907321194 ], [ 112.662026553148195, -7.255319986743396 ], [ 112.66201082900011, -7.255321360464085 ], [ 112.661995104852025, -7.255319986743396 ], [ 112.661979858474496, -7.255315907321194 ], [ 112.661965553121235, -7.255309246148719 ], [ 112.661952623453374, -7.255300205622429 ], [ 112.661941462332379, -7.255289060434272 ], [ 112.661932408883288, -7.25527614922529 ], [ 112.661925738190476, -7.255261864296162 ], [ 112.66192165293937, -7.255246639687343 ], [ 112.661920277258034, -7.255230937990929 ], [ 112.661921652945551, -7.255215236295049 ], [ 112.661925738202086, -7.255200011687763 ], [ 112.661932408898934, -7.255185726760989 ], [ 112.661941462350171, -7.255172815554892 ], [ 112.661952623471166, -7.255161670369808 ], [ 112.661965553136895, -7.255152629846404 ], [ 112.661979858486106, -7.255145968676282 ], [ 112.661995104858207, -7.255141889255617 ], [ 112.66201082900011, -7.255140515535482 ] ] ] ] } },
{ "type": "Feature", "properties": { "OID_": 0, "Name": "Manukan Kulon 1", "FolderPath": "Data CCTV Usulan + 50 Jalur + Rencana 2026.kmz/Rencana 2026/Surabaya Barat.kmz/Surabaya Barat", "Jenis": "Rencana 2026", "SubJenis": "Surabaya Barat", "POINT_X": 112.665007863, "POINT_Y": -7.256110995, "POINT_Z": 0.0, "BUFF_DIST": 10.0, "ORIG_FID": 169 }, "geometry": { "type": "MultiPolygon", "coordinates": [ [ [ [ 112.665007863000028, -7.256020572539009 ], [ 112.665023587172485, -7.256021946259074 ], [ 112.665038833574201, -7.256026025679582 ], [ 112.665053138951194, -7.25603268684945 ], [ 112.665066068642048, -7.256041727372502 ], [ 112.665077229784728, -7.256052872557156 ], [ 112.665086283253558, -7.256065783762754 ], [ 112.665092953963367, -7.256080068688975 ], [ 112.665097039227831, -7.256095293295671 ], [ 112.665098414918035, -7.256110994990945 ], [ 112.665097039234013, -7.25612669668675 ], [ 112.665092953974977, -7.256141921294984 ], [ 112.665086283269204, -7.25615620622356 ], [ 112.665077229802534, -7.256169117432042 ], [ 112.665066068659854, -7.256180262619769 ], [ 112.665053138966869, -7.25618930314571 ], [ 112.665038833585811, -7.256195964317929 ], [ 112.665023587178666, -7.256200043739971 ], [ 112.665007863000028, -7.256201417460617 ], [ 112.66499213882139, -7.256200043739971 ], [ 112.664976892414245, -7.256195964317929 ], [ 112.664962587033202, -7.25618930314571 ], [ 112.664949657340216, -7.256180262619769 ], [ 112.664938496197536, -7.256169117432042 ], [ 112.664929442730852, -7.25615620622356 ], [ 112.664922772025079, -7.256141921294984 ], [ 112.664918686766043, -7.256126696686752 ], [ 112.664917311082021, -7.256110994990945 ], [ 112.664918686772225, -7.256095293295673 ], [ 112.664922772036689, -7.256080068688975 ], [ 112.664929442746512, -7.256065783762754 ], [ 112.664938496215328, -7.256052872557156 ], [ 112.664949657358008, -7.256041727372504 ], [ 112.664962587048862, -7.25603268684945 ], [ 112.664976892425869, -7.256026025679584 ], [ 112.664992138827586, -7.256021946259074 ], [ 112.665007863000028, -7.256020572539009 ] ] ] ] } },
{ "type": "Feature", "properties": { "OID_": 0, "Name": "Manukan Kulon 2", "FolderPath": "Data CCTV Usulan + 50 Jalur + Rencana 2026.kmz/Rencana 2026/Surabaya Barat.kmz/Surabaya Barat", "Jenis": "Rencana 2026", "SubJenis": "Surabaya Barat", "POINT_X": 112.664738343, "POINT_Y": -7.256085985, "POINT_Z": 0.0, "BUFF_DIST": 10.0, "ORIG_FID": 170 }, "geometry": { "type": "MultiPolygon", "coordinates": [ [ [ [ 112.664738343000067, -7.255995562538884 ], [ 112.664754067171657, -7.255996936258978 ], [ 112.664769313572521, -7.256001015679492 ], [ 112.664783618948746, -7.256007676849362 ], [ 112.66479654863889, -7.256016717372426 ], [ 112.664807709780931, -7.256027862557093 ], [ 112.664816763249263, -7.256040773762703 ], [ 112.664823433958702, -7.256055058688941 ], [ 112.664827519222953, -7.256070283295656 ], [ 112.664828894913072, -7.256085984990945 ], [ 112.664827519229135, -7.256101686686768 ], [ 112.664823433970327, -7.256116911295018 ], [ 112.664816763264923, -7.256131196223609 ], [ 112.664807709798737, -7.256144107432108 ], [ 112.664796548656682, -7.256155252619845 ], [ 112.664783618964393, -7.256164293145794 ], [ 112.664769313584145, -7.25617095431802 ], [ 112.664754067177839, -7.256175033740067 ], [ 112.664738343000067, -7.256176407460695 ], [ 112.664722618822296, -7.256175033740069 ], [ 112.66470737241599, -7.25617095431802 ], [ 112.664693067035742, -7.256164293145796 ], [ 112.664680137343453, -7.256155252619845 ], [ 112.664668976201398, -7.256144107432108 ], [ 112.664659922735225, -7.256131196223609 ], [ 112.664653252029808, -7.256116911295019 ], [ 112.664649166771014, -7.256101686686768 ], [ 112.664647791087063, -7.256085984990945 ], [ 112.664649166777195, -7.256070283295656 ], [ 112.664653252041447, -7.256055058688941 ], [ 112.664659922750886, -7.256040773762703 ], [ 112.664668976219204, -7.256027862557093 ], [ 112.664680137361259, -7.256016717372426 ], [ 112.664693067051388, -7.256007676849362 ], [ 112.664707372427628, -7.25600101567949 ], [ 112.664722618828478, -7.255996936258978 ], [ 112.664738343000067, -7.255995562538884 ] ] ] ] } },
{ "type": "Feature", "properties": { "OID_": 0, "Name": "Manukan Kulon 3", "FolderPath": "Data CCTV Usulan + 50 Jalur + Rencana 2026.kmz/Rencana 2026/Surabaya Barat.kmz/Surabaya Barat", "Jenis": "Rencana 2026", "SubJenis": "Surabaya Barat", "POINT_X": 112.67200079, "POINT_Y": -7.257897239, "POINT_Z": 0.0, "BUFF_DIST": 10.0, "ORIG_FID": 171 }, "geometry": { "type": "MultiPolygon", "coordinates": [ [ [ [ 112.672000790000084, -7.257806816546013 ], [ 112.672016514234556, -7.257808190266024 ], [ 112.672031760696385, -7.257812269686212 ], [ 112.672046066129809, -7.257818930855551 ], [ 112.672058995871652, -7.257827971377897 ], [ 112.672070157058357, -7.257839116561674 ], [ 112.67207921056287, -7.257852027766258 ], [ 112.672085881298997, -7.25786631269136 ], [ 112.672089966579577, -7.257881537296864 ], [ 112.672091342275195, -7.257897238990902 ], [ 112.672089966585759, -7.257912940685478 ], [ 112.672085881310622, -7.257928165292514 ], [ 112.672079210578531, -7.257942450219971 ], [ 112.672070157076149, -7.257955361427442 ], [ 112.672058995889458, -7.257966506614292 ], [ 112.672046066145469, -7.257975547139525 ], [ 112.672031760708009, -7.25798220831122 ], [ 112.672016514240738, -7.257986287732943 ], [ 112.672000790000084, -7.257987661453435 ], [ 112.671985065759429, -7.257986287732945 ], [ 112.671969819292158, -7.25798220831122 ], [ 112.671955513854698, -7.257975547139525 ], [ 112.67194258411071, -7.257966506614292 ], [ 112.671931422924018, -7.257955361427442 ], [ 112.671922369421637, -7.257942450219971 ], [ 112.671915698689546, -7.257928165292514 ], [ 112.671911613414409, -7.257912940685478 ], [ 112.671910237724973, -7.257897238990902 ], [ 112.67191161342059, -7.257881537296863 ], [ 112.67191569870117, -7.25786631269136 ], [ 112.671922369437297, -7.25785202776626 ], [ 112.67193142294181, -7.257839116561674 ], [ 112.671942584128516, -7.257827971377897 ], [ 112.671955513870358, -7.257818930855551 ], [ 112.671969819303783, -7.257812269686211 ], [ 112.671985065765611, -7.257808190266024 ], [ 112.672000790000084, -7.257806816546013 ] ] ] ] } },
{ "type": "Feature", "properties": { "OID_": 0, "Name": "Manukan Kulon 4", "FolderPath": "Data CCTV Usulan + 50 Jalur + Rencana 2026.kmz/Rencana 2026/Surabaya Barat.kmz/Surabaya Barat", "Jenis": "Rencana 2026", "SubJenis": "Surabaya Barat", "POINT_X": 112.672602059, "POINT_Y": -7.257907251, "POINT_Z": 0.0, "BUFF_DIST": 10.0, "ORIG_FID": 172 }, "geometry": { "type": "MultiPolygon", "coordinates": [ [ [ [ 112.672602059000042, -7.257816828546094 ], [ 112.672617783234855, -7.25781820226608 ], [ 112.672633029697025, -7.257822281686267 ], [ 112.672647335130762, -7.257828942855605 ], [ 112.672660264872889, -7.257837983377947 ], [ 112.672671426059836, -7.257849128561719 ], [ 112.672680479564562, -7.257862039766295 ], [ 112.672687150300831, -7.257876324691393 ], [ 112.672691235581496, -7.257891549296889 ], [ 112.672692611277142, -7.25790725099092 ], [ 112.672691235587678, -7.257922952685489 ], [ 112.672687150312441, -7.25793817729252 ], [ 112.672680479580222, -7.257952462219969 ], [ 112.672671426077642, -7.257965373427433 ], [ 112.672660264890695, -7.257976518614282 ], [ 112.672647335146422, -7.257985559139508 ], [ 112.672633029708649, -7.257992220311201 ], [ 112.672617783241037, -7.257996299732923 ], [ 112.672602059000042, -7.257997673453436 ], [ 112.672586334759032, -7.257996299732923 ], [ 112.67257108829142, -7.257992220311201 ], [ 112.672556782853647, -7.257985559139508 ], [ 112.672543853109374, -7.257976518614282 ], [ 112.672532691922427, -7.257965373427433 ], [ 112.672523638419861, -7.257952462219969 ], [ 112.672516967687628, -7.257938177292521 ], [ 112.672512882412391, -7.257922952685489 ], [ 112.672511506722927, -7.25790725099092 ], [ 112.672512882418573, -7.257891549296889 ], [ 112.672516967699238, -7.257876324691392 ], [ 112.672523638435521, -7.257862039766297 ], [ 112.672532691940248, -7.257849128561717 ], [ 112.672543853127181, -7.257837983377945 ], [ 112.672556782869307, -7.257828942855605 ], [ 112.672571088303044, -7.257822281686265 ], [ 112.672586334765214, -7.25781820226608 ], [ 112.672602059000042, -7.257816828546094 ] ] ] ] } },
{ "type": "Feature", "properties": { "OID_": 0, "Name": "Manukan Kulon 5", "FolderPath": "Data CCTV Usulan + 50 Jalur + Rencana 2026.kmz/Rencana 2026/Surabaya Barat.kmz/Surabaya Barat", "Jenis": "Rencana 2026", "SubJenis": "Surabaya Barat", "POINT_X": 112.673422481, "POINT_Y": -7.258105531, "POINT_Z": 0.0, "BUFF_DIST": 10.0, "ORIG_FID": 173 }, "geometry": { "type": "MultiPolygon", "coordinates": [ [ [ [ 112.673422481000102, -7.258015108546894 ], [ 112.673438205241794, -7.258016482266865 ], [ 112.673453451710643, -7.258020561687014 ], [ 112.673467757150647, -7.258027222856294 ], [ 112.673480686898444, -7.258036263378557 ], [ 112.673491848090265, -7.258047408562234 ], [ 112.673500901598956, -7.258060319766698 ], [ 112.673507572338139, -7.25807460469167 ], [ 112.673511657620608, -7.258089829297034 ], [ 112.673513033316866, -7.258105530990928 ], [ 112.67351165762679, -7.258121232685361 ], [ 112.673507572349777, -7.258136457292259 ], [ 112.673500901614617, -7.258150742219582 ], [ 112.673491848108071, -7.258163653426936 ], [ 112.67348068691625, -7.258174798613686 ], [ 112.673467757166321, -7.258183839138833 ], [ 112.673453451722281, -7.258190500310468 ], [ 112.673438205247976, -7.258194579732154 ], [ 112.673422481000102, -7.258195953452662 ], [ 112.673406756752215, -7.258194579732156 ], [ 112.673391510277924, -7.258190500310468 ], [ 112.673377204833884, -7.258183839138833 ], [ 112.673364275083955, -7.258174798613686 ], [ 112.673353113892134, -7.258163653426936 ], [ 112.673344060385588, -7.258150742219582 ], [ 112.673337389650428, -7.258136457292259 ], [ 112.673333304373401, -7.258121232685361 ], [ 112.673331928683339, -7.258105530990928 ], [ 112.673333304379597, -7.258089829297032 ], [ 112.673337389662052, -7.25807460469167 ], [ 112.673344060401249, -7.258060319766698 ], [ 112.67335311390994, -7.258047408562234 ], [ 112.673364275101747, -7.258036263378557 ], [ 112.673377204849544, -7.258027222856294 ], [ 112.673391510289548, -7.258020561687014 ], [ 112.673406756758396, -7.258016482266865 ], [ 112.673422481000102, -7.258015108546894 ] ] ] ] } },
{ "type": "Feature", "properties": { "OID_": 0, "Name": "Manukan Kulon 6", "FolderPath": "Data CCTV Usulan + 50 Jalur + Rencana 2026.kmz/Rencana 2026/Surabaya Barat.kmz/Surabaya Barat", "Jenis": "Rencana 2026", "SubJenis": "Surabaya Barat", "POINT_X": 112.67542331200001, "POINT_Y": -7.258192505, "POINT_Z": 0.0, "BUFF_DIST": 10.0, "ORIG_FID": 174 }, "geometry": { "type": "MultiPolygon", "coordinates": [ [ [ [ 112.675423312000021, -7.258102082547227 ], [ 112.675439036244725, -7.258103456267201 ], [ 112.675454282716515, -7.258107535687337 ], [ 112.675468588159262, -7.258114196856591 ], [ 112.675481517909532, -7.258123237378817 ], [ 112.675492679103499, -7.258134382562453 ], [ 112.675501732613938, -7.258147293766868 ], [ 112.675508403354399, -7.258161578691785 ], [ 112.675512488637651, -7.258176803297089 ], [ 112.675513864334178, -7.258192504990927 ], [ 112.675512488643832, -7.258208206685296 ], [ 112.675508403366024, -7.258223431292137 ], [ 112.675501732629598, -7.258237716219408 ], [ 112.675492679121305, -7.258250627426711 ], [ 112.675481517927338, -7.258261772613418 ], [ 112.675468588174923, -7.258270813138532 ], [ 112.675454282728126, -7.258277474310142 ], [ 112.675439036250907, -7.258281553731813 ], [ 112.675423312000021, -7.258282927452303 ], [ 112.67540758774912, -7.258281553731813 ], [ 112.675392341271902, -7.258277474310142 ], [ 112.675378035825105, -7.258270813138532 ], [ 112.67536510607269, -7.258261772613418 ], [ 112.675353944878722, -7.258250627426711 ], [ 112.675344891370429, -7.258237716219408 ], [ 112.675338220634004, -7.258223431292137 ], [ 112.675334135356195, -7.258208206685296 ], [ 112.675332759665864, -7.258192504990927 ], [ 112.675334135362377, -7.258176803297089 ], [ 112.675338220645628, -7.258161578691785 ], [ 112.675344891386089, -7.258147293766868 ], [ 112.675353944896528, -7.258134382562453 ], [ 112.675365106090496, -7.258123237378819 ], [ 112.675378035840779, -7.258114196856591 ], [ 112.675392341283512, -7.258107535687335 ], [ 112.675407587755302, -7.258103456267201 ], [ 112.675423312000021, -7.258102082547227 ] ] ] ] } },
{ "type": "Feature", "properties": { "OID_": 0, "Name": "Manukan Kulon 7", "FolderPath": "Data CCTV Usulan + 50 Jalur + Rencana 2026.kmz/Rencana 2026/Surabaya Barat.kmz/Surabaya Barat", "Jenis": "Rencana 2026", "SubJenis": "Surabaya Barat", "POINT_X": 112.67682442100001, "POINT_Y": -7.258391557, "POINT_Z": 0.0, "BUFF_DIST": 10.0, "ORIG_FID": 175 }, "geometry": { "type": "MultiPolygon", "coordinates": [ [ [ [ 112.676824421000106, -7.258301134547996 ], [ 112.676840145251745, -7.258302508267953 ], [ 112.676855391730228, -7.25830658768805 ], [ 112.676869697179256, -7.258313248857249 ], [ 112.67688262693521, -7.258322289379397 ], [ 112.67689378813408, -7.258333434562934 ], [ 112.676902841648513, -7.258346345767237 ], [ 112.676909512391902, -7.258360630692027 ], [ 112.676913597676943, -7.258375855297197 ], [ 112.676914973374068, -7.258391556990897 ], [ 112.676913597683125, -7.258407258685129 ], [ 112.676909512403526, -7.25842248329184 ], [ 112.676902841664159, -7.258436768218984 ], [ 112.676893788151901, -7.258449679426174 ], [ 112.676882626953017, -7.258460824612785 ], [ 112.676869697194931, -7.25846986513782 ], [ 112.676855391741839, -7.258476526309368 ], [ 112.676840145257927, -7.258480605731005 ], [ 112.676824421000106, -7.258481979451489 ], [ 112.676808696742299, -7.258480605731005 ], [ 112.676793450258387, -7.258476526309368 ], [ 112.676779144805295, -7.25846986513782 ], [ 112.676766215047195, -7.258460824612785 ], [ 112.676755053848325, -7.258449679426174 ], [ 112.676746000336067, -7.258436768218982 ], [ 112.6767393295967, -7.25842248329184 ], [ 112.676735244317101, -7.258407258685129 ], [ 112.676733868626158, -7.258391556990897 ], [ 112.676735244323282, -7.258375855297197 ], [ 112.67673932960831, -7.258360630692027 ], [ 112.676746000351713, -7.258346345767237 ], [ 112.676755053866131, -7.258333434562934 ], [ 112.676766215065015, -7.258322289379396 ], [ 112.676779144820955, -7.258313248857248 ], [ 112.676793450269997, -7.25830658768805 ], [ 112.676808696748481, -7.258302508267953 ], [ 112.676824421000106, -7.258301134547996 ] ] ] ] } },
{ "type": "Feature", "properties": { "OID_": 0, "Name": "Tandes Lor 1", "FolderPath": "Data CCTV Usulan + 50 Jalur + Rencana 2026.kmz/Rencana 2026/Surabaya Barat.kmz/Surabaya Barat", "Jenis": "Rencana 2026", "SubJenis": "Surabaya Barat", "POINT_X": 112.686825497, "POINT_Y": -7.25940982, "POINT_Z": 0.0, "BUFF_DIST": 10.0, "ORIG_FID": 176 }, "geometry": { "type": "MultiPolygon", "coordinates": [ [ [ [ 112.686825497000086, -7.259319397552091 ], [ 112.686841221287082, -7.259320771271984 ], [ 112.686856467799842, -7.2593248506919 ], [ 112.686870773281058, -7.259331511860799 ], [ 112.686883703066087, -7.259340552382543 ], [ 112.686894864290053, -7.259351697565579 ], [ 112.686903917824836, -7.259364608769305 ], [ 112.686910588583245, -7.259378893693457 ], [ 112.686914673877467, -7.259394118297947 ], [ 112.686916049577675, -7.259409819990943 ], [ 112.686914673883649, -7.259425521684474 ], [ 112.686910588594856, -7.259440746290501 ], [ 112.686903917840496, -7.259455031217008 ], [ 112.68689486430786, -7.25946794242362 ], [ 112.686883703083893, -7.259479087609733 ], [ 112.686870773296718, -7.259488128134362 ], [ 112.686856467811481, -7.259494789305616 ], [ 112.686841221293264, -7.25949886872707 ], [ 112.686825497000086, -7.259500242447493 ], [ 112.686809772706923, -7.25949886872707 ], [ 112.686794526188706, -7.259494789305616 ], [ 112.686780220703469, -7.259488128134364 ], [ 112.686767290916293, -7.259479087609733 ], [ 112.686756129692313, -7.259467942423621 ], [ 112.686747076159691, -7.259455031217009 ], [ 112.686740405405331, -7.259440746290502 ], [ 112.686736320116538, -7.259425521684474 ], [ 112.686734944422511, -7.259409819990943 ], [ 112.686736320122719, -7.259394118297945 ], [ 112.686740405416941, -7.259378893693457 ], [ 112.686747076175351, -7.259364608769307 ], [ 112.686756129710133, -7.259351697565579 ], [ 112.686767290934085, -7.259340552382541 ], [ 112.686780220719129, -7.259331511860799 ], [ 112.68679452620033, -7.259324850691899 ], [ 112.686809772713104, -7.259320771271984 ], [ 112.686825497000086, -7.259319397552091 ] ] ] ] } },
{ "type": "Feature", "properties": { "OID_": 0, "Name": "Tandes Lor 2", "FolderPath": "Data CCTV Usulan + 50 Jalur + Rencana 2026.kmz/Rencana 2026/Surabaya Barat.kmz/Surabaya Barat", "Jenis": "Rencana 2026", "SubJenis": "Surabaya Barat", "POINT_X": 112.686964915, "POINT_Y": -7.259416948, "POINT_Z": 0.0, "BUFF_DIST": 10.0, "ORIG_FID": 177 }, "geometry": { "type": "MultiPolygon", "coordinates": [ [ [ [ 112.68696491500009, -7.259326525552085 ], [ 112.686980639287327, -7.259327899272007 ], [ 112.686995885800329, -7.25933197869192 ], [ 112.687010191281772, -7.25933863986082 ], [ 112.687023121067014, -7.259347680382558 ], [ 112.687034282291151, -7.259358825565593 ], [ 112.687043335826061, -7.259371736769314 ], [ 112.68705000658457, -7.25938602169346 ], [ 112.687054091878878, -7.259401246297948 ], [ 112.6870554675791, -7.259416947990939 ], [ 112.687054091885059, -7.259432649684465 ], [ 112.687050006596209, -7.259447874290487 ], [ 112.687043335841722, -7.259462159216987 ], [ 112.687034282308957, -7.259475070423598 ], [ 112.68702312108482, -7.259486215609705 ], [ 112.687010191297432, -7.259495256134334 ], [ 112.686995885811953, -7.259501917305585 ], [ 112.686980639293523, -7.259505996727039 ], [ 112.68696491500009, -7.259507370447429 ], [ 112.68694919070667, -7.259505996727039 ], [ 112.686933944188226, -7.259501917305585 ], [ 112.686919638702747, -7.259495256134334 ], [ 112.686906708915359, -7.259486215609705 ], [ 112.686895547691222, -7.259475070423596 ], [ 112.686886494158458, -7.259462159216987 ], [ 112.686879823403984, -7.259447874290487 ], [ 112.68687573811512, -7.259432649684465 ], [ 112.686874362421079, -7.259416947990939 ], [ 112.686875738121302, -7.259401246297948 ], [ 112.686879823415609, -7.25938602169346 ], [ 112.686886494174118, -7.259371736769316 ], [ 112.686895547709028, -7.259358825565593 ], [ 112.686906708933179, -7.259347680382558 ], [ 112.686919638718408, -7.259338639860818 ], [ 112.686933944199851, -7.259331978691922 ], [ 112.686949190712866, -7.259327899272007 ], [ 112.68696491500009, -7.259326525552085 ] ] ] ] } },
{ "type": "Feature", "properties": { "OID_": 0, "Name": "Tandes Lor 3", "FolderPath": "Data CCTV Usulan + 50 Jalur + Rencana 2026.kmz/Rencana 2026/Surabaya Barat.kmz/Surabaya Barat", "Jenis": "Rencana 2026", "SubJenis": "Surabaya Barat", "POINT_X": 112.689101826, "POINT_Y": -7.259975178, "POINT_Z": 0.0, "BUFF_DIST": 10.0, "ORIG_FID": 178 }, "geometry": { "type": "MultiPolygon", "coordinates": [ [ [ [ 112.689101826000069, -7.259884755554315 ], [ 112.68911755030669, -7.259886129274155 ], [ 112.689132796838507, -7.259890208693969 ], [ 112.689147102337571, -7.259896869862704 ], [ 112.689160032138759, -7.259905910384223 ], [ 112.689171193376666, -7.259917055566984 ], [ 112.689180246922731, -7.259929966770389 ], [ 112.689186917689455, -7.259944251694185 ], [ 112.689191002988792, -7.259959476298295 ], [ 112.689192378690734, -7.259975177990902 ], [ 112.689191002994988, -7.259990879684041 ], [ 112.689186917701093, -7.260006104289693 ], [ 112.689180246938392, -7.260020389215843 ], [ 112.689171193394472, -7.260033300422136 ], [ 112.689160032156565, -7.260044445607969 ], [ 112.689147102353232, -7.260053486132378 ], [ 112.689132796850117, -7.260060147303466 ], [ 112.689117550312886, -7.260064226724817 ], [ 112.689101826000069, -7.260065600445226 ], [ 112.689086101687252, -7.260064226724817 ], [ 112.689070855150021, -7.260060147303466 ], [ 112.689056549646907, -7.260053486132378 ], [ 112.689043619843574, -7.260044445607969 ], [ 112.689032458605666, -7.260033300422136 ], [ 112.689023405061747, -7.260020389215843 ], [ 112.689016734299045, -7.260006104289693 ], [ 112.68901264900515, -7.259990879684041 ], [ 112.689011273309404, -7.259975177990902 ], [ 112.689012649011346, -7.259959476298295 ], [ 112.689016734310684, -7.259944251694185 ], [ 112.689023405077407, -7.259929966770389 ], [ 112.689032458623473, -7.259917055566984 ], [ 112.68904361986138, -7.259905910384223 ], [ 112.689056549662567, -7.259896869862702 ], [ 112.689070855161631, -7.259890208693969 ], [ 112.689086101693448, -7.259886129274155 ], [ 112.689101826000069, -7.259884755554315 ] ] ] ] } },
{ "type": "Feature", "properties": { "OID_": 0, "Name": "Tandes Lor 4", "FolderPath": "Data CCTV Usulan + 50 Jalur + Rencana 2026.kmz/Rencana 2026/Surabaya Barat.kmz/Surabaya Barat", "Jenis": "Rencana 2026", "SubJenis": "Surabaya Barat", "POINT_X": 112.689322386, "POINT_Y": -7.260132329, "POINT_Z": 0.0, "BUFF_DIST": 10.0, "ORIG_FID": 179 }, "geometry": { "type": "MultiPolygon", "coordinates": [ [ [ [ 112.689322386000072, -7.26004190655494 ], [ 112.68933811031215, -7.260043280274769 ], [ 112.689353356849253, -7.260047359694557 ], [ 112.689367662353291, -7.260054020863245 ], [ 112.689380592158955, -7.2600630613847 ], [ 112.689391753400727, -7.260074206567385 ], [ 112.689400806949962, -7.260087117770698 ], [ 112.689407477719001, -7.260101402694397 ], [ 112.689411563019746, -7.260116627298403 ], [ 112.689412938722171, -7.260132328990901 ], [ 112.689411563025928, -7.260148030683934 ], [ 112.689407477730626, -7.260163255289477 ], [ 112.689400806965622, -7.260177540215531 ], [ 112.689391753418548, -7.260190451421733 ], [ 112.689380592176761, -7.260201596607491 ], [ 112.689367662368952, -7.260210637131834 ], [ 112.689353356860863, -7.260217298302877 ], [ 112.689338110318346, -7.2602213777242 ], [ 112.689322386000072, -7.260222751444603 ], [ 112.689306661681798, -7.260221377724202 ], [ 112.689291415139266, -7.260217298302877 ], [ 112.689277109631192, -7.260210637131834 ], [ 112.689264179823368, -7.260201596607491 ], [ 112.689253018581596, -7.260190451421733 ], [ 112.689243965034521, -7.260177540215531 ], [ 112.689237294269503, -7.260163255289477 ], [ 112.689233208974201, -7.260148030683935 ], [ 112.689231833277972, -7.260132328990901 ], [ 112.689233208980383, -7.260116627298403 ], [ 112.689237294281142, -7.260101402694395 ], [ 112.689243965050181, -7.2600871177707 ], [ 112.689253018599416, -7.260074206567385 ], [ 112.689264179841189, -7.2600630613847 ], [ 112.689277109646852, -7.260054020863245 ], [ 112.68929141515089, -7.260047359694557 ], [ 112.689306661687993, -7.260043280274769 ], [ 112.689322386000072, -7.26004190655494 ] ] ] ] } },
{ "type": "Feature", "properties": { "OID_": 0, "Name": "Tanjung Sari 1", "FolderPath": "Data CCTV Usulan + 50 Jalur + Rencana 2026.kmz/Rencana 2026/Surabaya Barat.kmz/Surabaya Barat", "Jenis": "Rencana 2026", "SubJenis": "Surabaya Barat", "POINT_X": 112.697047498, "POINT_Y": -7.257989309, "POINT_Z": 0.0, "BUFF_DIST": 10.0, "ORIG_FID": 180 }, "geometry": { "type": "MultiPolygon", "coordinates": [ [ [ [ 112.697047498000074, -7.257898886546459 ], [ 112.69706322223773, -7.257900260266435 ], [ 112.697078468702671, -7.257904339686608 ], [ 112.697092774139008, -7.257911000855921 ], [ 112.697105703883466, -7.25792004137823 ], [ 112.697116865072431, -7.257931186561962 ], [ 112.697125918578806, -7.257944097766493 ], [ 112.697132589316283, -7.257958382691535 ], [ 112.697136674597687, -7.257973607296978 ], [ 112.697138050293589, -7.257989308990954 ], [ 112.697136674603883, -7.258005010685462 ], [ 112.697132589327893, -7.258020235292442 ], [ 112.697125918594466, -7.258034520219839 ], [ 112.697116865090251, -7.258047431427258 ], [ 112.697105703901286, -7.258058576614066 ], [ 112.697092774154655, -7.258067617139258 ], [ 112.697078468714295, -7.25807427831093 ], [ 112.697063222243912, -7.258078357732635 ], [ 112.697047498000074, -7.258079731453145 ], [ 112.697031773756223, -7.258078357732635 ], [ 112.69701652728584, -7.25807427831093 ], [ 112.69700222184548, -7.258067617139258 ], [ 112.696989292098863, -7.258058576614066 ], [ 112.696978130909898, -7.258047431427258 ], [ 112.696969077405683, -7.258034520219837 ], [ 112.696962406672242, -7.258020235292443 ], [ 112.696958321396266, -7.258005010685464 ], [ 112.696956945706546, -7.257989308990954 ], [ 112.696958321402448, -7.257973607296978 ], [ 112.696962406683852, -7.257958382691538 ], [ 112.696969077421343, -7.257944097766493 ], [ 112.696978130927704, -7.257931186561961 ], [ 112.696989292116669, -7.257920041378228 ], [ 112.697002221861126, -7.257911000855921 ], [ 112.697016527297478, -7.257904339686608 ], [ 112.697031773762404, -7.257900260266435 ], [ 112.697047498000074, -7.257898886546459 ] ] ] ] } },
{ "type": "Feature", "properties": { "OID_": 0, "Name": "Tanjung Sari 2", "FolderPath": "Data CCTV Usulan + 50 Jalur + Rencana 2026.kmz/Rencana 2026/Surabaya Barat.kmz/Surabaya Barat", "Jenis": "Rencana 2026", "SubJenis": "Surabaya Barat", "POINT_X": 112.703511859, "POINT_Y": -7.25422727, "POINT_Z": 0.0, "BUFF_DIST": 10.0, "ORIG_FID": 181 }, "geometry": { "type": "MultiPolygon", "coordinates": [ [ [ [ 112.703511859000059, -7.254136847531451 ], [ 112.703527583107132, -7.254138221251683 ], [ 112.703542829445453, -7.254142300672529 ], [ 112.703557134762988, -7.254148961842945 ], [ 112.703570064400068, -7.254158002366749 ], [ 112.703581225496336, -7.254169147552324 ], [ 112.703590278927521, -7.25418205875899 ], [ 112.70359694960959, -7.254196343686394 ], [ 112.703601034857073, -7.254211568294352 ], [ 112.703602410541549, -7.254227269990923 ], [ 112.703601034863254, -7.254242971688027 ], [ 112.7035969496212, -7.254258196297519 ], [ 112.703590278943167, -7.254272481227274 ], [ 112.703581225514142, -7.254285392436828 ], [ 112.70357006441786, -7.254296537625477 ], [ 112.703557134778634, -7.254305578152162 ], [ 112.703542829457064, -7.254312239324931 ], [ 112.703527583113313, -7.254316318747312 ], [ 112.703511859000059, -7.254317692468025 ], [ 112.703496134886805, -7.254316318747312 ], [ 112.703480888543055, -7.254312239324931 ], [ 112.703466583221498, -7.254305578152162 ], [ 112.703453653582258, -7.254296537625477 ], [ 112.703442492485991, -7.254285392436827 ], [ 112.703433439056965, -7.254272481227274 ], [ 112.703426768378918, -7.254258196297521 ], [ 112.703422683136864, -7.254242971688027 ], [ 112.703421307458569, -7.254227269990923 ], [ 112.703422683143046, -7.25421156829435 ], [ 112.703426768390528, -7.254196343686394 ], [ 112.703433439072612, -7.25418205875899 ], [ 112.703442492503783, -7.254169147552324 ], [ 112.70345365360005, -7.254158002366749 ], [ 112.703466583237145, -7.254148961842946 ], [ 112.703480888554665, -7.254142300672529 ], [ 112.703496134892987, -7.254138221251683 ], [ 112.703511859000059, -7.254136847531451 ] ] ] ] } },
{ "type": "Feature", "properties": { "OID_": 0, "Name": "Tanjung Sari 3", "FolderPath": "Data CCTV Usulan + 50 Jalur + Rencana 2026.kmz/Rencana 2026/Surabaya Barat.kmz/Surabaya Barat", "Jenis": "Rencana 2026", "SubJenis": "Surabaya Barat", "POINT_X": 112.705122776, "POINT_Y": -7.253322506, "POINT_Z": 0.0, "BUFF_DIST": 10.0, "ORIG_FID": 182 }, "geometry": { "type": "MultiPolygon", "coordinates": [ [ [ [ 112.705122776000053, -7.253232083527891 ], [ 112.705138500075719, -7.253233457248164 ], [ 112.705153746383601, -7.253237536669172 ], [ 112.705168051672558, -7.253244197839853 ], [ 112.705180981283831, -7.253253238364012 ], [ 112.705192142357816, -7.253264383550033 ], [ 112.705201195770911, -7.253277294757212 ], [ 112.705207866439679, -7.253291579685183 ], [ 112.705211951679004, -7.253306804293747 ], [ 112.705213327360724, -7.253322505990941 ], [ 112.705211951685186, -7.253338207688668 ], [ 112.705207866451289, -7.253353432298766 ], [ 112.705201195786572, -7.253367717229091 ], [ 112.705192142375608, -7.253380628439154 ], [ 112.705180981301638, -7.253391773628245 ], [ 112.705168051688219, -7.253400814155291 ], [ 112.705153746395212, -7.253407475328325 ], [ 112.705138500081901, -7.253411554750867 ], [ 112.705122776000053, -7.253412928471647 ], [ 112.705107051918191, -7.253411554750869 ], [ 112.70509180560488, -7.253407475328325 ], [ 112.705077500311887, -7.253400814155291 ], [ 112.705064570698468, -7.253391773628245 ], [ 112.705053409624483, -7.253380628439154 ], [ 112.705044356213534, -7.253367717229089 ], [ 112.705037685548803, -7.253353432298766 ], [ 112.70503360031492, -7.253338207688668 ], [ 112.705032224639368, -7.253322505990941 ], [ 112.705033600321102, -7.253306804293747 ], [ 112.705037685560427, -7.253291579685183 ], [ 112.70504435622918, -7.25327729475721 ], [ 112.705053409642275, -7.253264383550033 ], [ 112.70506457071626, -7.253253238364014 ], [ 112.705077500327533, -7.253244197839853 ], [ 112.705091805616505, -7.253237536669172 ], [ 112.705107051924372, -7.253233457248164 ], [ 112.705122776000053, -7.253232083527891 ] ] ] ] } },
{ "type": "Feature", "properties": { "OID_": 0, "Name": "Tambak Mayor 1", "FolderPath": "Data CCTV Usulan + 50 Jalur + Rencana 2026.kmz/Rencana 2026/Surabaya Barat.kmz/Surabaya Barat", "Jenis": "Rencana 2026", "SubJenis": "Surabaya Barat", "POINT_X": 112.707319697, "POINT_Y": -7.253448719, "POINT_Z": 0.0, "BUFF_DIST": 10.0, "ORIG_FID": 183 }, "geometry": { "type": "MultiPolygon", "coordinates": [ [ [ [ 112.707319697000116, -7.253358296528391 ], [ 112.707335421080174, -7.253359670248641 ], [ 112.707350667392291, -7.253363749669626 ], [ 112.707364972685241, -7.253370410840271 ], [ 112.707377902300109, -7.253379451364383 ], [ 112.707389063377207, -7.25339059655034 ], [ 112.707398116792831, -7.253403507757447 ], [ 112.707404787463446, -7.25341779268534 ], [ 112.707408872703922, -7.253433017293817 ], [ 112.707410248386026, -7.253448718990926 ], [ 112.707408872710104, -7.253464420688568 ], [ 112.707404787475056, -7.253479645298579 ], [ 112.707398116808477, -7.253493930228823 ], [ 112.707389063394999, -7.253506841438817 ], [ 112.707377902317916, -7.253517986627845 ], [ 112.707364972700887, -7.253527027154839 ], [ 112.707350667403901, -7.253533688327837 ], [ 112.707335421086356, -7.253537767750358 ], [ 112.707319697000116, -7.253539141471145 ], [ 112.707303972913891, -7.253537767750358 ], [ 112.707288726596332, -7.253533688327837 ], [ 112.707274421299346, -7.253527027154841 ], [ 112.707261491682317, -7.253517986627845 ], [ 112.707250330605234, -7.253506841438817 ], [ 112.707241277191756, -7.253493930228823 ], [ 112.707234606525176, -7.253479645298579 ], [ 112.707230521290143, -7.253464420688568 ], [ 112.707229145614207, -7.253448718990926 ], [ 112.707230521296324, -7.253433017293816 ], [ 112.707234606536787, -7.253417792685338 ], [ 112.707241277207402, -7.253403507757447 ], [ 112.707250330623026, -7.253390596550338 ], [ 112.707261491700123, -7.253379451364383 ], [ 112.707274421314992, -7.253370410840271 ], [ 112.707288726607942, -7.253363749669626 ], [ 112.707303972920059, -7.253359670248641 ], [ 112.707319697000116, -7.253358296528391 ] ] ] ] } },
{ "type": "Feature", "properties": { "OID_": 0, "Name": "Tambak Mayor 2", "FolderPath": "Data CCTV Usulan + 50 Jalur + Rencana 2026.kmz/Rencana 2026/Surabaya Barat.kmz/Surabaya Barat", "Jenis": "Rencana 2026", "SubJenis": "Surabaya Barat", "POINT_X": 112.707840456, "POINT_Y": -7.253573607, "POINT_Z": 0.0, "BUFF_DIST": 10.0, "ORIG_FID": 184 }, "geometry": { "type": "MultiPolygon", "coordinates": [ [ [ [ 112.707840456000099, -7.253483184528879 ], [ 112.707856180084491, -7.253484558249148 ], [ 112.707871426400814, -7.253488637670112 ], [ 112.707885731697701, -7.253495298840718 ], [ 112.707898661316136, -7.25350433936478 ], [ 112.707909822396303, -7.253515484550677 ], [ 112.707918875814428, -7.253528395757712 ], [ 112.707925546486891, -7.253542680685528 ], [ 112.707929631728476, -7.253557905293919 ], [ 112.707931007410963, -7.253573606990943 ], [ 112.707929631734643, -7.253589308688498 ], [ 112.707925546498487, -7.253604533298429 ], [ 112.707918875830075, -7.253618818228594 ], [ 112.707909822414095, -7.253631729438517 ], [ 112.707898661333942, -7.253642874627482 ], [ 112.707885731713347, -7.25365191515443 ], [ 112.707871426412424, -7.253658576327391 ], [ 112.707856180090673, -7.253662655749888 ], [ 112.707840456000099, -7.253664029470642 ], [ 112.707824731909525, -7.253662655749888 ], [ 112.707809485587774, -7.253658576327391 ], [ 112.707795180286851, -7.253651915154428 ], [ 112.707782250666256, -7.253642874627482 ], [ 112.707771089586103, -7.253631729438516 ], [ 112.707762036170124, -7.253618818228593 ], [ 112.707755365501711, -7.253604533298429 ], [ 112.707751280265555, -7.253589308688498 ], [ 112.707749904589249, -7.253573606990943 ], [ 112.707751280271722, -7.253557905293919 ], [ 112.707755365513307, -7.253542680685528 ], [ 112.70776203618577, -7.253528395757712 ], [ 112.707771089603895, -7.253515484550679 ], [ 112.707782250684062, -7.253504339364781 ], [ 112.707795180302497, -7.253495298840717 ], [ 112.707809485599384, -7.253488637670112 ], [ 112.707824731915707, -7.253484558249148 ], [ 112.707840456000099, -7.253483184528879 ] ] ] ] } },
{ "type": "Feature", "properties": { "OID_": 0, "Name": "Tambak Mayor 3", "FolderPath": "Data CCTV Usulan + 50 Jalur + Rencana 2026.kmz/Rencana 2026/Surabaya Barat.kmz/Surabaya Barat", "Jenis": "Rencana 2026", "SubJenis": "Surabaya Barat", "POINT_X": 112.70881877799999, "POINT_Y": -7.253515142, "POINT_Z": 0.0, "BUFF_DIST": 10.0, "ORIG_FID": 185 }, "geometry": { "type": "MultiPolygon", "coordinates": [ [ [ [ 112.708818778000023, -7.253424719528722 ], [ 112.708834502082397, -7.253426093248923 ], [ 112.708849748396744, -7.253430172669896 ], [ 112.708864053691798, -7.253436833840523 ], [ 112.708876983308556, -7.253445874364608 ], [ 112.708888144387288, -7.253457019550532 ], [ 112.708897197804248, -7.253469930757601 ], [ 112.708903868475829, -7.253484215685451 ], [ 112.708907953716889, -7.253499440293885 ], [ 112.708909329399205, -7.253515141990948 ], [ 112.70890795372307, -7.253530843688542 ], [ 112.708903868487454, -7.253546068298513 ], [ 112.708897197819894, -7.253560353228715 ], [ 112.70888814440508, -7.253573264438671 ], [ 112.708876983326363, -7.253584409627665 ], [ 112.708864053707444, -7.253593450154635 ], [ 112.708849748408355, -7.253600111327613 ], [ 112.708834502088578, -7.253604190750121 ], [ 112.708818778000023, -7.253605564470952 ], [ 112.708803053911481, -7.253604190750123 ], [ 112.70878780759169, -7.253600111327613 ], [ 112.708773502292615, -7.253593450154637 ], [ 112.708760572673697, -7.253584409627665 ], [ 112.708749411594965, -7.253573264438669 ], [ 112.708740358180165, -7.253560353228713 ], [ 112.708733687512606, -7.253546068298513 ], [ 112.708729602276975, -7.253530843688542 ], [ 112.708728226600854, -7.253515141990948 ], [ 112.708729602283171, -7.253499440293884 ], [ 112.708733687524216, -7.253484215685451 ], [ 112.708740358195811, -7.253469930757602 ], [ 112.708749411612771, -7.253457019550532 ], [ 112.708760572691489, -7.253445874364607 ], [ 112.708773502308262, -7.253436833840523 ], [ 112.708787807603315, -7.253430172669896 ], [ 112.708803053917663, -7.253426093248923 ], [ 112.708818778000023, -7.253424719528722 ] ] ] ] } },
{ "type": "Feature", "properties": { "OID_": 0, "Name": "Tambak Mayor 4", "FolderPath": "Data CCTV Usulan + 50 Jalur + Rencana 2026.kmz/Rencana 2026/Surabaya Barat.kmz/Surabaya Barat", "Jenis": "Rencana 2026", "SubJenis": "Surabaya Barat", "POINT_X": 112.708992424, "POINT_Y": -7.251118983, "POINT_Z": 0.0, "BUFF_DIST": 10.0, "ORIG_FID": 186 }, "geometry": { "type": "MultiPolygon", "coordinates": [ [ [ [ 112.70899242400003, -7.251028560519146 ], [ 112.70900814799927, -7.251029934239558 ], [ 112.709023394233014, -7.25103401366096 ], [ 112.709037699452423, -7.251040674832288 ], [ 112.709050629000842, -7.251049715357325 ], [ 112.709061790020556, -7.25106086054442 ], [ 112.70907084338964, -7.251073771752849 ], [ 112.709077514025964, -7.251088056682202 ], [ 112.709081599245437, -7.251103281292238 ], [ 112.709082974920477, -7.251118982990953 ], [ 112.709081599251604, -7.251134684690199 ], [ 112.709077514037588, -7.251149909301769 ], [ 112.709070843405286, -7.251164194233476 ], [ 112.709061790038348, -7.251177105444786 ], [ 112.70905062901862, -7.251188250634956 ], [ 112.70903769946807, -7.251197291162875 ], [ 112.709023394244625, -7.251203952336552 ], [ 112.709008148005438, -7.251208031759492 ], [ 112.70899242400003, -7.251209405480396 ], [ 112.708976699994622, -7.251208031759492 ], [ 112.708961453755435, -7.251203952336552 ], [ 112.70894714853199, -7.251197291162875 ], [ 112.70893421898144, -7.251188250634956 ], [ 112.708923057961712, -7.251177105444786 ], [ 112.708914004594774, -7.251164194233476 ], [ 112.708907333962486, -7.251149909301769 ], [ 112.708903248748456, -7.2511346846902 ], [ 112.708901873079597, -7.251118982990953 ], [ 112.708903248754623, -7.251103281292236 ], [ 112.708907333974096, -7.251088056682202 ], [ 112.708914004610421, -7.251073771752849 ], [ 112.708923057979504, -7.251060860544422 ], [ 112.708934218999218, -7.251049715357325 ], [ 112.708947148547637, -7.251040674832288 ], [ 112.708961453767046, -7.251034013660961 ], [ 112.70897670000079, -7.251029934239558 ], [ 112.70899242400003, -7.251028560519146 ] ] ] ] } },
{ "type": "Feature", "properties": { "OID_": 0, "Name": "Tambak Mayor 5", "FolderPath": "Data CCTV Usulan + 50 Jalur + Rencana 2026.kmz/Rencana 2026/Surabaya Barat.kmz/Surabaya Barat", "Jenis": "Rencana 2026", "SubJenis": "Surabaya Barat", "POINT_X": 112.710588523, "POINT_Y": -7.251464303, "POINT_Z": 0.0, "BUFF_DIST": 10.0, "ORIG_FID": 187 }, "geometry": { "type": "MultiPolygon", "coordinates": [ [ [ [ 112.710588523000069, -7.251373880520578 ], [ 112.71060424701129, -7.251375254240916 ], [ 112.710619493256658, -7.25137933366226 ], [ 112.710633798486967, -7.25138599483348 ], [ 112.710646728045219, -7.251395035358382 ], [ 112.710657889073445, -7.25140618054531 ], [ 112.710666942449436, -7.251419091753542 ], [ 112.710673613090833, -7.251433376682679 ], [ 112.710677698313418, -7.251448601292482 ], [ 112.710679073989496, -7.251464302990961 ], [ 112.710677698319586, -7.25148000468997 ], [ 112.710673613102443, -7.251495229301306 ], [ 112.710666942465082, -7.251509514232797 ], [ 112.710657889091237, -7.251522425443913 ], [ 112.710646728063011, -7.251533570633915 ], [ 112.710633798502613, -7.251542611161697 ], [ 112.710619493268254, -7.251549272335274 ], [ 112.710604247017471, -7.251553351758148 ], [ 112.710588523000069, -7.251554725479087 ], [ 112.710572798982682, -7.251553351758148 ], [ 112.710557552731899, -7.251549272335274 ], [ 112.71054324749754, -7.251542611161697 ], [ 112.710530317937128, -7.251533570633915 ], [ 112.710519156908916, -7.251522425443914 ], [ 112.710510103535071, -7.251509514232797 ], [ 112.71050343289771, -7.251495229301308 ], [ 112.710499347680567, -7.25148000468997 ], [ 112.710497972010657, -7.251464302990961 ], [ 112.710499347686735, -7.251448601292484 ], [ 112.71050343290932, -7.251433376682679 ], [ 112.710510103550718, -7.251419091753542 ], [ 112.710519156926694, -7.251406180545311 ], [ 112.710530317954934, -7.251395035358382 ], [ 112.710543247513186, -7.25138599483348 ], [ 112.710557552743495, -7.251379333662258 ], [ 112.710572798988863, -7.251375254240916 ], [ 112.710588523000069, -7.251373880520578 ] ] ] ] } },
{ "type": "Feature", "properties": { "OID_": 0, "Name": "Tambak Mayor 6", "FolderPath": "Data CCTV Usulan + 50 Jalur + Rencana 2026.kmz/Rencana 2026/Surabaya Barat.kmz/Surabaya Barat", "Jenis": "Rencana 2026", "SubJenis": "Surabaya Barat", "POINT_X": 112.710668098, "POINT_Y": -7.251536482, "POINT_Z": 0.0, "BUFF_DIST": 10.0, "ORIG_FID": 188 }, "geometry": { "type": "MultiPolygon", "coordinates": [ [ [ [ 112.710668098000042, -7.251446059520803 ], [ 112.710683822013763, -7.251447433241169 ], [ 112.710699068261547, -7.251451512662498 ], [ 112.710713373494144, -7.251458173833699 ], [ 112.710726303054457, -7.25146721435857 ], [ 112.71073746408446, -7.251478359545464 ], [ 112.710746517461885, -7.251491270753657 ], [ 112.710753188104349, -7.251505555682748 ], [ 112.710757273327587, -7.251520780292502 ], [ 112.710758649003893, -7.25153648199093 ], [ 112.710757273333755, -7.251552183689889 ], [ 112.710753188115959, -7.251567408301181 ], [ 112.710746517477531, -7.251581693232622 ], [ 112.710737464102252, -7.2515946044437 ], [ 112.710726303072249, -7.251605749633663 ], [ 112.71071337350979, -7.251614790161419 ], [ 112.710699068273158, -7.251621451334975 ], [ 112.710683822019931, -7.251625530757836 ], [ 112.710668098000042, -7.251626904478738 ], [ 112.710652373980153, -7.251625530757837 ], [ 112.710637127726926, -7.251621451334975 ], [ 112.710622822490294, -7.251614790161419 ], [ 112.710609892927835, -7.251605749633663 ], [ 112.710598731897846, -7.251594604443699 ], [ 112.710589678522567, -7.251581693232624 ], [ 112.710583007884125, -7.251567408301181 ], [ 112.710578922666329, -7.25155218368989 ], [ 112.710577546996191, -7.25153648199093 ], [ 112.710578922672511, -7.251520780292502 ], [ 112.710583007895735, -7.251505555682748 ], [ 112.710589678538199, -7.251491270753656 ], [ 112.710598731915624, -7.251478359545466 ], [ 112.710609892945627, -7.25146721435857 ], [ 112.71062282250594, -7.251458173833701 ], [ 112.710637127738536, -7.251451512662497 ], [ 112.710652373986335, -7.251447433241169 ], [ 112.710668098000042, -7.251446059520803 ] ] ] ] } },
{ "type": "Feature", "properties": { "OID_": 0, "Name": "Dupak Rukun 1", "FolderPath": "Data CCTV Usulan + 50 Jalur + Rencana 2026.kmz/Rencana 2026/Surabaya Barat.kmz/Surabaya Barat", "Jenis": "Rencana 2026", "SubJenis": "Surabaya Barat", "POINT_X": 112.71097355400001, "POINT_Y": -7.248110603, "POINT_Z": 0.0, "BUFF_DIST": 10.0, "ORIG_FID": 189 }, "geometry": { "type": "MultiPolygon", "coordinates": [ [ [ [ 112.71097355400002, -7.248020180507181 ], [ 112.710989277894924, -7.248021554227766 ], [ 112.711004524027516, -7.248025633649705 ], [ 112.71101882915201, -7.248032294821909 ], [ 112.711031758614638, -7.248041335348142 ], [ 112.711042919560299, -7.24805248053671 ], [ 112.711051972869299, -7.248065391746843 ], [ 112.711058643461371, -7.248079676678084 ], [ 112.711062728653729, -7.248094901290129 ], [ 112.711064104319632, -7.248110602990917 ], [ 112.711062728659897, -7.248126304692237 ], [ 112.711058643472967, -7.248141529305816 ], [ 112.711051972884945, -7.248155814239409 ], [ 112.711042919578077, -7.248168725452422 ], [ 112.711031758632402, -7.248179870644063 ], [ 112.711018829167642, -7.248188911173174 ], [ 112.711004524039112, -7.248195572347732 ], [ 112.710989277901092, -7.248199651771207 ], [ 112.71097355400002, -7.248201025492307 ], [ 112.710957830098948, -7.248199651771207 ], [ 112.710942583960929, -7.248195572347732 ], [ 112.710928278832398, -7.248188911173176 ], [ 112.710915349367639, -7.248179870644063 ], [ 112.710904188421978, -7.248168725452422 ], [ 112.710895135115095, -7.248155814239407 ], [ 112.710888464527073, -7.248141529305816 ], [ 112.710884379340143, -7.248126304692237 ], [ 112.710883003680408, -7.248110602990917 ], [ 112.710884379346311, -7.248094901290129 ], [ 112.710888464538669, -7.248079676678083 ], [ 112.710895135130741, -7.248065391746845 ], [ 112.710904188439741, -7.24805248053671 ], [ 112.710915349385417, -7.248041335348142 ], [ 112.71092827884803, -7.248032294821909 ], [ 112.710942583972525, -7.248025633649704 ], [ 112.710957830105116, -7.248021554227766 ], [ 112.71097355400002, -7.248020180507181 ] ] ] ] } },
{ "type": "Feature", "properties": { "OID_": 0, "Name": "Dupak Rukun 2", "FolderPath": "Data CCTV Usulan + 50 Jalur + Rencana 2026.kmz/Rencana 2026/Surabaya Barat.kmz/Surabaya Barat", "Jenis": "Rencana 2026", "SubJenis": "Surabaya Barat", "POINT_X": 112.71111680600001, "POINT_Y": -7.2482348, "POINT_Z": 0.0, "BUFF_DIST": 10.0, "ORIG_FID": 190 }, "geometry": { "type": "MultiPolygon", "coordinates": [ [ [ [ 112.711116806000064, -7.248144377507742 ], [ 112.711132529899274, -7.248145751228296 ], [ 112.711147776036043, -7.248149830650216 ], [ 112.71116208116446, -7.248156491822384 ], [ 112.711175010630626, -7.248165532348565 ], [ 112.711186171579342, -7.248176677537073 ], [ 112.71119522489083, -7.248189588747138 ], [ 112.71120189548472, -7.248203873678298 ], [ 112.711205980678201, -7.248219098290261 ], [ 112.711207356344488, -7.248234799990963 ], [ 112.711205980684369, -7.248250501692198 ], [ 112.71120189549633, -7.248265726305694 ], [ 112.711195224906461, -7.248280011239207 ], [ 112.711186171597106, -7.248292922452153 ], [ 112.71117501064839, -7.248304067643731 ], [ 112.711162081180092, -7.248313108172796 ], [ 112.711147776047653, -7.248319769347317 ], [ 112.711132529905456, -7.248323848770767 ], [ 112.711116806000064, -7.248325222491886 ], [ 112.711101082094686, -7.248323848770768 ], [ 112.711085835952488, -7.248319769347317 ], [ 112.71107153082005, -7.248313108172796 ], [ 112.711058601351738, -7.248304067643731 ], [ 112.711047440403021, -7.248292922452151 ], [ 112.71103838709368, -7.248280011239207 ], [ 112.711031716503811, -7.248265726305694 ], [ 112.711027631315773, -7.248250501692198 ], [ 112.711026255655653, -7.248234799990963 ], [ 112.71102763132194, -7.248219098290262 ], [ 112.711031716515421, -7.248203873678298 ], [ 112.711038387109312, -7.248189588747136 ], [ 112.711047440420799, -7.248176677537073 ], [ 112.711058601369515, -7.248165532348565 ], [ 112.711071530835682, -7.248156491822384 ], [ 112.711085835964099, -7.248149830650216 ], [ 112.711101082100868, -7.248145751228296 ], [ 112.711116806000064, -7.248144377507742 ] ] ] ] } },
{ "type": "Feature", "properties": { "OID_": 0, "Name": "Manukan Tama 1", "FolderPath": "Data CCTV Usulan + 50 Jalur + Rencana 2026.kmz/Rencana 2026/Surabaya Barat.kmz/Surabaya Barat", "Jenis": "Rencana 2026", "SubJenis": "Surabaya Barat", "POINT_X": 112.667553869, "POINT_Y": -7.260171552, "POINT_Z": 0.0, "BUFF_DIST": 10.0, "ORIG_FID": 191 }, "geometry": { "type": "MultiPolygon", "coordinates": [ [ [ [ 112.667553869000017, -7.260081129555146 ], [ 112.667569593313445, -7.260082503274964 ], [ 112.66758483985187, -7.260086582694744 ], [ 112.667599145357144, -7.26009324386342 ], [ 112.66761207516393, -7.260102284384859 ], [ 112.667623236406683, -7.260113429567523 ], [ 112.667632289956686, -7.260126340770818 ], [ 112.667638960726322, -7.260140625694492 ], [ 112.667643046027422, -7.260155850298471 ], [ 112.66764442172996, -7.260171551990942 ], [ 112.667643046033618, -7.260187253683949 ], [ 112.667638960737932, -7.260202478289466 ], [ 112.66763228997236, -7.260216763215492 ], [ 112.667623236424504, -7.260229674421674 ], [ 112.667612075181751, -7.260240819607412 ], [ 112.667599145372805, -7.260249860131741 ], [ 112.667584839863494, -7.260256521302773 ], [ 112.667569593319641, -7.260260600724089 ], [ 112.667553869000017, -7.260261974444497 ], [ 112.667538144680378, -7.260260600724089 ], [ 112.667522898136525, -7.260256521302773 ], [ 112.667508592627215, -7.260249860131742 ], [ 112.667495662818283, -7.260240819607412 ], [ 112.667484501575515, -7.260229674421674 ], [ 112.667475448027673, -7.260216763215492 ], [ 112.667468777262087, -7.260202478289466 ], [ 112.667464691966416, -7.260187253683949 ], [ 112.667463316270059, -7.260171551990942 ], [ 112.667464691972611, -7.260155850298471 ], [ 112.667468777273697, -7.260140625694491 ], [ 112.667475448043334, -7.260126340770817 ], [ 112.667484501593336, -7.260113429567525 ], [ 112.667495662836089, -7.260102284384859 ], [ 112.667508592642875, -7.26009324386342 ], [ 112.66752289814815, -7.260086582694743 ], [ 112.667538144686574, -7.260082503274964 ], [ 112.667553869000017, -7.260081129555146 ] ] ] ] } },
{ "type": "Feature", "properties": { "OID_": 0, "Name": "Manukan Tama 2", "FolderPath": "Data CCTV Usulan + 50 Jalur + Rencana 2026.kmz/Rencana 2026/Surabaya Barat.kmz/Surabaya Barat", "Jenis": "Rencana 2026", "SubJenis": "Surabaya Barat", "POINT_X": 112.66753060800001, "POINT_Y": -7.260353453, "POINT_Z": 0.0, "BUFF_DIST": 10.0, "ORIG_FID": 192 }, "geometry": { "type": "MultiPolygon", "coordinates": [ [ [ [ 112.667530608000106, -7.260263030555803 ], [ 112.667546332319858, -7.26026440427564 ], [ 112.667561578864408, -7.260268483695387 ], [ 112.667575884375438, -7.26027514486401 ], [ 112.667588814187411, -7.260284185385379 ], [ 112.667599975434655, -7.260295330567952 ], [ 112.667609028988295, -7.260308241771142 ], [ 112.667615699760603, -7.260322526694702 ], [ 112.667619785063351, -7.260337751298561 ], [ 112.66762116076643, -7.260353452990906 ], [ 112.667619785069533, -7.260369154683787 ], [ 112.667615699772227, -7.260384379289184 ], [ 112.667609029003955, -7.260398664215096 ], [ 112.667599975452461, -7.260411575421174 ], [ 112.667588814205217, -7.260422720606823 ], [ 112.667575884391098, -7.260431761131077 ], [ 112.667561578876047, -7.260438422302058 ], [ 112.667546332326054, -7.26044250172334 ], [ 112.667530608000106, -7.260443875443706 ], [ 112.667514883674158, -7.26044250172334 ], [ 112.667499637124166, -7.260438422302058 ], [ 112.667485331609114, -7.260431761131079 ], [ 112.667472401794981, -7.260422720606823 ], [ 112.667461240547738, -7.260411575421172 ], [ 112.667452186996243, -7.260398664215094 ], [ 112.667445516227986, -7.260384379289184 ], [ 112.66744143093068, -7.260369154683787 ], [ 112.667440055233783, -7.260353452990906 ], [ 112.667441430936861, -7.260337751298561 ], [ 112.66744551623961, -7.260322526694703 ], [ 112.667452187011904, -7.260308241771142 ], [ 112.667461240565558, -7.260295330567952 ], [ 112.667472401812802, -7.260284185385378 ], [ 112.667485331624775, -7.26027514486401 ], [ 112.667499637135791, -7.260268483695385 ], [ 112.66751488368034, -7.26026440427564 ], [ 112.667530608000106, -7.260263030555803 ] ] ] ] } },
{ "type": "Feature", "properties": { "OID_": 0, "Name": "Manukan Tama 3", "FolderPath": "Data CCTV Usulan + 50 Jalur + Rencana 2026.kmz/Rencana 2026/Surabaya Barat.kmz/Surabaya Barat", "Jenis": "Rencana 2026", "SubJenis": "Surabaya Barat", "POINT_X": 112.667264786, "POINT_Y": -7.262591178, "POINT_Z": 0.0, "BUFF_DIST": 10.0, "ORIG_FID": 193 }, "geometry": { "type": "MultiPolygon", "coordinates": [ [ [ [ 112.667264786000032, -7.26250075556475 ], [ 112.667280510397518, -7.26250212928444 ], [ 112.667295757017442, -7.262506208703785 ], [ 112.667310062599199, -7.262512869871753 ], [ 112.667322992475093, -7.262521910392231 ], [ 112.667334153777503, -7.26253305557371 ], [ 112.667343207375907, -7.26254596677563 ], [ 112.667349878181184, -7.262560251697782 ], [ 112.667353963504141, -7.262575476300144 ], [ 112.667355339214012, -7.262591177990945 ], [ 112.667353963510323, -7.26260687968228 ], [ 112.667349878192809, -7.26262210428618 ], [ 112.667343207391568, -7.262636389210688 ], [ 112.667334153795323, -7.262649300415496 ], [ 112.667322992492913, -7.262660445600051 ], [ 112.66731006261486, -7.262669486123417 ], [ 112.667295757029081, -7.26267614729374 ], [ 112.667280510403714, -7.262680226714624 ], [ 112.667264786000032, -7.262681600434866 ], [ 112.667249061596337, -7.262680226714624 ], [ 112.667233814970984, -7.26267614729374 ], [ 112.667219509385205, -7.262669486123419 ], [ 112.667206579507152, -7.262660445600051 ], [ 112.667195418204741, -7.262649300415496 ], [ 112.667186364608483, -7.262636389210686 ], [ 112.667179693807242, -7.26262210428618 ], [ 112.667175608489742, -7.262606879682282 ], [ 112.667174232786039, -7.262591177990945 ], [ 112.667175608495924, -7.262575476300145 ], [ 112.667179693818866, -7.262560251697782 ], [ 112.667186364624143, -7.26254596677563 ], [ 112.667195418222548, -7.26253305557371 ], [ 112.667206579524972, -7.262521910392231 ], [ 112.667219509400866, -7.262512869871753 ], [ 112.667233814982623, -7.262506208703785 ], [ 112.667249061602533, -7.26250212928444 ], [ 112.667264786000032, -7.26250075556475 ] ] ] ] } },
{ "type": "Feature", "properties": { "OID_": 0, "Name": "Manukan Tama 4", "FolderPath": "Data CCTV Usulan + 50 Jalur + Rencana 2026.kmz/Rencana 2026/Surabaya Barat.kmz/Surabaya Barat", "Jenis": "Rencana 2026", "SubJenis": "Surabaya Barat", "POINT_X": 112.66725506100001, "POINT_Y": -7.262709829, "POINT_Z": 0.0, "BUFF_DIST": 10.0, "ORIG_FID": 194 }, "geometry": { "type": "MultiPolygon", "coordinates": [ [ [ [ 112.667255061000105, -7.262619406565215 ], [ 112.667270785401726, -7.262620780284886 ], [ 112.667286032025643, -7.262624859704211 ], [ 112.667300337611138, -7.262631520872143 ], [ 112.667313267490442, -7.262640561392574 ], [ 112.667324428795766, -7.262651706573997 ], [ 112.667333482396543, -7.262664617775847 ], [ 112.667340153203583, -7.262678902697926 ], [ 112.667344238527591, -7.262694127300208 ], [ 112.667345614237846, -7.262709828990926 ], [ 112.667344238533786, -7.262725530682181 ], [ 112.667340153215207, -7.262740755285998 ], [ 112.667333482412204, -7.262755040210434 ], [ 112.6673244288136, -7.262767951415174 ], [ 112.667313267508248, -7.26277909659967 ], [ 112.667300337626799, -7.26278813712299 ], [ 112.667286032037282, -7.262794798293279 ], [ 112.667270785407922, -7.262798877714141 ], [ 112.667255061000105, -7.262800251434387 ], [ 112.667239336592303, -7.262798877714141 ], [ 112.667224089962943, -7.262794798293279 ], [ 112.667209784373412, -7.26278813712299 ], [ 112.667196854491976, -7.26277909659967 ], [ 112.667185693186624, -7.262767951415174 ], [ 112.667176639588007, -7.262755040210433 ], [ 112.667169968785018, -7.262740755286 ], [ 112.667165883466438, -7.262725530682181 ], [ 112.667164507762379, -7.262709828990926 ], [ 112.667165883472634, -7.262694127300207 ], [ 112.667169968796642, -7.262678902697926 ], [ 112.667176639603667, -7.262664617775846 ], [ 112.667185693204445, -7.262651706573995 ], [ 112.667196854509783, -7.262640561392574 ], [ 112.667209784389073, -7.262631520872142 ], [ 112.667224089974567, -7.262624859704209 ], [ 112.667239336598499, -7.262620780284886 ], [ 112.667255061000105, -7.262619406565215 ] ] ] ] } },
{ "type": "Feature", "properties": { "OID_": 0, "Name": "Manukan Tama 5", "FolderPath": "Data CCTV Usulan + 50 Jalur + Rencana 2026.kmz/Rencana 2026/Surabaya Barat.kmz/Surabaya Barat", "Jenis": "Rencana 2026", "SubJenis": "Surabaya Barat", "POINT_X": 112.666664, "POINT_Y": -7.265692493, "POINT_Z": 0.0, "BUFF_DIST": 10.0, "ORIG_FID": 195 }, "geometry": { "type": "MultiPolygon", "coordinates": [ [ [ [ 112.666664, -7.265602070577059 ], [ 112.666679724505357, -7.265603444296565 ], [ 112.666694971229774, -7.265607523715353 ], [ 112.666709276909558, -7.265614184882413 ], [ 112.666722206874098, -7.265623225401659 ], [ 112.666733368253006, -7.265634370581615 ], [ 112.666742421913455, -7.265647281781775 ], [ 112.666749092764476, -7.265661566701978 ], [ 112.666753178115414, -7.265676791302264 ], [ 112.666754553834735, -7.265692492990923 ], [ 112.66675317812161, -7.265708194680119 ], [ 112.666749092776101, -7.265723419281941 ], [ 112.666742421929129, -7.265737704204502 ], [ 112.666733368270826, -7.26575061540755 ], [ 112.666722206891919, -7.265761760590586 ], [ 112.666709276925232, -7.265770801112721 ], [ 112.666694971241398, -7.265777462282134 ], [ 112.666679724511539, -7.265781541702463 ], [ 112.666664, -7.265782915422511 ], [ 112.666648275488612, -7.265781541702463 ], [ 112.666633028758767, -7.265777462282134 ], [ 112.666618723074919, -7.265770801112721 ], [ 112.666605793108246, -7.265761760590586 ], [ 112.666594631729339, -7.26575061540755 ], [ 112.666585578071022, -7.265737704204502 ], [ 112.66657890722405, -7.265723419281941 ], [ 112.666574821878555, -7.265708194680119 ], [ 112.66657344616543, -7.265692492990923 ], [ 112.666574821884751, -7.265676791302264 ], [ 112.666578907235689, -7.265661566701979 ], [ 112.666585578086696, -7.265647281781773 ], [ 112.666594631747159, -7.265634370581615 ], [ 112.666605793126067, -7.265623225401657 ], [ 112.666618723090593, -7.265614184882413 ], [ 112.666633028770391, -7.265607523715353 ], [ 112.666648275494808, -7.265603444296565 ], [ 112.666664, -7.265602070577059 ] ] ] ] } },
{ "type": "Feature", "properties": { "OID_": 0, "Name": "Manukan Tama 6", "FolderPath": "Data CCTV Usulan + 50 Jalur + Rencana 2026.kmz/Rencana 2026/Surabaya Barat.kmz/Surabaya Barat", "Jenis": "Rencana 2026", "SubJenis": "Surabaya Barat", "POINT_X": 112.666632886, "POINT_Y": -7.265865314, "POINT_Z": 0.0, "BUFF_DIST": 10.0, "ORIG_FID": 196 }, "geometry": { "type": "MultiPolygon", "coordinates": [ [ [ [ 112.666632886000116, -7.265774891577764 ], [ 112.666648610511388, -7.265776265297222 ], [ 112.66666385724163, -7.26578034471598 ], [ 112.6666781629269, -7.265787005882987 ], [ 112.666691092896357, -7.265796046402165 ], [ 112.666702254279528, -7.265807191582036 ], [ 112.666711307943444, -7.265820102782096 ], [ 112.66671797879701, -7.265834387702195 ], [ 112.666722064149511, -7.265849612302365 ], [ 112.666723439869358, -7.265865313990903 ], [ 112.666722064155707, -7.265881015679978 ], [ 112.666717978808634, -7.265896240281683 ], [ 112.666711307959119, -7.265910525204138 ], [ 112.666702254297363, -7.265923436407086 ], [ 112.666691092914192, -7.265934581590038 ], [ 112.666678162942574, -7.265943622112104 ], [ 112.666663857253255, -7.265950283281468 ], [ 112.666648610517569, -7.265954362701766 ], [ 112.666632886000116, -7.265955736421846 ], [ 112.666617161482648, -7.265954362701766 ], [ 112.666601914746963, -7.265950283281468 ], [ 112.666587609057643, -7.265943622112104 ], [ 112.66657467908604, -7.265934581590038 ], [ 112.666563517702869, -7.265923436407088 ], [ 112.666554464041099, -7.265910525204138 ], [ 112.666547793191583, -7.265896240281685 ], [ 112.666543707844511, -7.265881015679979 ], [ 112.666542332130859, -7.265865313990903 ], [ 112.666543707850707, -7.265849612302365 ], [ 112.666547793203208, -7.265834387702195 ], [ 112.666554464056773, -7.265820102782098 ], [ 112.666563517720689, -7.265807191582036 ], [ 112.66657467910386, -7.265796046402163 ], [ 112.666587609073318, -7.265787005882987 ], [ 112.666601914758587, -7.265780344715978 ], [ 112.66661716148883, -7.265776265297222 ], [ 112.666632886000116, -7.265774891577764 ] ] ] ] } },
{ "type": "Feature", "properties": { "OID_": 0, "Name": "Manukan Tama 7", "FolderPath": "Data CCTV Usulan + 50 Jalur + Rencana 2026.kmz/Rencana 2026/Surabaya Barat.kmz/Surabaya Barat", "Jenis": "Rencana 2026", "SubJenis": "Surabaya Barat", "POINT_X": 112.666109758, "POINT_Y": -7.268216123, "POINT_Z": 0.0, "BUFF_DIST": 10.0, "ORIG_FID": 197 }, "geometry": { "type": "MultiPolygon", "coordinates": [ [ [ [ 112.666109758000061, -7.268125700587069 ], [ 112.666125482593074, -7.268127074306435 ], [ 112.666140729402557, -7.268131153724771 ], [ 112.666155035162177, -7.268137814891087 ], [ 112.666167965198838, -7.268146855409331 ], [ 112.666179126640031, -7.268158000588052 ], [ 112.666188180351, -7.268170911786775 ], [ 112.66619485123924, -7.268185196705396 ], [ 112.666198936612972, -7.268200421303987 ], [ 112.666200312339967, -7.268216122990904 ], [ 112.666198936619168, -7.268231824678357 ], [ 112.666194851250864, -7.268247049278492 ], [ 112.666188180366689, -7.268261334199465 ], [ 112.666179126657866, -7.268274245401082 ], [ 112.666167965216673, -7.26828539058288 ], [ 112.666155035177866, -7.268294431104013 ], [ 112.666140729414209, -7.268301092272688 ], [ 112.66612548259927, -7.268305171692563 ], [ 112.666109758000061, -7.268306545412449 ], [ 112.666094033400867, -7.268305171692563 ], [ 112.666078786585928, -7.268301092272688 ], [ 112.666064480822271, -7.268294431104013 ], [ 112.66605155078345, -7.26828539058288 ], [ 112.666040389342271, -7.26827424540108 ], [ 112.666031335633448, -7.268261334199465 ], [ 112.666024664749258, -7.268247049278492 ], [ 112.666020579380955, -7.268231824678357 ], [ 112.666019203660156, -7.268216122990904 ], [ 112.666020579387151, -7.268200421303987 ], [ 112.666024664760897, -7.268185196705394 ], [ 112.666031335649137, -7.268170911786775 ], [ 112.666040389360091, -7.268158000588051 ], [ 112.666051550801299, -7.268146855409331 ], [ 112.66606448083796, -7.268137814891087 ], [ 112.666078786597566, -7.268131153724769 ], [ 112.666094033407063, -7.268127074306435 ], [ 112.666109758000061, -7.268125700587069 ] ] ] ] } },
{ "type": "Feature", "properties": { "OID_": 0, "Name": "Tambak Osowilangon 1", "FolderPath": "Data CCTV Usulan + 50 Jalur + Rencana 2026.kmz/Rencana 2026/Surabaya Barat.kmz/Surabaya Barat", "Jenis": "Rencana 2026", "SubJenis": "Surabaya Barat", "POINT_X": 112.649350455, "POINT_Y": -7.202125342, "POINT_Z": 0.0, "BUFF_DIST": 10.0, "ORIG_FID": 198 }, "geometry": { "type": "MultiPolygon", "coordinates": [ [ [ [ 112.649350455000103, -7.202034919325313 ], [ 112.649366177305765, -7.202036293048663 ], [ 112.649381421897388, -7.202040372478813 ], [ 112.649395725576028, -7.202047033664424 ], [ 112.64940865373184, -7.202056074208849 ], [ 112.649419813549429, -7.202067219419844 ], [ 112.649428865943392, -7.202080130655954 ], [ 112.649435535861215, -7.202094415615934 ], [ 112.649439620640663, -7.202109640258605 ], [ 112.649440996167513, -7.202125341990977 ], [ 112.649439620646802, -7.202141043723875 ], [ 112.649435535872755, -7.202156268368071 ], [ 112.649428865958924, -7.202170553330387 ], [ 112.649419813567107, -7.202183464569364 ], [ 112.649408653749504, -7.202194609783409 ], [ 112.649395725591575, -7.202203650330695 ], [ 112.649381421908927, -7.202210311518643 ], [ 112.64936617731189, -7.202214390950318 ], [ 112.649350455000103, -7.202215764674174 ], [ 112.649334732688317, -7.20221439095032 ], [ 112.64931948809128, -7.202210311518643 ], [ 112.649305184408632, -7.202203650330695 ], [ 112.649292256250703, -7.202194609783409 ], [ 112.6492810964331, -7.202183464569362 ], [ 112.649272044041282, -7.202170553330387 ], [ 112.649265374127452, -7.202156268368073 ], [ 112.649261289353404, -7.202141043723875 ], [ 112.649259913832694, -7.202125341990977 ], [ 112.649261289359544, -7.202109640258605 ], [ 112.649265374138992, -7.202094415615934 ], [ 112.649272044056815, -7.202080130655954 ], [ 112.649281096450778, -7.202067219419845 ], [ 112.649292256268353, -7.202056074208849 ], [ 112.649305184424165, -7.202047033664424 ], [ 112.649319488102819, -7.202040372478813 ], [ 112.649334732694442, -7.202036293048663 ], [ 112.649350455000103, -7.202034919325313 ] ] ] ] } },
{ "type": "Feature", "properties": { "OID_": 0, "Name": "Tambak Osowilangon 2", "FolderPath": "Data CCTV Usulan + 50 Jalur + Rencana 2026.kmz/Rencana 2026/Surabaya Barat.kmz/Surabaya Barat", "Jenis": "Rencana 2026", "SubJenis": "Surabaya Barat", "POINT_X": 112.649344963, "POINT_Y": -7.202131955, "POINT_Z": 0.0, "BUFF_DIST": 10.0, "ORIG_FID": 199 }, "geometry": { "type": "MultiPolygon", "coordinates": [ [ [ [ 112.64934496300009, -7.202041532325401 ], [ 112.649360685305979, -7.202042906048724 ], [ 112.649375929897829, -7.202046985478874 ], [ 112.649390233576682, -7.202053646664484 ], [ 112.649403161732678, -7.202062687208905 ], [ 112.649414321550424, -7.202073832419896 ], [ 112.649423373944515, -7.202086743656005 ], [ 112.649430043862438, -7.202101028615979 ], [ 112.649434128641943, -7.202116253258647 ], [ 112.649435504168807, -7.202131954991012 ], [ 112.649434128648082, -7.202147656723906 ], [ 112.649430043873977, -7.2021628813681 ], [ 112.649423373960062, -7.202177166330411 ], [ 112.649414321568102, -7.202190077569383 ], [ 112.649403161750342, -7.202201222783425 ], [ 112.649390233592214, -7.202210263330711 ], [ 112.649375929909354, -7.202216924518655 ], [ 112.649360685312104, -7.20222100395033 ], [ 112.64934496300009, -7.202222377674212 ], [ 112.649329240688076, -7.20222100395033 ], [ 112.649313996090825, -7.202216924518655 ], [ 112.649299692407965, -7.202210263330709 ], [ 112.649286764249837, -7.202201222783425 ], [ 112.649275604432091, -7.202190077569383 ], [ 112.649266552040118, -7.202177166330411 ], [ 112.649259882126202, -7.2021628813681 ], [ 112.649255797352097, -7.202147656723906 ], [ 112.649254421831372, -7.202131954991012 ], [ 112.649255797358251, -7.202116253258647 ], [ 112.649259882137741, -7.202101028615979 ], [ 112.649266552055664, -7.202086743656005 ], [ 112.649275604449755, -7.202073832419896 ], [ 112.649286764267515, -7.202062687208903 ], [ 112.649299692423497, -7.202053646664486 ], [ 112.64931399610235, -7.202046985478874 ], [ 112.6493292406942, -7.202042906048724 ], [ 112.64934496300009, -7.202041532325401 ] ] ] ] } },
{ "type": "Feature", "properties": { "OID_": 0, "Name": "Tambak Osowilangon 3", "FolderPath": "Data CCTV Usulan + 50 Jalur + Rencana 2026.kmz/Rencana 2026/Surabaya Barat.kmz/Surabaya Barat", "Jenis": "Rencana 2026", "SubJenis": "Surabaya Barat", "POINT_X": 112.653850164, "POINT_Y": -7.215149274, "POINT_Z": 0.0, "BUFF_DIST": 10.0, "ORIG_FID": 200 }, "geometry": { "type": "MultiPolygon", "coordinates": [ [ [ [ 112.653850164, -7.21505885137675 ], [ 112.653865886754716, -7.215060225099283 ], [ 112.653881131781745, -7.215064304527114 ], [ 112.653895435868932, -7.215070965708936 ], [ 112.653908364393985, -7.215080006248218 ], [ 112.653919524530323, -7.215091151452877 ], [ 112.653928577182839, -7.215104062681647 ], [ 112.653935247291187, -7.215118347633507 ], [ 112.653939332187292, -7.215133572267523 ], [ 112.653940707753421, -7.215149273990968 ], [ 112.653939332193431, -7.215164975714943 ], [ 112.653935247302726, -7.215180200350487 ], [ 112.6539285771984, -7.215194485304685 ], [ 112.653919524548016, -7.215207396536325 ], [ 112.653908364411691, -7.215218541744037 ], [ 112.653895435884493, -7.21522758228619 ], [ 112.653881131793298, -7.215234243470353 ], [ 112.653865886760869, -7.215238322899712 ], [ 112.653850164, -7.215239696622826 ], [ 112.653834441239141, -7.215238322899713 ], [ 112.653819196206712, -7.215234243470353 ], [ 112.653804892115517, -7.21522758228619 ], [ 112.653791963588318, -7.215218541744037 ], [ 112.653780803451994, -7.215207396536325 ], [ 112.65377175080161, -7.215194485304683 ], [ 112.653765080697283, -7.215180200350488 ], [ 112.653760995806579, -7.215164975714943 ], [ 112.653759620246589, -7.215149273990968 ], [ 112.653760995812718, -7.215133572267523 ], [ 112.653765080708823, -7.215118347633505 ], [ 112.653771750817171, -7.215104062681647 ], [ 112.653780803469687, -7.215091151452875 ], [ 112.653791963606025, -7.215080006248218 ], [ 112.653804892131078, -7.215070965708936 ], [ 112.653819196218265, -7.215064304527114 ], [ 112.653834441245294, -7.215060225099283 ], [ 112.653850164, -7.21505885137675 ] ] ] ] } },
{ "type": "Feature", "properties": { "OID_": 0, "Name": "Tambak Osowilangon 4", "FolderPath": "Data CCTV Usulan + 50 Jalur + Rencana 2026.kmz/Rencana 2026/Surabaya Barat.kmz/Surabaya Barat", "Jenis": "Rencana 2026", "SubJenis": "Surabaya Barat", "POINT_X": 112.653977893, "POINT_Y": -7.215590966, "POINT_Z": 0.0, "BUFF_DIST": 10.0, "ORIG_FID": 201 }, "geometry": { "type": "MultiPolygon", "coordinates": [ [ [ [ 112.653977893000047, -7.215500543378503 ], [ 112.653993615770005, -7.215501917101038 ], [ 112.654008860811814, -7.21550599652879 ], [ 112.654023164912871, -7.215512657710485 ], [ 112.654036093450472, -7.215521698249592 ], [ 112.654047253597625, -7.215532843454037 ], [ 112.654056306258909, -7.215545754682555 ], [ 112.654062976373723, -7.21556003963414 ], [ 112.654067061273778, -7.215575264267863 ], [ 112.654068436841257, -7.215590965991005 ], [ 112.654067061279932, -7.215606667714679 ], [ 112.654062976385276, -7.215621892349929 ], [ 112.65405630627447, -7.215636177303849 ], [ 112.654047253615317, -7.215649088535242 ], [ 112.654036093468164, -7.215660233742739 ], [ 112.654023164928432, -7.215669274284716 ], [ 112.654008860823367, -7.215675935468752 ], [ 112.653993615776145, -7.215680014898032 ], [ 112.653977893000047, -7.215681388621089 ], [ 112.653962170223949, -7.215680014898032 ], [ 112.65394692517674, -7.215675935468752 ], [ 112.653932621071675, -7.215669274284718 ], [ 112.653919692531943, -7.215660233742739 ], [ 112.65390853238479, -7.215649088535242 ], [ 112.653899479725624, -7.21563617730385 ], [ 112.653892809614831, -7.215621892349929 ], [ 112.653888724720176, -7.215606667714679 ], [ 112.65388734915885, -7.215590965991005 ], [ 112.653888724726329, -7.215575264267863 ], [ 112.653892809626385, -7.215560039634139 ], [ 112.653899479741185, -7.215545754682557 ], [ 112.653908532402482, -7.215532843454037 ], [ 112.653919692549636, -7.215521698249592 ], [ 112.653932621087236, -7.215512657710485 ], [ 112.653946925188293, -7.21550599652879 ], [ 112.653962170230102, -7.215501917101038 ], [ 112.653977893000047, -7.215500543378503 ] ] ] ] } },
{ "type": "Feature", "properties": { "OID_": 0, "Name": "Gresik 1", "FolderPath": "Data CCTV Usulan + 50 Jalur + Rencana 2026.kmz/Rencana 2026/Surabaya Barat.kmz/Surabaya Barat", "Jenis": "Rencana 2026", "SubJenis": "Surabaya Barat", "POINT_X": 112.659919606, "POINT_Y": -7.222785231, "POINT_Z": 0.0, "BUFF_DIST": 10.0, "ORIG_FID": 202 }, "geometry": { "type": "MultiPolygon", "coordinates": [ [ [ [ 112.659919606000017, -7.222694808406893 ], [ 112.659935329018396, -7.22269618212899 ], [ 112.659950574301092, -7.222700261555457 ], [ 112.659964878628145, -7.222706922735057 ], [ 112.659977807369998, -7.222715963271321 ], [ 112.659988967693494, -7.222727108472259 ], [ 112.659998020497824, -7.222740019696717 ], [ 112.660004690718026, -7.222754304643808 ], [ 112.660008775682641, -7.222769529272744 ], [ 112.660010151271848, -7.222785230990948 ], [ 112.660008775688794, -7.222800932709685 ], [ 112.660004690729593, -7.22281615734015 ], [ 112.659998020513399, -7.222830442289581 ], [ 112.6599889677112, -7.222843353516915 ], [ 112.659977807387719, -7.22285449872091 ], [ 112.65996487864372, -7.222863539260047 ], [ 112.659950574312646, -7.22287020044199 ], [ 112.659935329024535, -7.222874279869989 ], [ 112.659919606000017, -7.222875653592619 ], [ 112.659903882975485, -7.222874279869989 ], [ 112.659888637687374, -7.22287020044199 ], [ 112.659874333356299, -7.222863539260047 ], [ 112.6598614046123, -7.22285449872091 ], [ 112.659850244288819, -7.222843353516914 ], [ 112.65984119148662, -7.222830442289581 ], [ 112.65983452127044, -7.222816157340151 ], [ 112.659830436311225, -7.222800932709685 ], [ 112.659829060728171, -7.222785230990948 ], [ 112.659830436317392, -7.222769529272744 ], [ 112.659834521282008, -7.222754304643808 ], [ 112.659841191502196, -7.222740019696717 ], [ 112.659850244306526, -7.222727108472259 ], [ 112.659861404630021, -7.22271596327132 ], [ 112.659874333371889, -7.222706922735057 ], [ 112.659888637698941, -7.222700261555457 ], [ 112.659903882981638, -7.22269618212899 ], [ 112.659919606000017, -7.222694808406893 ] ] ] ] } },
{ "type": "Feature", "properties": { "OID_": 0, "Name": "Gresik 2", "FolderPath": "Data CCTV Usulan + 50 Jalur + Rencana 2026.kmz/Rencana 2026/Surabaya Barat.kmz/Surabaya Barat", "Jenis": "Rencana 2026", "SubJenis": "Surabaya Barat", "POINT_X": 112.660161011, "POINT_Y": -7.222920487, "POINT_Z": 0.0, "BUFF_DIST": 10.0, "ORIG_FID": 203 }, "geometry": { "type": "MultiPolygon", "coordinates": [ [ [ [ 112.660161011000014, -7.222830064407444 ], [ 112.660176734023068, -7.222831438129537 ], [ 112.660191979310284, -7.222835517555984 ], [ 112.6602062836416, -7.222842178735543 ], [ 112.660219212387304, -7.222851219271753 ], [ 112.660230372714111, -7.222862364472624 ], [ 112.660239425521141, -7.222875275697009 ], [ 112.660246095743318, -7.222889560644014 ], [ 112.660250180709141, -7.222904785272858 ], [ 112.660251556298761, -7.222920486990971 ], [ 112.660250180715295, -7.222936188709614 ], [ 112.660246095754886, -7.222951413339988 ], [ 112.660239425536702, -7.222965698289337 ], [ 112.660230372731831, -7.222978609516595 ], [ 112.660219212405025, -7.222989754720524 ], [ 112.660206283657175, -7.222998795259607 ], [ 112.660191979321851, -7.223005456441507 ], [ 112.660176734029207, -7.223009535869481 ], [ 112.660161011000014, -7.2230109095921 ], [ 112.660145287970821, -7.223009535869481 ], [ 112.660130042678176, -7.223005456441507 ], [ 112.660115738342853, -7.222998795259607 ], [ 112.660102809595003, -7.222989754720524 ], [ 112.660091649268196, -7.222978609516593 ], [ 112.660082596463312, -7.222965698289336 ], [ 112.660075926245142, -7.222951413339988 ], [ 112.660071841284733, -7.222936188709614 ], [ 112.660070465701267, -7.222920486990971 ], [ 112.660071841290886, -7.22290478527286 ], [ 112.66007592625671, -7.222889560644014 ], [ 112.660082596478887, -7.222875275697009 ], [ 112.660091649285917, -7.222862364472626 ], [ 112.660102809612724, -7.222851219271753 ], [ 112.660115738358428, -7.222842178735543 ], [ 112.660130042689744, -7.222835517555984 ], [ 112.66014528797696, -7.222831438129537 ], [ 112.660161011000014, -7.222830064407444 ] ] ] ] } },
{ "type": "Feature", "properties": { "OID_": 0, "Name": "Gresik 3", "FolderPath": "Data CCTV Usulan + 50 Jalur + Rencana 2026.kmz/Rencana 2026/Surabaya Barat.kmz/Surabaya Barat", "Jenis": "Rencana 2026", "SubJenis": "Surabaya Barat", "POINT_X": 112.66334588399999, "POINT_Y": -7.224435172, "POINT_Z": 0.0, "BUFF_DIST": 10.0, "ORIG_FID": 204 }, "geometry": { "type": "MultiPolygon", "coordinates": [ [ [ [ 112.663345884000023, -7.224344749413453 ], [ 112.663361607075402, -7.224346123135454 ], [ 112.663376852413379, -7.224350202561629 ], [ 112.663391156792301, -7.224356863740748 ], [ 112.663404085581035, -7.224365904276358 ], [ 112.663415245944989, -7.224377049476491 ], [ 112.663424298782147, -7.224389960700021 ], [ 112.663430969026535, -7.224404245646078 ], [ 112.663435054005973, -7.224419470273916 ], [ 112.663436429600168, -7.224435171990987 ], [ 112.663435054012126, -7.224450873708592 ], [ 112.663430969038103, -7.224466098337957 ], [ 112.663424298797736, -7.22448038328636 ], [ 112.663415245962724, -7.224493294512761 ], [ 112.663404085598771, -7.224504439715951 ], [ 112.66339115680789, -7.224513480254439 ], [ 112.663376852424946, -7.224520141435899 ], [ 112.663361607081555, -7.224524220863603 ], [ 112.663345884000023, -7.224525594586131 ], [ 112.663330160918491, -7.224524220863603 ], [ 112.6633149155751, -7.224520141435899 ], [ 112.663300611192156, -7.224513480254441 ], [ 112.663287682401275, -7.224504439715951 ], [ 112.663276522037322, -7.224493294512761 ], [ 112.663267469202296, -7.224480383286359 ], [ 112.663260798961929, -7.224466098337959 ], [ 112.663256713987906, -7.224450873708592 ], [ 112.663255338399864, -7.224435171990987 ], [ 112.663256713994073, -7.224419470273916 ], [ 112.663260798973511, -7.224404245646078 ], [ 112.663267469217885, -7.224389960700021 ], [ 112.663276522055043, -7.224377049476491 ], [ 112.663287682418996, -7.224365904276358 ], [ 112.663300611207731, -7.224356863740748 ], [ 112.663314915586653, -7.224350202561629 ], [ 112.66333016092463, -7.224346123135454 ], [ 112.663345884000023, -7.224344749413453 ] ] ] ] } },
{ "type": "Feature", "properties": { "OID_": 0, "Name": "Gresik 4", "FolderPath": "Data CCTV Usulan + 50 Jalur + Rencana 2026.kmz/Rencana 2026/Surabaya Barat.kmz/Surabaya Barat", "Jenis": "Rencana 2026", "SubJenis": "Surabaya Barat", "POINT_X": 112.664163797, "POINT_Y": -7.224868235, "POINT_Z": 0.0, "BUFF_DIST": 10.0, "ORIG_FID": 205 }, "geometry": { "type": "MultiPolygon", "coordinates": [ [ [ [ 112.664163797000015, -7.224777812415211 ], [ 112.664179520090372, -7.224779186137142 ], [ 112.664194765442858, -7.22478326556324 ], [ 112.664209069835394, -7.224789926742234 ], [ 112.664221998636435, -7.224798967277672 ], [ 112.664233159011019, -7.224810112477593 ], [ 112.664242211856788, -7.224823023700878 ], [ 112.664248882107515, -7.224837308646667 ], [ 112.664252967090832, -7.224852533274215 ], [ 112.664254342686348, -7.224868234990989 ], [ 112.664252967096999, -7.224883936708294 ], [ 112.664248882119082, -7.224899161337373 ], [ 112.664242211872377, -7.224913446285504 ], [ 112.66423315902874, -7.224926357511662 ], [ 112.664221998654156, -7.224937502714641 ], [ 112.664209069850969, -7.224946543252956 ], [ 112.664194765454425, -7.224953204434291 ], [ 112.664179520096525, -7.224957283861915 ], [ 112.664163797000015, -7.224958657584464 ], [ 112.664148073903505, -7.224957283861917 ], [ 112.664132828545618, -7.224953204434291 ], [ 112.66411852414906, -7.224946543252956 ], [ 112.664105595345873, -7.224937502714641 ], [ 112.664094434971304, -7.224926357511662 ], [ 112.664085382127666, -7.224913446285504 ], [ 112.664078711880947, -7.224899161337373 ], [ 112.664074626903044, -7.224883936708294 ], [ 112.664073251313695, -7.224868234990989 ], [ 112.664074626909198, -7.224852533274215 ], [ 112.664078711892515, -7.224837308646667 ], [ 112.664085382143242, -7.224823023700877 ], [ 112.664094434989025, -7.224810112477595 ], [ 112.664105595363608, -7.224798967277672 ], [ 112.66411852416465, -7.224789926742234 ], [ 112.664132828557186, -7.224783265563238 ], [ 112.664148073909672, -7.224779186137142 ], [ 112.664163797000015, -7.224777812415211 ] ] ] ] } },
{ "type": "Feature", "properties": { "OID_": 0, "Name": "Gresik 5", "FolderPath": "Data CCTV Usulan + 50 Jalur + Rencana 2026.kmz/Rencana 2026/Surabaya Barat.kmz/Surabaya Barat", "Jenis": "Rencana 2026", "SubJenis": "Surabaya Barat", "POINT_X": 112.66573927, "POINT_Y": -7.22571784, "POINT_Z": 0.0, "BUFF_DIST": 10.0, "ORIG_FID": 206 }, "geometry": { "type": "MultiPolygon", "coordinates": [ [ [ [ 112.665739270000017, -7.225627417418526 ], [ 112.665754993119734, -7.225628791140436 ], [ 112.665770238500684, -7.225632870566383 ], [ 112.665784542919937, -7.225639531745126 ], [ 112.665797471745137, -7.225648572280231 ], [ 112.665808632140553, -7.225659717479737 ], [ 112.665817685003233, -7.22567262870254 ], [ 112.665824355266423, -7.225686913647798 ], [ 112.665828440257371, -7.22570213827478 ], [ 112.665829815855432, -7.225717839990971 ], [ 112.665828440263525, -7.225733541707694 ], [ 112.665824355277991, -7.225748766336206 ], [ 112.665817685018823, -7.225763051283806 ], [ 112.665808632158274, -7.225775962509485 ], [ 112.665797471762858, -7.225787107712051 ], [ 112.665784542935526, -7.225796148250031 ], [ 112.665770238512252, -7.225802809431118 ], [ 112.665754993125887, -7.225806888858592 ], [ 112.665739270000017, -7.225808262581058 ], [ 112.665723546874148, -7.225806888858593 ], [ 112.665708301487783, -7.225802809431118 ], [ 112.665693997064508, -7.225796148250031 ], [ 112.665681068237177, -7.225787107712051 ], [ 112.66566990784176, -7.225775962509485 ], [ 112.665660854981212, -7.225763051283806 ], [ 112.665654184722058, -7.225748766336208 ], [ 112.66565009973651, -7.225733541707695 ], [ 112.665648724144603, -7.225717839990971 ], [ 112.665650099742663, -7.22570213827478 ], [ 112.665654184733611, -7.225686913647798 ], [ 112.665660854996801, -7.225672628702542 ], [ 112.665669907859481, -7.225659717479737 ], [ 112.665681068254898, -7.225648572280229 ], [ 112.665693997080098, -7.225639531745126 ], [ 112.665708301499365, -7.225632870566382 ], [ 112.665723546880301, -7.225628791140436 ], [ 112.665739270000017, -7.225627417418526 ] ] ] ] } },
{ "type": "Feature", "properties": { "OID_": 0, "Name": "Gresik 6", "FolderPath": "Data CCTV Usulan + 50 Jalur + Rencana 2026.kmz/Rencana 2026/Surabaya Barat.kmz/Surabaya Barat", "Jenis": "Rencana 2026", "SubJenis": "Surabaya Barat", "POINT_X": 112.670786338, "POINT_Y": -7.228628895, "POINT_Z": 0.0, "BUFF_DIST": 10.0, "ORIG_FID": 207 }, "geometry": { "type": "MultiPolygon", "coordinates": [ [ [ [ 112.670786338000084, -7.228538472429989 ], [ 112.670802061220428, -7.228539846151748 ], [ 112.670817306698964, -7.228543925577173 ], [ 112.670831611209763, -7.228550586755068 ], [ 112.670844540117713, -7.22855962728902 ], [ 112.670855700584568, -7.228570772487108 ], [ 112.670864753505185, -7.228583683708266 ], [ 112.670871423811064, -7.228597968651704 ], [ 112.670875508828161, -7.228613193276746 ], [ 112.670876884435046, -7.228628894990938 ], [ 112.670875508834328, -7.228644596705662 ], [ 112.670871423822646, -7.228659821332233 ], [ 112.670864753520775, -7.228674106278016 ], [ 112.670855700602303, -7.228687017502049 ], [ 112.670844540135448, -7.228698162703199 ], [ 112.670831611225367, -7.228707203240024 ], [ 112.670817306710532, -7.228713864420265 ], [ 112.670802061226581, -7.22871794384722 ], [ 112.670786338000084, -7.228719317569488 ], [ 112.670770614773573, -7.22871794384722 ], [ 112.670755369289637, -7.228713864420265 ], [ 112.670741064774802, -7.228707203240024 ], [ 112.670728135864707, -7.228698162703199 ], [ 112.670716975397866, -7.228687017502049 ], [ 112.67070792247938, -7.228674106278014 ], [ 112.670701252177508, -7.228659821332235 ], [ 112.670697167165841, -7.228644596705662 ], [ 112.670695791565109, -7.228628894990938 ], [ 112.670697167171994, -7.228613193276748 ], [ 112.67070125218909, -7.228597968651704 ], [ 112.670707922494969, -7.228583683708266 ], [ 112.670716975415601, -7.228570772487108 ], [ 112.670728135882442, -7.228559627289018 ], [ 112.670741064790391, -7.228550586755068 ], [ 112.67075536930119, -7.228543925577172 ], [ 112.670770614779741, -7.228539846151748 ], [ 112.670786338000084, -7.228538472429989 ] ] ] ] } },
{ "type": "Feature", "properties": { "OID_": 0, "Name": "Gresik 7", "FolderPath": "Data CCTV Usulan + 50 Jalur + Rencana 2026.kmz/Rencana 2026/Surabaya Barat.kmz/Surabaya Barat", "Jenis": "Rencana 2026", "SubJenis": "Surabaya Barat", "POINT_X": 112.68465046, "POINT_Y": -7.22955741, "POINT_Z": 0.0, "BUFF_DIST": 10.0, "ORIG_FID": 208 }, "geometry": { "type": "MultiPolygon", "coordinates": [ [ [ [ 112.684650460000057, -7.229466987433721 ], [ 112.684666183252517, -7.229468361155364 ], [ 112.684681428762175, -7.229472440580624 ], [ 112.684695733302206, -7.229479101758249 ], [ 112.684708662236545, -7.229488142291832 ], [ 112.68471982272618, -7.22949928748947 ], [ 112.6847288756653, -7.229512198710101 ], [ 112.684735545984793, -7.229526483652958 ], [ 112.684739631010245, -7.229541708277382 ], [ 112.68474100661993, -7.229557409990937 ], [ 112.684739631016399, -7.229573111705021 ], [ 112.684735545996375, -7.229588336330976 ], [ 112.684728875680889, -7.229602621276178 ], [ 112.684719822743915, -7.229615532499689 ], [ 112.68470866225428, -7.229626677700383 ], [ 112.684695733317795, -7.229635718236842 ], [ 112.684681428773757, -7.229642379416813 ], [ 112.68466618325867, -7.2296464588436 ], [ 112.684650460000057, -7.22964783256587 ], [ 112.684634736741444, -7.2296464588436 ], [ 112.684619491226371, -7.229642379416813 ], [ 112.684605186682333, -7.229635718236842 ], [ 112.684592257745848, -7.229626677700383 ], [ 112.684581097256199, -7.229615532499687 ], [ 112.684572044319239, -7.229602621276178 ], [ 112.684565374003753, -7.229588336330978 ], [ 112.68456128898373, -7.229573111705021 ], [ 112.684559913380184, -7.229557409990937 ], [ 112.684561288989883, -7.229541708277383 ], [ 112.684565374015321, -7.229526483652958 ], [ 112.684572044334828, -7.229512198710102 ], [ 112.684581097273934, -7.22949928748947 ], [ 112.684592257763583, -7.229488142291833 ], [ 112.684605186697922, -7.229479101758249 ], [ 112.684619491237953, -7.229472440580622 ], [ 112.684634736747611, -7.229468361155364 ], [ 112.684650460000057, -7.229466987433721 ] ] ] ] } },
{ "type": "Feature", "properties": { "OID_": 0, "Name": "Gresik 8", "FolderPath": "Data CCTV Usulan + 50 Jalur + Rencana 2026.kmz/Rencana 2026/Surabaya Barat.kmz/Surabaya Barat", "Jenis": "Rencana 2026", "SubJenis": "Surabaya Barat", "POINT_X": 112.687591016, "POINT_Y": -7.229444029, "POINT_Z": 0.0, "BUFF_DIST": 10.0, "ORIG_FID": 209 }, "geometry": { "type": "MultiPolygon", "coordinates": [ [ [ [ 112.687591016000056, -7.229353606433259 ], [ 112.687606739248594, -7.229354980154974 ], [ 112.687621984754443, -7.229359059580255 ], [ 112.687636289290907, -7.229365720757913 ], [ 112.68764921822202, -7.229374761291543 ], [ 112.687660378708884, -7.229385906489232 ], [ 112.68766943164573, -7.229398817709929 ], [ 112.687676101963575, -7.229413102652858 ], [ 112.68768018698799, -7.229428327277356 ], [ 112.687681562597334, -7.229444028990989 ], [ 112.687680186994143, -7.229459730705151 ], [ 112.687676101975143, -7.229474955331181 ], [ 112.68766943166132, -7.229489240276455 ], [ 112.687660378726619, -7.229502151500028 ], [ 112.687649218239756, -7.229513296700778 ], [ 112.687636289306482, -7.229522337237283 ], [ 112.687621984766025, -7.229528998417286 ], [ 112.687606739254747, -7.229533077844096 ], [ 112.687591016000056, -7.229534451566306 ], [ 112.68757529274535, -7.229533077844096 ], [ 112.687560047234086, -7.229528998417286 ], [ 112.687545742693615, -7.229522337237283 ], [ 112.687532813760342, -7.229513296700778 ], [ 112.687521653273478, -7.229502151500028 ], [ 112.687512600338778, -7.229489240276457 ], [ 112.687505930024955, -7.229474955331183 ], [ 112.687501845005954, -7.229459730705151 ], [ 112.687500469402764, -7.229444028990989 ], [ 112.687501845012108, -7.229428327277358 ], [ 112.687505930036522, -7.229413102652858 ], [ 112.687512600354367, -7.229398817709931 ], [ 112.687521653291213, -7.229385906489232 ], [ 112.687532813778077, -7.229374761291541 ], [ 112.68754574270919, -7.229365720757913 ], [ 112.687560047245654, -7.229359059580255 ], [ 112.687575292751518, -7.229354980154974 ], [ 112.687591016000056, -7.229353606433259 ] ] ] ] } },
{ "type": "Feature", "properties": { "OID_": 0, "Name": "Gresik 9", "FolderPath": "Data CCTV Usulan + 50 Jalur + Rencana 2026.kmz/Rencana 2026/Surabaya Barat.kmz/Surabaya Barat", "Jenis": "Rencana 2026", "SubJenis": "Surabaya Barat", "POINT_X": 112.686336247, "POINT_Y": -7.229514854, "POINT_Z": 0.0, "BUFF_DIST": 10.0, "ORIG_FID": 210 }, "geometry": { "type": "MultiPolygon", "coordinates": [ [ [ [ 112.686336247000099, -7.229424431433536 ], [ 112.686351970251081, -7.229425805155217 ], [ 112.686367215759304, -7.229429884580484 ], [ 112.686381520297999, -7.229436545758122 ], [ 112.686394449231145, -7.22944558629172 ], [ 112.686405609719728, -7.229456731489376 ], [ 112.686414662657981, -7.229469642710035 ], [ 112.686421332976863, -7.229483927652918 ], [ 112.686425418001932, -7.229499152277372 ], [ 112.686426793611503, -7.229514853990954 ], [ 112.686425418008085, -7.229530555705067 ], [ 112.686421332988445, -7.229545780331052 ], [ 112.686414662673585, -7.22956006527628 ], [ 112.686405609737463, -7.229572976499814 ], [ 112.686394449248866, -7.22958412170053 ], [ 112.686381520313589, -7.229593162237006 ], [ 112.686367215770886, -7.229599823416988 ], [ 112.686351970257235, -7.229603902843786 ], [ 112.686336247000099, -7.229605276566023 ], [ 112.686320523742964, -7.229603902843786 ], [ 112.686305278229312, -7.229599823416988 ], [ 112.686290973686596, -7.229593162237006 ], [ 112.686278044751319, -7.22958412170053 ], [ 112.686266884262722, -7.229572976499813 ], [ 112.686257831326614, -7.22956006527628 ], [ 112.686251161011754, -7.229545780331052 ], [ 112.686247075992114, -7.229530555705067 ], [ 112.686245700388696, -7.229514853990954 ], [ 112.686247075998267, -7.229499152277372 ], [ 112.686251161023321, -7.229483927652918 ], [ 112.686257831342203, -7.229469642710037 ], [ 112.686266884280457, -7.229456731489377 ], [ 112.686278044769054, -7.229445586291722 ], [ 112.686290973702199, -7.229436545758122 ], [ 112.68630527824088, -7.229429884580482 ], [ 112.686320523749117, -7.229425805155217 ], [ 112.686336247000099, -7.229424431433536 ] ] ] ] } },
{ "type": "Feature", "properties": { "OID_": 0, "Name": "Kalianak 1", "FolderPath": "Data CCTV Usulan + 50 Jalur + Rencana 2026.kmz/Rencana 2026/Surabaya Barat.kmz/Surabaya Barat", "Jenis": "Rencana 2026", "SubJenis": "Surabaya Barat", "POINT_X": 112.719184398, "POINT_Y": -7.23185826, "POINT_Z": 0.0, "BUFF_DIST": 10.0, "ORIG_FID": 211 }, "geometry": { "type": "MultiPolygon", "coordinates": [ [ [ [ 112.719184398000039, -7.231767837442801 ], [ 112.719200121332065, -7.231769211164371 ], [ 112.719215366918903, -7.23177329058922 ], [ 112.719229671531309, -7.231779951766174 ], [ 112.719242600531103, -7.231788992298847 ], [ 112.719253761077226, -7.231800137495357 ], [ 112.719262814062162, -7.231813048714692 ], [ 112.719269484415435, -7.231827333656111 ], [ 112.719273569461535, -7.231842558279002 ], [ 112.719274945078197, -7.231858259990972 ], [ 112.719273569467703, -7.231873961703476 ], [ 112.719269484427002, -7.231889186327898 ], [ 112.719262814077752, -7.231903471271662 ], [ 112.719253761094976, -7.23191638249387 ], [ 112.719242600548839, -7.231927527693443 ], [ 112.719229671546913, -7.231936568228995 ], [ 112.71921536693047, -7.231943229408292 ], [ 112.719200121338233, -7.231947308834673 ], [ 112.719184398000039, -7.231948682556737 ], [ 112.719168674661844, -7.231947308834673 ], [ 112.719153429069593, -7.231943229408292 ], [ 112.719139124453164, -7.231936568228996 ], [ 112.719126195451224, -7.231927527693443 ], [ 112.719115034905101, -7.23191638249387 ], [ 112.719105981922311, -7.231903471271662 ], [ 112.719099311573061, -7.231889186327898 ], [ 112.71909522653236, -7.231873961703476 ], [ 112.719093850921865, -7.231858259990972 ], [ 112.719095226538542, -7.231842558279 ], [ 112.719099311584642, -7.231827333656109 ], [ 112.719105981937915, -7.231813048714692 ], [ 112.719115034922837, -7.231800137495359 ], [ 112.719126195468959, -7.231788992298847 ], [ 112.719139124468754, -7.231779951766174 ], [ 112.719153429081175, -7.23177329058922 ], [ 112.719168674667998, -7.231769211164371 ], [ 112.719184398000039, -7.231767837442801 ] ] ] ] } },
{ "type": "Feature", "properties": { "OID_": 0, "Name": "Kalianak 2", "FolderPath": "Data CCTV Usulan + 50 Jalur + Rencana 2026.kmz/Rencana 2026/Surabaya Barat.kmz/Surabaya Barat", "Jenis": "Rencana 2026", "SubJenis": "Surabaya Barat", "POINT_X": 112.71853716, "POINT_Y": -7.231822416, "POINT_Z": 0.0, "BUFF_DIST": 10.0, "ORIG_FID": 212 }, "geometry": { "type": "MultiPolygon", "coordinates": [ [ [ [ 112.718537160000096, -7.23173199344269 ], [ 112.718552883330887, -7.231733367164209 ], [ 112.718568128916516, -7.231737446589065 ], [ 112.718582433527814, -7.231744107766027 ], [ 112.718595362526571, -7.231753148298716 ], [ 112.718606523071813, -7.231764293495246 ], [ 112.718615576056038, -7.231777204714597 ], [ 112.718622246408771, -7.231791489656037 ], [ 112.718626331454573, -7.231806714278954 ], [ 112.718627707071107, -7.231822415990949 ], [ 112.718626331460726, -7.231838117703479 ], [ 112.718622246420352, -7.231853342327924 ], [ 112.718615576071628, -7.23186762727171 ], [ 112.718606523089562, -7.231880538493941 ], [ 112.718595362544306, -7.231891683693532 ], [ 112.718582433543403, -7.231900724229095 ], [ 112.718568128928098, -7.231907385408406 ], [ 112.718552883337054, -7.23191146483479 ], [ 112.718537160000096, -7.23191283855691 ], [ 112.718521436663139, -7.231911464834791 ], [ 112.718506191072095, -7.231907385408406 ], [ 112.718491886456775, -7.231900724229095 ], [ 112.718478957455886, -7.231891683693532 ], [ 112.71846779691063, -7.23188053849394 ], [ 112.718458743928551, -7.23186762727171 ], [ 112.71845207357984, -7.231853342327926 ], [ 112.718447988539467, -7.231838117703481 ], [ 112.718446612929085, -7.231822415990949 ], [ 112.71844798854562, -7.231806714278952 ], [ 112.718452073591422, -7.231791489656039 ], [ 112.718458743944154, -7.231777204714597 ], [ 112.718467796928365, -7.231764293495247 ], [ 112.718478957473621, -7.231753148298716 ], [ 112.718491886472378, -7.231744107766029 ], [ 112.718506191083677, -7.231737446589065 ], [ 112.718521436669292, -7.231733367164209 ], [ 112.718537160000096, -7.23173199344269 ] ] ] ] } },
{ "type": "Feature", "properties": { "OID_": 0, "Name": "Kalianak 3", "FolderPath": "Data CCTV Usulan + 50 Jalur + Rencana 2026.kmz/Rencana 2026/Surabaya Barat.kmz/Surabaya Barat", "Jenis": "Rencana 2026", "SubJenis": "Surabaya Barat", "POINT_X": 112.715435458, "POINT_Y": -7.23121521, "POINT_Z": 0.0, "BUFF_DIST": 10.0, "ORIG_FID": 213 }, "geometry": { "type": "MultiPolygon", "coordinates": [ [ [ [ 112.715435458000115, -7.231124787440272 ], [ 112.715451181309916, -7.231126161161859 ], [ 112.715466426875167, -7.23113024058682 ], [ 112.715480731467352, -7.231136901763962 ], [ 112.715493660448828, -7.231145942296891 ], [ 112.715504820979177, -7.231157087493718 ], [ 112.715513873951309, -7.231169998713414 ], [ 112.715520544295131, -7.231184283655232 ], [ 112.715524629335462, -7.231199508278552 ], [ 112.715526004950178, -7.231215209990966 ], [ 112.71552462934163, -7.231230911703912 ], [ 112.715520544306713, -7.231246136328761 ], [ 112.715513873966898, -7.231260421272927 ], [ 112.715504820996912, -7.231273332495502 ], [ 112.715493660466578, -7.231284477695389 ], [ 112.715480731482941, -7.231293518231191 ], [ 112.715466426886735, -7.231300179410677 ], [ 112.71545118131607, -7.231304258837171 ], [ 112.715435458000115, -7.231305632559303 ], [ 112.715419734684161, -7.231304258837171 ], [ 112.715404489113496, -7.231300179410677 ], [ 112.71539018451729, -7.231293518231191 ], [ 112.715377255533653, -7.231284477695389 ], [ 112.715366095003318, -7.231273332495502 ], [ 112.715357042033332, -7.231260421272927 ], [ 112.715350371693518, -7.231246136328763 ], [ 112.715346286658601, -7.231230911703912 ], [ 112.715344911050053, -7.231215209990966 ], [ 112.715346286664769, -7.231199508278552 ], [ 112.7153503717051, -7.231184283655232 ], [ 112.715357042048922, -7.231169998713414 ], [ 112.715366095021054, -7.231157087493715 ], [ 112.715377255551402, -7.231145942296891 ], [ 112.715390184532879, -7.231136901763961 ], [ 112.715404489125063, -7.231130240586821 ], [ 112.715419734690315, -7.231126161161859 ], [ 112.715435458000115, -7.231124787440272 ] ] ] ] } },
{ "type": "Feature", "properties": { "OID_": 0, "Name": "Kalianak 4", "FolderPath": "Data CCTV Usulan + 50 Jalur + Rencana 2026.kmz/Rencana 2026/Surabaya Barat.kmz/Surabaya Barat", "Jenis": "Rencana 2026", "SubJenis": "Surabaya Barat", "POINT_X": 112.712131364, "POINT_Y": -7.230422222, "POINT_Z": 0.0, "BUFF_DIST": 10.0, "ORIG_FID": 214 }, "geometry": { "type": "MultiPolygon", "coordinates": [ [ [ [ 112.712131364000015, -7.230331799437089 ], [ 112.712147087282389, -7.230333173158767 ], [ 112.712162332821052, -7.230337252583872 ], [ 112.712176637388268, -7.230343913761247 ], [ 112.71218956634722, -7.230352954294489 ], [ 112.712200726858086, -7.230364099491701 ], [ 112.712209779814415, -7.230377010711845 ], [ 112.712216450146613, -7.230391295654162 ], [ 112.712220535179824, -7.230406520278009 ], [ 112.712221910792124, -7.230422221990969 ], [ 112.712220535185978, -7.230437923704457 ], [ 112.712216450158181, -7.230453148329837 ], [ 112.712209779830019, -7.230467433274499 ], [ 112.712200726875821, -7.230480344497521 ], [ 112.712189566364955, -7.230491489697794 ], [ 112.712176637403871, -7.230500530233911 ], [ 112.712162332832634, -7.230507191413628 ], [ 112.712147087288542, -7.230511270840264 ], [ 112.712131364000015, -7.230512644562397 ], [ 112.712115640711502, -7.230511270840264 ], [ 112.712100395167411, -7.230507191413628 ], [ 112.712086090596173, -7.230500530233913 ], [ 112.712073161635089, -7.230491489697794 ], [ 112.712062001124224, -7.230480344497521 ], [ 112.712052948170026, -7.230467433274499 ], [ 112.71204627784185, -7.230453148329837 ], [ 112.712042192814053, -7.230437923704457 ], [ 112.712040817207907, -7.230422221990969 ], [ 112.712042192820221, -7.230406520278009 ], [ 112.712046277853432, -7.230391295654162 ], [ 112.712052948185615, -7.230377010711845 ], [ 112.712062001141959, -7.230364099491701 ], [ 112.712073161652825, -7.230352954294488 ], [ 112.712086090611763, -7.230343913761247 ], [ 112.712100395178993, -7.230337252583872 ], [ 112.712115640717656, -7.230333173158767 ], [ 112.712131364000015, -7.230331799437089 ] ] ] ] } },
{ "type": "Feature", "properties": { "OID_": 0, "Name": "Kalianak 5", "FolderPath": "Data CCTV Usulan + 50 Jalur + Rencana 2026.kmz/Rencana 2026/Surabaya Barat.kmz/Surabaya Barat", "Jenis": "Rencana 2026", "SubJenis": "Surabaya Barat", "POINT_X": 112.71137940600001, "POINT_Y": -7.23028638, "POINT_Z": 0.0, "BUFF_DIST": 10.0, "ORIG_FID": 215 }, "geometry": { "type": "MultiPolygon", "coordinates": [ [ [ [ 112.711379406000106, -7.230195957436555 ], [ 112.711395129277761, -7.230197331158215 ], [ 112.711410374811862, -7.230201410583347 ], [ 112.711424679374829, -7.230208071760758 ], [ 112.711437608329902, -7.230217112294053 ], [ 112.711448768837442, -7.230228257491332 ], [ 112.711457821791058, -7.230241168711554 ], [ 112.711464492121266, -7.230255453653953 ], [ 112.711468577153255, -7.230270678277892 ], [ 112.711469952765142, -7.230286379990946 ], [ 112.711468577159408, -7.230302081704528 ], [ 112.711464492132848, -7.230317306329999 ], [ 112.711457821806661, -7.230331591274743 ], [ 112.711448768855178, -7.23034450249784 ], [ 112.711437608347637, -7.230355647698182 ], [ 112.711424679390433, -7.230364688234353 ], [ 112.711410374823444, -7.23037134941411 ], [ 112.711395129283929, -7.230375428840772 ], [ 112.711379406000106, -7.230376802562934 ], [ 112.711363682716268, -7.230375428840772 ], [ 112.711348437176753, -7.23037134941411 ], [ 112.711334132609778, -7.230364688234355 ], [ 112.71132120365256, -7.230355647698182 ], [ 112.711310043145019, -7.230344502497842 ], [ 112.711300990193536, -7.230331591274743 ], [ 112.711294319867349, -7.230317306329999 ], [ 112.711290234840789, -7.230302081704528 ], [ 112.711288859235054, -7.230286379990946 ], [ 112.711290234846956, -7.230270678277892 ], [ 112.711294319878931, -7.230255453653953 ], [ 112.711300990209139, -7.230241168711554 ], [ 112.711310043162754, -7.230228257491332 ], [ 112.711321203670295, -7.230217112294053 ], [ 112.711334132625367, -7.230208071760758 ], [ 112.711348437188335, -7.230201410583346 ], [ 112.711363682722435, -7.230197331158215 ], [ 112.711379406000106, -7.230195957436555 ] ] ] ] } },
{ "type": "Feature", "properties": { "OID_": 0, "Name": "Kalianak 6", "FolderPath": "Data CCTV Usulan + 50 Jalur + Rencana 2026.kmz/Rencana 2026/Surabaya Barat.kmz/Surabaya Barat", "Jenis": "Rencana 2026", "SubJenis": "Surabaya Barat", "POINT_X": 112.707812322, "POINT_Y": -7.229541176, "POINT_Z": 0.0, "BUFF_DIST": 10.0, "ORIG_FID": 216 }, "geometry": { "type": "MultiPolygon", "coordinates": [ [ [ [ 112.707812322000109, -7.229450753433621 ], [ 112.707828045252, -7.229452127155317 ], [ 112.707843290761105, -7.22945620658058 ], [ 112.707857595300624, -7.22946286775821 ], [ 112.707870524234508, -7.229471908291798 ], [ 112.707881684723759, -7.229483053489441 ], [ 112.707890737662538, -7.229495964710084 ], [ 112.707897407981818, -7.229510249652951 ], [ 112.7079014930071, -7.229525474277385 ], [ 112.707902868616742, -7.229541175990952 ], [ 112.707901493013253, -7.229556877705046 ], [ 112.707897407993372, -7.229572102331012 ], [ 112.707890737678127, -7.229586387276225 ], [ 112.707881684741494, -7.229599298499743 ], [ 112.707870524252243, -7.229610443700446 ], [ 112.707857595316227, -7.229619484236913 ], [ 112.707843290772686, -7.229626145416888 ], [ 112.707828045258154, -7.229630224843679 ], [ 112.707812322000109, -7.229631598565899 ], [ 112.70779659874205, -7.229630224843681 ], [ 112.707781353227517, -7.229626145416888 ], [ 112.707767048683991, -7.229619484236913 ], [ 112.707754119747975, -7.229610443700446 ], [ 112.707742959258709, -7.229599298499742 ], [ 112.707733906322076, -7.229586387276225 ], [ 112.707727236006832, -7.229572102331014 ], [ 112.707723150986951, -7.229556877705046 ], [ 112.707721775383462, -7.229541175990952 ], [ 112.707723150993104, -7.229525474277385 ], [ 112.7077272360184, -7.229510249652951 ], [ 112.707733906337666, -7.229495964710084 ], [ 112.707742959276445, -7.229483053489439 ], [ 112.70775411976571, -7.229471908291798 ], [ 112.70776704869958, -7.229462867758209 ], [ 112.707781353239099, -7.229456206580578 ], [ 112.707796598748203, -7.229452127155317 ], [ 112.707812322000109, -7.229450753433621 ] ] ] ] } },
{ "type": "Feature", "properties": { "OID_": 0, "Name": "Satelit Indah 1", "FolderPath": "Data CCTV Usulan + 50 Jalur + Rencana 2026.kmz/Rencana 2026/Surabaya Barat.kmz/Surabaya Barat", "Jenis": "Rencana 2026", "SubJenis": "Surabaya Barat", "POINT_X": 112.693617985, "POINT_Y": -7.266996495, "POINT_Z": 0.0, "BUFF_DIST": 10.0, "ORIG_FID": 217 }, "geometry": { "type": "MultiPolygon", "coordinates": [ [ [ [ 112.69361798500006, -7.266906072582199 ], [ 112.693633709550667, -7.266907446301658 ], [ 112.693648956319038, -7.266911525720212 ], [ 112.693663262040076, -7.266918186886888 ], [ 112.693676192041877, -7.266927227405612 ], [ 112.693687353452958, -7.266938372584932 ], [ 112.693696407139512, -7.26695128378435 ], [ 112.693703078009747, -7.266965568703734 ], [ 112.69370716337248, -7.266980793303146 ], [ 112.693708539095766, -7.266996494990906 ], [ 112.693707163378676, -7.267012196679199 ], [ 112.6937030780214, -7.267027421280148 ], [ 112.693696407155187, -7.267041706201891 ], [ 112.693687353470793, -7.2670546174042 ], [ 112.693676192059698, -7.267065762586595 ], [ 112.69366326205575, -7.267074803108213 ], [ 112.693648956330662, -7.267081464277245 ], [ 112.693633709556849, -7.267085543697339 ], [ 112.69361798500006, -7.267086917417281 ], [ 112.693602260443271, -7.267085543697339 ], [ 112.693587013669458, -7.267081464277245 ], [ 112.693572707944369, -7.267074803108213 ], [ 112.693559777940436, -7.267065762586595 ], [ 112.693548616529341, -7.267054617404198 ], [ 112.693539562844933, -7.267041706201891 ], [ 112.693532891978734, -7.267027421280148 ], [ 112.693528806621458, -7.267012196679199 ], [ 112.693527430904354, -7.266996494990906 ], [ 112.69352880662764, -7.266980793303148 ], [ 112.693532891990372, -7.266965568703734 ], [ 112.693539562860607, -7.26695128378435 ], [ 112.693548616547162, -7.266938372584932 ], [ 112.693559777958257, -7.266927227405612 ], [ 112.693572707960044, -7.266918186886888 ], [ 112.693587013681082, -7.266911525720212 ], [ 112.693602260449453, -7.266907446301658 ], [ 112.69361798500006, -7.266906072582199 ] ] ] ] } },
{ "type": "Feature", "properties": { "OID_": 0, "Name": "Satelit Indah 2", "FolderPath": "Data CCTV Usulan + 50 Jalur + Rencana 2026.kmz/Rencana 2026/Surabaya Barat.kmz/Surabaya Barat", "Jenis": "Rencana 2026", "SubJenis": "Surabaya Barat", "POINT_X": 112.693602975, "POINT_Y": -7.267109675, "POINT_Z": 0.0, "BUFF_DIST": 10.0, "ORIG_FID": 218 }, "geometry": { "type": "MultiPolygon", "coordinates": [ [ [ [ 112.69360297500009, -7.267019252582665 ], [ 112.693618699554619, -7.26702062630213 ], [ 112.693633946326813, -7.267024705720662 ], [ 112.693648252051418, -7.267031366887304 ], [ 112.693661182056459, -7.267040407405988 ], [ 112.69367234347034, -7.26705155258525 ], [ 112.693681397159168, -7.267064463784601 ], [ 112.693688068031079, -7.267078748703918 ], [ 112.693692153394821, -7.267093973303254 ], [ 112.693693529118448, -7.267109674990935 ], [ 112.693692153401003, -7.26712537667915 ], [ 112.693688068042718, -7.267140601280023 ], [ 112.693681397174842, -7.267154886201693 ], [ 112.693672343488174, -7.267167797403939 ], [ 112.69366118207428, -7.26717894258628 ], [ 112.693648252067106, -7.26718798310785 ], [ 112.693633946338451, -7.267194644276851 ], [ 112.693618699560815, -7.267198723696923 ], [ 112.69360297500009, -7.267200097416854 ], [ 112.69358725043935, -7.267198723696925 ], [ 112.693572003661728, -7.267194644276851 ], [ 112.693557697933059, -7.267187983107851 ], [ 112.693544767925886, -7.26717894258628 ], [ 112.693533606511991, -7.267167797403937 ], [ 112.693524552825323, -7.267154886201695 ], [ 112.693517881957462, -7.267140601280023 ], [ 112.693513796599163, -7.26712537667915 ], [ 112.693512420881731, -7.267109674990935 ], [ 112.693513796605345, -7.267093973303253 ], [ 112.6935178819691, -7.267078748703918 ], [ 112.693524552840998, -7.267064463784603 ], [ 112.693533606529826, -7.26705155258525 ], [ 112.693544767943706, -7.267040407405986 ], [ 112.693557697948748, -7.267031366887306 ], [ 112.693572003673367, -7.267024705720662 ], [ 112.693587250445546, -7.26702062630213 ], [ 112.69360297500009, -7.267019252582665 ] ] ] ] } },
{ "type": "Feature", "properties": { "OID_": 0, "Name": "Satelit Indah 3", "FolderPath": "Data CCTV Usulan + 50 Jalur + Rencana 2026.kmz/Rencana 2026/Surabaya Barat.kmz/Surabaya Barat", "Jenis": "Rencana 2026", "SubJenis": "Surabaya Barat", "POINT_X": 112.689823057, "POINT_Y": -7.264309946, "POINT_Z": 0.0, "BUFF_DIST": 10.0, "ORIG_FID": 219 }, "geometry": { "type": "MultiPolygon", "coordinates": [ [ [ [ 112.689823057000012, -7.264219523571611 ], [ 112.68983878145724, -7.264220897291161 ], [ 112.689854028135059, -7.264224976710198 ], [ 112.689868333771145, -7.264231637877661 ], [ 112.689881263696165, -7.264240678397454 ], [ 112.689892425040966, -7.264251823578091 ], [ 112.689901478673747, -7.264264734779034 ], [ 112.689908149504362, -7.264279019700109 ], [ 112.689912234842836, -7.264294244301321 ], [ 112.689913610557952, -7.264309945990933 ], [ 112.689912234849018, -7.264325647681082 ], [ 112.689908149516015, -7.264340872283832 ], [ 112.689901478689421, -7.26435515720726 ], [ 112.689892425058787, -7.264368068411094 ], [ 112.689881263713971, -7.264379213594806 ], [ 112.689868333786819, -7.26438825411749 ], [ 112.689854028146698, -7.26439491528731 ], [ 112.689838781463422, -7.264398994707884 ], [ 112.689823057000012, -7.264400368428062 ], [ 112.689807332536603, -7.264398994707884 ], [ 112.689792085853341, -7.26439491528731 ], [ 112.689777780213205, -7.264388254117492 ], [ 112.689764850286053, -7.264379213594806 ], [ 112.689753688941252, -7.264368068411094 ], [ 112.689744635310618, -7.26435515720726 ], [ 112.689737964484024, -7.264340872283832 ], [ 112.689733879151007, -7.264325647681082 ], [ 112.689732503442087, -7.264309945990933 ], [ 112.689733879157188, -7.264294244301319 ], [ 112.689737964495663, -7.264279019700109 ], [ 112.689744635326278, -7.264264734779034 ], [ 112.689753688959073, -7.264251823578091 ], [ 112.689764850303874, -7.264240678397456 ], [ 112.68977778022888, -7.264231637877661 ], [ 112.689792085864966, -7.264224976710196 ], [ 112.689807332542784, -7.264220897291161 ], [ 112.689823057000012, -7.264219523571611 ] ] ] ] } },
{ "type": "Feature", "properties": { "OID_": 0, "Name": "Satelit Indah 4", "FolderPath": "Data CCTV Usulan + 50 Jalur + Rencana 2026.kmz/Rencana 2026/Surabaya Barat.kmz/Surabaya Barat", "Jenis": "Rencana 2026", "SubJenis": "Surabaya Barat", "POINT_X": 112.690108063, "POINT_Y": -7.264518962, "POINT_Z": 0.0, "BUFF_DIST": 10.0, "ORIG_FID": 220 }, "geometry": { "type": "MultiPolygon", "coordinates": [ [ [ [ 112.690108063000025, -7.264428539572383 ], [ 112.690123787464515, -7.264429913291963 ], [ 112.690139034149368, -7.264433992710963 ], [ 112.690153339792076, -7.264440653878364 ], [ 112.690166269723051, -7.264449694398077 ], [ 112.69017743107301, -7.26446083957861 ], [ 112.690186484709997, -7.264473750779434 ], [ 112.690193155543696, -7.264488035700379 ], [ 112.690197240884046, -7.264503260301448 ], [ 112.690198616599787, -7.264518961990918 ], [ 112.690197240890228, -7.264534663680923 ], [ 112.690193155555335, -7.264549888283532 ], [ 112.690186484725658, -7.264564173206831 ], [ 112.690177431090845, -7.264577084410543 ], [ 112.690166269740871, -7.264588229594154 ], [ 112.69015333980775, -7.264597270116755 ], [ 112.690139034161021, -7.264603931286515 ], [ 112.690123787470696, -7.264608010707051 ], [ 112.690108063000025, -7.264609384427175 ], [ 112.690092338529354, -7.264608010707053 ], [ 112.690077091839029, -7.264603931286515 ], [ 112.6900627861923, -7.264597270116755 ], [ 112.690049856259179, -7.264588229594154 ], [ 112.690038694909205, -7.264577084410543 ], [ 112.690029641274393, -7.264564173206831 ], [ 112.690022970444716, -7.264549888283534 ], [ 112.690018885109822, -7.264534663680923 ], [ 112.690017509400263, -7.264518961990918 ], [ 112.690018885116004, -7.26450326030145 ], [ 112.690022970456369, -7.264488035700379 ], [ 112.690029641290067, -7.264473750779435 ], [ 112.69003869492704, -7.26446083957861 ], [ 112.690049856277, -7.264449694398075 ], [ 112.690062786207974, -7.264440653878364 ], [ 112.690077091850682, -7.264433992710962 ], [ 112.690092338535536, -7.264429913291963 ], [ 112.690108063000025, -7.264428539572383 ] ] ] ] } },
{ "type": "Feature", "properties": { "OID_": 0, "Name": "Satelit Indah 5", "FolderPath": "Data CCTV Usulan + 50 Jalur + Rencana 2026.kmz/Rencana 2026/Surabaya Barat.kmz/Surabaya Barat", "Jenis": "Rencana 2026", "SubJenis": "Surabaya Barat", "POINT_X": 112.687598455, "POINT_Y": -7.264142663, "POINT_Z": 0.0, "BUFF_DIST": 10.0, "ORIG_FID": 221 }, "geometry": { "type": "MultiPolygon", "coordinates": [ [ [ [ 112.687598455000057, -7.264052240570934 ], [ 112.687614179451472, -7.264053614290509 ], [ 112.68762942612365, -7.264057693709576 ], [ 112.687643731754449, -7.264064354877089 ], [ 112.68765666167468, -7.264073395396948 ], [ 112.687667823015346, -7.26408454057767 ], [ 112.687676876644787, -7.264097451778706 ], [ 112.687683547472957, -7.264111736699886 ], [ 112.687687632809897, -7.264126961301207 ], [ 112.687689008524501, -7.264142662990938 ], [ 112.687687632816093, -7.264158364681203 ], [ 112.687683547484582, -7.264173589284063 ], [ 112.687676876660461, -7.264187874207596 ], [ 112.687667823033181, -7.264200785411527 ], [ 112.6876566616925, -7.264211930595319 ], [ 112.687643731770123, -7.264220971118071 ], [ 112.687629426135288, -7.264227632287939 ], [ 112.687614179457654, -7.264231711708543 ], [ 112.687598455000057, -7.264233085428711 ], [ 112.687582730542459, -7.264231711708544 ], [ 112.687567483864825, -7.264227632287939 ], [ 112.68755317822999, -7.264220971118071 ], [ 112.687540248307613, -7.264211930595319 ], [ 112.687529086966933, -7.264200785411527 ], [ 112.687520033339638, -7.264187874207596 ], [ 112.687513362515531, -7.264173589284063 ], [ 112.68750927718402, -7.264158364681204 ], [ 112.687507901475612, -7.264142662990938 ], [ 112.687509277190216, -7.264126961301208 ], [ 112.687513362527156, -7.264111736699885 ], [ 112.687520033355312, -7.264097451778706 ], [ 112.687529086984753, -7.26408454057767 ], [ 112.687540248325433, -7.264073395396948 ], [ 112.687553178245665, -7.264064354877088 ], [ 112.68756748387645, -7.264057693709576 ], [ 112.687582730548641, -7.264053614290511 ], [ 112.687598455000057, -7.264052240570934 ] ] ] ] } },
{ "type": "Feature", "properties": { "OID_": 0, "Name": "Satelit Indah 6", "FolderPath": "Data CCTV Usulan + 50 Jalur + Rencana 2026.kmz/Rencana 2026/Surabaya Barat.kmz/Surabaya Barat", "Jenis": "Rencana 2026", "SubJenis": "Surabaya Barat", "POINT_X": 112.687803606, "POINT_Y": -7.264298728, "POINT_Z": 0.0, "BUFF_DIST": 10.0, "ORIG_FID": 222 }, "geometry": { "type": "MultiPolygon", "coordinates": [ [ [ [ 112.687803606000102, -7.26420830557156 ], [ 112.687819330456932, -7.264209679291119 ], [ 112.687834577134382, -7.264213758710157 ], [ 112.687848882770112, -7.264220419877626 ], [ 112.687861812694806, -7.264229460397424 ], [ 112.687872974039337, -7.264240605578065 ], [ 112.68788202767189, -7.264253516779014 ], [ 112.687888698502363, -7.264267801700096 ], [ 112.687892783840709, -7.264283026301316 ], [ 112.687894159555782, -7.264298727990935 ], [ 112.687892783846891, -7.264314429681091 ], [ 112.687888698513987, -7.26432965428385 ], [ 112.687882027687564, -7.264343939207286 ], [ 112.687872974057157, -7.264356850411125 ], [ 112.687861812712626, -7.264367995594842 ], [ 112.687848882785786, -7.264377036117531 ], [ 112.68783457714602, -7.264383697287355 ], [ 112.687819330463128, -7.264387776707931 ], [ 112.687803606000102, -7.264389150428099 ], [ 112.687787881537076, -7.264387776707931 ], [ 112.687772634854184, -7.264383697287355 ], [ 112.687758329214418, -7.264377036117531 ], [ 112.687745399287593, -7.264367995594842 ], [ 112.687734237943047, -7.264356850411125 ], [ 112.68772518431264, -7.264343939207286 ], [ 112.687718513486217, -7.26432965428385 ], [ 112.687714428153313, -7.264314429681093 ], [ 112.687713052444423, -7.264298727990935 ], [ 112.687714428159495, -7.264283026301314 ], [ 112.687718513497856, -7.264267801700096 ], [ 112.687725184328315, -7.264253516779014 ], [ 112.687734237960882, -7.264240605578063 ], [ 112.687745399305413, -7.264229460397424 ], [ 112.687758329230093, -7.264220419877626 ], [ 112.687772634865837, -7.264213758710157 ], [ 112.687787881543272, -7.264209679291119 ], [ 112.687803606000102, -7.26420830557156 ] ] ] ] } },
{ "type": "Feature", "properties": { "OID_": 0, "Name": "Sukomanunggal 1", "FolderPath": "Data CCTV Usulan + 50 Jalur + Rencana 2026.kmz/Rencana 2026/Surabaya Barat.kmz/Surabaya Barat", "Jenis": "Rencana 2026", "SubJenis": "Surabaya Barat", "POINT_X": 112.695981805, "POINT_Y": -7.263307548, "POINT_Z": 0.0, "BUFF_DIST": 10.0, "ORIG_FID": 223 }, "geometry": { "type": "MultiPolygon", "coordinates": [ [ [ [ 112.695981805000088, -7.26321712556756 ], [ 112.695997529422485, -7.263218499287208 ], [ 112.696012776066524, -7.263222578706425 ], [ 112.69602708167092, -7.263229239874183 ], [ 112.696040011567277, -7.263238280394376 ], [ 112.69605117288738, -7.263249425575503 ], [ 112.696060226500094, -7.263262336777017 ], [ 112.696066897315944, -7.263276621698719 ], [ 112.696070982645367, -7.263291846300602 ], [ 112.696072358357426, -7.263307547990907 ], [ 112.696070982651548, -7.263323249681747 ], [ 112.696066897327583, -7.263338474285167 ], [ 112.696060226515769, -7.263352759209226 ], [ 112.696051172905186, -7.263365670413628 ], [ 112.696040011585112, -7.263376815597833 ], [ 112.696027081686594, -7.263385856120917 ], [ 112.696012776078163, -7.263392517291027 ], [ 112.695997529428666, -7.263396596711782 ], [ 112.695981805000088, -7.26339797043198 ], [ 112.695966080571523, -7.263396596711782 ], [ 112.695950833922026, -7.263392517291027 ], [ 112.695936528313595, -7.263385856120915 ], [ 112.695923598415078, -7.263376815597833 ], [ 112.695912437094989, -7.263365670413628 ], [ 112.695903383484406, -7.263352759209228 ], [ 112.695896712672607, -7.263338474285169 ], [ 112.695892627348641, -7.263323249681749 ], [ 112.695891251642763, -7.263307547990907 ], [ 112.695892627354823, -7.263291846300602 ], [ 112.695896712684231, -7.263276621698719 ], [ 112.695903383500081, -7.263262336777017 ], [ 112.69591243711281, -7.263249425575505 ], [ 112.695923598432898, -7.263238280394376 ], [ 112.69593652832927, -7.263229239874183 ], [ 112.695950833933651, -7.263222578706423 ], [ 112.695966080577705, -7.263218499287208 ], [ 112.695981805000088, -7.26321712556756 ] ] ] ] } },
{ "type": "Feature", "properties": { "OID_": 0, "Name": "Sukomanunggal 2", "FolderPath": "Data CCTV Usulan + 50 Jalur + Rencana 2026.kmz/Rencana 2026/Surabaya Barat.kmz/Surabaya Barat", "Jenis": "Rencana 2026", "SubJenis": "Surabaya Barat", "POINT_X": 112.69960551600001, "POINT_Y": -7.265969183, "POINT_Z": 0.0, "BUFF_DIST": 10.0, "ORIG_FID": 224 }, "geometry": { "type": "MultiPolygon", "coordinates": [ [ [ [ 112.69960551600002, -7.265878760578135 ], [ 112.699621240514915, -7.265880134297671 ], [ 112.699636487248654, -7.265884213716409 ], [ 112.699650792937206, -7.265890874883388 ], [ 112.699663722909634, -7.265899915402523 ], [ 112.699674884295376, -7.265911060582345 ], [ 112.699683937961368, -7.265923971782345 ], [ 112.699690608816468, -7.265938256702378 ], [ 112.699694694169906, -7.265953481302476 ], [ 112.699696069890066, -7.265969182990944 ], [ 112.699694694176088, -7.265984884679949 ], [ 112.699690608828092, -7.266000109281585 ], [ 112.699683937977056, -7.266014394203973 ], [ 112.699674884313197, -7.266027305406865 ], [ 112.699663722927454, -7.266038450589765 ], [ 112.69965079295288, -7.266047491111791 ], [ 112.699636487260292, -7.266054152281123 ], [ 112.699621240521097, -7.2660582317014 ], [ 112.69960551600002, -7.266059605421392 ], [ 112.699589791478942, -7.2660582317014 ], [ 112.699574544739761, -7.266054152281123 ], [ 112.699560239047173, -7.266047491111789 ], [ 112.699547309072585, -7.266038450589765 ], [ 112.699536147686857, -7.266027305406865 ], [ 112.699527094022997, -7.266014394203973 ], [ 112.699520423171961, -7.266000109281586 ], [ 112.699516337823951, -7.265984884679949 ], [ 112.699514962109987, -7.265969182990944 ], [ 112.699516337830133, -7.265953481302478 ], [ 112.699520423183586, -7.265938256702378 ], [ 112.699527094038686, -7.265923971782347 ], [ 112.699536147704677, -7.265911060582345 ], [ 112.69954730909042, -7.265899915402523 ], [ 112.699560239062848, -7.265890874883388 ], [ 112.699574544751385, -7.265884213716409 ], [ 112.699589791485124, -7.265880134297671 ], [ 112.69960551600002, -7.265878760578135 ] ] ] ] } },
{ "type": "Feature", "properties": { "OID_": 0, "Name": "Simo 1", "FolderPath": "Data CCTV Usulan + 50 Jalur + Rencana 2026.kmz/Rencana 2026/Surabaya Barat.kmz/Surabaya Barat", "Jenis": "Rencana 2026", "SubJenis": "Surabaya Barat", "POINT_X": 112.702751105, "POINT_Y": -7.267357532, "POINT_Z": 0.0, "BUFF_DIST": 10.0, "ORIG_FID": 225 }, "geometry": { "type": "MultiPolygon", "coordinates": [ [ [ [ 112.702751105000061, -7.26726710958367 ], [ 112.702766829563203, -7.267268483303074 ], [ 112.702782076343752, -7.267272562721566 ], [ 112.702796382076215, -7.267279223888136 ], [ 112.70280931208832, -7.267288264406718 ], [ 112.702820473508325, -7.267299409585859 ], [ 112.702829527202113, -7.267312320785072 ], [ 112.702836198077676, -7.267326605704231 ], [ 112.702840283443663, -7.2673418303034 ], [ 112.702841659168044, -7.267357531990911 ], [ 112.702840283449859, -7.267373233678954 ], [ 112.702836198089315, -7.267388458279664 ], [ 112.702829527217787, -7.267402743201178 ], [ 112.70282047352616, -7.267415654403282 ], [ 112.702809312106169, -7.2674267995855 ], [ 112.70279638209189, -7.267435840106973 ], [ 112.70278207635539, -7.267442501275903 ], [ 112.702766829569399, -7.267446580695929 ], [ 112.702751105000061, -7.26744795441588 ], [ 112.70273538043071, -7.267446580695929 ], [ 112.702720133644718, -7.267442501275903 ], [ 112.702705827908218, -7.267435840106973 ], [ 112.702692897893954, -7.2674267995855 ], [ 112.702681736473949, -7.267415654403282 ], [ 112.702672682782321, -7.267402743201178 ], [ 112.702666011910807, -7.267388458279664 ], [ 112.702661926550263, -7.267373233678954 ], [ 112.702660550832064, -7.267357531990911 ], [ 112.702661926556459, -7.267341830303402 ], [ 112.702666011922446, -7.267326605704232 ], [ 112.702672682797996, -7.267312320785073 ], [ 112.702681736491783, -7.26729940958586 ], [ 112.702692897911788, -7.267288264406717 ], [ 112.702705827923893, -7.267279223888136 ], [ 112.702720133656356, -7.267272562721566 ], [ 112.702735380436906, -7.267268483303074 ], [ 112.702751105000061, -7.26726710958367 ] ] ] ] } },
{ "type": "Feature", "properties": { "OID_": 0, "Name": "Simo 2", "FolderPath": "Data CCTV Usulan + 50 Jalur + Rencana 2026.kmz/Rencana 2026/Surabaya Barat.kmz/Surabaya Barat", "Jenis": "Rencana 2026", "SubJenis": "Surabaya Barat", "POINT_X": 112.704405897, "POINT_Y": -7.266981331, "POINT_Z": 0.0, "BUFF_DIST": 10.0, "ORIG_FID": 226 }, "geometry": { "type": "MultiPolygon", "coordinates": [ [ [ [ 112.704405897000015, -7.266890908582178 ], [ 112.704421621550082, -7.266892282301606 ], [ 112.704436868317941, -7.266896361720163 ], [ 112.70445117403851, -7.266903022886845 ], [ 112.704464104039872, -7.266912063405576 ], [ 112.704475265450597, -7.266923208584902 ], [ 112.704484319136839, -7.266936119784327 ], [ 112.70449099000686, -7.266950404703723 ], [ 112.704495075369451, -7.266965629303145 ], [ 112.70449645109268, -7.266981330990915 ], [ 112.704495075375632, -7.26699703267922 ], [ 112.704490990018499, -7.26701225728018 ], [ 112.704484319152527, -7.267026542201932 ], [ 112.704475265468417, -7.267039453404247 ], [ 112.704464104057706, -7.267050598586652 ], [ 112.704451174054185, -7.267059639108272 ], [ 112.704436868329594, -7.267066300277313 ], [ 112.704421621556278, -7.267070379697406 ], [ 112.704405897000015, -7.267071753417381 ], [ 112.704390172443752, -7.267070379697406 ], [ 112.70437492567045, -7.267066300277313 ], [ 112.704360619945845, -7.267059639108272 ], [ 112.704347689942338, -7.267050598586652 ], [ 112.704336528531613, -7.267039453404247 ], [ 112.704327474847503, -7.267026542201932 ], [ 112.704320803981531, -7.26701225728018 ], [ 112.704316718624398, -7.26699703267922 ], [ 112.70431534290735, -7.266981330990915 ], [ 112.704316718630579, -7.266965629303145 ], [ 112.70432080399317, -7.266950404703725 ], [ 112.704327474863192, -7.266936119784327 ], [ 112.704336528549447, -7.266923208584902 ], [ 112.704347689960159, -7.266912063405576 ], [ 112.704360619961534, -7.266903022886845 ], [ 112.704374925682089, -7.266896361720163 ], [ 112.704390172449948, -7.266892282301606 ], [ 112.704405897000015, -7.266890908582178 ] ] ] ] } },
{ "type": "Feature", "properties": { "OID_": 0, "Name": "Simo 3", "FolderPath": "Data CCTV Usulan + 50 Jalur + Rencana 2026.kmz/Rencana 2026/Surabaya Barat.kmz/Surabaya Barat", "Jenis": "Rencana 2026", "SubJenis": "Surabaya Barat", "POINT_X": 112.710138204, "POINT_Y": -7.267911503, "POINT_Z": 0.0, "BUFF_DIST": 10.0, "ORIG_FID": 227 }, "geometry": { "type": "MultiPolygon", "coordinates": [ [ [ [ 112.710138204000032, -7.267821080585844 ], [ 112.710153928582443, -7.267822454305234 ], [ 112.710169175381665, -7.267826533723624 ], [ 112.710183481131651, -7.26783319489003 ], [ 112.7101964111596, -7.267842235408394 ], [ 112.710207572593276, -7.267853380587264 ], [ 112.710216626298148, -7.267866291786163 ], [ 112.710223297181884, -7.267880576704971 ], [ 112.710227382552873, -7.267895801303771 ], [ 112.710228758278944, -7.267911502990897 ], [ 112.710227382559069, -7.267927204678559 ], [ 112.710223297193522, -7.267942429278896 ], [ 112.710216626313837, -7.267956714200062 ], [ 112.710207572611111, -7.267969625401853 ], [ 112.710196411177435, -7.267980770583801 ], [ 112.710183481147325, -7.267989811105052 ], [ 112.710169175393304, -7.267996472273817 ], [ 112.710153928588639, -7.268000551693746 ], [ 112.710138204000032, -7.268001925413649 ], [ 112.710122479411424, -7.268000551693747 ], [ 112.710107232606759, -7.267996472273817 ], [ 112.710092926852752, -7.267989811105052 ], [ 112.710079996822628, -7.267980770583801 ], [ 112.710068835388952, -7.267969625401853 ], [ 112.71005978168624, -7.267956714200063 ], [ 112.710053110806541, -7.267942429278896 ], [ 112.710049025441009, -7.267927204678559 ], [ 112.710047649721133, -7.267911502990897 ], [ 112.710049025447205, -7.267895801303769 ], [ 112.710053110818194, -7.267880576704971 ], [ 112.710059781701929, -7.267866291786161 ], [ 112.710068835406801, -7.267853380587264 ], [ 112.710079996840477, -7.267842235408394 ], [ 112.710092926868427, -7.26783319489003 ], [ 112.710107232618398, -7.267826533723624 ], [ 112.71012247941762, -7.267822454305236 ], [ 112.710138204000032, -7.267821080585844 ] ] ] ] } },
{ "type": "Feature", "properties": { "OID_": 0, "Name": "Simo 4", "FolderPath": "Data CCTV Usulan + 50 Jalur + Rencana 2026.kmz/Rencana 2026/Surabaya Barat.kmz/Surabaya Barat", "Jenis": "Rencana 2026", "SubJenis": "Surabaya Barat", "POINT_X": 112.708824952, "POINT_Y": -7.26741028, "POINT_Z": 0.0, "BUFF_DIST": 10.0, "ORIG_FID": 228 }, "geometry": { "type": "MultiPolygon", "coordinates": [ [ [ [ 112.7088249520001, -7.267319857583898 ], [ 112.708840676565089, -7.26732123130331 ], [ 112.7088559233474, -7.267325310721791 ], [ 112.708870229081526, -7.267331971888346 ], [ 112.708883159095151, -7.267341012406907 ], [ 112.70889432051645, -7.267352157586023 ], [ 112.708903374211303, -7.267365068785206 ], [ 112.708910045087634, -7.26737935370433 ], [ 112.708914130454104, -7.267394578303466 ], [ 112.708915506178641, -7.26741027999094 ], [ 112.708914130460286, -7.267425981678947 ], [ 112.708910045099273, -7.267441206279621 ], [ 112.708903374226978, -7.267455491201102 ], [ 112.708894320534284, -7.267468402403176 ], [ 112.708883159112986, -7.267479547585369 ], [ 112.708870229097201, -7.267488588106821 ], [ 112.708855923359039, -7.267495249275732 ], [ 112.70884067657127, -7.267499328695751 ], [ 112.7088249520001, -7.26750070241569 ], [ 112.708809227428915, -7.267499328695751 ], [ 112.708793980641147, -7.267495249275732 ], [ 112.708779674902985, -7.267488588106821 ], [ 112.708766744887214, -7.267479547585369 ], [ 112.708755583465901, -7.267468402403174 ], [ 112.708746529773208, -7.267455491201102 ], [ 112.708739858900913, -7.267441206279621 ], [ 112.7087357735399, -7.267425981678947 ], [ 112.708734397821544, -7.26741027999094 ], [ 112.708735773546081, -7.267394578303464 ], [ 112.708739858912551, -7.26737935370433 ], [ 112.708746529788883, -7.267365068785206 ], [ 112.708755583483736, -7.267352157586023 ], [ 112.708766744905034, -7.267341012406907 ], [ 112.708779674918659, -7.267331971888348 ], [ 112.708793980652786, -7.267325310721791 ], [ 112.708809227435097, -7.26732123130331 ], [ 112.7088249520001, -7.267319857583898 ] ] ] ] } },
{ "type": "Feature", "properties": { "OID_": 0, "Name": "Kupang Jaya 1", "FolderPath": "Data CCTV Usulan + 50 Jalur + Rencana 2026.kmz/Rencana 2026/Surabaya Barat.kmz/Surabaya Barat", "Jenis": "Rencana 2026", "SubJenis": "Surabaya Barat", "POINT_X": 112.70241747199999, "POINT_Y": -7.27485636, "POINT_Z": 0.0, "BUFF_DIST": 10.0, "ORIG_FID": 229 }, "geometry": { "type": "MultiPolygon", "coordinates": [ [ [ [ 112.702417472000093, -7.274765937613522 ], [ 112.702433196824103, -7.274767311332461 ], [ 112.702448443857577, -7.274771390749603 ], [ 112.702462749827347, -7.274778051913975 ], [ 112.702475680053951, -7.274787092429571 ], [ 112.702486841659109, -7.274798237605033 ], [ 112.702495895503091, -7.274811148799984 ], [ 112.702502566489329, -7.274825433714425 ], [ 112.702506651923088, -7.274840658308569 ], [ 112.702508027670277, -7.274856359990896 ], [ 112.702506651929284, -7.274872061673759 ], [ 112.702502566500968, -7.274887286269444 ], [ 112.70249589551878, -7.274901571186247 ], [ 112.702486841676958, -7.274914482384091 ], [ 112.7024756800718, -7.274925627562631 ], [ 112.702462749843036, -7.274934668081124 ], [ 112.702448443869216, -7.274941329247854 ], [ 112.702433196830299, -7.274945408666535 ], [ 112.702417472000093, -7.274946782386049 ], [ 112.702401747169887, -7.274945408666536 ], [ 112.70238650013097, -7.274941329247854 ], [ 112.702372194157135, -7.274934668081124 ], [ 112.702359263928386, -7.274925627562631 ], [ 112.702348102323228, -7.274914482384091 ], [ 112.702339048481392, -7.274901571186247 ], [ 112.702332377499218, -7.274887286269446 ], [ 112.702328292070902, -7.274872061673759 ], [ 112.702326916329895, -7.274856359990896 ], [ 112.702328292077098, -7.274840658308569 ], [ 112.702332377510857, -7.274825433714425 ], [ 112.702339048497095, -7.274811148799984 ], [ 112.702348102341077, -7.274798237605031 ], [ 112.702359263946235, -7.274787092429571 ], [ 112.702372194172838, -7.274778051913975 ], [ 112.702386500142609, -7.274771390749603 ], [ 112.702401747176083, -7.274767311332461 ], [ 112.702417472000093, -7.274765937613522 ] ] ] ] } },
{ "type": "Feature", "properties": { "OID_": 0, "Name": "Kupang Jaya 2", "FolderPath": "Data CCTV Usulan + 50 Jalur + Rencana 2026.kmz/Rencana 2026/Surabaya Barat.kmz/Surabaya Barat", "Jenis": "Rencana 2026", "SubJenis": "Surabaya Barat", "POINT_X": 112.702495759, "POINT_Y": -7.274857943, "POINT_Z": 0.0, "BUFF_DIST": 10.0, "ORIG_FID": 230 }, "geometry": { "type": "MultiPolygon", "coordinates": [ [ [ [ 112.702495759000044, -7.274767520613548 ], [ 112.702511483824097, -7.274768894332494 ], [ 112.702526730857628, -7.274772973749637 ], [ 112.702541036827441, -7.274779634914007 ], [ 112.702553967054101, -7.274788675429604 ], [ 112.702565128659302, -7.274799820605063 ], [ 112.702574182503312, -7.274812731800012 ], [ 112.702580853489565, -7.274827016714455 ], [ 112.702584938923337, -7.274842241308598 ], [ 112.702586314670555, -7.274857942990924 ], [ 112.702584938929533, -7.274873644673786 ], [ 112.702580853501217, -7.27488886926947 ], [ 112.702574182519001, -7.274903154186272 ], [ 112.702565128677151, -7.274916065384113 ], [ 112.70255396707195, -7.274927210562654 ], [ 112.702541036843144, -7.274936251081144 ], [ 112.70252673086928, -7.274942912247876 ], [ 112.702511483830307, -7.274946991666557 ], [ 112.702495759000044, -7.274948365386063 ], [ 112.702480034169781, -7.274946991666558 ], [ 112.702464787130808, -7.274942912247876 ], [ 112.70245048115693, -7.274936251081144 ], [ 112.702437550928124, -7.274927210562654 ], [ 112.702426389322937, -7.274916065384113 ], [ 112.702417335481073, -7.27490315418627 ], [ 112.702410664498856, -7.27488886926947 ], [ 112.702406579070541, -7.274873644673786 ], [ 112.702405203329533, -7.274857942990924 ], [ 112.702406579076737, -7.274842241308597 ], [ 112.702410664510509, -7.274827016714455 ], [ 112.702417335496762, -7.274812731800012 ], [ 112.702426389340786, -7.274799820605063 ], [ 112.702437550945973, -7.274788675429603 ], [ 112.702450481172633, -7.274779634914007 ], [ 112.702464787142461, -7.274772973749637 ], [ 112.702480034175977, -7.274768894332494 ], [ 112.702495759000044, -7.274767520613548 ] ] ] ] } },
{ "type": "Feature", "properties": { "OID_": 0, "Name": "Kupang Jaya 3", "FolderPath": "Data CCTV Usulan + 50 Jalur + Rencana 2026.kmz/Rencana 2026/Surabaya Barat.kmz/Surabaya Barat", "Jenis": "Rencana 2026", "SubJenis": "Surabaya Barat", "POINT_X": 112.705708917, "POINT_Y": -7.275694744, "POINT_Z": 0.0, "BUFF_DIST": 10.0, "ORIG_FID": 231 }, "geometry": { "type": "MultiPolygon", "coordinates": [ [ [ [ 112.705708917000038, -7.275604321616854 ], [ 112.705724641853237, -7.275605695335761 ], [ 112.705739888914991, -7.275609774752755 ], [ 112.705754194911307, -7.275616435916881 ], [ 112.705767125161927, -7.275625476432145 ], [ 112.705778286787805, -7.275636621607193 ], [ 112.705787340648584, -7.275649532801665 ], [ 112.705794011647185, -7.275663817715583 ], [ 112.705798097088532, -7.275679042309164 ], [ 112.705799472838279, -7.275694743990911 ], [ 112.705798097094728, -7.275710445673195 ], [ 112.705794011658838, -7.275725670268317 ], [ 112.705787340664273, -7.275739955184592 ], [ 112.705778286805653, -7.275752866381962 ], [ 112.705767125179776, -7.27576401156009 ], [ 112.70575419492701, -7.275773052078248 ], [ 112.705739888926644, -7.275779713244731 ], [ 112.705724641859433, -7.275783792663264 ], [ 112.705708917000038, -7.275785166382705 ], [ 112.705693192140657, -7.275783792663265 ], [ 112.705677945073447, -7.275779713244731 ], [ 112.70566363907308, -7.275773052078248 ], [ 112.705650708820315, -7.27576401156009 ], [ 112.705639547194437, -7.27575286638196 ], [ 112.705630493335818, -7.275739955184592 ], [ 112.705623822341252, -7.275725670268317 ], [ 112.705619736905362, -7.275710445673195 ], [ 112.705618361161811, -7.275694743990911 ], [ 112.705619736911558, -7.275679042309164 ], [ 112.705623822352905, -7.275663817715583 ], [ 112.705630493351507, -7.275649532801666 ], [ 112.705639547212286, -7.275636621607193 ], [ 112.705650708838164, -7.275625476432145 ], [ 112.705663639088769, -7.275616435916879 ], [ 112.7056779450851, -7.275609774752756 ], [ 112.705693192146853, -7.275605695335763 ], [ 112.705708917000038, -7.275604321616854 ] ] ] ] } },
{ "type": "Feature", "properties": { "OID_": 0, "Name": "Kupang Jaya 4", "FolderPath": "Data CCTV Usulan + 50 Jalur + Rencana 2026.kmz/Rencana 2026/Surabaya Barat.kmz/Surabaya Barat", "Jenis": "Rencana 2026", "SubJenis": "Surabaya Barat", "POINT_X": 112.70603551799999, "POINT_Y": -7.275758549, "POINT_Z": 0.0, "BUFF_DIST": 10.0, "ORIG_FID": 232 }, "geometry": { "type": "MultiPolygon", "coordinates": [ [ [ [ 112.706035518000022, -7.275668126617055 ], [ 112.706051242855438, -7.275669500335983 ], [ 112.706066489919351, -7.275673579752962 ], [ 112.7060807959177, -7.27568024091707 ], [ 112.706093726170124, -7.275689281432308 ], [ 112.706104887797579, -7.275700426607325 ], [ 112.706113941659638, -7.275713337801762 ], [ 112.706120612659191, -7.275727622715637 ], [ 112.706124698101107, -7.275742847309178 ], [ 112.706126073851067, -7.275758548990881 ], [ 112.706124698107303, -7.275774250673121 ], [ 112.70612061267083, -7.275789475268198 ], [ 112.706113941675326, -7.275803760184433 ], [ 112.706104887815428, -7.275816671381764 ], [ 112.706093726187973, -7.275827816559863 ], [ 112.706080795933389, -7.275836857077996 ], [ 112.706066489931004, -7.275843518244461 ], [ 112.706051242861633, -7.275847597662983 ], [ 112.706035518000022, -7.275848971382398 ], [ 112.70601979313841, -7.275847597662985 ], [ 112.706004546069053, -7.275843518244461 ], [ 112.705990240066654, -7.275836857077996 ], [ 112.70597730981207, -7.275827816559863 ], [ 112.705966148184629, -7.275816671381764 ], [ 112.705957094324717, -7.275803760184433 ], [ 112.705950423329227, -7.275789475268198 ], [ 112.705946337892755, -7.275774250673121 ], [ 112.70594496214899, -7.275758548990881 ], [ 112.705946337898951, -7.275742847309178 ], [ 112.705950423340866, -7.275727622715637 ], [ 112.70595709434042, -7.275713337801762 ], [ 112.705966148202478, -7.275700426607325 ], [ 112.705977309829919, -7.275689281432308 ], [ 112.705990240082357, -7.27568024091707 ], [ 112.706004546080706, -7.275673579752962 ], [ 112.70601979314462, -7.275669500335983 ], [ 112.706035518000022, -7.275668126617055 ] ] ] ] } },
{ "type": "Feature", "properties": { "OID_": 0, "Name": "Kupang Jaya 5", "FolderPath": "Data CCTV Usulan + 50 Jalur + Rencana 2026.kmz/Rencana 2026/Surabaya Barat.kmz/Surabaya Barat", "Jenis": "Rencana 2026", "SubJenis": "Surabaya Barat", "POINT_X": 112.70703941399999, "POINT_Y": -7.275857368, "POINT_Z": 0.0, "BUFF_DIST": 10.0, "ORIG_FID": 233 }, "geometry": { "type": "MultiPolygon", "coordinates": [ [ [ [ 112.707039414000064, -7.2757669456175 ], [ 112.707055138858919, -7.275768319336385 ], [ 112.707070385926173, -7.275772398753348 ], [ 112.707084691927633, -7.275779059917427 ], [ 112.7070976221829, -7.275788100432626 ], [ 112.707108783812785, -7.275799245607595 ], [ 112.707117837676833, -7.275812156801978 ], [ 112.707124508677836, -7.275826441715789 ], [ 112.707128594120647, -7.275841666309264 ], [ 112.707129969870905, -7.275857367990899 ], [ 112.707128594126857, -7.275873069673067 ], [ 112.707124508689489, -7.275888294268083 ], [ 112.707117837692522, -7.275902579184256 ], [ 112.707108783830634, -7.27591549038153 ], [ 112.707097622200749, -7.275926635559578 ], [ 112.707084691943322, -7.275935676077673 ], [ 112.707070385937811, -7.27594233724411 ], [ 112.707055138865115, -7.275946416662611 ], [ 112.707039414000064, -7.275947790382055 ], [ 112.707023689135013, -7.275946416662611 ], [ 112.707008442062317, -7.27594233724411 ], [ 112.706994136056792, -7.275935676077673 ], [ 112.70698120579938, -7.275926635559578 ], [ 112.706970044169481, -7.275915490381528 ], [ 112.706960990307607, -7.275902579184254 ], [ 112.706954319310626, -7.275888294268083 ], [ 112.706950233873272, -7.275873069673067 ], [ 112.706948858129209, -7.275857367990899 ], [ 112.706950233879482, -7.275841666309264 ], [ 112.706954319322278, -7.275826441715791 ], [ 112.706960990323296, -7.275812156801978 ], [ 112.706970044187329, -7.275799245607596 ], [ 112.706981205817229, -7.275788100432626 ], [ 112.706994136072495, -7.275779059917427 ], [ 112.707008442073956, -7.275772398753348 ], [ 112.707023689141209, -7.275768319336385 ], [ 112.707039414000064, -7.2757669456175 ] ] ] ] } },
{ "type": "Feature", "properties": { "OID_": 0, "Name": "Sememi Jaya 1", "FolderPath": "Data CCTV Usulan + 50 Jalur + Rencana 2026.kmz/Rencana 2026/Surabaya Barat.kmz/Surabaya Barat", "Jenis": "Rencana 2026", "SubJenis": "Surabaya Barat", "POINT_X": 112.638882563, "POINT_Y": -7.247528078, "POINT_Z": 0.0, "BUFF_DIST": 10.0, "ORIG_FID": 234 }, "geometry": { "type": "MultiPolygon", "coordinates": [ [ [ [ 112.638882563000038, -7.247437655504918 ], [ 112.638898286874749, -7.247439029225517 ], [ 112.638913532987758, -7.247443108647563 ], [ 112.638927838093878, -7.247449769819939 ], [ 112.638940767539893, -7.247458810346401 ], [ 112.638951928471215, -7.247469955535255 ], [ 112.638960981768605, -7.247482866745718 ], [ 112.638967652352093, -7.247497151677322 ], [ 112.638971737539194, -7.247512376289758 ], [ 112.638973113203349, -7.247528077990948 ], [ 112.638971737545376, -7.247543779692668 ], [ 112.638967652363704, -7.247559004306635 ], [ 112.638960981784237, -7.247573289240591 ], [ 112.638951928488993, -7.247586200453939 ], [ 112.638940767557671, -7.247597345645862 ], [ 112.63892783810951, -7.247606386175205 ], [ 112.638913532999354, -7.247613047349933 ], [ 112.638898286880931, -7.247617126773515 ], [ 112.638882563000038, -7.247618500494665 ], [ 112.63886683911916, -7.247617126773515 ], [ 112.638851593000737, -7.247613047349933 ], [ 112.638837287890581, -7.247606386175207 ], [ 112.63882435844242, -7.247597345645862 ], [ 112.638813197511084, -7.247586200453938 ], [ 112.63880414421584, -7.247573289240592 ], [ 112.638797473636387, -7.247559004306637 ], [ 112.638793388454701, -7.247543779692668 ], [ 112.638792012796742, -7.247528077990948 ], [ 112.638793388460883, -7.247512376289756 ], [ 112.638797473647983, -7.247497151677322 ], [ 112.638804144231486, -7.247482866745719 ], [ 112.638813197528876, -7.247469955535255 ], [ 112.638824358460198, -7.247458810346399 ], [ 112.638837287906213, -7.247449769819939 ], [ 112.638851593012333, -7.247443108647562 ], [ 112.638866839125342, -7.247439029225517 ], [ 112.638882563000038, -7.247437655504918 ] ] ] ] } },
{ "type": "Feature", "properties": { "OID_": 0, "Name": "Sememi Jaya 2", "FolderPath": "Data CCTV Usulan + 50 Jalur + Rencana 2026.kmz/Rencana 2026/Surabaya Barat.kmz/Surabaya Barat", "Jenis": "Rencana 2026", "SubJenis": "Surabaya Barat", "POINT_X": 112.640853068, "POINT_Y": -7.247903488, "POINT_Z": 0.0, "BUFF_DIST": 10.0, "ORIG_FID": 235 }, "geometry": { "type": "MultiPolygon", "coordinates": [ [ [ [ 112.640853068000069, -7.24781306550641 ], [ 112.640868791887783, -7.247814439226986 ], [ 112.640884038013411, -7.247818518648965 ], [ 112.640898343131383, -7.247825179821231 ], [ 112.640911272588099, -7.247834220347543 ], [ 112.640922433528658, -7.247845365536215 ], [ 112.640931486833537, -7.247858276746465 ], [ 112.640938157422553, -7.247872561677836 ], [ 112.64094224261305, -7.24788778629002 ], [ 112.640943618278328, -7.24790348799095 ], [ 112.640942242619218, -7.247919189692412 ], [ 112.640938157434164, -7.247934414306129 ], [ 112.640931486849183, -7.24794869923985 ], [ 112.640922433546436, -7.247961610452984 ], [ 112.640911272605877, -7.247972755644724 ], [ 112.640898343147015, -7.247981796173919 ], [ 112.640884038025021, -7.247988457348536 ], [ 112.640868791893965, -7.24799253677205 ], [ 112.640853068000069, -7.247993910493181 ], [ 112.640837344106174, -7.24799253677205 ], [ 112.640822097975118, -7.247988457348536 ], [ 112.640807792853124, -7.247981796173919 ], [ 112.640794863394262, -7.247972755644724 ], [ 112.640783702453703, -7.247961610452984 ], [ 112.64077464915097, -7.24794869923985 ], [ 112.640767978565989, -7.247934414306129 ], [ 112.640763893380921, -7.247919189692412 ], [ 112.640762517721811, -7.24790348799095 ], [ 112.640763893387089, -7.24788778629002 ], [ 112.640767978577585, -7.247872561677834 ], [ 112.640774649166602, -7.247858276746465 ], [ 112.640783702471481, -7.247845365536214 ], [ 112.640794863412054, -7.247834220347543 ], [ 112.640807792868756, -7.247825179821231 ], [ 112.640822097986728, -7.247818518648963 ], [ 112.640837344112356, -7.247814439226986 ], [ 112.640853068000069, -7.24781306550641 ] ] ] ] } },
{ "type": "Feature", "properties": { "OID_": 0, "Name": "Sememi Jaya 3", "FolderPath": "Data CCTV Usulan + 50 Jalur + Rencana 2026.kmz/Rencana 2026/Surabaya Barat.kmz/Surabaya Barat", "Jenis": "Rencana 2026", "SubJenis": "Surabaya Barat", "POINT_X": 112.64048673800001, "POINT_Y": -7.247843137, "POINT_Z": 0.0, "BUFF_DIST": 10.0, "ORIG_FID": 236 }, "geometry": { "type": "MultiPolygon", "coordinates": [ [ [ [ 112.64048673800005, -7.24775271450615 ], [ 112.640502461885674, -7.247754088226748 ], [ 112.64051770800927, -7.247758167648739 ], [ 112.640532013125323, -7.247764828821023 ], [ 112.640544942580334, -7.24777386934736 ], [ 112.640556103519401, -7.247785014536059 ], [ 112.640565156823087, -7.247797925746345 ], [ 112.640571827411208, -7.247812210677752 ], [ 112.640575912601165, -7.247827435289977 ], [ 112.640577288266257, -7.247843136990948 ], [ 112.640575912607332, -7.247858838692452 ], [ 112.640571827422804, -7.247874063306211 ], [ 112.640565156838719, -7.247888348239969 ], [ 112.640556103537179, -7.247901259453137 ], [ 112.640544942598112, -7.247912404644906 ], [ 112.64053201314097, -7.247921445174126 ], [ 112.640517708020866, -7.24792810634876 ], [ 112.640502461891842, -7.247932185772284 ], [ 112.64048673800005, -7.247933559493399 ], [ 112.640471014108243, -7.247932185772286 ], [ 112.640455767979219, -7.24792810634876 ], [ 112.64044146285913, -7.247921445174127 ], [ 112.640428533401987, -7.247912404644906 ], [ 112.640417372462906, -7.247901259453135 ], [ 112.640408319161367, -7.247888348239969 ], [ 112.640401648577281, -7.247874063306211 ], [ 112.640397563392767, -7.247858838692452 ], [ 112.640396187733828, -7.247843136990948 ], [ 112.640397563398935, -7.247827435289978 ], [ 112.640401648588892, -7.247812210677752 ], [ 112.640408319177013, -7.247797925746345 ], [ 112.640417372480684, -7.247785014536061 ], [ 112.640428533419765, -7.24777386934736 ], [ 112.640441462874762, -7.247764828821023 ], [ 112.640455767990829, -7.247758167648737 ], [ 112.640471014114411, -7.247754088226748 ], [ 112.64048673800005, -7.24775271450615 ] ] ] ] } },
{ "type": "Feature", "properties": { "OID_": 0, "Name": "Sememi Jaya 4", "FolderPath": "Data CCTV Usulan + 50 Jalur + Rencana 2026.kmz/Rencana 2026/Surabaya Barat.kmz/Surabaya Barat", "Jenis": "Rencana 2026", "SubJenis": "Surabaya Barat", "POINT_X": 112.64190506600001, "POINT_Y": -7.248381447, "POINT_Z": 0.0, "BUFF_DIST": 10.0, "ORIG_FID": 237 }, "geometry": { "type": "MultiPolygon", "coordinates": [ [ [ [ 112.641905066000049, -7.248291024508238 ], [ 112.641920789904347, -7.24829239822882 ], [ 112.641936036046033, -7.248296477650711 ], [ 112.641950341179083, -7.248303138822838 ], [ 112.641963270649413, -7.24831217934896 ], [ 112.641974431601753, -7.248323324537397 ], [ 112.641983484916182, -7.248336235747379 ], [ 112.641990155512218, -7.248350520678448 ], [ 112.641994240707007, -7.248365745290311 ], [ 112.641995616373734, -7.248381446990914 ], [ 112.641994240713188, -7.248397148692047 ], [ 112.641990155523828, -7.248412373305445 ], [ 112.641983484931814, -7.248426658238866 ], [ 112.641974431619531, -7.248439569451728 ], [ 112.641963270667205, -7.248450714643235 ], [ 112.641950341194715, -7.24845975517224 ], [ 112.641936036057643, -7.248466416346719 ], [ 112.641920789910515, -7.248470495770148 ], [ 112.641905066000049, -7.248471869491219 ], [ 112.641889342089584, -7.248470495770148 ], [ 112.641874095942455, -7.248466416346719 ], [ 112.641859790805384, -7.24845975517224 ], [ 112.641846861332894, -7.248450714643235 ], [ 112.641835700380568, -7.24843956945173 ], [ 112.641826647068285, -7.248426658238865 ], [ 112.64181997647627, -7.248412373305445 ], [ 112.64181589128691, -7.248397148692047 ], [ 112.641814515626365, -7.248381446990914 ], [ 112.641815891293092, -7.248365745290313 ], [ 112.641819976487881, -7.248350520678448 ], [ 112.641826647083917, -7.248336235747379 ], [ 112.641835700398346, -7.248323324537397 ], [ 112.641846861350686, -7.24831217934896 ], [ 112.641859790821016, -7.248303138822839 ], [ 112.641874095954066, -7.24829647765071 ], [ 112.641889342095752, -7.24829239822882 ], [ 112.641905066000049, -7.248291024508238 ] ] ] ] } },
{ "type": "Feature", "properties": { "OID_": 0, "Name": "Sememi Jaya 5", "FolderPath": "Data CCTV Usulan + 50 Jalur + Rencana 2026.kmz/Rencana 2026/Surabaya Barat.kmz/Surabaya Barat", "Jenis": "Rencana 2026", "SubJenis": "Surabaya Barat", "POINT_X": 112.642797456, "POINT_Y": -7.249312509, "POINT_Z": 0.0, "BUFF_DIST": 10.0, "ORIG_FID": 238 }, "geometry": { "type": "MultiPolygon", "coordinates": [ [ [ [ 112.642797456000039, -7.249222086511961 ], [ 112.64281317993661, -7.249223460232463 ], [ 112.642828426109617, -7.24922753965419 ], [ 112.642842731272026, -7.249234200826042 ], [ 112.642855660768916, -7.249243241351798 ], [ 112.642866821744164, -7.249254386539778 ], [ 112.642875875077181, -7.249267297749231 ], [ 112.642882545686916, -7.249281582679716 ], [ 112.642886630890104, -7.249296807290959 ], [ 112.642888006559659, -7.249312508990919 ], [ 112.642886630896271, -7.24932821069141 ], [ 112.642882545698527, -7.249343435304184 ], [ 112.642875875092813, -7.249357720237027 ], [ 112.642866821761942, -7.249370631449361 ], [ 112.642855660786708, -7.249381776640412 ], [ 112.642842731287672, -7.249390817169049 ], [ 112.642828426121227, -7.249397478343252 ], [ 112.642813179942792, -7.249401557766515 ], [ 112.642797456000039, -7.249402931487547 ], [ 112.642781732057287, -7.249401557766516 ], [ 112.642766485878852, -7.249397478343252 ], [ 112.642752180712407, -7.249390817169047 ], [ 112.642739251213371, -7.249381776640412 ], [ 112.642728090238123, -7.249370631449359 ], [ 112.642719036907266, -7.249357720237025 ], [ 112.642712366301538, -7.249343435304186 ], [ 112.642708281103793, -7.24932821069141 ], [ 112.642706905440406, -7.249312508990919 ], [ 112.642708281109961, -7.249296807290959 ], [ 112.642712366313162, -7.249281582679716 ], [ 112.642719036922898, -7.249267297749231 ], [ 112.642728090255915, -7.249254386539778 ], [ 112.642739251231149, -7.249243241351798 ], [ 112.642752180728039, -7.249234200826042 ], [ 112.642766485890462, -7.24922753965419 ], [ 112.642781732063455, -7.249223460232463 ], [ 112.642797456000039, -7.249222086511961 ] ] ] ] } },
{ "type": "Feature", "properties": { "OID_": 0, "Name": "Sememi Jaya 6", "FolderPath": "Data CCTV Usulan + 50 Jalur + Rencana 2026.kmz/Rencana 2026/Surabaya Barat.kmz/Surabaya Barat", "Jenis": "Rencana 2026", "SubJenis": "Surabaya Barat", "POINT_X": 112.642943665, "POINT_Y": -7.249434254, "POINT_Z": 0.0, "BUFF_DIST": 10.0, "ORIG_FID": 239 }, "geometry": { "type": "MultiPolygon", "coordinates": [ [ [ [ 112.642943665000075, -7.249343831512448 ], [ 112.642959388940881, -7.249345205232943 ], [ 112.642974635117966, -7.249349284654645 ], [ 112.642988940284226, -7.249355945826465 ], [ 112.643001869784598, -7.249364986352169 ], [ 112.64301303076283, -7.249376131540092 ], [ 112.643022084098277, -7.249389042749475 ], [ 112.643028754709803, -7.249403327679885 ], [ 112.643032839914099, -7.249418552291045 ], [ 112.643034215584009, -7.249434253990922 ], [ 112.643032839920266, -7.24944995569133 ], [ 112.643028754721414, -7.249465180304027 ], [ 112.643022084113909, -7.249479465236787 ], [ 112.643013030780608, -7.249492376449053 ], [ 112.643001869802376, -7.249503521640044 ], [ 112.642988940299873, -7.249512562168633 ], [ 112.642974635129576, -7.249519223342804 ], [ 112.642959388947048, -7.249523302766042 ], [ 112.642943665000075, -7.249524676487069 ], [ 112.642927941053102, -7.249523302766042 ], [ 112.642912694870574, -7.249519223342804 ], [ 112.642898389700278, -7.249512562168633 ], [ 112.642885460197775, -7.249503521640044 ], [ 112.642874299219542, -7.249492376449052 ], [ 112.642865245886242, -7.249479465236786 ], [ 112.642858575278737, -7.249465180304027 ], [ 112.642854490079898, -7.24944995569133 ], [ 112.642853114416141, -7.249434253990922 ], [ 112.642854490086066, -7.249418552291045 ], [ 112.642858575290347, -7.249403327679885 ], [ 112.642865245901888, -7.249389042749475 ], [ 112.64287429923732, -7.249376131540092 ], [ 112.642885460215567, -7.249364986352169 ], [ 112.642898389715938, -7.249355945826465 ], [ 112.642912694882185, -7.249349284654645 ], [ 112.64292794105927, -7.249345205232943 ], [ 112.642943665000075, -7.249343831512448 ] ] ] ] } },
{ "type": "Feature", "properties": { "OID_": 0, "Name": "Sememi Jaya 7", "FolderPath": "Data CCTV Usulan + 50 Jalur + Rencana 2026.kmz/Rencana 2026/Surabaya Barat.kmz/Surabaya Barat", "Jenis": "Rencana 2026", "SubJenis": "Surabaya Barat", "POINT_X": 112.643743406, "POINT_Y": -7.249932994, "POINT_Z": 0.0, "BUFF_DIST": 10.0, "ORIG_FID": 240 }, "geometry": { "type": "MultiPolygon", "coordinates": [ [ [ [ 112.643743406000112, -7.249842571514494 ], [ 112.643759129958212, -7.249843945234898 ], [ 112.643774376152081, -7.249848024656514 ], [ 112.643788681334058, -7.249854685828188 ], [ 112.643801610848655, -7.249863726353693 ], [ 112.643812771839166, -7.249874871541373 ], [ 112.643821825184574, -7.249887782750473 ], [ 112.643828495803447, -7.24990206768057 ], [ 112.643832581012219, -7.249917292291397 ], [ 112.64383395668365, -7.24993299399093 ], [ 112.643832581018401, -7.249948695690994 ], [ 112.643828495815058, -7.249963920303355 ], [ 112.64382182520022, -7.249978205235805 ], [ 112.643812771856958, -7.249991116447788 ], [ 112.643801610866433, -7.250002261638537 ], [ 112.643788681349704, -7.250011302166927 ], [ 112.643774376163677, -7.250017963340952 ], [ 112.643759129964394, -7.250022042764102 ], [ 112.643743406000112, -7.250023416485155 ], [ 112.643727682035831, -7.250022042764104 ], [ 112.643712435836548, -7.250017963340952 ], [ 112.64369813065052, -7.250011302166926 ], [ 112.643685201133792, -7.250002261638537 ], [ 112.643674040143267, -7.249991116447788 ], [ 112.643664986800019, -7.249978205235804 ], [ 112.643658316185181, -7.249963920303355 ], [ 112.643654230981824, -7.249948695690994 ], [ 112.643652855316574, -7.24993299399093 ], [ 112.643654230988005, -7.249917292291397 ], [ 112.643658316196777, -7.24990206768057 ], [ 112.643664986815651, -7.249887782750473 ], [ 112.643674040161059, -7.249874871541372 ], [ 112.643685201151584, -7.249863726353695 ], [ 112.643698130666166, -7.249854685828188 ], [ 112.643712435848144, -7.249848024656513 ], [ 112.643727682042012, -7.249843945234898 ], [ 112.643743406000112, -7.249842571514494 ] ] ] ] } },
{ "type": "Feature", "properties": { "OID_": 0, "Name": "Sememi Jaya 8", "FolderPath": "Data CCTV Usulan + 50 Jalur + Rencana 2026.kmz/Rencana 2026/Surabaya Barat.kmz/Surabaya Barat", "Jenis": "Rencana 2026", "SubJenis": "Surabaya Barat", "POINT_X": 112.64363907400001, "POINT_Y": -7.249892527, "POINT_Z": 0.0, "BUFF_DIST": 10.0, "ORIG_FID": 241 }, "geometry": { "type": "MultiPolygon", "coordinates": [ [ [ [ 112.643639074000021, -7.249802104514264 ], [ 112.643654797956714, -7.249803478234726 ], [ 112.643670044149218, -7.249807557656347 ], [ 112.643684349329931, -7.249814218828032 ], [ 112.643697278843362, -7.249823259353558 ], [ 112.643708439832878, -7.249834404541254 ], [ 112.64371749317749, -7.249847315750377 ], [ 112.643724163795767, -7.2498616006805 ], [ 112.64372824900417, -7.249876825291353 ], [ 112.643729624675487, -7.249892526990914 ], [ 112.643728249010337, -7.249908228691006 ], [ 112.643724163807363, -7.249923453303396 ], [ 112.643717493193122, -7.249937738235869 ], [ 112.64370843985067, -7.249950649447875 ], [ 112.643697278861154, -7.249961794638645 ], [ 112.643684349345577, -7.249970835167051 ], [ 112.643670044160828, -7.249977496341086 ], [ 112.643654797962881, -7.249981575764243 ], [ 112.643639074000021, -7.249982949485249 ], [ 112.64362335003716, -7.249981575764245 ], [ 112.643608103839213, -7.249977496341086 ], [ 112.643593798654464, -7.24997083516705 ], [ 112.643580869138887, -7.249961794638645 ], [ 112.643569708149371, -7.249950649447875 ], [ 112.643560654806919, -7.24993773823587 ], [ 112.643553984192678, -7.249923453303396 ], [ 112.643549898989704, -7.249908228691006 ], [ 112.643548523324554, -7.249892526990914 ], [ 112.643549898995872, -7.249876825291353 ], [ 112.643553984204274, -7.2498616006805 ], [ 112.643560654822551, -7.249847315750377 ], [ 112.643569708167163, -7.249834404541254 ], [ 112.643580869156679, -7.249823259353555 ], [ 112.643593798670111, -7.24981421882803 ], [ 112.643608103850823, -7.249807557656347 ], [ 112.643623350043327, -7.249803478234726 ], [ 112.643639074000021, -7.249802104514264 ] ] ] ] } },
{ "type": "Feature", "properties": { "OID_": 0, "Name": "Sememi Jaya 9", "FolderPath": "Data CCTV Usulan + 50 Jalur + Rencana 2026.kmz/Rencana 2026/Surabaya Barat.kmz/Surabaya Barat", "Jenis": "Rencana 2026", "SubJenis": "Surabaya Barat", "POINT_X": 112.64576900199999, "POINT_Y": -7.250534971, "POINT_Z": 0.0, "BUFF_DIST": 10.0, "ORIG_FID": 242 }, "geometry": { "type": "MultiPolygon", "coordinates": [ [ [ [ 112.645769002000065, -7.250444548516853 ], [ 112.645784725979027, -7.250445922237285 ], [ 112.645799972193146, -7.25045000165879 ], [ 112.645814277394123, -7.250456662830288 ], [ 112.645827206925887, -7.250465703355554 ], [ 112.645838367931233, -7.250476848542939 ], [ 112.64584742128865, -7.250489759751698 ], [ 112.645854091916377, -7.250504044681417 ], [ 112.645858177130577, -7.250519269291845 ], [ 112.645859552803842, -7.25053497099096 ], [ 112.645858177136759, -7.250550672690609 ], [ 112.645854091927987, -7.25056589730257 ], [ 112.645847421304296, -7.250580182234641 ], [ 112.645838367949011, -7.250593093446285 ], [ 112.645827206943665, -7.250604238636738 ], [ 112.645814277409769, -7.25061327916489 ], [ 112.645799972204742, -7.250619940338739 ], [ 112.645784725985209, -7.250624019761782 ], [ 112.645769002000065, -7.250625393482733 ], [ 112.645753278014908, -7.250624019761784 ], [ 112.645738031795375, -7.250619940338739 ], [ 112.645723726590347, -7.25061327916489 ], [ 112.645710797056452, -7.250604238636738 ], [ 112.645699636051106, -7.250593093446285 ], [ 112.645690582695835, -7.250580182234641 ], [ 112.64568391207213, -7.25056589730257 ], [ 112.645679826863372, -7.25055067269061 ], [ 112.645678451196289, -7.25053497099096 ], [ 112.645679826869539, -7.250519269291845 ], [ 112.645683912083754, -7.250504044681419 ], [ 112.645690582711481, -7.250489759751697 ], [ 112.645699636068898, -7.250476848542939 ], [ 112.645710797074244, -7.250465703355554 ], [ 112.645723726605993, -7.250456662830288 ], [ 112.645738031806971, -7.25045000165879 ], [ 112.64575327802109, -7.250445922237285 ], [ 112.645769002000065, -7.250444548516853 ] ] ] ] } },
{ "type": "Feature", "properties": { "OID_": 0, "Name": "Sememi Jaya 10", "FolderPath": "Data CCTV Usulan + 50 Jalur + Rencana 2026.kmz/Rencana 2026/Surabaya Barat.kmz/Surabaya Barat", "Jenis": "Rencana 2026", "SubJenis": "Surabaya Barat", "POINT_X": 112.645782666, "POINT_Y": -7.250559948, "POINT_Z": 0.0, "BUFF_DIST": 10.0, "ORIG_FID": 243 }, "geometry": { "type": "MultiPolygon", "coordinates": [ [ [ [ 112.645782666000059, -7.250469525516914 ], [ 112.645798389979902, -7.250470899237338 ], [ 112.645813636194845, -7.25047497865884 ], [ 112.645827941396618, -7.250481639830328 ], [ 112.645840870929092, -7.250490680355587 ], [ 112.64585203193505, -7.250501825542957 ], [ 112.645861085292964, -7.250514736751705 ], [ 112.64586775592106, -7.250529021681408 ], [ 112.645871841135488, -7.250544246291818 ], [ 112.645873216808823, -7.250559947990918 ], [ 112.64587184114167, -7.250575649690548 ], [ 112.64586775593267, -7.250590874302491 ], [ 112.64586108530861, -7.250605159234548 ], [ 112.645852031952828, -7.250618070446175 ], [ 112.64584087094687, -7.250629215636618 ], [ 112.645827941412264, -7.250638256164762 ], [ 112.645813636206469, -7.2506449173386 ], [ 112.645798389986084, -7.250648996761639 ], [ 112.645782666000059, -7.250650370482599 ], [ 112.645766942014035, -7.250648996761639 ], [ 112.645751695793663, -7.2506449173386 ], [ 112.645737390587854, -7.25063825616476 ], [ 112.645724461053248, -7.250629215636618 ], [ 112.645713300047291, -7.250618070446177 ], [ 112.645704246691523, -7.250605159234548 ], [ 112.645697576067448, -7.250590874302492 ], [ 112.645693490858463, -7.250575649690548 ], [ 112.645692115191295, -7.250559947990918 ], [ 112.64569349086463, -7.250544246291816 ], [ 112.645697576079058, -7.250529021681408 ], [ 112.645704246707155, -7.250514736751705 ], [ 112.645713300065083, -7.250501825542957 ], [ 112.645724461071026, -7.250490680355587 ], [ 112.6457373906035, -7.250481639830328 ], [ 112.645751695805274, -7.25047497865884 ], [ 112.645766942020231, -7.250470899237338 ], [ 112.645782666000059, -7.250469525516914 ] ] ] ] } },
{ "type": "Feature", "properties": { "OID_": 0, "Name": "Kandangan 1", "FolderPath": "Data CCTV Usulan + 50 Jalur + Rencana 2026.kmz/Rencana 2026/Surabaya Barat.kmz/Surabaya Barat", "Jenis": "Rencana 2026", "SubJenis": "Surabaya Barat", "POINT_X": 112.649623616, "POINT_Y": -7.251847284, "POINT_Z": 0.0, "BUFF_DIST": 10.0, "ORIG_FID": 244 }, "geometry": { "type": "MultiPolygon", "coordinates": [ [ [ [ 112.649623616000099, -7.251756861522012 ], [ 112.649639340024592, -7.251758235242385 ], [ 112.649654586282836, -7.251762314663658 ], [ 112.649668891525238, -7.251768975834771 ], [ 112.649681821094433, -7.251778016359521 ], [ 112.649692982132066, -7.251789161546259 ], [ 112.649702035515702, -7.251802072754273 ], [ 112.649708706162741, -7.251816357683172 ], [ 112.649712791388779, -7.251831582292718 ], [ 112.649714167066023, -7.251847283990934 ], [ 112.649712791394961, -7.251862985689677 ], [ 112.649708706174366, -7.25187821030076 ], [ 112.649702035531362, -7.25189249523201 ], [ 112.649692982149872, -7.251905406442909 ], [ 112.64968182111221, -7.251916551632721 ], [ 112.649668891540884, -7.251925592160352 ], [ 112.649654586294446, -7.251932253333819 ], [ 112.649639340030774, -7.251936332756625 ], [ 112.649623616000099, -7.251937706477478 ], [ 112.649607891969424, -7.251936332756625 ], [ 112.649592645705738, -7.251932253333819 ], [ 112.649578340459314, -7.251925592160352 ], [ 112.649565410887988, -7.251916551632721 ], [ 112.649554249850326, -7.251905406442909 ], [ 112.649545196468836, -7.25189249523201 ], [ 112.649538525825832, -7.251878210300762 ], [ 112.649534440605237, -7.251862985689677 ], [ 112.649533064934161, -7.251847283990934 ], [ 112.649534440611419, -7.251831582292719 ], [ 112.649538525837443, -7.251816357683172 ], [ 112.649545196484482, -7.251802072754273 ], [ 112.649554249868117, -7.25178916154626 ], [ 112.649565410905765, -7.251778016359519 ], [ 112.64957834047496, -7.25176897583477 ], [ 112.649592645717362, -7.251762314663657 ], [ 112.649607891975606, -7.251758235242385 ], [ 112.649623616000099, -7.251756861522012 ] ] ] ] } },
{ "type": "Feature", "properties": { "OID_": 0, "Name": "Kandangan 2", "FolderPath": "Data CCTV Usulan + 50 Jalur + Rencana 2026.kmz/Rencana 2026/Surabaya Barat.kmz/Surabaya Barat", "Jenis": "Rencana 2026", "SubJenis": "Surabaya Barat", "POINT_X": 112.64985636500001, "POINT_Y": -7.251893996, "POINT_Z": 0.0, "BUFF_DIST": 10.0, "ORIG_FID": 245 }, "geometry": { "type": "MultiPolygon", "coordinates": [ [ [ [ 112.649856365, -7.251803573522232 ], [ 112.649872089026118, -7.251804947242595 ], [ 112.649887335285925, -7.251809026663859 ], [ 112.649901640529805, -7.251815687834957 ], [ 112.649914570100336, -7.251824728359686 ], [ 112.64992573113912, -7.251835873546404 ], [ 112.649934784523708, -7.251848784754395 ], [ 112.64994145517143, -7.251863069683261 ], [ 112.64994554039788, -7.251878294292779 ], [ 112.649946916075265, -7.251893995990959 ], [ 112.649945540404048, -7.251909697689669 ], [ 112.649941455183026, -7.251924922300723 ], [ 112.64993478453934, -7.251939207231943 ], [ 112.649925731156927, -7.251952118442816 ], [ 112.649914570118113, -7.251963263632605 ], [ 112.649901640545465, -7.251972304160218 ], [ 112.649887335297549, -7.251978965333669 ], [ 112.649872089032286, -7.251983044756468 ], [ 112.649856365, -7.251984418477329 ], [ 112.64984064096771, -7.25198304475647 ], [ 112.649825394702461, -7.251978965333669 ], [ 112.649811089454545, -7.251972304160218 ], [ 112.649798159881882, -7.251963263632605 ], [ 112.649786998843084, -7.251952118442816 ], [ 112.64977794546067, -7.251939207231942 ], [ 112.64977127481697, -7.251924922300724 ], [ 112.649767189595948, -7.251909697689671 ], [ 112.649765813924731, -7.251893995990959 ], [ 112.649767189602116, -7.251878294292777 ], [ 112.649771274828581, -7.251863069683261 ], [ 112.649777945476302, -7.251848784754395 ], [ 112.649786998860876, -7.251835873546404 ], [ 112.649798159899674, -7.251824728359686 ], [ 112.649811089470191, -7.251815687834957 ], [ 112.649825394714071, -7.251809026663858 ], [ 112.649840640973878, -7.251804947242595 ], [ 112.649856365, -7.251803573522232 ] ] ] ] } },
{ "type": "Feature", "properties": { "OID_": 0, "Name": "Kandangan 3", "FolderPath": "Data CCTV Usulan + 50 Jalur + Rencana 2026.kmz/Rencana 2026/Surabaya Barat.kmz/Surabaya Barat", "Jenis": "Rencana 2026", "SubJenis": "Surabaya Barat", "POINT_X": 112.652321149, "POINT_Y": -7.252461551, "POINT_Z": 0.0, "BUFF_DIST": 10.0, "ORIG_FID": 246 }, "geometry": { "type": "MultiPolygon", "coordinates": [ [ [ [ 112.652321149000045, -7.2523711285245 ], [ 112.652336873045854, -7.252372502244788 ], [ 112.652352119324775, -7.252376581665952 ], [ 112.652366424586546, -7.252383242836883 ], [ 112.652379354173263, -7.252392283361387 ], [ 112.652390515226045, -7.252403428547827 ], [ 112.652399568621945, -7.252416339755495 ], [ 112.652406239278022, -7.252430624684005 ], [ 112.652410324509589, -7.252445849293142 ], [ 112.652411700188694, -7.252461550990933 ], [ 112.65241032451577, -7.252477252689255 ], [ 112.652406239289647, -7.252492477299928 ], [ 112.652399568637591, -7.252506762230791 ], [ 112.652390515243823, -7.252519673441343 ], [ 112.652379354191055, -7.252530818630853 ], [ 112.652366424602192, -7.252539859158241 ], [ 112.652352119336371, -7.252546520331529 ], [ 112.652336873052036, -7.252550599754225 ], [ 112.652321149000045, -7.252551973475092 ], [ 112.652305424948068, -7.252550599754225 ], [ 112.652290178663719, -7.252546520331529 ], [ 112.652275873397897, -7.252539859158241 ], [ 112.652262943809049, -7.252530818630853 ], [ 112.652251782756267, -7.252519673441343 ], [ 112.652242729362513, -7.252506762230791 ], [ 112.652236058710457, -7.252492477299929 ], [ 112.652231973484319, -7.252477252689255 ], [ 112.652230597811396, -7.252461550990933 ], [ 112.652231973490501, -7.252445849293144 ], [ 112.652236058722067, -7.252430624684005 ], [ 112.652242729378159, -7.252416339755495 ], [ 112.652251782774059, -7.252403428547827 ], [ 112.652262943826827, -7.252392283361387 ], [ 112.652275873413544, -7.252383242836883 ], [ 112.652290178675329, -7.252376581665952 ], [ 112.65230542495425, -7.252372502244788 ], [ 112.652321149000045, -7.2523711285245 ] ] ] ] } },
{ "type": "Feature", "properties": { "OID_": 0, "Name": "Kandangan 4", "FolderPath": "Data CCTV Usulan + 50 Jalur + Rencana 2026.kmz/Rencana 2026/Surabaya Barat.kmz/Surabaya Barat", "Jenis": "Rencana 2026", "SubJenis": "Surabaya Barat", "POINT_X": 112.65312446599999, "POINT_Y": -7.252615446, "POINT_Z": 0.0, "BUFF_DIST": 10.0, "ORIG_FID": 247 }, "geometry": { "type": "MultiPolygon", "coordinates": [ [ [ [ 112.653124466, -7.252525023525056 ], [ 112.653140190051161, -7.252526397245371 ], [ 112.65315543633524, -7.252530476666505 ], [ 112.6531697416019, -7.252537137837394 ], [ 112.653182671192994, -7.252546178361837 ], [ 112.653193832249556, -7.2525573235482 ], [ 112.653202885648525, -7.252570234755781 ], [ 112.653209556306876, -7.252584519684196 ], [ 112.653213641539836, -7.252599744293233 ], [ 112.653215017219409, -7.252615445990914 ], [ 112.653213641546017, -7.252631147689129 ], [ 112.653209556318501, -7.252646372299698 ], [ 112.653202885664186, -7.252660657230467 ], [ 112.653193832267348, -7.252673568440932 ], [ 112.653182671210786, -7.252684713630369 ], [ 112.653169741617546, -7.252693754157694 ], [ 112.65315543634685, -7.252700415330935 ], [ 112.653140190057343, -7.252704494753605 ], [ 112.653124466, -7.252705868474425 ], [ 112.653108741942688, -7.252704494753605 ], [ 112.653093495653167, -7.252700415330935 ], [ 112.653079190382485, -7.252693754157694 ], [ 112.653066260789231, -7.252684713630369 ], [ 112.653055099732669, -7.252673568440932 ], [ 112.653046046335845, -7.252660657230465 ], [ 112.65303937568153, -7.2526463722997 ], [ 112.653035290454014, -7.252631147689129 ], [ 112.653033914780607, -7.252615445990914 ], [ 112.653035290460195, -7.252599744293232 ], [ 112.65303937569314, -7.252584519684196 ], [ 112.653046046351491, -7.252570234755781 ], [ 112.653055099750475, -7.252557323548202 ], [ 112.653066260807037, -7.252546178361837 ], [ 112.653079190398131, -7.252537137837394 ], [ 112.653093495664777, -7.252530476666505 ], [ 112.65310874194887, -7.252526397245371 ], [ 112.653124466, -7.252525023525056 ] ] ] ] } },
{ "type": "Feature", "properties": { "OID_": 0, "Name": "Jawar 1", "FolderPath": "Data CCTV Usulan + 50 Jalur + Rencana 2026.kmz/Rencana 2026/Surabaya Barat.kmz/Surabaya Barat", "Jenis": "Rencana 2026", "SubJenis": "Surabaya Barat", "POINT_X": 112.60886998, "POINT_Y": -7.233415683, "POINT_Z": 0.0, "BUFF_DIST": 10.0, "ORIG_FID": 248 }, "geometry": { "type": "MultiPolygon", "coordinates": [ [ [ [ 112.60886998, -7.233325260448982 ], [ 112.608885703385923, -7.233326634170452 ], [ 112.608900949024985, -7.233330713595024 ], [ 112.608915253686433, -7.233337374771522 ], [ 112.608928182730523, -7.233346415303577 ], [ 112.608939343314901, -7.233357560499329 ], [ 112.60894839633086, -7.233370471717782 ], [ 112.608955066706983, -7.233384756658227 ], [ 112.608959151767095, -7.233399981280079 ], [ 112.608960527388476, -7.23341568299098 ], [ 112.608959151773249, -7.233431384702411 ], [ 112.608955066718565, -7.233446609325797 ], [ 112.608948396346463, -7.233460894268585 ], [ 112.608939343332651, -7.233473805489917 ], [ 112.608928182748272, -7.233484950688728 ], [ 112.608915253702051, -7.233493991223664 ], [ 112.608900949036581, -7.233500652402509 ], [ 112.60888570339209, -7.23350473182861 ], [ 112.60886998, -7.233506105550588 ], [ 112.608854256607927, -7.233504731828612 ], [ 112.608839010963436, -7.233500652402509 ], [ 112.60882470629798, -7.233493991223664 ], [ 112.608811777251745, -7.233484950688728 ], [ 112.608800616667367, -7.233473805489915 ], [ 112.608791563653554, -7.233460894268586 ], [ 112.608784893281452, -7.233446609325797 ], [ 112.608780808226768, -7.233431384702413 ], [ 112.608779432611556, -7.23341568299098 ], [ 112.608780808232922, -7.233399981280077 ], [ 112.608784893293034, -7.233384756658227 ], [ 112.608791563669172, -7.233370471717782 ], [ 112.608800616685116, -7.233357560499329 ], [ 112.608811777269494, -7.233346415303576 ], [ 112.608824706313584, -7.233337374771522 ], [ 112.608839010975032, -7.233330713595024 ], [ 112.608854256614094, -7.233326634170452 ], [ 112.60886998, -7.233325260448982 ] ] ] ] } },
{ "type": "Feature", "properties": { "OID_": 0, "Name": "Jawar 2", "FolderPath": "Data CCTV Usulan + 50 Jalur + Rencana 2026.kmz/Rencana 2026/Surabaya Barat.kmz/Surabaya Barat", "Jenis": "Rencana 2026", "SubJenis": "Surabaya Barat", "POINT_X": 112.61012580800001, "POINT_Y": -7.230720368, "POINT_Z": 0.0, "BUFF_DIST": 10.0, "ORIG_FID": 249 }, "geometry": { "type": "MultiPolygon", "coordinates": [ [ [ [ 112.610125808000021, -7.230629945438255 ], [ 112.610141531292697, -7.230631319159908 ], [ 112.61015677684135, -7.230635398584957 ], [ 112.610171081417974, -7.230642059762245 ], [ 112.610184010385382, -7.230651100295366 ], [ 112.61019517090358, -7.230662245492437 ], [ 112.61020422386585, -7.23067515671241 ], [ 112.61021089420241, -7.230689441654541 ], [ 112.610214979238293, -7.230704666278191 ], [ 112.610216354851516, -7.230720367990943 ], [ 112.610214979244461, -7.23073606970423 ], [ 112.610210894213992, -7.230751294329409 ], [ 112.610204223881439, -7.230765579273886 ], [ 112.610195170921315, -7.230778490496737 ], [ 112.610184010403131, -7.230789635696866 ], [ 112.610171081433563, -7.230798676232866 ], [ 112.610156776852932, -7.230805337412495 ], [ 112.610141531298851, -7.230809416839077 ], [ 112.610125808000021, -7.2308107905612 ], [ 112.610110084701191, -7.230809416839078 ], [ 112.610094839147109, -7.230805337412495 ], [ 112.610080534566478, -7.230798676232866 ], [ 112.61006760559691, -7.230789635696866 ], [ 112.610056445078726, -7.230778490496736 ], [ 112.610047392118602, -7.230765579273886 ], [ 112.610040721786049, -7.23075129432941 ], [ 112.610036636755581, -7.23073606970423 ], [ 112.610035261148525, -7.230720367990943 ], [ 112.610036636761748, -7.23070466627819 ], [ 112.610040721797631, -7.230689441654541 ], [ 112.610047392134192, -7.230675156712412 ], [ 112.610056445096461, -7.230662245492435 ], [ 112.61006760561466, -7.230651100295366 ], [ 112.610080534582067, -7.230642059762245 ], [ 112.610094839158691, -7.230635398584957 ], [ 112.610110084707344, -7.230631319159908 ], [ 112.610125808000021, -7.230629945438255 ] ] ] ] } },
{ "type": "Feature", "properties": { "OID_": 0, "Name": "Jawar 3", "FolderPath": "Data CCTV Usulan + 50 Jalur + Rencana 2026.kmz/Rencana 2026/Surabaya Barat.kmz/Surabaya Barat", "Jenis": "Rencana 2026", "SubJenis": "Surabaya Barat", "POINT_X": 112.61404799100001, "POINT_Y": -7.2337041, "POINT_Z": 0.0, "BUFF_DIST": 10.0, "ORIG_FID": 250 }, "geometry": { "type": "MultiPolygon", "coordinates": [ [ [ [ 112.614047991, -7.233613677450147 ], [ 112.614063714395897, -7.233615051171558 ], [ 112.614078960044651, -7.233619130596075 ], [ 112.614093264715166, -7.233625791772491 ], [ 112.614106193767455, -7.233634832304432 ], [ 112.61411735435891, -7.233645977500045 ], [ 112.61412640738061, -7.233658888718331 ], [ 112.614133077760982, -7.233673173658595 ], [ 112.614137162823695, -7.233688398280256 ], [ 112.614138538445928, -7.233704099990958 ], [ 112.614137162829849, -7.233719801702193 ], [ 112.614133077772564, -7.233735026325384 ], [ 112.614126407396228, -7.233749311267993 ], [ 112.61411735437666, -7.233762222489158 ], [ 112.614106193785204, -7.233773367687833 ], [ 112.614093264730769, -7.233782408222655 ], [ 112.614078960056233, -7.233789069401414 ], [ 112.614063714402064, -7.233793148827463 ], [ 112.614047991, -7.233794522549466 ], [ 112.614032267597949, -7.233793148827464 ], [ 112.614017021943781, -7.233789069401414 ], [ 112.614002717269244, -7.233782408222655 ], [ 112.613989788214795, -7.233773367687833 ], [ 112.613978627623339, -7.233762222489158 ], [ 112.613969574603772, -7.233749311267993 ], [ 112.613962904227435, -7.233735026325384 ], [ 112.613958819170165, -7.233719801702193 ], [ 112.613957443554071, -7.233704099990958 ], [ 112.613958819176318, -7.233688398280256 ], [ 112.613962904239017, -7.233673173658595 ], [ 112.613969574619389, -7.233658888718333 ], [ 112.613978627641089, -7.233645977500043 ], [ 112.613989788232544, -7.233634832304432 ], [ 112.614002717284833, -7.233625791772491 ], [ 112.614017021955348, -7.233619130596075 ], [ 112.614032267604102, -7.233615051171558 ], [ 112.614047991, -7.233613677450147 ] ] ] ] } },
{ "type": "Feature", "properties": { "OID_": 0, "Name": "Jawar 4", "FolderPath": "Data CCTV Usulan + 50 Jalur + Rencana 2026.kmz/Rencana 2026/Surabaya Barat.kmz/Surabaya Barat", "Jenis": "Rencana 2026", "SubJenis": "Surabaya Barat", "POINT_X": 112.616455782, "POINT_Y": -7.226285948, "POINT_Z": 0.0, "BUFF_DIST": 10.0, "ORIG_FID": 251 }, "geometry": { "type": "MultiPolygon", "coordinates": [ [ [ [ 112.616455782000116, -7.226195525420737 ], [ 112.616471505139472, -7.22619689914263 ], [ 112.616486750539465, -7.226200978568474 ], [ 112.616501054976581, -7.226207639747052 ], [ 112.616513983817924, -7.226216680281932 ], [ 112.616525144227282, -7.226227825481162 ], [ 112.616534197101259, -7.226240736703644 ], [ 112.616540867372777, -7.226255021648547 ], [ 112.616544952368827, -7.226270246275152 ], [ 112.616546327968635, -7.226285947990952 ], [ 112.616544952374994, -7.226301649707283 ], [ 112.616540867384359, -7.226316874335419 ], [ 112.616534197116849, -7.226331159282664 ], [ 112.616525144245003, -7.22634407050802 ], [ 112.616513983835659, -7.226355215710311 ], [ 112.61650105499217, -7.226364256248064 ], [ 112.616486750551033, -7.226370917428987 ], [ 112.616471505145626, -7.226374996856359 ], [ 112.616455782000116, -7.226376370578777 ], [ 112.616440058854621, -7.226374996856359 ], [ 112.616424813449214, -7.226370917428987 ], [ 112.616410509008077, -7.226364256248065 ], [ 112.616397580164588, -7.226355215710311 ], [ 112.616386419755244, -7.22634407050802 ], [ 112.616377366883398, -7.226331159282664 ], [ 112.616370696615888, -7.226316874335419 ], [ 112.616366611625253, -7.226301649707283 ], [ 112.616365236031612, -7.226285947990952 ], [ 112.616366611631406, -7.226270246275152 ], [ 112.61637069662747, -7.226255021648547 ], [ 112.616377366898988, -7.226240736703645 ], [ 112.616386419772965, -7.226227825481164 ], [ 112.616397580182323, -7.226216680281932 ], [ 112.616410509023666, -7.226207639747052 ], [ 112.616424813460782, -7.226200978568472 ], [ 112.616440058860775, -7.226196899142632 ], [ 112.616455782000116, -7.226195525420737 ] ] ] ] } },
{ "type": "Feature", "properties": { "OID_": 0, "Name": "Jawar 5", "FolderPath": "Data CCTV Usulan + 50 Jalur + Rencana 2026.kmz/Rencana 2026/Surabaya Barat.kmz/Surabaya Barat", "Jenis": "Rencana 2026", "SubJenis": "Surabaya Barat", "POINT_X": 112.61652911100001, "POINT_Y": -7.226330618, "POINT_Z": 0.0, "BUFF_DIST": 10.0, "ORIG_FID": 252 }, "geometry": { "type": "MultiPolygon", "coordinates": [ [ [ [ 112.616529111000091, -7.226240195420969 ], [ 112.616544834140981, -7.226241569142826 ], [ 112.616560079542481, -7.226245648568661 ], [ 112.616574383980989, -7.22625230974723 ], [ 112.616587312823611, -7.22626135028209 ], [ 112.616598473234063, -7.226272495481298 ], [ 112.616607526108936, -7.226285406703755 ], [ 112.616614196381107, -7.226299691648629 ], [ 112.616618281377555, -7.226314916275204 ], [ 112.616619656977491, -7.226330617990973 ], [ 112.616618281383708, -7.226346319707275 ], [ 112.616614196392689, -7.226361544335379 ], [ 112.616607526124525, -7.226375829282599 ], [ 112.616598473251784, -7.226388740507929 ], [ 112.616587312841332, -7.226399885710197 ], [ 112.616574383996593, -7.226408926247933 ], [ 112.616560079554048, -7.226415587428843 ], [ 112.616544834147149, -7.226419666856208 ], [ 112.616529111000091, -7.226421040578651 ], [ 112.616513387853033, -7.226419666856208 ], [ 112.616498142446133, -7.226415587428843 ], [ 112.616483838003589, -7.226408926247933 ], [ 112.616470909158849, -7.226399885710197 ], [ 112.616459748748397, -7.226388740507929 ], [ 112.616450695875656, -7.226375829282599 ], [ 112.616444025607493, -7.226361544335379 ], [ 112.616439940616473, -7.226346319707276 ], [ 112.61643856502269, -7.226330617990973 ], [ 112.616439940622627, -7.226314916275204 ], [ 112.616444025619074, -7.226299691648629 ], [ 112.616450695891245, -7.226285406703755 ], [ 112.616459748766118, -7.226272495481298 ], [ 112.61647090917657, -7.22626135028209 ], [ 112.616483838019192, -7.226252309747228 ], [ 112.616498142457701, -7.226245648568661 ], [ 112.6165133878592, -7.226241569142826 ], [ 112.616529111000091, -7.226240195420969 ] ] ] ] } },
{ "type": "Feature", "properties": { "OID_": 0, "Name": "Jawar 6", "FolderPath": "Data CCTV Usulan + 50 Jalur + Rencana 2026.kmz/Rencana 2026/Surabaya Barat.kmz/Surabaya Barat", "Jenis": "Rencana 2026", "SubJenis": "Surabaya Barat", "POINT_X": 112.620851669, "POINT_Y": -7.211656003, "POINT_Z": 0.0, "BUFF_DIST": 10.0, "ORIG_FID": 253 }, "geometry": { "type": "MultiPolygon", "coordinates": [ [ [ [ 112.620851669000103, -7.211565580362982 ], [ 112.620867391634292, -7.211566954085733 ], [ 112.620882636544465, -7.211571033514185 ], [ 112.620896940522002, -7.211577694697027 ], [ 112.620909868947948, -7.211586735237688 ], [ 112.620921028998723, -7.211597880444047 ], [ 112.620930081581847, -7.211610791674788 ], [ 112.62093675163905, -7.211625076628827 ], [ 112.620940836503848, -7.211640301265167 ], [ 112.620942212059433, -7.211656002991007 ], [ 112.620940836509988, -7.211671704717377 ], [ 112.620936751650589, -7.211686929355244 ], [ 112.620930081597407, -7.211701214311621 ], [ 112.620921029016415, -7.21171412554523 ], [ 112.620909868965626, -7.211725270754642 ], [ 112.620896940537548, -7.211734311298172 ], [ 112.620882636556018, -7.211740972483351 ], [ 112.620867391640431, -7.211745051913329 ], [ 112.620851669000103, -7.211746425636646 ], [ 112.620835946359776, -7.211745051913331 ], [ 112.620820701444202, -7.211740972483351 ], [ 112.620806397462673, -7.211734311298174 ], [ 112.620793469034595, -7.211725270754642 ], [ 112.620782308983806, -7.21171412554523 ], [ 112.620773256402813, -7.211701214311622 ], [ 112.620766586349617, -7.211686929355244 ], [ 112.620762501490233, -7.211671704717377 ], [ 112.620761125940774, -7.211656002991007 ], [ 112.620762501496358, -7.211640301265167 ], [ 112.620766586361157, -7.211625076628827 ], [ 112.620773256418374, -7.211610791674788 ], [ 112.620782309001484, -7.211597880444047 ], [ 112.620793469052273, -7.211586735237688 ], [ 112.620806397478219, -7.211577694697025 ], [ 112.620820701455756, -7.211571033514187 ], [ 112.620835946365929, -7.211566954085733 ], [ 112.620851669000103, -7.211565580362982 ] ] ] ] } },
{ "type": "Feature", "properties": { "OID_": 0, "Name": "Jawar 7", "FolderPath": "Data CCTV Usulan + 50 Jalur + Rencana 2026.kmz/Rencana 2026/Surabaya Barat.kmz/Surabaya Barat", "Jenis": "Rencana 2026", "SubJenis": "Surabaya Barat", "POINT_X": 112.620984835, "POINT_Y": -7.211651049, "POINT_Z": 0.0, "BUFF_DIST": 10.0, "ORIG_FID": 254 }, "geometry": { "type": "MultiPolygon", "coordinates": [ [ [ [ 112.620984835000058, -7.21156062636299 ], [ 112.621000557634076, -7.211562000085689 ], [ 112.621015802544079, -7.211566079514146 ], [ 112.621030106521445, -7.211572740696988 ], [ 112.621043034947249, -7.21158178123765 ], [ 112.621054194997924, -7.211592926444014 ], [ 112.621063247580935, -7.211605837674756 ], [ 112.621069917638067, -7.211620122628797 ], [ 112.621074002502823, -7.21163534726514 ], [ 112.621075378058407, -7.211651048990985 ], [ 112.621074002508962, -7.211666750717359 ], [ 112.621069917649621, -7.211681975355227 ], [ 112.621063247596496, -7.211696260311607 ], [ 112.621054195015603, -7.211709171545219 ], [ 112.621043034964956, -7.211720316754635 ], [ 112.621030106537006, -7.211729357298168 ], [ 112.621015802555618, -7.211736018483347 ], [ 112.621000557640201, -7.211740097913329 ], [ 112.620984835000058, -7.211741471636691 ], [ 112.620969112359901, -7.211740097913329 ], [ 112.620953867444484, -7.211736018483347 ], [ 112.620939563463097, -7.211729357298168 ], [ 112.620926635035161, -7.211720316754635 ], [ 112.6209154749845, -7.211709171545217 ], [ 112.620906422403607, -7.211696260311609 ], [ 112.620899752350482, -7.211681975355229 ], [ 112.620895667491141, -7.211666750717359 ], [ 112.62089429194171, -7.211651048990985 ], [ 112.620895667497294, -7.21163534726514 ], [ 112.620899752362035, -7.211620122628797 ], [ 112.620906422419168, -7.211605837674754 ], [ 112.620915475002192, -7.211592926444013 ], [ 112.620926635052854, -7.211581781237649 ], [ 112.620939563478657, -7.211572740696988 ], [ 112.620953867456024, -7.211566079514145 ], [ 112.620969112366041, -7.211562000085689 ], [ 112.620984835000058, -7.21156062636299 ] ] ] ] } },
{ "type": "Feature", "properties": { "OID_": 0, "Name": "Jawar 8", "FolderPath": "Data CCTV Usulan + 50 Jalur + Rencana 2026.kmz/Rencana 2026/Surabaya Barat.kmz/Surabaya Barat", "Jenis": "Rencana 2026", "SubJenis": "Surabaya Barat", "POINT_X": 112.625789575, "POINT_Y": -7.203603599, "POINT_Z": 0.0, "BUFF_DIST": 10.0, "ORIG_FID": 255 }, "geometry": { "type": "MultiPolygon", "coordinates": [ [ [ [ 112.625789575000113, -7.203513176331167 ], [ 112.625805297356692, -7.203514550054432 ], [ 112.625820541997697, -7.20351862948432 ], [ 112.625834845722679, -7.2035252906695 ], [ 112.62584777392037, -7.203534331213341 ], [ 112.625858933774097, -7.203545476423618 ], [ 112.625867986197377, -7.203558387658896 ], [ 112.62587465613683, -7.203572672617955 ], [ 112.625878740929494, -7.203587897259645 ], [ 112.625880116460792, -7.203603598991004 ], [ 112.625878740935619, -7.203619300722892 ], [ 112.625874656148355, -7.203634525366105 ], [ 112.625867986212924, -7.2036488103275 ], [ 112.625858933791775, -7.203661721565642 ], [ 112.625847773938034, -7.20367286677897 ], [ 112.625834845738225, -7.203681907325675 ], [ 112.625820542009237, -7.203688568513194 ], [ 112.625805297362817, -7.203692647944608 ], [ 112.625789575000113, -7.20369402166837 ], [ 112.625773852637394, -7.203692647944608 ], [ 112.625758607990974, -7.203688568513194 ], [ 112.625744304262, -7.203681907325675 ], [ 112.625731376062191, -7.20367286677897 ], [ 112.62572021620845, -7.203661721565642 ], [ 112.625711163787301, -7.2036488103275 ], [ 112.625704493851856, -7.203634525366105 ], [ 112.625700409064592, -7.203619300722892 ], [ 112.625699033539419, -7.203603598991004 ], [ 112.625700409070731, -7.203587897259645 ], [ 112.625704493863395, -7.203572672617955 ], [ 112.625711163802833, -7.203558387658898 ], [ 112.625720216226114, -7.203545476423618 ], [ 112.625731376079841, -7.203534331213341 ], [ 112.625744304277546, -7.203525290669499 ], [ 112.625758608002513, -7.203518629484318 ], [ 112.625773852643519, -7.203514550054432 ], [ 112.625789575000113, -7.203513176331167 ] ] ] ] } },
{ "type": "Feature", "properties": { "OID_": 0, "Name": "Jawar 9", "FolderPath": "Data CCTV Usulan + 50 Jalur + Rencana 2026.kmz/Rencana 2026/Surabaya Barat.kmz/Surabaya Barat", "Jenis": "Rencana 2026", "SubJenis": "Surabaya Barat", "POINT_X": 112.625960772, "POINT_Y": -7.198845873, "POINT_Z": 0.0, "BUFF_DIST": 10.0, "ORIG_FID": 256 }, "geometry": { "type": "MultiPolygon", "coordinates": [ [ [ [ 112.625960772000099, -7.198755450312341 ], [ 112.625976494192827, -7.198756824035925 ], [ 112.625991738674941, -7.19876090346666 ], [ 112.626006042250836, -7.198767564653223 ], [ 112.626018970313766, -7.198776605198939 ], [ 112.626030130051191, -7.198787750411531 ], [ 112.626039182380126, -7.198800661649486 ], [ 112.626045852250044, -7.198814946611508 ], [ 112.626049937000133, -7.198830171256357 ], [ 112.626051312517106, -7.198845872990972 ], [ 112.626049937006272, -7.198861574726117 ], [ 112.626045852261569, -7.198876799372489 ], [ 112.626039182395658, -7.198891084336846 ], [ 112.626030130068855, -7.198903995577666 ], [ 112.62601897033143, -7.198915140793305 ], [ 112.626006042266368, -7.198924181341884 ], [ 112.625991738686466, -7.198930842530781 ], [ 112.625976494198952, -7.198934921963041 ], [ 112.625960772000099, -7.198936295687056 ], [ 112.625945049801246, -7.198934921963041 ], [ 112.625929805313746, -7.198930842530781 ], [ 112.625915501733843, -7.198924181341884 ], [ 112.625902573668782, -7.198915140793305 ], [ 112.625891413931356, -7.198903995577665 ], [ 112.625882361604553, -7.198891084336846 ], [ 112.625875691738642, -7.198876799372489 ], [ 112.62587160699394, -7.198861574726117 ], [ 112.625870231483105, -7.198845872990972 ], [ 112.625871607000065, -7.198830171256358 ], [ 112.625875691750167, -7.19881494661151 ], [ 112.625882361620071, -7.198800661649488 ], [ 112.62589141394902, -7.198787750411529 ], [ 112.625902573686432, -7.198776605198939 ], [ 112.625915501749361, -7.198767564653223 ], [ 112.625929805325271, -7.198760903466658 ], [ 112.625945049807385, -7.198756824035925 ], [ 112.625960772000099, -7.198755450312341 ] ] ] ] } },
{ "type": "Feature", "properties": { "OID_": 0, "Name": "Jawar 10", "FolderPath": "Data CCTV Usulan + 50 Jalur + Rencana 2026.kmz/Rencana 2026/Surabaya Barat.kmz/Surabaya Barat", "Jenis": "Rencana 2026", "SubJenis": "Surabaya Barat", "POINT_X": 112.625997384, "POINT_Y": -7.19727361, "POINT_Z": 0.0, "BUFF_DIST": 10.0, "ORIG_FID": 257 }, "geometry": { "type": "MultiPolygon", "coordinates": [ [ [ [ 112.625997384000016, -7.197183187306201 ], [ 112.626013106138615, -7.197184561029865 ], [ 112.626028350568234, -7.19718864046088 ], [ 112.626042654094903, -7.197195301647901 ], [ 112.626055582113324, -7.197204342194238 ], [ 112.626066741812323, -7.197215487407591 ], [ 112.626075794110093, -7.197228398646433 ], [ 112.626082463957047, -7.197242683609435 ], [ 112.626086548693067, -7.197257908255327 ], [ 112.626087924205294, -7.197273609991018 ], [ 112.626086548699206, -7.197289311727237 ], [ 112.626082463968558, -7.197304536374653 ], [ 112.626075794125612, -7.197318821339989 ], [ 112.626066741829987, -7.197331732581694 ], [ 112.626055582130988, -7.197342877798095 ], [ 112.626042654110421, -7.197351918347294 ], [ 112.626028350579759, -7.197358579536647 ], [ 112.62601310614474, -7.197362658969186 ], [ 112.625997384000016, -7.197364032693309 ], [ 112.625981661855306, -7.197362658969186 ], [ 112.625966417420273, -7.197358579536647 ], [ 112.625952113889625, -7.197351918347292 ], [ 112.625939185869058, -7.197342877798095 ], [ 112.625928026170058, -7.197331732581692 ], [ 112.62591897387442, -7.197318821339987 ], [ 112.625912304031488, -7.197304536374653 ], [ 112.62590821930084, -7.197289311727237 ], [ 112.625906843794738, -7.197273609991018 ], [ 112.625908219306979, -7.197257908255327 ], [ 112.625912304042998, -7.197242683609435 ], [ 112.625918973889952, -7.197228398646433 ], [ 112.625928026187722, -7.197215487407589 ], [ 112.625939185886722, -7.197204342194238 ], [ 112.625952113905143, -7.197195301647901 ], [ 112.625966417431798, -7.19718864046088 ], [ 112.625981661861431, -7.197184561029865 ], [ 112.625997384000016, -7.197183187306201 ] ] ] ] } },
{ "type": "Feature", "properties": { "OID_": 0, "Name": "Lontar 1", "FolderPath": "Data CCTV Usulan + 50 Jalur + Rencana 2026.kmz/Rencana 2026/Surabaya Barat.kmz/Surabaya Barat", "Jenis": "Rencana 2026", "SubJenis": "Surabaya Barat", "POINT_X": 112.65804977000001, "POINT_Y": -7.2816222, "POINT_Z": 0.0, "BUFF_DIST": 10.0, "ORIG_FID": 258 }, "geometry": { "type": "MultiPolygon", "coordinates": [ [ [ [ 112.658049770000048, -7.281531777640508 ], [ 112.658065495059645, -7.281533151359016 ], [ 112.658080742321545, -7.281537230774941 ], [ 112.658095048505658, -7.281543891937327 ], [ 112.658107978925997, -7.281552932450228 ], [ 112.658119140698375, -7.281564077622366 ], [ 112.658128194678, -7.281576988813464 ], [ 112.658134865764183, -7.281591273723649 ], [ 112.658138951259147, -7.281606498313254 ], [ 112.658140327026985, -7.281622199990903 ], [ 112.658138951265357, -7.281637901669085 ], [ 112.65813486577585, -7.281653126260232 ], [ 112.658128194693717, -7.281667411172779 ], [ 112.658119140716238, -7.281680322366776 ], [ 112.65810797894386, -7.281691467541996 ], [ 112.658095048521375, -7.281700508057794 ], [ 112.658080742333212, -7.28170716922254 ], [ 112.658065495065856, -7.281711248640009 ], [ 112.658049770000048, -7.281712622359132 ], [ 112.65803404493424, -7.281711248640009 ], [ 112.658018797666884, -7.28170716922254 ], [ 112.658004491478721, -7.281700508057794 ], [ 112.657991561056221, -7.281691467541996 ], [ 112.657980399283844, -7.281680322366776 ], [ 112.657971345306379, -7.281667411172777 ], [ 112.657964674224232, -7.281653126260234 ], [ 112.657960588734724, -7.281637901669087 ], [ 112.657959212973111, -7.281622199990903 ], [ 112.657960588740934, -7.281606498313256 ], [ 112.657964674235899, -7.281591273723649 ], [ 112.657971345322082, -7.281576988813464 ], [ 112.657980399301707, -7.281564077622366 ], [ 112.657991561074084, -7.281552932450228 ], [ 112.658004491494438, -7.281543891937325 ], [ 112.658018797678551, -7.281537230774939 ], [ 112.65803404494045, -7.281533151359016 ], [ 112.658049770000048, -7.281531777640508 ] ] ] ] } },
{ "type": "Feature", "properties": { "OID_": 0, "Name": "Lontar 2", "FolderPath": "Data CCTV Usulan + 50 Jalur + Rencana 2026.kmz/Rencana 2026/Surabaya Barat.kmz/Surabaya Barat", "Jenis": "Rencana 2026", "SubJenis": "Surabaya Barat", "POINT_X": 112.663372606, "POINT_Y": -7.283022591, "POINT_Z": 0.0, "BUFF_DIST": 10.0, "ORIG_FID": 259 }, "geometry": { "type": "MultiPolygon", "coordinates": [ [ [ [ 112.663372606000053, -7.282932168646061 ], [ 112.663388331108436, -7.282933542364514 ], [ 112.663403578417658, -7.282937621780188 ], [ 112.663417884646165, -7.28294428294216 ], [ 112.663430815106608, -7.282953323454503 ], [ 112.663441976913617, -7.282964468625954 ], [ 112.663451030921351, -7.282977379816256 ], [ 112.663457702028225, -7.28299166472556 ], [ 112.663461787535866, -7.283006889314223 ], [ 112.663463163307966, -7.283022590990904 ], [ 112.663461787542076, -7.283038292668117 ], [ 112.663457702039878, -7.283053517258325 ], [ 112.663451030937054, -7.283067802169987 ], [ 112.663441976931495, -7.283080713363187 ], [ 112.663430815124471, -7.283091858537722 ], [ 112.663417884661868, -7.283100899052964 ], [ 112.663403578429325, -7.283107560217297 ], [ 112.663388331114646, -7.283111639634512 ], [ 112.663372606000053, -7.283113013353526 ], [ 112.663356880885459, -7.283111639634514 ], [ 112.663341633570781, -7.283107560217297 ], [ 112.663327327338237, -7.283100899052964 ], [ 112.663314396875634, -7.283091858537722 ], [ 112.663303235068611, -7.283080713363187 ], [ 112.663294181063051, -7.283067802169987 ], [ 112.663287509960227, -7.283053517258325 ], [ 112.663283424458029, -7.283038292668117 ], [ 112.663282048692139, -7.283022590990904 ], [ 112.66328342446424, -7.283006889314223 ], [ 112.66328750997188, -7.282991664725558 ], [ 112.663294181078754, -7.282977379816255 ], [ 112.663303235086488, -7.282964468625954 ], [ 112.663314396893497, -7.282953323454503 ], [ 112.663327327353954, -7.282944282942159 ], [ 112.663341633582448, -7.282937621780186 ], [ 112.663356880891669, -7.282933542364514 ], [ 112.663372606000053, -7.282932168646061 ] ] ] ] } },
{ "type": "Feature", "properties": { "OID_": 0, "Name": "Lontar 3", "FolderPath": "Data CCTV Usulan + 50 Jalur + Rencana 2026.kmz/Rencana 2026/Surabaya Barat.kmz/Surabaya Barat", "Jenis": "Rencana 2026", "SubJenis": "Surabaya Barat", "POINT_X": 112.67508222, "POINT_Y": -7.285169976, "POINT_Z": 0.0, "BUFF_DIST": 10.0, "ORIG_FID": 260 }, "geometry": { "type": "MultiPolygon", "coordinates": [ [ [ [ 112.675082220000036, -7.2850795536546 ], [ 112.675097945183268, -7.285080927372947 ], [ 112.67511319256505, -7.285085006788233 ], [ 112.675127498861627, -7.285091667949575 ], [ 112.675140429383617, -7.285100708461061 ], [ 112.675151591243747, -7.285111853631457 ], [ 112.675160645294554, -7.285124764820536 ], [ 112.675167316433189, -7.285139049728485 ], [ 112.675171401960284, -7.28515427431571 ], [ 112.675172777738922, -7.285169975990902 ], [ 112.675171401966494, -7.285185677666629 ], [ 112.675167316444856, -7.285200902255394 ], [ 112.675160645310285, -7.285215187165708 ], [ 112.675151591261624, -7.285228098357685 ], [ 112.675140429401495, -7.285239243531165 ], [ 112.67512749887733, -7.28524828404555 ], [ 112.675113192576703, -7.285254945209254 ], [ 112.675097945189478, -7.285259024626084 ], [ 112.675082220000036, -7.285260398344946 ], [ 112.675066494810608, -7.285259024626085 ], [ 112.675051247423369, -7.285254945209254 ], [ 112.675036941122741, -7.28524828404555 ], [ 112.675024010598591, -7.285239243531165 ], [ 112.675012848738461, -7.285228098357685 ], [ 112.6750037946898, -7.285215187165706 ], [ 112.674997123555229, -7.285200902255395 ], [ 112.674993038033591, -7.285185677666629 ], [ 112.674991662261164, -7.285169975990902 ], [ 112.674993038039801, -7.28515427431571 ], [ 112.674997123566897, -7.285139049728485 ], [ 112.675003794705532, -7.285124764820536 ], [ 112.675012848756325, -7.285111853631457 ], [ 112.675024010616468, -7.285100708461061 ], [ 112.675036941138458, -7.285091667949575 ], [ 112.675051247435036, -7.285085006788231 ], [ 112.675066494816804, -7.285080927372947 ], [ 112.675082220000036, -7.2850795536546 ] ] ] ] } },
{ "type": "Feature", "properties": { "OID_": 0, "Name": "Lontar 4", "FolderPath": "Data CCTV Usulan + 50 Jalur + Rencana 2026.kmz/Rencana 2026/Surabaya Barat.kmz/Surabaya Barat", "Jenis": "Rencana 2026", "SubJenis": "Surabaya Barat", "POINT_X": 112.666270754, "POINT_Y": -7.283393378, "POINT_Z": 0.0, "BUFF_DIST": 10.0, "ORIG_FID": 261 }, "geometry": { "type": "MultiPolygon", "coordinates": [ [ [ [ 112.666270754000038, -7.283302955647528 ], [ 112.666286479121354, -7.283304329365977 ], [ 112.666301726443081, -7.283308408781585 ], [ 112.666316032683341, -7.28331506994345 ], [ 112.666328963154413, -7.283324110455645 ], [ 112.666340124970617, -7.283335255626912 ], [ 112.666349178985769, -7.283348166817004 ], [ 112.666355850098128, -7.283362451726071 ], [ 112.666359935609137, -7.283377676314489 ], [ 112.66636131138236, -7.283393377990912 ], [ 112.666359935615347, -7.283409079667869 ], [ 112.666355850109795, -7.283424304257825 ], [ 112.666349179001486, -7.283438589169258 ], [ 112.66634012498848, -7.283451500362247 ], [ 112.66632896317229, -7.283462645536598 ], [ 112.666316032699058, -7.28347168605169 ], [ 112.666301726454748, -7.283478347215916 ], [ 112.666286479127564, -7.283482426633067 ], [ 112.666270754000038, -7.283483800352037 ], [ 112.666255028872513, -7.283482426633067 ], [ 112.666239781545329, -7.283478347215916 ], [ 112.666225475301019, -7.28347168605169 ], [ 112.666212544827772, -7.283462645536598 ], [ 112.666201383011597, -7.283451500362246 ], [ 112.666192328998591, -7.283438589169256 ], [ 112.666185657890281, -7.283424304257827 ], [ 112.66618157238473, -7.283409079667869 ], [ 112.666180196617717, -7.283393377990912 ], [ 112.66618157239094, -7.28337767631449 ], [ 112.666185657901949, -7.283362451726071 ], [ 112.666192329014308, -7.283348166817004 ], [ 112.66620138302946, -7.283335255626913 ], [ 112.666212544845649, -7.283324110455645 ], [ 112.666225475316736, -7.283315069943448 ], [ 112.666239781556996, -7.283308408781584 ], [ 112.666255028878723, -7.283304329365977 ], [ 112.666270754000038, -7.283302955647528 ] ] ] ] } },
{ "type": "Feature", "properties": { "OID_": 0, "Name": "Lontar 5", "FolderPath": "Data CCTV Usulan + 50 Jalur + Rencana 2026.kmz/Rencana 2026/Surabaya Barat.kmz/Surabaya Barat", "Jenis": "Rencana 2026", "SubJenis": "Surabaya Barat", "POINT_X": 112.668033534, "POINT_Y": -7.283800595, "POINT_Z": 0.0, "BUFF_DIST": 10.0, "ORIG_FID": 262 }, "geometry": { "type": "MultiPolygon", "coordinates": [ [ [ [ 112.668033534000074, -7.283710172649136 ], [ 112.668049259135572, -7.283711546367551 ], [ 112.668064506471069, -7.283715625783085 ], [ 112.668078812724232, -7.283722286944829 ], [ 112.668091743206986, -7.283731327456863 ], [ 112.668102905033251, -7.283742472627933 ], [ 112.668111959056588, -7.283755383817793 ], [ 112.668118630174959, -7.283769668726602 ], [ 112.668122715689648, -7.283784893314746 ], [ 112.668124091464108, -7.283800594990886 ], [ 112.668122715695858, -7.283816296667563 ], [ 112.668118630186626, -7.283831521257248 ], [ 112.668111959072291, -7.283845806168422 ], [ 112.668102905051128, -7.283858717361179 ], [ 112.668091743224863, -7.283869862535331 ], [ 112.668078812739964, -7.283878903050262 ], [ 112.668064506482736, -7.283885564214367 ], [ 112.668049259141782, -7.283889643631444 ], [ 112.668033534000074, -7.283891017350393 ], [ 112.668017808858366, -7.283889643631444 ], [ 112.668002561517412, -7.283885564214367 ], [ 112.667988255260198, -7.283878903050262 ], [ 112.667975324775284, -7.283869862535331 ], [ 112.667964162949033, -7.283858717361179 ], [ 112.667955108927856, -7.283845806168421 ], [ 112.667948437813536, -7.283831521257248 ], [ 112.667944352304289, -7.283816296667563 ], [ 112.66794297653604, -7.283800594990886 ], [ 112.667944352310499, -7.283784893314748 ], [ 112.667948437825203, -7.283769668726602 ], [ 112.667955108943573, -7.283755383817791 ], [ 112.667964162966911, -7.283742472627933 ], [ 112.667975324793161, -7.283731327456863 ], [ 112.667988255275915, -7.283722286944829 ], [ 112.668002561529079, -7.283715625783084 ], [ 112.668017808864576, -7.283711546367551 ], [ 112.668033534000074, -7.283710172649136 ] ] ] ] } },
{ "type": "Feature", "properties": { "OID_": 0, "Name": "Lontar 6", "FolderPath": "Data CCTV Usulan + 50 Jalur + Rencana 2026.kmz/Rencana 2026/Surabaya Barat.kmz/Surabaya Barat", "Jenis": "Rencana 2026", "SubJenis": "Surabaya Barat", "POINT_X": 112.67297578199999, "POINT_Y": -7.284960632, "POINT_Z": 0.0, "BUFF_DIST": 10.0, "ORIG_FID": 263 }, "geometry": { "type": "MultiPolygon", "coordinates": [ [ [ [ 112.672975782000094, -7.284870209653791 ], [ 112.672991507176022, -7.284871583372138 ], [ 112.673006754550727, -7.284875662787464 ], [ 112.673021060840668, -7.284882323948866 ], [ 112.673033991356661, -7.284891364460437 ], [ 112.673045153211618, -7.284902509630934 ], [ 112.673054207258232, -7.284915420820134 ], [ 112.673060878393756, -7.284929705728217 ], [ 112.673064963918961, -7.28494493031558 ], [ 112.673066339696959, -7.284960631990916 ], [ 112.673064963925157, -7.284976333666789 ], [ 112.673060878405423, -7.284991558255696 ], [ 112.67305420727395, -7.28500584316614 ], [ 112.673045153229495, -7.285018754358237 ], [ 112.673033991374538, -7.285029899531819 ], [ 112.673021060856385, -7.285038940046288 ], [ 112.673006754562394, -7.285045601210053 ], [ 112.672991507182232, -7.285049680626921 ], [ 112.672975782000094, -7.2850510543458 ], [ 112.672960056817956, -7.285049680626923 ], [ 112.672944809437809, -7.285045601210053 ], [ 112.672930503143803, -7.285038940046288 ], [ 112.672917572625664, -7.285029899531819 ], [ 112.672906410770693, -7.285018754358235 ], [ 112.672897356726253, -7.28500584316614 ], [ 112.672890685594766, -7.284991558255696 ], [ 112.672886600075032, -7.284976333666789 ], [ 112.672885224303243, -7.284960631990916 ], [ 112.672886600081242, -7.28494493031558 ], [ 112.672890685606433, -7.284929705728217 ], [ 112.67289735674197, -7.284915420820134 ], [ 112.67290641078857, -7.284902509630934 ], [ 112.672917572643541, -7.284891364460437 ], [ 112.672930503159535, -7.284882323948866 ], [ 112.672944809449476, -7.284875662787464 ], [ 112.672960056824166, -7.284871583372138 ], [ 112.672975782000094, -7.284870209653791 ] ] ] ] } },
{ "type": "Feature", "properties": { "OID_": 0, "Name": "Lontar 7", "FolderPath": "Data CCTV Usulan + 50 Jalur + Rencana 2026.kmz/Rencana 2026/Surabaya Barat.kmz/Surabaya Barat", "Jenis": "Rencana 2026", "SubJenis": "Surabaya Barat", "POINT_X": 112.677952746, "POINT_Y": -7.285554303, "POINT_Z": 0.0, "BUFF_DIST": 10.0, "ORIG_FID": 264 }, "geometry": { "type": "MultiPolygon", "coordinates": [ [ [ [ 112.677952746000074, -7.285463880656158 ], [ 112.677968471196706, -7.285465254374463 ], [ 112.677983718591463, -7.28546933378968 ], [ 112.677998024900234, -7.28547599495091 ], [ 112.678010955433237, -7.285485035462243 ], [ 112.678022117302874, -7.285496180632447 ], [ 112.678031171361397, -7.285509091821311 ], [ 112.678037842505717, -7.285523376729016 ], [ 112.678041928036293, -7.285538601315984 ], [ 112.678043303816096, -7.285554302990908 ], [ 112.678041928042504, -7.285570004666369 ], [ 112.678037842517384, -7.285585229254878 ], [ 112.678031171377114, -7.285599514164947 ], [ 112.678022117320751, -7.285612425356707 ], [ 112.678010955451114, -7.285623570529996 ], [ 112.677998024915937, -7.28563261104423 ], [ 112.67798371860313, -7.285639272207821 ], [ 112.677968471202902, -7.285643351624583 ], [ 112.677952746000074, -7.28564472534343 ], [ 112.677937020797231, -7.285643351624583 ], [ 112.677921773397017, -7.285639272207821 ], [ 112.677907467084211, -7.28563261104423 ], [ 112.677894536549033, -7.285623570529996 ], [ 112.677883374679396, -7.285612425356707 ], [ 112.677874320623033, -7.285599514164947 ], [ 112.677867649482764, -7.28558522925488 ], [ 112.677863563957644, -7.285570004666369 ], [ 112.677862188184051, -7.285554302990908 ], [ 112.677863563963854, -7.285538601315984 ], [ 112.677867649494431, -7.285523376729016 ], [ 112.677874320638736, -7.285509091821311 ], [ 112.677883374697259, -7.285496180632449 ], [ 112.67789453656691, -7.285485035462243 ], [ 112.677907467099914, -7.285475994950912 ], [ 112.677921773408684, -7.28546933378968 ], [ 112.677937020803441, -7.285465254374463 ], [ 112.677952746000074, -7.285463880656158 ] ] ] ] } },
{ "type": "Feature", "properties": { "OID_": 0, "Name": "Pertigaan Medokan Ayu Selatan - Medokan Sawah", "FolderPath": "Data CCTV Usulan + 50 Jalur + Rencana 2026.kmz/Rencana 2026/Surabaya Timur.kmz/Surabaya Timur/Kecamatan Gunung Anyar", "Jenis": "Rencana 2026", "SubJenis": "Surabaya Timur", "POINT_X": 112.800188339, "POINT_Y": -7.332590386, "POINT_Z": 0.0, "BUFF_DIST": 10.0, "ORIG_FID": 265 }, "geometry": { "type": "MultiPolygon", "coordinates": [ [ [ [ 112.800188339000101, -7.33249996384425 ], [ 112.800204065841683, -7.332501337559705 ], [ 112.800219314831438, -7.332505416966432 ], [ 112.800233622636753, -7.332512078113795 ], [ 112.800246554522388, -7.332521118606305 ], [ 112.80025771755966, -7.332532263753312 ], [ 112.800266772565323, -7.3325451749153 ], [ 112.800273444407495, -7.332559459793277 ], [ 112.800277530365463, -7.33257468434856 ], [ 112.800278906289222, -7.332590385990815 ], [ 112.800277530371716, -7.332606087633608 ], [ 112.800273444419233, -7.332621312190446 ], [ 112.800266772581139, -7.332635597070799 ], [ 112.800257717577651, -7.332648508235705 ], [ 112.800246554540379, -7.332659653385816 ], [ 112.80023362265257, -7.332668693881247 ], [ 112.800219314843176, -7.332675355030985 ], [ 112.800204065847936, -7.332679434439264 ], [ 112.800188339000101, -7.332680808155246 ], [ 112.800172612152267, -7.332679434439266 ], [ 112.800157363157027, -7.332675355030985 ], [ 112.800143055347647, -7.332668693881247 ], [ 112.800130123459823, -7.332659653385816 ], [ 112.800118960422552, -7.332648508235703 ], [ 112.800109905419063, -7.332635597070799 ], [ 112.80010323358097, -7.332621312190446 ], [ 112.800099147628487, -7.332606087633608 ], [ 112.800097771710995, -7.332590385990815 ], [ 112.800099147634754, -7.332574684348561 ], [ 112.800103233592708, -7.332559459793277 ], [ 112.800109905434894, -7.3325451749153 ], [ 112.800118960440543, -7.332532263753312 ], [ 112.800130123477814, -7.332521118606305 ], [ 112.800143055363449, -7.332512078113795 ], [ 112.800157363168779, -7.332505416966431 ], [ 112.800172612158519, -7.332501337559705 ], [ 112.800188339000101, -7.33249996384425 ] ] ] ] } },
{ "type": "Feature", "properties": { "OID_": 0, "Name": "Perempatan Jembatan Medokan Sawah - Gunung Anyar Sawah 1", "FolderPath": "Data CCTV Usulan + 50 Jalur + Rencana 2026.kmz/Rencana 2026/Surabaya Timur.kmz/Surabaya Timur/Kecamatan Gunung Anyar", "Jenis": "Rencana 2026", "SubJenis": "Surabaya Timur", "POINT_X": 112.795780631, "POINT_Y": -7.33323928, "POINT_Z": 0.0, "BUFF_DIST": 10.0, "ORIG_FID": 266 }, "geometry": { "type": "MultiPolygon", "coordinates": [ [ [ [ 112.795780631000071, -7.333148857846857 ], [ 112.795796357864432, -7.333150231562263 ], [ 112.795811606876256, -7.333154310968871 ], [ 112.795825914702277, -7.333160972116041 ], [ 112.795838846606642, -7.333170012608293 ], [ 112.795850009660072, -7.333181157754979 ], [ 112.795859064678851, -7.333194068916596 ], [ 112.795865736530686, -7.333208353794159 ], [ 112.795869822494581, -7.333223578349005 ], [ 112.795871198420315, -7.333239279990807 ], [ 112.795869822500819, -7.333254981633148 ], [ 112.795865736542424, -7.333270206189545 ], [ 112.795859064694682, -7.33328449106949 ], [ 112.795850009678077, -7.33329740223402 ], [ 112.795838846624648, -7.333308547383812 ], [ 112.795825914718108, -7.333317587878985 ], [ 112.795811606887995, -7.333324249028534 ], [ 112.795796357870685, -7.333328328436694 ], [ 112.795780631000071, -7.333329702152649 ], [ 112.79576490412947, -7.333328328436695 ], [ 112.795749655112161, -7.333324249028534 ], [ 112.795735347282047, -7.333317587878985 ], [ 112.795722415375508, -7.333308547383812 ], [ 112.795711252322064, -7.33329740223402 ], [ 112.795702197305474, -7.33328449106949 ], [ 112.795695525457731, -7.333270206189547 ], [ 112.795691439499322, -7.333254981633148 ], [ 112.795690063579826, -7.333239279990807 ], [ 112.795691439505575, -7.333223578349005 ], [ 112.795695525469469, -7.333208353794161 ], [ 112.795702197321305, -7.333194068916594 ], [ 112.79571125234007, -7.33318115775498 ], [ 112.795722415393499, -7.333170012608293 ], [ 112.795735347297864, -7.333160972116041 ], [ 112.795749655123899, -7.33315431096887 ], [ 112.795764904135723, -7.333150231562263 ], [ 112.795780631000071, -7.333148857846857 ] ] ] ] } },
{ "type": "Feature", "properties": { "OID_": 0, "Name": "Pertigaan Jembatan Rungkut Madya - Medokan Sawah", "FolderPath": "Data CCTV Usulan + 50 Jalur + Rencana 2026.kmz/Rencana 2026/Surabaya Timur.kmz/Surabaya Timur/Kecamatan Gunung Anyar", "Jenis": "Rencana 2026", "SubJenis": "Surabaya Timur", "POINT_X": 112.791631569, "POINT_Y": -7.332884869, "POINT_Z": 0.0, "BUFF_DIST": 10.0, "ORIG_FID": 267 }, "geometry": { "type": "MultiPolygon", "coordinates": [ [ [ [ 112.79163156900006, -7.332794446845424 ], [ 112.791647295851988, -7.332795820560872 ], [ 112.791662544851746, -7.332799899967545 ], [ 112.791676852666455, -7.33280656111482 ], [ 112.791689784560603, -7.332815601607212 ], [ 112.791700947605207, -7.332826746754074 ], [ 112.79171000261681, -7.332839657915893 ], [ 112.791716674463373, -7.332853942793685 ], [ 112.791720760424042, -7.332869167348767 ], [ 112.791722136348682, -7.332884868990818 ], [ 112.79172076043028, -7.332900570633405 ], [ 112.791716674475111, -7.332915795190043 ], [ 112.791710002632627, -7.33293008007021 ], [ 112.791700947623198, -7.332942991234948 ], [ 112.791689784578594, -7.332954136384913 ], [ 112.791676852682286, -7.332963176880226 ], [ 112.791662544863499, -7.332969838029879 ], [ 112.79164729585824, -7.332973917438103 ], [ 112.79163156900006, -7.332975291154054 ], [ 112.791615842141894, -7.332973917438103 ], [ 112.791600593136636, -7.332969838029879 ], [ 112.791586285317848, -7.332963176880226 ], [ 112.791573353421541, -7.332954136384913 ], [ 112.791562190376936, -7.332942991234948 ], [ 112.791553135367494, -7.332930080070212 ], [ 112.791546463525023, -7.332915795190043 ], [ 112.791542377569854, -7.332900570633405 ], [ 112.791541001651453, -7.332884868990818 ], [ 112.791542377576093, -7.332869167348769 ], [ 112.791546463536761, -7.332853942793685 ], [ 112.791553135383325, -7.332839657915895 ], [ 112.791562190394927, -7.332826746754074 ], [ 112.791573353439517, -7.332815601607212 ], [ 112.791586285333665, -7.33280656111482 ], [ 112.791600593148388, -7.332799899967545 ], [ 112.791615842148147, -7.332795820560872 ], [ 112.79163156900006, -7.332794446845424 ] ] ] ] } },
{ "type": "Feature", "properties": { "OID_": 0, "Name": "Rungkut Madya - Akses Purimas", "FolderPath": "Data CCTV Usulan + 50 Jalur + Rencana 2026.kmz/Rencana 2026/Surabaya Timur.kmz/Surabaya Timur/Kecamatan Gunung Anyar", "Jenis": "Rencana 2026", "SubJenis": "Surabaya Timur", "POINT_X": 112.78535554, "POINT_Y": -7.331723162, "POINT_Z": 0.0, "BUFF_DIST": 10.0, "ORIG_FID": 268 }, "geometry": { "type": "MultiPolygon", "coordinates": [ [ [ [ 112.785355540000069, -7.331632739840803 ], [ 112.785371266811225, -7.331634113556292 ], [ 112.785386515771464, -7.331638192963172 ], [ 112.785400823549097, -7.331644854110791 ], [ 112.785413755409721, -7.331653894603652 ], [ 112.785424918425392, -7.331665039751086 ], [ 112.785433973413532, -7.331677950913571 ], [ 112.785440645242801, -7.331692235792097 ], [ 112.785444731192854, -7.331707460347968 ], [ 112.785446107113955, -7.331723161990826 ], [ 112.785444731199121, -7.331738863634223 ], [ 112.785440645254553, -7.331754088191643 ], [ 112.785433973429349, -7.331768373072551 ], [ 112.785424918443383, -7.331781284237951 ], [ 112.785413755427712, -7.331792429388491 ], [ 112.785400823564927, -7.331801469884272 ], [ 112.785386515783202, -7.331808131034266 ], [ 112.785371266817478, -7.331812210442702 ], [ 112.785355540000069, -7.331813584158761 ], [ 112.785339813182659, -7.331812210442702 ], [ 112.785324564216936, -7.331808131034266 ], [ 112.78531025643521, -7.331801469884272 ], [ 112.785297324572426, -7.331792429388491 ], [ 112.785286161556755, -7.331781284237951 ], [ 112.785277106570788, -7.331768373072551 ], [ 112.785270434745584, -7.331754088191645 ], [ 112.785266348801017, -7.331738863634225 ], [ 112.785264972886182, -7.331723161990826 ], [ 112.785266348807269, -7.331707460347968 ], [ 112.785270434757336, -7.331692235792099 ], [ 112.785277106586605, -7.331677950913571 ], [ 112.785286161574746, -7.331665039751086 ], [ 112.785297324590417, -7.331653894603652 ], [ 112.785310256451041, -7.331644854110791 ], [ 112.785324564228674, -7.331638192963172 ], [ 112.785339813188912, -7.331634113556292 ], [ 112.785355540000069, -7.331632739840803 ] ] ] ] } },
{ "type": "Feature", "properties": { "OID_": 0, "Name": "Jembatan Medokan Sawah Timur - Akses Mangrove Gunung Anyar", "FolderPath": "Data CCTV Usulan + 50 Jalur + Rencana 2026.kmz/Rencana 2026/Surabaya Timur.kmz/Surabaya Timur/Kecamatan Gunung Anyar", "Jenis": "Rencana 2026", "SubJenis": "Surabaya Timur", "POINT_X": 112.810124668, "POINT_Y": -7.331207507, "POINT_Z": 0.0, "BUFF_DIST": 10.0, "ORIG_FID": 269 }, "geometry": { "type": "MultiPolygon", "coordinates": [ [ [ [ 112.810124668000071, -7.331117084838717 ], [ 112.810140394793123, -7.331118458554238 ], [ 112.81015564373584, -7.331122537961211 ], [ 112.810169951497016, -7.331129199108984 ], [ 112.810182883342748, -7.331138239602051 ], [ 112.810194046345586, -7.331149384749744 ], [ 112.81020310132331, -7.331162295912524 ], [ 112.810209773144905, -7.331176580791376 ], [ 112.810213859090268, -7.331191805347595 ], [ 112.810215235009778, -7.331207506990812 ], [ 112.810213859096521, -7.331223208634569 ], [ 112.810209773156643, -7.331238433192339 ], [ 112.810203101339127, -7.331252718073571 ], [ 112.810194046363577, -7.331265629239268 ], [ 112.810182883360739, -7.331276774390062 ], [ 112.810169951512833, -7.331285814886048 ], [ 112.810155643747578, -7.331292476036197 ], [ 112.81014039479939, -7.331296555444725 ], [ 112.810124668000071, -7.331297929160811 ], [ 112.810108941200738, -7.331296555444725 ], [ 112.810093692252551, -7.331292476036197 ], [ 112.81007938448731, -7.331285814886048 ], [ 112.81006645263939, -7.331276774390062 ], [ 112.810055289636551, -7.331265629239266 ], [ 112.810046234661002, -7.331252718073571 ], [ 112.8100395628435, -7.331238433192339 ], [ 112.810035476903622, -7.331223208634571 ], [ 112.81003410099035, -7.331207506990812 ], [ 112.81003547690986, -7.331191805347596 ], [ 112.810039562855223, -7.331176580791376 ], [ 112.810046234676832, -7.331162295912522 ], [ 112.810055289654542, -7.331149384749742 ], [ 112.810066452657381, -7.331138239602051 ], [ 112.810079384503112, -7.331129199108984 ], [ 112.810093692264289, -7.331122537961211 ], [ 112.810108941207005, -7.331118458554238 ], [ 112.810124668000071, -7.331117084838717 ] ] ] ] } },
{ "type": "Feature", "properties": { "OID_": 0, "Name": "Perempatan Wiguna Timur - Wiguna Selatan Indah", "FolderPath": "Data CCTV Usulan + 50 Jalur + Rencana 2026.kmz/Rencana 2026/Surabaya Timur.kmz/Surabaya Timur/Kecamatan Gunung Anyar", "Jenis": "Rencana 2026", "SubJenis": "Surabaya Timur", "POINT_X": 112.80189352, "POINT_Y": -7.33942137, "POINT_Z": 0.0, "BUFF_DIST": 10.0, "ORIG_FID": 270 }, "geometry": { "type": "MultiPolygon", "coordinates": [ [ [ [ 112.801893520000021, -7.339330947871695 ], [ 112.801909247081412, -7.339332321586743 ], [ 112.80192449630367, -7.339336400992231 ], [ 112.80193880432715, -7.339343062137572 ], [ 112.801951736409976, -7.339352102627342 ], [ 112.801962899617465, -7.339363247770967 ], [ 112.801971954761186, -7.339376158929038 ], [ 112.801978626705093, -7.339390443802682 ], [ 112.801982712725376, -7.339405668353345 ], [ 112.80198408867011, -7.339421369990838 ], [ 112.801982712731629, -7.339437071628869 ], [ 112.801978626716846, -7.339452296181091 ], [ 112.801971954777031, -7.339466581057114 ], [ 112.80196289963547, -7.339479492218104 ], [ 112.801951736427995, -7.339490637364836 ], [ 112.801938804342981, -7.339499677857528 ], [ 112.801924496315422, -7.33950633900525 ], [ 112.801909247087664, -7.339510418412289 ], [ 112.801893520000021, -7.339511792127848 ], [ 112.801877792912379, -7.33951041841229 ], [ 112.801862543684635, -7.33950633900525 ], [ 112.801848235657062, -7.339499677857529 ], [ 112.801835303572062, -7.339490637364836 ], [ 112.801824140364587, -7.339479492218104 ], [ 112.801815085223012, -7.339466581057114 ], [ 112.801808413283197, -7.339452296181091 ], [ 112.801804327268414, -7.339437071628869 ], [ 112.801802951329947, -7.339421369990838 ], [ 112.801804327274681, -7.339405668353347 ], [ 112.80180841329495, -7.339390443802682 ], [ 112.801815085238857, -7.339376158929038 ], [ 112.801824140382593, -7.339363247770965 ], [ 112.801835303590067, -7.33935210262734 ], [ 112.801848235672907, -7.33934306213757 ], [ 112.801862543696387, -7.339336400992232 ], [ 112.801877792918646, -7.339332321586743 ], [ 112.801893520000021, -7.339330947871695 ] ] ] ] } },
{ "type": "Feature", "properties": { "OID_": 0, "Name": "Pertigaan Medokan Asri - Rungkut Madya", "FolderPath": "Data CCTV Usulan + 50 Jalur + Rencana 2026.kmz/Rencana 2026/Surabaya Timur.kmz/Surabaya Timur/Kecamatan Gunung Anyar", "Jenis": "Rencana 2026", "SubJenis": "Surabaya Timur", "POINT_X": 112.788044554, "POINT_Y": -7.33192894, "POINT_Z": 0.0, "BUFF_DIST": 10.0, "ORIG_FID": 271 }, "geometry": { "type": "MultiPolygon", "coordinates": [ [ [ [ 112.788044554000066, -7.331838517841605 ], [ 112.788060280818442, -7.331839891557112 ], [ 112.788075529785687, -7.331843970963956 ], [ 112.788089837569885, -7.331850632111514 ], [ 112.788102769436449, -7.331859672604292 ], [ 112.788113932457236, -7.331870817751625 ], [ 112.788122987449526, -7.331883728913989 ], [ 112.788129659281864, -7.33189801379239 ], [ 112.788133745233807, -7.331913238348119 ], [ 112.788135121155534, -7.331928939990834 ], [ 112.78813374524006, -7.331944641634088 ], [ 112.788129659293602, -7.33195986619137 ], [ 112.788122987465357, -7.331974151072147 ], [ 112.788113932475241, -7.331987062237427 ], [ 112.78810276945444, -7.331998207387867 ], [ 112.788089837585716, -7.332007247883565 ], [ 112.788075529797425, -7.332013909033499 ], [ 112.788060280824695, -7.332017988441896 ], [ 112.788044554000066, -7.332019362157912 ], [ 112.788028827175438, -7.332017988441896 ], [ 112.788013578202708, -7.332013909033499 ], [ 112.787999270414417, -7.332007247883563 ], [ 112.787986338545693, -7.331998207387867 ], [ 112.787975175524892, -7.331987062237427 ], [ 112.787966120534762, -7.331974151072147 ], [ 112.787959448706516, -7.33195986619137 ], [ 112.787955362760073, -7.33194464163409 ], [ 112.787953986844599, -7.331928939990834 ], [ 112.787955362766311, -7.331913238348119 ], [ 112.787959448718269, -7.33189801379239 ], [ 112.787966120550593, -7.331883728913991 ], [ 112.787975175542897, -7.331870817751625 ], [ 112.787986338563684, -7.331859672604292 ], [ 112.787999270430248, -7.331850632111513 ], [ 112.788013578214446, -7.331843970963956 ], [ 112.788028827181677, -7.331839891557112 ], [ 112.788044554000066, -7.331838517841605 ] ] ] ] } },
{ "type": "Feature", "properties": { "OID_": 0, "Name": "Pertigaan Rungkut Asri Timur - Rungkut Madya", "FolderPath": "Data CCTV Usulan + 50 Jalur + Rencana 2026.kmz/Rencana 2026/Surabaya Timur.kmz/Surabaya Timur/Kecamatan Gunung Anyar", "Jenis": "Rencana 2026", "SubJenis": "Surabaya Timur", "POINT_X": 112.784595684, "POINT_Y": -7.331708764, "POINT_Z": 0.0, "BUFF_DIST": 10.0, "ORIG_FID": 272 }, "geometry": { "type": "MultiPolygon", "coordinates": [ [ [ [ 112.78459568400001, -7.331618341840752 ], [ 112.784611410810669, -7.331619715556212 ], [ 112.78462665977041, -7.331623794963097 ], [ 112.784640967547588, -7.331630456110721 ], [ 112.7846538994078, -7.331639496603588 ], [ 112.784665062423116, -7.331650641751033 ], [ 112.784674117410958, -7.331663552913525 ], [ 112.784680789240014, -7.331677837792059 ], [ 112.784684875189939, -7.331693062347939 ], [ 112.784686251110983, -7.331708763990807 ], [ 112.784684875196191, -7.331724465634215 ], [ 112.784680789251752, -7.331739690191646 ], [ 112.784674117426761, -7.331753975072559 ], [ 112.784665062441093, -7.331766886237969 ], [ 112.784653899425777, -7.331778031388517 ], [ 112.784640967563405, -7.331787071884302 ], [ 112.784626659782148, -7.3317937330343 ], [ 112.784611410816908, -7.331797812442741 ], [ 112.78459568400001, -7.331799186158825 ], [ 112.784579957183098, -7.331797812442741 ], [ 112.784564708217857, -7.3317937330343 ], [ 112.784550400436615, -7.331787071884301 ], [ 112.784537468574229, -7.331778031388517 ], [ 112.784526305558913, -7.331766886237967 ], [ 112.784517250573245, -7.331753975072559 ], [ 112.784510578748254, -7.331739690191646 ], [ 112.784506492803828, -7.331724465634215 ], [ 112.784505116889036, -7.331708763990807 ], [ 112.784506492810081, -7.331693062347941 ], [ 112.784510578760006, -7.331677837792059 ], [ 112.784517250589062, -7.331663552913525 ], [ 112.784526305576904, -7.331650641751031 ], [ 112.78453746859222, -7.331639496603588 ], [ 112.784550400452432, -7.331630456110721 ], [ 112.78456470822961, -7.331623794963097 ], [ 112.784579957189351, -7.331619715556212 ], [ 112.78459568400001, -7.331618341840752 ] ] ] ] } },
{ "type": "Feature", "properties": { "OID_": 0, "Name": "Pertigaan Gunung Anyar Sawah - Politeknik Pelayaran Surabaya", "FolderPath": "Data CCTV Usulan + 50 Jalur + Rencana 2026.kmz/Rencana 2026/Surabaya Timur.kmz/Surabaya Timur/Kecamatan Gunung Anyar", "Jenis": "Rencana 2026", "SubJenis": "Surabaya Timur", "POINT_X": 112.794410552, "POINT_Y": -7.342600463, "POINT_Z": 0.0, "BUFF_DIST": 10.0, "ORIG_FID": 273 }, "geometry": { "type": "MultiPolygon", "coordinates": [ [ [ [ 112.794410552000045, -7.342510040884481 ], [ 112.794426279193104, -7.342511414599293 ], [ 112.794441528523663, -7.342515494004205 ], [ 112.794455836648737, -7.342522155148603 ], [ 112.794468768823393, -7.342531195637095 ], [ 112.79447993211015, -7.342542340779145 ], [ 112.794488987318175, -7.342555251935393 ], [ 112.794495659309476, -7.342569536807018 ], [ 112.794499745358777, -7.342584761355534 ], [ 112.794501121313274, -7.342600462990807 ], [ 112.79449974536503, -7.34261616462662 ], [ 112.794495659321242, -7.342631389176692 ], [ 112.794488987334034, -7.3426456740507 ], [ 112.794479932128183, -7.342658585209866 ], [ 112.794468768841426, -7.342669730355025 ], [ 112.794455836664596, -7.34267877084644 ], [ 112.79444152853543, -7.342685431993224 ], [ 112.794426279199371, -7.342689511399685 ], [ 112.794410552000045, -7.342690885115093 ], [ 112.794394824800733, -7.342689511399685 ], [ 112.794379575464674, -7.342685431993224 ], [ 112.794365267335507, -7.34267877084644 ], [ 112.794352335158678, -7.342669730355025 ], [ 112.79434117187192, -7.342658585209866 ], [ 112.79433211666607, -7.3426456740507 ], [ 112.794325444678847, -7.342631389176692 ], [ 112.794321358635059, -7.34261616462662 ], [ 112.794319982686815, -7.342600462990807 ], [ 112.794321358641326, -7.342584761355532 ], [ 112.794325444690628, -7.342569536807016 ], [ 112.794332116681915, -7.342555251935392 ], [ 112.79434117188994, -7.342542340779146 ], [ 112.794352335176697, -7.342531195637095 ], [ 112.794365267351353, -7.342522155148603 ], [ 112.794379575476441, -7.342515494004203 ], [ 112.794394824806986, -7.342511414599294 ], [ 112.794410552000045, -7.342510040884481 ] ] ] ] } },
{ "type": "Feature", "properties": { "OID_": 0, "Name": "Pertigaan Wiguna Tengah - Gunung Anyar Sawah", "FolderPath": "Data CCTV Usulan + 50 Jalur + Rencana 2026.kmz/Rencana 2026/Surabaya Timur.kmz/Surabaya Timur/Kecamatan Gunung Anyar", "Jenis": "Rencana 2026", "SubJenis": "Surabaya Timur", "POINT_X": 112.799649321, "POINT_Y": -7.332899086, "POINT_Z": 0.0, "BUFF_DIST": 10.0, "ORIG_FID": 274 }, "geometry": { "type": "MultiPolygon", "coordinates": [ [ [ [ 112.799649321000061, -7.33280866384551 ], [ 112.799665047852486, -7.332810037560929 ], [ 112.799680296852728, -7.332814116967596 ], [ 112.799694604667906, -7.332820778114868 ], [ 112.799707536562451, -7.332829818607257 ], [ 112.799718699607411, -7.332840963754113 ], [ 112.799727754619298, -7.332853874915922 ], [ 112.799734426466074, -7.332868159793704 ], [ 112.799738512426856, -7.33288338434878 ], [ 112.799739888351553, -7.332899085990817 ], [ 112.799738512433109, -7.332914787633394 ], [ 112.799734426477826, -7.332930012190023 ], [ 112.799727754635128, -7.332944297070183 ], [ 112.799718699625402, -7.332957208234909 ], [ 112.799707536580442, -7.332968353384867 ], [ 112.799694604683722, -7.332977393880175 ], [ 112.79968029686448, -7.332984055029826 ], [ 112.799665047858738, -7.332988134438046 ], [ 112.799649321000061, -7.33298950815403 ], [ 112.799633594141397, -7.332988134438046 ], [ 112.799618345135656, -7.332984055029826 ], [ 112.799604037316413, -7.332977393880177 ], [ 112.799591105419694, -7.332968353384867 ], [ 112.799579942374734, -7.332957208234911 ], [ 112.799570887365007, -7.332944297070183 ], [ 112.799564215522309, -7.332930012190023 ], [ 112.799560129567027, -7.332914787633394 ], [ 112.799558753648583, -7.332899085990817 ], [ 112.79956012957328, -7.33288338434878 ], [ 112.799564215534062, -7.332868159793704 ], [ 112.799570887380838, -7.332853874915922 ], [ 112.799579942392725, -7.332840963754113 ], [ 112.799591105437685, -7.332829818607257 ], [ 112.79960403733223, -7.332820778114868 ], [ 112.799618345147408, -7.332814116967596 ], [ 112.799633594147636, -7.332810037560929 ], [ 112.799649321000061, -7.33280866384551 ] ] ] ] } },
{ "type": "Feature", "properties": { "OID_": 0, "Name": "Raya Medokan Sawah Timur Dekat PA Kebon Agung 1", "FolderPath": "Data CCTV Usulan + 50 Jalur + Rencana 2026.kmz/Rencana 2026/Surabaya Timur.kmz/Surabaya Timur/Kecamatan Gunung Anyar", "Jenis": "Rencana 2026", "SubJenis": "Surabaya Timur", "POINT_X": 112.80478896, "POINT_Y": -7.331779415, "POINT_Z": 0.0, "BUFF_DIST": 10.0, "ORIG_FID": 275 }, "geometry": { "type": "MultiPolygon", "coordinates": [ [ [ [ 112.80478896000011, -7.331688992841048 ], [ 112.804804686813242, -7.331690366556537 ], [ 112.804819935775399, -7.331694445963409 ], [ 112.804834243554822, -7.331701107111011 ], [ 112.804847175417066, -7.331710147603849 ], [ 112.80485833843413, -7.331721292751257 ], [ 112.804867393423422, -7.331734203913709 ], [ 112.804874065253514, -7.331748488792202 ], [ 112.804878151204093, -7.331763713348032 ], [ 112.804879527125365, -7.331779414990852 ], [ 112.804878151210346, -7.331795116634209 ], [ 112.804874065265267, -7.331810341191592 ], [ 112.804867393439238, -7.331824626072462 ], [ 112.804858338452121, -7.33183753723783 ], [ 112.804847175435057, -7.331848682388342 ], [ 112.804834243570639, -7.331857722884099 ], [ 112.804819935787137, -7.331864384034079 ], [ 112.804804686819494, -7.331868463442504 ], [ 112.80478896000011, -7.331869837158553 ], [ 112.804773233180725, -7.331868463442504 ], [ 112.804757984213083, -7.331864384034079 ], [ 112.804743676429581, -7.3318577228841 ], [ 112.804730744565163, -7.331848682388342 ], [ 112.804719581548085, -7.33183753723783 ], [ 112.804710526560982, -7.331824626072462 ], [ 112.804703854734953, -7.331810341191592 ], [ 112.804699768789874, -7.331795116634209 ], [ 112.804698392874855, -7.331779414990852 ], [ 112.804699768796112, -7.331763713348032 ], [ 112.804703854746691, -7.331748488792202 ], [ 112.804710526576798, -7.331734203913709 ], [ 112.804719581566076, -7.331721292751257 ], [ 112.804730744583154, -7.331710147603849 ], [ 112.804743676445383, -7.33170110711101 ], [ 112.804757984224821, -7.331694445963407 ], [ 112.804773233186964, -7.331690366556537 ], [ 112.80478896000011, -7.331688992841048 ] ] ] ] } },
{ "type": "Feature", "properties": { "OID_": 0, "Name": "Raya Medokan Sawah Timur Dekat PA Kebon Agung 2", "FolderPath": "Data CCTV Usulan + 50 Jalur + Rencana 2026.kmz/Rencana 2026/Surabaya Timur.kmz/Surabaya Timur/Kecamatan Gunung Anyar", "Jenis": "Rencana 2026", "SubJenis": "Surabaya Timur", "POINT_X": 112.80748524400001, "POINT_Y": -7.331094347, "POINT_Z": 0.0, "BUFF_DIST": 10.0, "ORIG_FID": 276 }, "geometry": { "type": "MultiPolygon", "coordinates": [ [ [ [ 112.807485244000077, -7.331003924838324 ], [ 112.807500970789164, -7.331005298553835 ], [ 112.807516219728029, -7.331009377960832 ], [ 112.807530527485582, -7.331016039108637 ], [ 112.807543459328073, -7.331025079601751 ], [ 112.807554622328084, -7.331036224749496 ], [ 112.80756367730352, -7.331049135912341 ], [ 112.807570349123438, -7.331063420791268 ], [ 112.807574435067764, -7.331078645347564 ], [ 112.807575810986918, -7.331094346990859 ], [ 112.807574435074002, -7.331110048634692 ], [ 112.807570349135176, -7.33112527319254 ], [ 112.807563677319337, -7.331139558073843 ], [ 112.807554622346075, -7.331152469239604 ], [ 112.807543459346064, -7.331163614390456 ], [ 112.807530527501413, -7.331172654886487 ], [ 112.807516219739767, -7.331179316036668 ], [ 112.807500970795431, -7.331183395445217 ], [ 112.807485244000077, -7.331184769161324 ], [ 112.807469517204723, -7.331183395445217 ], [ 112.807454268260386, -7.331179316036668 ], [ 112.807439960498741, -7.331172654886487 ], [ 112.807427028654089, -7.331163614390456 ], [ 112.807415865654079, -7.331152469239602 ], [ 112.807406810680817, -7.331139558073843 ], [ 112.807400138864978, -7.33112527319254 ], [ 112.807396052926151, -7.331110048634692 ], [ 112.807394677013235, -7.331094346990859 ], [ 112.80739605293239, -7.331078645347562 ], [ 112.807400138876716, -7.331063420791268 ], [ 112.807406810696634, -7.331049135912341 ], [ 112.80741586567207, -7.331036224749498 ], [ 112.80742702867208, -7.331025079601751 ], [ 112.807439960514571, -7.331016039108637 ], [ 112.807454268272124, -7.331009377960831 ], [ 112.80746951721099, -7.331005298553835 ], [ 112.807485244000077, -7.331003924838324 ] ] ] ] } },
{ "type": "Feature", "properties": { "OID_": 0, "Name": "Perempatan Jembatan Medokan Sawah - Gunung Anyar Sawah 2", "FolderPath": "Data CCTV Usulan + 50 Jalur + Rencana 2026.kmz/Rencana 2026/Surabaya Timur.kmz/Surabaya Timur/Kecamatan Gunung Anyar", "Jenis": "Rencana 2026", "SubJenis": "Surabaya Timur", "POINT_X": 112.795794648, "POINT_Y": -7.333417906, "POINT_Z": 0.0, "BUFF_DIST": 10.0, "ORIG_FID": 277 }, "geometry": { "type": "MultiPolygon", "coordinates": [ [ [ [ 112.795794648000083, -7.333327483847579 ], [ 112.795810374870712, -7.333328857563006 ], [ 112.795825623888604, -7.333332936969582 ], [ 112.795839931720337, -7.333339598116698 ], [ 112.795852863629861, -7.33334863860888 ], [ 112.795864026687738, -7.333359783755478 ], [ 112.795873081710113, -7.33337269491699 ], [ 112.795879753564606, -7.333386979794441 ], [ 112.795883839530134, -7.333402204349167 ], [ 112.795885215456408, -7.333417905990845 ], [ 112.795883839536373, -7.333433607633061 ], [ 112.795879753576358, -7.333448832189337 ], [ 112.795873081725944, -7.333463117069169 ], [ 112.795864026705729, -7.3334760282336 ], [ 112.795852863647852, -7.333487173383301 ], [ 112.795839931736168, -7.333496213878401 ], [ 112.795825623900356, -7.333502875027896 ], [ 112.79581037487695, -7.333506954436024 ], [ 112.795794648000083, -7.333508328151934 ], [ 112.795778921123201, -7.333506954436024 ], [ 112.79576367209981, -7.333502875027896 ], [ 112.795749364263997, -7.333496213878401 ], [ 112.7957364323523, -7.333487173383301 ], [ 112.795725269294437, -7.3334760282336 ], [ 112.795716214274222, -7.333463117069169 ], [ 112.795709542423808, -7.333448832189339 ], [ 112.795705456463793, -7.333433607633061 ], [ 112.795704080543743, -7.333417905990845 ], [ 112.795705456470031, -7.333402204349167 ], [ 112.79570954243556, -7.333386979794441 ], [ 112.795716214290053, -7.333372694916991 ], [ 112.795725269312427, -7.333359783755476 ], [ 112.795736432370305, -7.333348638608881 ], [ 112.795749364279814, -7.333339598116698 ], [ 112.795763672111548, -7.333332936969582 ], [ 112.795778921129454, -7.333328857563006 ], [ 112.795794648000083, -7.333327483847579 ] ] ] ] } },
{ "type": "Feature", "properties": { "OID_": 0, "Name": "Pertigaan Nusa Indah - Rungkut Madya", "FolderPath": "Data CCTV Usulan + 50 Jalur + Rencana 2026.kmz/Rencana 2026/Surabaya Timur.kmz/Surabaya Timur/Kecamatan Gunung Anyar", "Jenis": "Rencana 2026", "SubJenis": "Surabaya Timur", "POINT_X": 112.79188008600001, "POINT_Y": -7.332929315, "POINT_Z": 0.0, "BUFF_DIST": 10.0, "ORIG_FID": 278 }, "geometry": { "type": "MultiPolygon", "coordinates": [ [ [ [ 112.791880086000106, -7.332838892845627 ], [ 112.791895812853582, -7.332840266561053 ], [ 112.791911061854861, -7.332844345967718 ], [ 112.791925369670992, -7.33285100711498 ], [ 112.791938301566418, -7.332860047607356 ], [ 112.791949464612131, -7.332871192754192 ], [ 112.791958519624629, -7.332884103915987 ], [ 112.79196519147186, -7.33289838879375 ], [ 112.791969277432912, -7.332913613348803 ], [ 112.791970653357708, -7.332929314990822 ], [ 112.791969277439165, -7.332945016633378 ], [ 112.791965191483598, -7.332960241189985 ], [ 112.79195851964046, -7.332974526070125 ], [ 112.791949464630122, -7.332987437234837 ], [ 112.791938301584409, -7.332998582384781 ], [ 112.791925369686822, -7.333007622880077 ], [ 112.7919110618666, -7.333014284029717 ], [ 112.791895812859835, -7.333018363437935 ], [ 112.791880086000106, -7.333019737153904 ], [ 112.791864359140376, -7.333018363437935 ], [ 112.791849110133612, -7.333014284029717 ], [ 112.791834802313403, -7.333007622880077 ], [ 112.791821870415802, -7.332998582384781 ], [ 112.79181070737009, -7.332987437234837 ], [ 112.791801652359752, -7.332974526070125 ], [ 112.791794980516613, -7.332960241189985 ], [ 112.791790894561046, -7.332945016633378 ], [ 112.791789518642517, -7.332929314990822 ], [ 112.791790894567299, -7.332913613348803 ], [ 112.791794980528351, -7.33289838879375 ], [ 112.791801652375582, -7.332884103915987 ], [ 112.79181070738808, -7.332871192754192 ], [ 112.791821870433807, -7.332860047607356 ], [ 112.79183480232922, -7.33285100711498 ], [ 112.791849110145364, -7.332844345967718 ], [ 112.791864359146629, -7.332840266561053 ], [ 112.791880086000106, -7.332838892845627 ] ] ] ] } },
{ "type": "Feature", "properties": { "OID_": 0, "Name": "Pertigaan Shell Merr - Ir Soekarno Merr", "FolderPath": "Data CCTV Usulan + 50 Jalur + Rencana 2026.kmz/Rencana 2026/Surabaya Timur.kmz/Surabaya Timur/Kecamatan Rungkut", "Jenis": "Rencana 2026", "SubJenis": "Surabaya Timur", "POINT_X": 112.780716091, "POINT_Y": -7.312433027, "POINT_Z": 0.0, "BUFF_DIST": 10.0, "ORIG_FID": 279 }, "geometry": { "type": "MultiPolygon", "coordinates": [ [ [ [ 112.780716091000045, -7.312342604763467 ], [ 112.780731817135347, -7.312343978480165 ], [ 112.780747065440281, -7.312348057890537 ], [ 112.780761372603024, -7.312354719043853 ], [ 112.780774303907904, -7.312363759544444 ], [ 112.780785466443845, -7.312374904701411 ], [ 112.780794521042836, -7.312387815874936 ], [ 112.780801192585372, -7.312402100765677 ], [ 112.780805278359836, -7.312417325334563 ], [ 112.780806654221792, -7.312433026990845 ], [ 112.780805278366074, -7.312448728647662 ], [ 112.780801192597082, -7.312463953218095 ], [ 112.78079452105861, -7.312478238111209 ], [ 112.780785466461779, -7.312491149287642 ], [ 112.780774303925838, -7.312502294447706 ], [ 112.780761372618812, -7.312511334951206 ], [ 112.780747065451976, -7.312517996106893 ], [ 112.780731817141572, -7.312522075518815 ], [ 112.780716091000045, -7.31252344923601 ], [ 112.780700364858518, -7.312522075518815 ], [ 112.780685116548113, -7.312517996106893 ], [ 112.780670809381277, -7.312511334951206 ], [ 112.780657878074251, -7.312502294447706 ], [ 112.78064671553831, -7.312491149287642 ], [ 112.78063766094148, -7.312478238111209 ], [ 112.780630989403008, -7.312463953218097 ], [ 112.780626903634015, -7.312448728647662 ], [ 112.780625527778298, -7.312433026990845 ], [ 112.780626903640254, -7.312417325334565 ], [ 112.780630989414718, -7.312402100765677 ], [ 112.780637660957254, -7.312387815874936 ], [ 112.780646715556244, -7.312374904701413 ], [ 112.780657878092185, -7.312363759544444 ], [ 112.780670809397066, -7.312354719043853 ], [ 112.780685116559809, -7.312348057890535 ], [ 112.780700364864742, -7.312343978480165 ], [ 112.780716091000045, -7.312342604763467 ] ] ] ] } },
{ "type": "Feature", "properties": { "OID_": 0, "Name": "Pertigaan Ir Soekarno Merr- Medokan Asri Tengah", "FolderPath": "Data CCTV Usulan + 50 Jalur + Rencana 2026.kmz/Rencana 2026/Surabaya Timur.kmz/Surabaya Timur/Kecamatan Rungkut", "Jenis": "Rencana 2026", "SubJenis": "Surabaya Timur", "POINT_X": 112.78147308600001, "POINT_Y": -7.326810014, "POINT_Z": 0.0, "BUFF_DIST": 10.0, "ORIG_FID": 280 }, "geometry": { "type": "MultiPolygon", "coordinates": [ [ [ [ 112.781473086, -7.326719591821101 ], [ 112.781488812638841, -7.326720965536872 ], [ 112.781504061432017, -7.326725044944643 ], [ 112.781518369052876, -7.326731706093712 ], [ 112.781531300771817, -7.326740746588546 ], [ 112.781542463665176, -7.326751891738412 ], [ 112.781551518554096, -7.32676480290371 ], [ 112.781558190310264, -7.326779087785351 ], [ 112.781562276215567, -7.326794312344537 ], [ 112.781563652121577, -7.326810013990819 ], [ 112.781562276221791, -7.326825715637638 ], [ 112.781558190322002, -7.326840940198376 ], [ 112.781551518569913, -7.326855225082393 ], [ 112.781542463683152, -7.326868136250607 ], [ 112.781531300789794, -7.326879281403574 ], [ 112.781518369068692, -7.326888321901323 ], [ 112.781504061443741, -7.326894983052771 ], [ 112.781488812645094, -7.326899062462094 ], [ 112.781473086, -7.326900436178466 ], [ 112.781457359354917, -7.326899062462094 ], [ 112.781442110556256, -7.326894983052771 ], [ 112.781427802931304, -7.326888321901323 ], [ 112.781414871210202, -7.326879281403574 ], [ 112.781403708316844, -7.326868136250607 ], [ 112.781394653430098, -7.326855225082393 ], [ 112.781387981678009, -7.326840940198376 ], [ 112.781383895778205, -7.326825715637638 ], [ 112.781382519878434, -7.326810013990819 ], [ 112.781383895784444, -7.326794312344539 ], [ 112.781387981689733, -7.326779087785351 ], [ 112.781394653445915, -7.32676480290371 ], [ 112.781403708334821, -7.32675189173841 ], [ 112.781414871228179, -7.326740746588546 ], [ 112.781427802947121, -7.326731706093712 ], [ 112.78144211056798, -7.326725044944641 ], [ 112.781457359361156, -7.326720965536872 ], [ 112.781473086, -7.326719591821101 ] ] ] ] } },
{ "type": "Feature", "properties": { "OID_": 0, "Name": "U TURN GION Merr", "FolderPath": "Data CCTV Usulan + 50 Jalur + Rencana 2026.kmz/Rencana 2026/Surabaya Timur.kmz/Surabaya Timur/Kecamatan Rungkut", "Jenis": "Rencana 2026", "SubJenis": "Surabaya Timur", "POINT_X": 112.78102733199999, "POINT_Y": -7.320660027, "POINT_Z": 0.0, "BUFF_DIST": 10.0, "ORIG_FID": 281 }, "geometry": { "type": "MultiPolygon", "coordinates": [ [ [ [ 112.781027332, -7.320569604796466 ], [ 112.781043058423336, -7.320570978512642 ], [ 112.781058307007527, -7.320575057921525 ], [ 112.781072614432304, -7.320581719072415 ], [ 112.781085545974022, -7.320590759569711 ], [ 112.781096708714401, -7.320601904722616 ], [ 112.781105763479218, -7.320614815891435 ], [ 112.781112435143967, -7.320629100776972 ], [ 112.781116520993251, -7.320644325340311 ], [ 112.781117896880417, -7.32066002699087 ], [ 112.781116520999504, -7.320675728641968 ], [ 112.781112435155691, -7.320690953206856 ], [ 112.78110576349502, -7.320705238094767 ], [ 112.781096708732363, -7.320718149266498 ], [ 112.781085545991985, -7.320729294422503 ], [ 112.781072614448107, -7.320738334922716 ], [ 112.781058307019251, -7.320744996075976 ], [ 112.781043058429574, -7.32074907548641 ], [ 112.781027332, -7.320750449203128 ], [ 112.781011605570441, -7.320749075486412 ], [ 112.780996356980765, -7.320744996075976 ], [ 112.780982049551909, -7.320738334922716 ], [ 112.780969118008031, -7.320729294422503 ], [ 112.780957955267652, -7.320718149266498 ], [ 112.780948900504995, -7.320705238094765 ], [ 112.780942228844324, -7.320690953206856 ], [ 112.780938143000512, -7.320675728641968 ], [ 112.780936767119599, -7.32066002699087 ], [ 112.780938143006765, -7.320644325340311 ], [ 112.780942228856048, -7.320629100776972 ], [ 112.780948900520798, -7.320614815891437 ], [ 112.780957955285615, -7.320601904722614 ], [ 112.780969118025993, -7.320590759569711 ], [ 112.780982049567712, -7.320581719072415 ], [ 112.780996356992489, -7.320575057921525 ], [ 112.78101160557668, -7.320570978512642 ], [ 112.781027332, -7.320569604796466 ] ] ] ] } },
{ "type": "Feature", "properties": { "OID_": 0, "Name": "U TURN MASJID AT TANWIR MERR", "FolderPath": "Data CCTV Usulan + 50 Jalur + Rencana 2026.kmz/Rencana 2026/Surabaya Timur.kmz/Surabaya Timur/Kecamatan Rungkut", "Jenis": "Rencana 2026", "SubJenis": "Surabaya Timur", "POINT_X": 112.780978015, "POINT_Y": -7.324018198, "POINT_Z": 0.0, "BUFF_DIST": 10.0, "ORIG_FID": 282 }, "geometry": { "type": "MultiPolygon", "coordinates": [ [ [ [ 112.780978015000073, -7.32392777580993 ], [ 112.780993741541053, -7.323929149525894 ], [ 112.781008990239343, -7.323933228934172 ], [ 112.781023297771171, -7.323939890084066 ], [ 112.781036229409636, -7.323948930580018 ], [ 112.781047392233532, -7.323960075731263 ], [ 112.781056447066121, -7.323972986898161 ], [ 112.781063118780764, -7.323987271781569 ], [ 112.78106720466063, -7.324002496342643 ], [ 112.78106858055807, -7.324018197990866 ], [ 112.781067204666869, -7.324033899639629 ], [ 112.781063118792488, -7.324049124202251 ], [ 112.781056447081909, -7.324063409088036 ], [ 112.781047392251509, -7.324076320257848 ], [ 112.781036229427613, -7.324087465412194 ], [ 112.781023297786987, -7.32409650591106 ], [ 112.781008990251067, -7.324103167063331 ], [ 112.780993741547306, -7.324107246473159 ], [ 112.780978015000073, -7.32410862018968 ], [ 112.780962288452841, -7.324107246473161 ], [ 112.78094703974908, -7.324103167063331 ], [ 112.780932732213159, -7.324096505911062 ], [ 112.780919800572534, -7.324087465412194 ], [ 112.780908637748638, -7.324076320257847 ], [ 112.780899582918238, -7.324063409088036 ], [ 112.780892911207658, -7.324049124202252 ], [ 112.780888825333278, -7.32403389963963 ], [ 112.780887449442076, -7.324018197990866 ], [ 112.780888825339517, -7.324002496342643 ], [ 112.780892911219382, -7.323987271781568 ], [ 112.780899582934026, -7.323972986898161 ], [ 112.780908637766615, -7.323960075731263 ], [ 112.78091980059051, -7.323948930580018 ], [ 112.780932732228976, -7.323939890084068 ], [ 112.780947039760804, -7.323933228934171 ], [ 112.780962288459094, -7.323929149525894 ], [ 112.780978015000073, -7.32392777580993 ] ] ] ] } },
{ "type": "Feature", "properties": { "OID_": 0, "Name": "Pertigaan Pandugo - Rusun Penjaringan Sari", "FolderPath": "Data CCTV Usulan + 50 Jalur + Rencana 2026.kmz/Rencana 2026/Surabaya Timur.kmz/Surabaya Timur/Kecamatan Rungkut", "Jenis": "Rencana 2026", "SubJenis": "Surabaya Timur", "POINT_X": 112.78419882199999, "POINT_Y": -7.322112778, "POINT_Z": 0.0, "BUFF_DIST": 10.0, "ORIG_FID": 283 }, "geometry": { "type": "MultiPolygon", "coordinates": [ [ [ [ 112.784198822, -7.322022355802279 ], [ 112.784214548474225, -7.322023729518359 ], [ 112.784229797107756, -7.322027808926978 ], [ 112.78424410457886, -7.322034470077439 ], [ 112.784257036162415, -7.322043510574155 ], [ 112.784268198938918, -7.32205465572634 ], [ 112.784277253733052, -7.322067566894329 ], [ 112.784283925419373, -7.322081851778945 ], [ 112.784288011281902, -7.322097076341302 ], [ 112.784289387173501, -7.322112777990853 ], [ 112.78428801128814, -7.32212847964094 ], [ 112.784283925431112, -7.32214370420485 ], [ 112.784277253748854, -7.322157989091841 ], [ 112.78426819895688, -7.322170900262741 ], [ 112.784257036180378, -7.32218204541803 ], [ 112.784244104594663, -7.322191085917658 ], [ 112.784229797119494, -7.32219774707049 ], [ 112.784214548480463, -7.322201826480664 ], [ 112.784198822, -7.322203200197299 ], [ 112.784183095519552, -7.322201826480664 ], [ 112.784167846880521, -7.32219774707049 ], [ 112.784153539405352, -7.32219108591766 ], [ 112.784140607819637, -7.32218204541803 ], [ 112.784129445043135, -7.322170900262742 ], [ 112.784120390251161, -7.322157989091839 ], [ 112.784113718568918, -7.32214370420485 ], [ 112.784109632711875, -7.32212847964094 ], [ 112.784108256826514, -7.322112777990853 ], [ 112.784109632718113, -7.322097076341304 ], [ 112.784113718580642, -7.322081851778945 ], [ 112.784120390266963, -7.322067566894329 ], [ 112.784129445061097, -7.322054655726342 ], [ 112.7841406078376, -7.322043510574155 ], [ 112.784153539421155, -7.322034470077437 ], [ 112.784167846892259, -7.322027808926978 ], [ 112.78418309552579, -7.322023729518359 ], [ 112.784198822, -7.322022355802279 ] ] ] ] } },
{ "type": "Feature", "properties": { "OID_": 0, "Name": "Pertigaan Wonorejo Timur - Akses Mangrove Wonorejo", "FolderPath": "Data CCTV Usulan + 50 Jalur + Rencana 2026.kmz/Rencana 2026/Surabaya Timur.kmz/Surabaya Timur/Kecamatan Rungkut", "Jenis": "Rencana 2026", "SubJenis": "Surabaya Timur", "POINT_X": 112.807928555, "POINT_Y": -7.308845861, "POINT_Z": 0.0, "BUFF_DIST": 10.0, "ORIG_FID": 284 }, "geometry": { "type": "MultiPolygon", "coordinates": [ [ [ [ 112.807928555000103, -7.308755438749159 ], [ 112.807944281009924, -7.308756812466046 ], [ 112.807959529193184, -7.308760891877065 ], [ 112.807973836241786, -7.308767553031439 ], [ 112.807986767443467, -7.308776593533468 ], [ 112.807997929890348, -7.308787738692204 ], [ 112.808006984417091, -7.308800649867779 ], [ 112.808013655906393, -7.308814934760788 ], [ 112.808017741648271, -7.308830159332087 ], [ 112.808019117499228, -7.308845860990862 ], [ 112.808017741654481, -7.30886156265017 ], [ 112.808013655918103, -7.308876787223022 ], [ 112.808006984432865, -7.308891072118403 ], [ 112.807997929908282, -7.308903983296881 ], [ 112.807986767461415, -7.308915128458715 ], [ 112.807973836257545, -7.308924168963649 ], [ 112.807959529204879, -7.308930830120395 ], [ 112.807944281016162, -7.308934909532961 ], [ 112.807928555000103, -7.308936283250401 ], [ 112.807912828984058, -7.308934909532961 ], [ 112.807897580795327, -7.308930830120395 ], [ 112.807883273742661, -7.308924168963651 ], [ 112.807870342538791, -7.308915128458715 ], [ 112.807859180091924, -7.308903983296881 ], [ 112.807850125567342, -7.308891072118401 ], [ 112.807843454082104, -7.308876787223022 ], [ 112.807839368345725, -7.30886156265017 ], [ 112.807837992500978, -7.308845860990862 ], [ 112.807839368351935, -7.308830159332089 ], [ 112.807843454093813, -7.308814934760788 ], [ 112.807850125583116, -7.308800649867779 ], [ 112.807859180109858, -7.308787738692204 ], [ 112.80787034255674, -7.308776593533468 ], [ 112.807883273758421, -7.308767553031439 ], [ 112.807897580807023, -7.308760891877065 ], [ 112.807912828990283, -7.308756812466046 ], [ 112.807928555000103, -7.308755438749159 ] ] ] ] } },
{ "type": "Feature", "properties": { "OID_": 0, "Name": "Pertigaan Rusun Wonorejo - Wonorejo Timur", "FolderPath": "Data CCTV Usulan + 50 Jalur + Rencana 2026.kmz/Rencana 2026/Surabaya Timur.kmz/Surabaya Timur/Kecamatan Rungkut", "Jenis": "Rencana 2026", "SubJenis": "Surabaya Timur", "POINT_X": 112.79073607399999, "POINT_Y": -7.308245664, "POINT_Z": 0.0, "BUFF_DIST": 10.0, "ORIG_FID": 285 }, "geometry": { "type": "MultiPolygon", "coordinates": [ [ [ [ 112.790736074000051, -7.308155241746779 ], [ 112.790751799988882, -7.308156615463698 ], [ 112.790767048151793, -7.308160694874825 ], [ 112.790781355181295, -7.308167356029374 ], [ 112.790794286365724, -7.308176396531644 ], [ 112.790805448797698, -7.308187541690675 ], [ 112.790814503312362, -7.308200452866593 ], [ 112.790821174792754, -7.308214737759982 ], [ 112.790825260529161, -7.308229962331689 ], [ 112.790826636378313, -7.308245663990878 ], [ 112.790825260535399, -7.308261365650602 ], [ 112.790821174804464, -7.308276590223857 ], [ 112.790814503328122, -7.308290875119618 ], [ 112.790805448815632, -7.308303786298442 ], [ 112.790794286383658, -7.308314931460569 ], [ 112.790781355197055, -7.308323971965743 ], [ 112.790767048163488, -7.308330633122665 ], [ 112.790751799995107, -7.308334712535341 ], [ 112.790736074000051, -7.308336086252826 ], [ 112.790720348004982, -7.308334712535341 ], [ 112.7907050998366, -7.308330633122665 ], [ 112.790690792803034, -7.308323971965745 ], [ 112.79067786161643, -7.308314931460569 ], [ 112.790666699184456, -7.308303786298442 ], [ 112.790657644671967, -7.308290875119618 ], [ 112.790650973195625, -7.308276590223858 ], [ 112.790646887464689, -7.308261365650602 ], [ 112.79064551162179, -7.308245663990878 ], [ 112.790646887470928, -7.308229962331688 ], [ 112.790650973207335, -7.308214737759982 ], [ 112.790657644687727, -7.308200452866595 ], [ 112.79066669920239, -7.308187541690677 ], [ 112.790677861634379, -7.308176396531644 ], [ 112.790690792818793, -7.308167356029374 ], [ 112.79070509984831, -7.308160694874823 ], [ 112.790720348011206, -7.308156615463698 ], [ 112.790736074000051, -7.308155241746779 ] ] ] ] } },
{ "type": "Feature", "properties": { "OID_": 0, "Name": "Pertigaan Wonorejo Timur - Raya Kendalsari", "FolderPath": "Data CCTV Usulan + 50 Jalur + Rencana 2026.kmz/Rencana 2026/Surabaya Timur.kmz/Surabaya Timur/Kecamatan Rungkut", "Jenis": "Rencana 2026", "SubJenis": "Surabaya Timur", "POINT_X": 112.785246038, "POINT_Y": -7.309767445, "POINT_Z": 0.0, "BUFF_DIST": 10.0, "ORIG_FID": 286 }, "geometry": { "type": "MultiPolygon", "coordinates": [ [ [ [ 112.785246038000082, -7.30967702275287 ], [ 112.785261764042133, -7.309678396469699 ], [ 112.785277012256643, -7.309682475880551 ], [ 112.785291319334576, -7.309689137034653 ], [ 112.78530425056276, -7.309698177536314 ], [ 112.785315413032507, -7.309709322694594 ], [ 112.785324467577809, -7.309722233869643 ], [ 112.785331139080796, -7.30973651876207 ], [ 112.785335224831044, -7.309751743332749 ], [ 112.785336600684829, -7.309767444990881 ], [ 112.785335224837254, -7.309783146649552 ], [ 112.785331139092506, -7.30979837122178 ], [ 112.785324467593583, -7.309812656116579 ], [ 112.785315413050441, -7.309825567294536 ], [ 112.785304250580694, -7.309836712455911 ], [ 112.785291319350335, -7.30984575296048 ], [ 112.785277012268352, -7.309852414116952 ], [ 112.785261764048357, -7.309856493529352 ], [ 112.785246038000082, -7.309857867246746 ], [ 112.785230311951807, -7.309856493529352 ], [ 112.785215063731812, -7.309852414116952 ], [ 112.785200756649829, -7.309845752960478 ], [ 112.78518782541947, -7.309836712455911 ], [ 112.785176662949723, -7.309825567294534 ], [ 112.785167608406582, -7.30981265611658 ], [ 112.785160936907658, -7.309798371221782 ], [ 112.78515685116291, -7.309783146649552 ], [ 112.785155475315349, -7.309767444990881 ], [ 112.78515685116912, -7.30975174333275 ], [ 112.785160936919368, -7.30973651876207 ], [ 112.785167608422356, -7.309722233869643 ], [ 112.785176662967658, -7.309709322694594 ], [ 112.785187825437404, -7.309698177536314 ], [ 112.785200756665589, -7.309689137034651 ], [ 112.785215063743522, -7.309682475880551 ], [ 112.785230311958031, -7.309678396469699 ], [ 112.785246038000082, -7.30967702275287 ] ] ] ] } },
{ "type": "Feature", "properties": { "OID_": 0, "Name": "Pertigaan Rungkut Madya - Rungkut Asri Timur", "FolderPath": "Data CCTV Usulan + 50 Jalur + Rencana 2026.kmz/Rencana 2026/Surabaya Timur.kmz/Surabaya Timur/Kecamatan Rungkut", "Jenis": "Rencana 2026", "SubJenis": "Surabaya Timur", "POINT_X": 112.777609899, "POINT_Y": -7.331464129, "POINT_Z": 0.0, "BUFF_DIST": 10.0, "ORIG_FID": 287 }, "geometry": { "type": "MultiPolygon", "coordinates": [ [ [ [ 112.777609899000026, -7.331373706839773 ], [ 112.777625625802102, -7.331375080555246 ], [ 112.777640874753544, -7.331379159962174 ], [ 112.777655182522892, -7.331385821109869 ], [ 112.777668114376056, -7.331394861602835 ], [ 112.777679277385275, -7.331406006750398 ], [ 112.777688332368172, -7.33141891791303 ], [ 112.777695004193589, -7.331433202791722 ], [ 112.777699090141283, -7.331448427347769 ], [ 112.777700466061589, -7.331464128990805 ], [ 112.777699090147536, -7.331479830634382 ], [ 112.777695004205327, -7.331495055191978 ], [ 112.777688332383988, -7.331509340073048 ], [ 112.777679277403266, -7.331522251238598 ], [ 112.777668114394032, -7.331533396389267 ], [ 112.777655182538723, -7.331542436885147 ], [ 112.777640874765282, -7.331549098035222 ], [ 112.777625625808341, -7.331553177443703 ], [ 112.777609899000026, -7.331554551159811 ], [ 112.777594172191712, -7.331553177443703 ], [ 112.777578923234785, -7.331549098035222 ], [ 112.777564615461344, -7.331542436885148 ], [ 112.777551683606021, -7.331533396389267 ], [ 112.777540520596801, -7.331522251238598 ], [ 112.777531465616065, -7.331509340073049 ], [ 112.777524793794726, -7.33149505519198 ], [ 112.777520707852531, -7.331479830634382 ], [ 112.777519331938478, -7.331464128990805 ], [ 112.77752070785877, -7.331448427347767 ], [ 112.777524793806478, -7.331433202791722 ], [ 112.777531465631895, -7.33141891791303 ], [ 112.777540520614792, -7.331406006750397 ], [ 112.777551683624012, -7.331394861602835 ], [ 112.777564615477175, -7.331385821109869 ], [ 112.777578923246523, -7.331379159962174 ], [ 112.777594172197965, -7.331375080555246 ], [ 112.777609899000026, -7.331373706839773 ] ] ] ] } },
{ "type": "Feature", "properties": { "OID_": 0, "Name": "Pertigaan Kyai Abdul Karim - Rungkut Menanggal", "FolderPath": "Data CCTV Usulan + 50 Jalur + Rencana 2026.kmz/Rencana 2026/Surabaya Timur.kmz/Surabaya Timur/Kecamatan Rungkut", "Jenis": "Rencana 2026", "SubJenis": "Surabaya Timur", "POINT_X": 112.77517497300001, "POINT_Y": -7.339544218, "POINT_Z": 0.0, "BUFF_DIST": 10.0, "ORIG_FID": 288 }, "geometry": { "type": "MultiPolygon", "coordinates": [ [ [ [ 112.775174973000048, -7.339453795872172 ], [ 112.775190700085759, -7.339455169587218 ], [ 112.775205949312195, -7.339459248992684 ], [ 112.775220257339612, -7.339465910137987 ], [ 112.775233189425975, -7.339474950627708 ], [ 112.77524435263652, -7.339486095771272 ], [ 112.775253407782728, -7.339499006929273 ], [ 112.775260079728483, -7.339513291802839 ], [ 112.775264165749874, -7.339528516353422 ], [ 112.775265541694992, -7.339544217990827 ], [ 112.775264165756127, -7.339559919628773 ], [ 112.775260079740235, -7.33957514418091 ], [ 112.775253407798573, -7.339589429056855 ], [ 112.775244352654539, -7.339602340217776 ], [ 112.775233189443981, -7.339613485364446 ], [ 112.775220257355443, -7.33962252585709 ], [ 112.775205949323947, -7.339629187004777 ], [ 112.775190700092011, -7.339633266411794 ], [ 112.775174973000048, -7.339634640127337 ], [ 112.7751592459081, -7.339633266411794 ], [ 112.775143996676164, -7.339629187004777 ], [ 112.775129688644668, -7.339622525857088 ], [ 112.775116756556116, -7.339613485364446 ], [ 112.775105593345572, -7.339602340217776 ], [ 112.775096538201538, -7.339589429056857 ], [ 112.775089866259876, -7.33957514418091 ], [ 112.775085780243984, -7.339559919628773 ], [ 112.775084404305119, -7.339544217990827 ], [ 112.775085780250222, -7.339528516353422 ], [ 112.775089866271628, -7.339513291802839 ], [ 112.775096538217369, -7.339499006929273 ], [ 112.775105593363577, -7.339486095771272 ], [ 112.775116756574135, -7.33947495062771 ], [ 112.775129688660499, -7.339465910137987 ], [ 112.775143996687916, -7.339459248992684 ], [ 112.775159245914352, -7.339455169587218 ], [ 112.775174973000048, -7.339453795872172 ] ] ] ] } },
{ "type": "Feature", "properties": { "OID_": 0, "Name": "UTURN RAYA KALIRUNGKUT 1", "FolderPath": "Data CCTV Usulan + 50 Jalur + Rencana 2026.kmz/Rencana 2026/Surabaya Timur.kmz/Surabaya Timur/Kecamatan Rungkut", "Jenis": "Rencana 2026", "SubJenis": "Surabaya Timur", "POINT_X": 112.76946208299999, "POINT_Y": -7.317723078, "POINT_Z": 0.0, "BUFF_DIST": 10.0, "ORIG_FID": 289 }, "geometry": { "type": "MultiPolygon", "coordinates": [ [ [ [ 112.769462083, -7.317632655784669 ], [ 112.769477809320477, -7.317634029501052 ], [ 112.769493057804937, -7.317638108910468 ], [ 112.76950736513615, -7.317644770062222 ], [ 112.769520296593285, -7.317653810560699 ], [ 112.769531459260648, -7.317664955715053 ], [ 112.769540513966263, -7.317677866885552 ], [ 112.769547185587342, -7.317692151772948 ], [ 112.769551271409924, -7.317707376338267 ], [ 112.769552647288066, -7.31772307799087 ], [ 112.769551271416162, -7.317738779644012 ], [ 112.76954718559908, -7.31775400421088 ], [ 112.769540513982051, -7.317768289100647 ], [ 112.76953145927861, -7.317781200274059 ], [ 112.769520296611233, -7.317792345431513 ], [ 112.769507365151938, -7.317801385932897 ], [ 112.769493057816661, -7.317808047087027 ], [ 112.769477809326716, -7.317812126497992 ], [ 112.769462083, -7.317813500214858 ], [ 112.769446356673313, -7.317812126497993 ], [ 112.769431108183369, -7.317808047087027 ], [ 112.769416800848077, -7.317801385932897 ], [ 112.769403869388796, -7.317792345431513 ], [ 112.769392706721419, -7.317781200274059 ], [ 112.769383652017979, -7.317768289100647 ], [ 112.769376980400949, -7.31775400421088 ], [ 112.769372894583867, -7.317738779644012 ], [ 112.769371518711949, -7.31772307799087 ], [ 112.769372894590106, -7.317707376338267 ], [ 112.769376980412673, -7.317692151772946 ], [ 112.769383652033767, -7.317677866885552 ], [ 112.769392706739382, -7.317664955715053 ], [ 112.769403869406744, -7.317653810560697 ], [ 112.769416800863866, -7.317644770062222 ], [ 112.769431108195093, -7.317638108910468 ], [ 112.769446356679538, -7.317634029501053 ], [ 112.769462083, -7.317632655784669 ] ] ] ] } },
{ "type": "Feature", "properties": { "OID_": 0, "Name": "UTURN RAYA KALIRUNGKUT 2", "FolderPath": "Data CCTV Usulan + 50 Jalur + Rencana 2026.kmz/Rencana 2026/Surabaya Timur.kmz/Surabaya Timur/Kecamatan Rungkut", "Jenis": "Rencana 2026", "SubJenis": "Surabaya Timur", "POINT_X": 112.76934245699999, "POINT_Y": -7.314830776, "POINT_Z": 0.0, "BUFF_DIST": 10.0, "ORIG_FID": 290 }, "geometry": { "type": "MultiPolygon", "coordinates": [ [ [ [ 112.769342457000107, -7.314740353773129 ], [ 112.769358183219325, -7.314741727489627 ], [ 112.769373431605601, -7.314745806899566 ], [ 112.769387738844699, -7.314752468052173 ], [ 112.769400670218573, -7.314761508551809 ], [ 112.769411832814058, -7.31477265370759 ], [ 112.769420887461365, -7.314785564879744 ], [ 112.769427559039514, -7.314799849768969 ], [ 112.769431644835777, -7.314815074336237 ], [ 112.769433020705065, -7.314830775990852 ], [ 112.769431644842015, -7.314846477646005 ], [ 112.769427559051223, -7.314861702214824 ], [ 112.769420887477153, -7.314875987106419 ], [ 112.76941183283202, -7.314888898281483 ], [ 112.769400670236521, -7.314900043440363 ], [ 112.769387738860488, -7.314909083942906 ], [ 112.769373431617325, -7.314915745097887 ], [ 112.769358183225563, -7.314919824509373 ], [ 112.769342457000107, -7.314921198226478 ], [ 112.769326730774665, -7.314919824509373 ], [ 112.769311482382903, -7.314915745097887 ], [ 112.769297175139741, -7.314909083942908 ], [ 112.769284243763707, -7.314900043440363 ], [ 112.769273081168208, -7.314888898281483 ], [ 112.769264026523061, -7.31487598710642 ], [ 112.769257354948991, -7.314861702214824 ], [ 112.769253269158213, -7.314846477646005 ], [ 112.769251893295149, -7.314830775990852 ], [ 112.769253269164437, -7.314815074336239 ], [ 112.769257354960715, -7.314799849768969 ], [ 112.769264026538849, -7.314785564879746 ], [ 112.769273081186157, -7.314772653707592 ], [ 112.769284243781655, -7.314761508551809 ], [ 112.769297175155529, -7.314752468052173 ], [ 112.769311482394613, -7.314745806899566 ], [ 112.769326730780904, -7.314741727489627 ], [ 112.769342457000107, -7.314740353773129 ] ] ] ] } },
{ "type": "Feature", "properties": { "OID_": 0, "Name": "U TURN Raya Nginden", "FolderPath": "Data CCTV Usulan + 50 Jalur + Rencana 2026.kmz/Rencana 2026/Surabaya Timur.kmz/Surabaya Timur/Kecamatan Sukolilo", "Jenis": "Rencana 2026", "SubJenis": "Surabaya Timur", "POINT_X": 112.762138251, "POINT_Y": -7.302868626, "POINT_Z": 0.0, "BUFF_DIST": 10.0, "ORIG_FID": 291 }, "geometry": { "type": "MultiPolygon", "coordinates": [ [ [ [ 112.76213825100001, -7.302778203725228 ], [ 112.762153976800889, -7.30277957744252 ], [ 112.762169224781545, -7.30278365685462 ], [ 112.762183531640062, -7.302790318010754 ], [ 112.762196462669948, -7.302799358515173 ], [ 112.762207624968511, -7.302810503676857 ], [ 112.762216679374944, -7.302823414855845 ], [ 112.762223350775614, -7.302837699752629 ], [ 112.762227436463178, -7.302852924327957 ], [ 112.762228812295874, -7.302868625990878 ], [ 112.762227436469402, -7.302884327654338 ], [ 112.762223350787295, -7.302899552231213 ], [ 112.76221667939069, -7.302913837130365 ], [ 112.762207624986416, -7.30292674831226 ], [ 112.762196462687854, -7.302937893477034 ], [ 112.762183531655822, -7.302946933984357 ], [ 112.76216922479324, -7.302953595142863 ], [ 112.762153976807113, -7.302957674556506 ], [ 112.76213825100001, -7.302959048274269 ], [ 112.762122525192908, -7.302957674556506 ], [ 112.762107277206781, -7.302953595142863 ], [ 112.762092970344199, -7.302946933984357 ], [ 112.762080039312167, -7.302937893477034 ], [ 112.762068877013604, -7.302926748312257 ], [ 112.762059822609331, -7.302913837130365 ], [ 112.762053151212726, -7.302899552231213 ], [ 112.762049065530633, -7.302884327654339 ], [ 112.762047689704161, -7.302868625990878 ], [ 112.762049065536843, -7.302852924327957 ], [ 112.762053151224421, -7.30283769975263 ], [ 112.762059822625076, -7.302823414855845 ], [ 112.762068877031524, -7.302810503676855 ], [ 112.762080039330073, -7.302799358515173 ], [ 112.762092970359973, -7.302790318010754 ], [ 112.762107277218476, -7.30278365685462 ], [ 112.762122525199132, -7.30277957744252 ], [ 112.76213825100001, -7.302778203725228 ] ] ] ] } },
{ "type": "Feature", "properties": { "OID_": 0, "Name": "U TURN Ir Soekarno - Ruko Merr", "FolderPath": "Data CCTV Usulan + 50 Jalur + Rencana 2026.kmz/Rencana 2026/Surabaya Timur.kmz/Surabaya Timur/Kecamatan Sukolilo", "Jenis": "Rencana 2026", "SubJenis": "Surabaya Timur", "POINT_X": 112.781079264, "POINT_Y": -7.292972414, "POINT_Z": 0.0, "BUFF_DIST": 10.0, "ORIG_FID": 292 }, "geometry": { "type": "MultiPolygon", "coordinates": [ [ [ [ 112.781079264000027, -7.292881991685706 ], [ 112.781094989455369, -7.292883365403593 ], [ 112.781110237100961, -7.292887444817478 ], [ 112.781124543645092, -7.292894105976526 ], [ 112.781137474390846, -7.2929031464849 ], [ 112.781148636444115, -7.292914291651456 ], [ 112.781157690651597, -7.292927202836091 ], [ 112.781164361905667, -7.29294148773912 ], [ 112.781168447503447, -7.292956712321103 ], [ 112.781169823305902, -7.292972413990891 ], [ 112.781168447509671, -7.292988115661213 ], [ 112.781164361917348, -7.293003340244739 ], [ 112.781157690667328, -7.293017625150134 ], [ 112.781148636462021, -7.293030536337671 ], [ 112.781137474408737, -7.293041681507316 ], [ 112.781124543660837, -7.29305072201859 ], [ 112.781110237112642, -7.293057383180001 ], [ 112.781094989461579, -7.293061462595428 ], [ 112.781079264000027, -7.293062836313799 ], [ 112.78106353853849, -7.293061462595428 ], [ 112.781048290887412, -7.293057383180001 ], [ 112.781033984339231, -7.29305072201859 ], [ 112.781021053591331, -7.293041681507316 ], [ 112.781009891538034, -7.293030536337671 ], [ 112.781000837332726, -7.293017625150134 ], [ 112.780994166082721, -7.293003340244741 ], [ 112.780990080490383, -7.292988115661213 ], [ 112.780988704694153, -7.292972413990891 ], [ 112.780990080496608, -7.292956712321103 ], [ 112.780994166094402, -7.29294148773912 ], [ 112.781000837348458, -7.292927202836089 ], [ 112.781009891555939, -7.292914291651456 ], [ 112.781021053609209, -7.292903146484898 ], [ 112.781033984354963, -7.292894105976526 ], [ 112.781048290899093, -7.292887444817478 ], [ 112.7810635385447, -7.292883365403593 ], [ 112.781079264000027, -7.292881991685706 ] ] ] ] } },
{ "type": "Feature", "properties": { "OID_": 0, "Name": "U TURN Ir Soekarno - Auto 2000 Kertajaya", "FolderPath": "Data CCTV Usulan + 50 Jalur + Rencana 2026.kmz/Rencana 2026/Surabaya Timur.kmz/Surabaya Timur/Kecamatan Sukolilo", "Jenis": "Rencana 2026", "SubJenis": "Surabaya Timur", "POINT_X": 112.780849062, "POINT_Y": -7.283003641, "POINT_Z": 0.0, "BUFF_DIST": 10.0, "ORIG_FID": 293 }, "geometry": { "type": "MultiPolygon", "coordinates": [ [ [ [ 112.780849062000016, -7.28291321864593 ], [ 112.780864787107745, -7.282914592364416 ], [ 112.780880034416327, -7.282918671780094 ], [ 112.78089434064421, -7.28292533294207 ], [ 112.780907271104141, -7.282934373454422 ], [ 112.780918432910696, -7.28294551862588 ], [ 112.780927486918017, -7.282958429816195 ], [ 112.780934158024621, -7.282972714725509 ], [ 112.780938243532091, -7.282987939314188 ], [ 112.780939619304121, -7.283003640990878 ], [ 112.780938243538301, -7.283019342668106 ], [ 112.780934158036274, -7.283034567258326 ], [ 112.780927486933734, -7.283048852170002 ], [ 112.780918432928544, -7.283061763363213 ], [ 112.780907271122004, -7.283072908537757 ], [ 112.780894340659927, -7.283081949053005 ], [ 112.78088003442798, -7.283088610217345 ], [ 112.780864787113956, -7.283092689634564 ], [ 112.780849062000016, -7.283094063353547 ], [ 112.78083333688609, -7.283092689634565 ], [ 112.780818089572065, -7.283088610217345 ], [ 112.780803783340104, -7.283081949053005 ], [ 112.780790852878042, -7.283072908537757 ], [ 112.780779691071487, -7.283061763363213 ], [ 112.780770637066311, -7.283048852170002 ], [ 112.780763965963757, -7.283034567258326 ], [ 112.78075988046173, -7.283019342668106 ], [ 112.78075850469591, -7.283003640990878 ], [ 112.78075988046794, -7.282987939314188 ], [ 112.78076396597541, -7.282972714725509 ], [ 112.780770637082014, -7.282958429816197 ], [ 112.78077969108935, -7.282945518625882 ], [ 112.780790852895905, -7.282934373454422 ], [ 112.780803783355822, -7.28292533294207 ], [ 112.780818089583718, -7.282918671780094 ], [ 112.7808333368923, -7.282914592364416 ], [ 112.780849062000016, -7.28291321864593 ] ] ] ] } },
{ "type": "Feature", "properties": { "OID_": 0, "Name": "U TURN RAYA ITS 2", "FolderPath": "Data CCTV Usulan + 50 Jalur + Rencana 2026.kmz/Rencana 2026/Surabaya Timur.kmz/Surabaya Timur/Kecamatan Sukolilo", "Jenis": "Rencana 2026", "SubJenis": "Surabaya Timur", "POINT_X": 112.79618279, "POINT_Y": -7.275020348, "POINT_Z": 0.0, "BUFF_DIST": 10.0, "ORIG_FID": 294 }, "geometry": { "type": "MultiPolygon", "coordinates": [ [ [ [ 112.796182790000103, -7.274929925614144 ], [ 112.796198514829811, -7.274931299333099 ], [ 112.796213761868813, -7.274935378750211 ], [ 112.796228067843785, -7.274942039914535 ], [ 112.796240998075092, -7.274951080430067 ], [ 112.7962521596843, -7.274962225605448 ], [ 112.796261213531565, -7.274975136800306 ], [ 112.796267884520205, -7.274989421714645 ], [ 112.796271969955455, -7.275004646308678 ], [ 112.79627334570317, -7.275020347990892 ], [ 112.796271969961651, -7.27503604967364 ], [ 112.796267884531858, -7.275051274269216 ], [ 112.796261213547254, -7.275065559185915 ], [ 112.796252159702149, -7.275078470383667 ], [ 112.796240998092941, -7.275089615562127 ], [ 112.796228067859474, -7.275098656080553 ], [ 112.796213761880466, -7.275105317247236 ], [ 112.796198514836007, -7.275109396665888 ], [ 112.796182790000103, -7.275110770385366 ], [ 112.796167065164184, -7.275109396665888 ], [ 112.796151818119725, -7.275105317247236 ], [ 112.796137512140717, -7.275098656080553 ], [ 112.796124581907264, -7.275089615562127 ], [ 112.796113420298056, -7.275078470383667 ], [ 112.796104366452951, -7.275065559185915 ], [ 112.796097695468333, -7.275051274269217 ], [ 112.79609361003854, -7.27503604967364 ], [ 112.796092234297035, -7.275020347990892 ], [ 112.796093610044736, -7.275004646308676 ], [ 112.796097695479986, -7.274989421714643 ], [ 112.796104366468626, -7.274975136800304 ], [ 112.796113420315905, -7.274962225605448 ], [ 112.796124581925113, -7.274951080430067 ], [ 112.796137512156406, -7.274942039914535 ], [ 112.796151818131378, -7.274935378750211 ], [ 112.79616706517038, -7.274931299333099 ], [ 112.796182790000103, -7.274929925614144 ] ] ] ] } },
{ "type": "Feature", "properties": { "OID_": 0, "Name": "U TURN RAYA ITS DEPAN GRAHA ITS", "FolderPath": "Data CCTV Usulan + 50 Jalur + Rencana 2026.kmz/Rencana 2026/Surabaya Timur.kmz/Surabaya Timur/Kecamatan Sukolilo", "Jenis": "Rencana 2026", "SubJenis": "Surabaya Timur", "POINT_X": 112.791873888, "POINT_Y": -7.276005663, "POINT_Z": 0.0, "BUFF_DIST": 10.0, "ORIG_FID": 295 }, "geometry": { "type": "MultiPolygon", "coordinates": [ [ [ [ 112.791873888000055, -7.275915240618132 ], [ 112.791889612864068, -7.275916614336999 ], [ 112.791904859936324, -7.275920693753935 ], [ 112.791919165942502, -7.275927354917968 ], [ 112.791932096202004, -7.275936395433108 ], [ 112.791943257835555, -7.275947540608006 ], [ 112.791952311702559, -7.2759604518023 ], [ 112.791958982705779, -7.275974736716022 ], [ 112.791963068149926, -7.275989961309395 ], [ 112.791964443900625, -7.276005662990928 ], [ 112.791963068156122, -7.276021364672995 ], [ 112.791958982717418, -7.276036589267909 ], [ 112.791952311718262, -7.276050874183989 ], [ 112.791943257853404, -7.276063785381179 ], [ 112.791932096219853, -7.276074930559156 ], [ 112.791919165958205, -7.276083971077191 ], [ 112.791904859947977, -7.276090632243585 ], [ 112.791889612870278, -7.276094711662062 ], [ 112.791873888000055, -7.276096085381508 ], [ 112.791858163129845, -7.276094711662062 ], [ 112.791842916052133, -7.276090632243585 ], [ 112.791828610041918, -7.276083971077193 ], [ 112.791815679780257, -7.276074930559156 ], [ 112.791804518146705, -7.276063785381179 ], [ 112.791795464281861, -7.276050874183989 ], [ 112.791788793282706, -7.276036589267909 ], [ 112.791784707843988, -7.276021364672997 ], [ 112.791783332099499, -7.276005662990928 ], [ 112.791784707850184, -7.275989961309397 ], [ 112.791788793294344, -7.275974736716022 ], [ 112.79179546429755, -7.275960451802302 ], [ 112.791804518164554, -7.275947540608004 ], [ 112.79181567979812, -7.275936395433108 ], [ 112.791828610057621, -7.275927354917968 ], [ 112.791842916063786, -7.275920693753935 ], [ 112.791858163136055, -7.275916614336999 ], [ 112.791873888000055, -7.275915240618132 ] ] ] ] } },
{ "type": "Feature", "properties": { "OID_": 0, "Name": "U TURN RAYA KERTAJAYA INDAH 2", "FolderPath": "Data CCTV Usulan + 50 Jalur + Rencana 2026.kmz/Rencana 2026/Surabaya Timur.kmz/Surabaya Timur/Kecamatan Sukolilo", "Jenis": "Rencana 2026", "SubJenis": "Surabaya Timur", "POINT_X": 112.786706982, "POINT_Y": -7.279840378, "POINT_Z": 0.0, "BUFF_DIST": 10.0, "ORIG_FID": 296 }, "geometry": { "type": "MultiPolygon", "coordinates": [ [ [ [ 112.786706982000055, -7.27974995563337 ], [ 112.786722706997594, -7.279751329352022 ], [ 112.78673795419931, -7.279755408768269 ], [ 112.786752260326949, -7.279762069931178 ], [ 112.786765190696258, -7.279771110444788 ], [ 112.786776352424582, -7.279782255617804 ], [ 112.78678540636848, -7.279795166809918 ], [ 112.786792077428316, -7.279809451721222 ], [ 112.786796162907166, -7.279824676312024 ], [ 112.78679753866956, -7.279840377990905 ], [ 112.786796162913376, -7.279856079670321 ], [ 112.786792077439983, -7.279871304262663 ], [ 112.786785406384183, -7.279885589176331 ], [ 112.786776352442445, -7.279898500371341 ], [ 112.786765190714121, -7.279909645547435 ], [ 112.786752260342666, -7.279918686063945 ], [ 112.786737954210977, -7.279925347229212 ], [ 112.78672270700379, -7.279929426646998 ], [ 112.786706982000055, -7.279930800366195 ], [ 112.78669125699632, -7.279929426647 ], [ 112.786676009789147, -7.279925347229212 ], [ 112.786661703657458, -7.279918686063943 ], [ 112.786648773285989, -7.279909645547435 ], [ 112.786637611557666, -7.279898500371339 ], [ 112.786628557615927, -7.279885589176329 ], [ 112.786621886560127, -7.279871304262663 ], [ 112.786617801086734, -7.279856079670321 ], [ 112.78661642533055, -7.279840377990905 ], [ 112.786617801092945, -7.279824676312024 ], [ 112.786621886571794, -7.279809451721222 ], [ 112.78662855763163, -7.279795166809918 ], [ 112.786637611575529, -7.279782255617804 ], [ 112.786648773303853, -7.279771110444788 ], [ 112.786661703673161, -7.279762069931178 ], [ 112.7866760098008, -7.279755408768271 ], [ 112.786691257002516, -7.279751329352022 ], [ 112.786706982000055, -7.27974995563337 ] ] ] ] } },
{ "type": "Feature", "properties": { "OID_": 0, "Name": "U TURN KERTAJAYA INDAH 1", "FolderPath": "Data CCTV Usulan + 50 Jalur + Rencana 2026.kmz/Rencana 2026/Surabaya Timur.kmz/Surabaya Timur/Kecamatan Sukolilo", "Jenis": "Rencana 2026", "SubJenis": "Surabaya Timur", "POINT_X": 112.78372653300001, "POINT_Y": -7.280189833, "POINT_Z": 0.0, "BUFF_DIST": 10.0, "ORIG_FID": 297 }, "geometry": { "type": "MultiPolygon", "coordinates": [ [ [ [ 112.783726533000049, -7.280099410634812 ], [ 112.783742258009738, -7.28010078435339 ], [ 112.783757505223278, -7.280104863769574 ], [ 112.783771811361987, -7.280111524932376 ], [ 112.7837847417413, -7.280120565445849 ], [ 112.783795903478278, -7.280131710618693 ], [ 112.783804957429169, -7.280144621810607 ], [ 112.783811628494178, -7.280158906721693 ], [ 112.783815713976182, -7.280174131312261 ], [ 112.783817089739642, -7.280189832990899 ], [ 112.783815713982392, -7.280205534670072 ], [ 112.783811628505831, -7.280220759262181 ], [ 112.783804957444872, -7.280235044175628 ], [ 112.783795903496127, -7.280247955370439 ], [ 112.783784741759163, -7.280259100546365 ], [ 112.783771811377704, -7.280268141062733 ], [ 112.783757505234931, -7.2802748022279 ], [ 112.783742258015948, -7.280278881645623 ], [ 112.783726533000049, -7.28028025536485 ], [ 112.783710807984136, -7.280278881645623 ], [ 112.783695560765153, -7.2802748022279 ], [ 112.783681254622394, -7.280268141062734 ], [ 112.783668324240921, -7.280259100546365 ], [ 112.783657162503957, -7.280247955370441 ], [ 112.783648108555226, -7.280235044175628 ], [ 112.783641437494254, -7.280220759262181 ], [ 112.783637352017692, -7.280205534670072 ], [ 112.783635976260442, -7.280189832990899 ], [ 112.783637352023902, -7.280174131312259 ], [ 112.783641437505906, -7.280158906721693 ], [ 112.783648108570915, -7.280144621810607 ], [ 112.78365716252182, -7.280131710618693 ], [ 112.783668324258784, -7.280120565445847 ], [ 112.783681254638097, -7.280111524932376 ], [ 112.783695560776806, -7.280104863769573 ], [ 112.783710807990346, -7.28010078435339 ], [ 112.783726533000049, -7.280099410634812 ] ] ] ] } },
{ "type": "Feature", "properties": { "OID_": 0, "Name": "U TURN  Kejawan Putih Tambak", "FolderPath": "Data CCTV Usulan + 50 Jalur + Rencana 2026.kmz/Rencana 2026/Surabaya Timur.kmz/Surabaya Timur/Kecamatan Sukolilo", "Jenis": "Rencana 2026", "SubJenis": "Surabaya Timur", "POINT_X": 112.801876525, "POINT_Y": -7.276000234, "POINT_Z": 0.0, "BUFF_DIST": 10.0, "ORIG_FID": 298 }, "geometry": { "type": "MultiPolygon", "coordinates": [ [ [ [ 112.801876525000011, -7.275909811618089 ], [ 112.80189224986384, -7.275911185336979 ], [ 112.801907496935911, -7.275915264753917 ], [ 112.801921802941905, -7.275921925917951 ], [ 112.80193473320125, -7.275930966433094 ], [ 112.801945894834674, -7.275942111607993 ], [ 112.801954948701564, -7.275955022802293 ], [ 112.801961619704684, -7.275969307716015 ], [ 112.801965705148788, -7.275984532309393 ], [ 112.801967080899487, -7.27600023399093 ], [ 112.801965705154998, -7.276015935673 ], [ 112.801961619716351, -7.27603116026792 ], [ 112.801954948717267, -7.276045445184 ], [ 112.801945894852523, -7.276058356381193 ], [ 112.801934733219099, -7.276069501559175 ], [ 112.801921802957594, -7.276078542077213 ], [ 112.80190749694755, -7.276085203243607 ], [ 112.801892249870022, -7.276089282662086 ], [ 112.801876525000011, -7.276090656381503 ], [ 112.801860800129987, -7.276089282662086 ], [ 112.801845553052459, -7.276085203243607 ], [ 112.801831247042415, -7.276078542077212 ], [ 112.80181831678091, -7.276069501559175 ], [ 112.8018071551475, -7.276058356381195 ], [ 112.801798101282742, -7.276045445184 ], [ 112.801791430283672, -7.27603116026792 ], [ 112.80178734484501, -7.276015935673 ], [ 112.801785969100521, -7.27600023399093 ], [ 112.80178734485122, -7.275984532309391 ], [ 112.801791430295324, -7.275969307716015 ], [ 112.801798101298445, -7.275955022802291 ], [ 112.801807155165349, -7.275942111607993 ], [ 112.801818316798759, -7.275930966433092 ], [ 112.801831247058118, -7.275921925917952 ], [ 112.801845553064112, -7.275915264753917 ], [ 112.801860800136183, -7.275911185336979 ], [ 112.801876525000011, -7.275909811618089 ] ] ] ] } },
{ "type": "Feature", "properties": { "OID_": 0, "Name": "Pertigaan Keputih Timur - Kejawan Putih Tambak", "FolderPath": "Data CCTV Usulan + 50 Jalur + Rencana 2026.kmz/Rencana 2026/Surabaya Timur.kmz/Surabaya Timur/Kecamatan Sukolilo", "Jenis": "Rencana 2026", "SubJenis": "Surabaya Timur", "POINT_X": 112.80254585, "POINT_Y": -7.283899432, "POINT_Z": 0.0, "BUFF_DIST": 10.0, "ORIG_FID": 299 }, "geometry": { "type": "MultiPolygon", "coordinates": [ [ [ [ 112.802545850000115, -7.283809009649516 ], [ 112.802561575139052, -7.283810383367933 ], [ 112.802576822477889, -7.283814462783449 ], [ 112.802591128734193, -7.283821123945166 ], [ 112.802604059219775, -7.283830164457157 ], [ 112.802615221048484, -7.283841309628179 ], [ 112.802624275073796, -7.283854220817981 ], [ 112.802630946193631, -7.283868505726732 ], [ 112.802635031709215, -7.28388373031481 ], [ 112.802636407483988, -7.283899431990879 ], [ 112.802635031715425, -7.283915133667485 ], [ 112.802630946205298, -7.283930358257106 ], [ 112.802624275089499, -7.283944643168217 ], [ 112.802615221066347, -7.283957554360919 ], [ 112.802604059237652, -7.283968699535022 ], [ 112.80259112874991, -7.283977740049913 ], [ 112.802576822489556, -7.283984401213989 ], [ 112.802561575145262, -7.28398848063105 ], [ 112.802545850000115, -7.28398985434999 ], [ 112.802530124854954, -7.28398848063105 ], [ 112.802514877510674, -7.283984401213989 ], [ 112.80250057125032, -7.283977740049913 ], [ 112.802487640762578, -7.283968699535022 ], [ 112.802476478933883, -7.283957554360919 ], [ 112.802467424910716, -7.283944643168217 ], [ 112.802460753794932, -7.283930358257106 ], [ 112.802456668284805, -7.283915133667485 ], [ 112.802455292516242, -7.283899431990879 ], [ 112.802456668291015, -7.283883730314808 ], [ 112.802460753806599, -7.28386850572673 ], [ 112.802467424926434, -7.283854220817982 ], [ 112.802476478951732, -7.283841309628177 ], [ 112.802487640780456, -7.283830164457157 ], [ 112.802500571266037, -7.283821123945166 ], [ 112.802514877522341, -7.283814462783449 ], [ 112.802530124861164, -7.283810383367933 ], [ 112.802545850000115, -7.283809009649516 ] ] ] ] } },
{ "type": "Feature", "properties": { "OID_": 0, "Name": "Pertigaan Raya Keputih - Jl Teluk Sipil", "FolderPath": "Data CCTV Usulan + 50 Jalur + Rencana 2026.kmz/Rencana 2026/Surabaya Timur.kmz/Surabaya Timur/Kecamatan Sukolilo", "Jenis": "Rencana 2026", "SubJenis": "Surabaya Timur", "POINT_X": 112.79610268099999, "POINT_Y": -7.290246068, "POINT_Z": 0.0, "BUFF_DIST": 10.0, "ORIG_FID": 300 }, "geometry": { "type": "MultiPolygon", "coordinates": [ [ [ [ 112.796102681000093, -7.290155645674848 ], [ 112.796118406360307, -7.290157019392851 ], [ 112.796133653913685, -7.290161098807223 ], [ 112.7961479603713, -7.290167759967073 ], [ 112.796160891038824, -7.290176800476534 ], [ 112.796172053024591, -7.290187945644433 ], [ 112.796181107177304, -7.29020085683062 ], [ 112.796187778391015, -7.290215141735371 ], [ 112.796191863964097, -7.290230366319186 ], [ 112.796193239758225, -7.290246067990862 ], [ 112.796191863970307, -7.290261769663076 ], [ 112.796187778402697, -7.290276994248431 ], [ 112.796181107193036, -7.290291279155547 ], [ 112.796172053042469, -7.290304190344636 ], [ 112.796160891056701, -7.290315335515619 ], [ 112.796147960387017, -7.290324376027981 ], [ 112.796133653925352, -7.290331037190195 ], [ 112.796118406366517, -7.290335116606114 ], [ 112.796102681000093, -7.290336490324699 ], [ 112.796086955633655, -7.290335116606114 ], [ 112.79607170807482, -7.290331037190195 ], [ 112.796057401613155, -7.290324376027981 ], [ 112.796044470943471, -7.290315335515619 ], [ 112.796033308957703, -7.290304190344636 ], [ 112.796024254807151, -7.290291279155547 ], [ 112.796017583597475, -7.290276994248433 ], [ 112.796013498029865, -7.290261769663076 ], [ 112.796012122241947, -7.290246067990862 ], [ 112.796013498036075, -7.290230366319186 ], [ 112.796017583609157, -7.290215141735371 ], [ 112.796024254822868, -7.29020085683062 ], [ 112.796033308975581, -7.290187945644433 ], [ 112.796044470961363, -7.290176800476534 ], [ 112.796057401628886, -7.290167759967073 ], [ 112.796071708086487, -7.290161098807221 ], [ 112.796086955639865, -7.290157019392851 ], [ 112.796102681000093, -7.290155645674848 ] ] ] ] } },
{ "type": "Feature", "properties": { "OID_": 0, "Name": "Pertigaan Semolowaru - Medokan Keputih", "FolderPath": "Data CCTV Usulan + 50 Jalur + Rencana 2026.kmz/Rencana 2026/Surabaya Timur.kmz/Surabaya Timur/Kecamatan Sukolilo", "Jenis": "Rencana 2026", "SubJenis": "Surabaya Timur", "POINT_X": 112.79941225899999, "POINT_Y": -7.304918971, "POINT_Z": 0.0, "BUFF_DIST": 10.0, "ORIG_FID": 301 }, "geometry": { "type": "MultiPolygon", "coordinates": [ [ [ [ 112.799412259000064, -7.304828548733465 ], [ 112.799427984872608, -7.304829922450578 ], [ 112.799443232922741, -7.304834001862306 ], [ 112.799457539846429, -7.304840663017838 ], [ 112.799470470935233, -7.304849703521436 ], [ 112.799481633284657, -7.304860848682108 ], [ 112.799490687732359, -7.304873759859928 ], [ 112.799497359163411, -7.304888044755418 ], [ 112.799501444869605, -7.304903269329365 ], [ 112.799502820708554, -7.304918970990862 ], [ 112.79950144487583, -7.304934672652898 ], [ 112.79949735917512, -7.304949897228393 ], [ 112.799490687748118, -7.304964182126253 ], [ 112.799481633302577, -7.304977093306977 ], [ 112.799470470953167, -7.304988238470743 ], [ 112.799457539862189, -7.304997278977247 ], [ 112.799443232934436, -7.305003940135147 ], [ 112.799427984878818, -7.305008019548421 ], [ 112.799412259000064, -7.305009393266118 ], [ 112.79939653312131, -7.305008019548422 ], [ 112.799381285065692, -7.305003940135147 ], [ 112.79936697813794, -7.304997278977247 ], [ 112.799354047046975, -7.304988238470743 ], [ 112.799342884697552, -7.304977093306976 ], [ 112.799333830252024, -7.304964182126253 ], [ 112.799327158825022, -7.304949897228393 ], [ 112.799323073124313, -7.3049346726529 ], [ 112.799321697291575, -7.304918970990862 ], [ 112.799323073130537, -7.304903269329365 ], [ 112.799327158836718, -7.304888044755418 ], [ 112.799333830267784, -7.304873759859927 ], [ 112.799342884715486, -7.304860848682108 ], [ 112.799354047064895, -7.304849703521436 ], [ 112.799366978153699, -7.304840663017838 ], [ 112.799381285077402, -7.304834001862306 ], [ 112.799396533127535, -7.30482992245058 ], [ 112.799412259000064, -7.304828548733465 ] ] ] ] } },
{ "type": "Feature", "properties": { "OID_": 0, "Name": "Perempatan Keputih Tegal Timur - Keputih Tegal", "FolderPath": "Data CCTV Usulan + 50 Jalur + Rencana 2026.kmz/Rencana 2026/Surabaya Timur.kmz/Surabaya Timur/Kecamatan Sukolilo", "Jenis": "Rencana 2026", "SubJenis": "Surabaya Timur", "POINT_X": 112.801798781, "POINT_Y": -7.291042693, "POINT_Z": 0.0, "BUFF_DIST": 10.0, "ORIG_FID": 302 }, "geometry": { "type": "MultiPolygon", "coordinates": [ [ [ [ 112.801798781000116, -7.290952270678011 ], [ 112.801814506388126, -7.290953644396005 ], [ 112.801829753968448, -7.290957723810233 ], [ 112.80184406045133, -7.29096438496985 ], [ 112.801856991141719, -7.290973425478992 ], [ 112.801868153147211, -7.290984570646499 ], [ 112.801877207315911, -7.290997481832233 ], [ 112.801883878541418, -7.291011766736482 ], [ 112.801887964121718, -7.291026991319761 ], [ 112.801889339918276, -7.291042692990884 ], [ 112.801887964127928, -7.291058394662544 ], [ 112.801883878553099, -7.291073619247368 ], [ 112.801877207331643, -7.29108790415398 ], [ 112.801868153165088, -7.291100815342614 ], [ 112.80185699115961, -7.291111960513208 ], [ 112.801844060467062, -7.291121001025251 ], [ 112.80182975398013, -7.291127662187233 ], [ 112.801814506394336, -7.291131741603006 ], [ 112.801798781000116, -7.291133115321504 ], [ 112.801783055605895, -7.291131741603006 ], [ 112.801767808020102, -7.291127662187233 ], [ 112.80175350153317, -7.291121001025251 ], [ 112.801740570840622, -7.291111960513208 ], [ 112.801729408835129, -7.291100815342614 ], [ 112.801720354668589, -7.29108790415398 ], [ 112.801713683447133, -7.291073619247368 ], [ 112.801709597872303, -7.291058394662544 ], [ 112.801708222081956, -7.291042692990884 ], [ 112.801709597878514, -7.291026991319761 ], [ 112.8017136834588, -7.291011766736482 ], [ 112.801720354684306, -7.290997481832233 ], [ 112.801729408853021, -7.290984570646499 ], [ 112.801740570858513, -7.290973425478992 ], [ 112.801753501548902, -7.290964384969849 ], [ 112.801767808031784, -7.290957723810233 ], [ 112.801783055612105, -7.290953644396005 ], [ 112.801798781000116, -7.290952270678011 ] ] ] ] } },
{ "type": "Feature", "properties": { "OID_": 0, "Name": "Pertigaan Raya Keputih - KH Ahmad Dahlan", "FolderPath": "Data CCTV Usulan + 50 Jalur + Rencana 2026.kmz/Rencana 2026/Surabaya Timur.kmz/Surabaya Timur/Kecamatan Sukolilo", "Jenis": "Rencana 2026", "SubJenis": "Surabaya Timur", "POINT_X": 112.79967297899999, "POINT_Y": -7.290389305, "POINT_Z": 0.0, "BUFF_DIST": 10.0, "ORIG_FID": 303 }, "geometry": { "type": "MultiPolygon", "coordinates": [ [ [ [ 112.799672979000093, -7.290298882675456 ], [ 112.799688704365295, -7.290300256393445 ], [ 112.799703951923533, -7.290304335807792 ], [ 112.799718258385681, -7.290310996967601 ], [ 112.799731189057326, -7.290320037477004 ], [ 112.799742351046632, -7.290331182644833 ], [ 112.799751405202215, -7.29034409383094 ], [ 112.799758076418058, -7.2903583787356 ], [ 112.799762161992433, -7.290373603319318 ], [ 112.799763537787001, -7.290389304990894 ], [ 112.799762161998643, -7.290405006663006 ], [ 112.79975807642974, -7.290420231248268 ], [ 112.799751405217961, -7.290434516155294 ], [ 112.799742351064523, -7.2904474273443 ], [ 112.799731189075203, -7.290458572515213 ], [ 112.799718258401413, -7.29046761302752 ], [ 112.799703951935214, -7.290474274189693 ], [ 112.799688704371519, -7.290478353605582 ], [ 112.799672979000093, -7.290479727324168 ], [ 112.799657253628666, -7.290478353605582 ], [ 112.799642006064971, -7.290474274189693 ], [ 112.799627699598773, -7.290467613027518 ], [ 112.799614768924982, -7.290458572515213 ], [ 112.799603606935662, -7.290447427344298 ], [ 112.799594552782224, -7.290434516155294 ], [ 112.799587881570446, -7.29042023124827 ], [ 112.799583796001542, -7.290405006663006 ], [ 112.799582420213184, -7.290389304990894 ], [ 112.799583796007752, -7.290373603319316 ], [ 112.799587881582127, -7.290358378735598 ], [ 112.799594552797956, -7.290344093830939 ], [ 112.799603606953539, -7.290331182644833 ], [ 112.79961476894286, -7.290320037477004 ], [ 112.799627699614504, -7.290310996967601 ], [ 112.799642006076652, -7.290304335807792 ], [ 112.799657253634876, -7.290300256393445 ], [ 112.799672979000093, -7.290298882675456 ] ] ] ] } },
{ "type": "Feature", "properties": { "OID_": 0, "Name": "Pertigaan Raya Keputih - Jl. Teknik Elektro", "FolderPath": "Data CCTV Usulan + 50 Jalur + Rencana 2026.kmz/Rencana 2026/Surabaya Timur.kmz/Surabaya Timur/Kecamatan Sukolilo", "Jenis": "Rencana 2026", "SubJenis": "Surabaya Timur", "POINT_X": 112.79167821199999, "POINT_Y": -7.290566792, "POINT_Z": 0.0, "BUFF_DIST": 10.0, "ORIG_FID": 304 }, "geometry": { "type": "MultiPolygon", "coordinates": [ [ [ [ 112.791678212000079, -7.290476369676117 ], [ 112.791693937371477, -7.290477743394116 ], [ 112.791709184935712, -7.29048182280843 ], [ 112.791723491403502, -7.290488483968185 ], [ 112.79173642208022, -7.290497524477519 ], [ 112.791747584073917, -7.290508669645261 ], [ 112.791756638233082, -7.290521580831266 ], [ 112.791763309451554, -7.290535865735812 ], [ 112.791767395027534, -7.290551090319411 ], [ 112.791768770822642, -7.290566791990868 ], [ 112.791767395033744, -7.290582493662854 ], [ 112.791763309463221, -7.290597718248 ], [ 112.791756638248813, -7.290612003154912 ], [ 112.791747584091809, -7.290624914343817 ], [ 112.791736422098097, -7.290636059514644 ], [ 112.791723491419219, -7.290645100026876 ], [ 112.791709184947379, -7.290651761188998 ], [ 112.791693937377687, -7.290655840604858 ], [ 112.791678212000079, -7.290657214323409 ], [ 112.791662486622457, -7.290655840604858 ], [ 112.791647239052764, -7.290651761188998 ], [ 112.791632932580924, -7.290645100026876 ], [ 112.791620001902047, -7.290636059514644 ], [ 112.791608839908335, -7.290624914343817 ], [ 112.79159978575133, -7.290612003154912 ], [ 112.791593114536937, -7.290597718248 ], [ 112.791589028966413, -7.290582493662854 ], [ 112.791587653177501, -7.290566791990868 ], [ 112.791589028972624, -7.290551090319411 ], [ 112.791593114548604, -7.290535865735811 ], [ 112.791599785767062, -7.290521580831266 ], [ 112.791608839926226, -7.290508669645261 ], [ 112.791620001919938, -7.290497524477519 ], [ 112.791632932596656, -7.290488483968185 ], [ 112.791647239064432, -7.29048182280843 ], [ 112.791662486628667, -7.290477743394116 ], [ 112.791678212000079, -7.290476369676117 ] ] ] ] } },
{ "type": "Feature", "properties": { "OID_": 0, "Name": "Pertigaan Gebang Putih - Raya Keputih", "FolderPath": "Data CCTV Usulan + 50 Jalur + Rencana 2026.kmz/Rencana 2026/Surabaya Timur.kmz/Surabaya Timur/Kecamatan Sukolilo", "Jenis": "Rencana 2026", "SubJenis": "Surabaya Timur", "POINT_X": 112.784480442, "POINT_Y": -7.289779897, "POINT_Z": 0.0, "BUFF_DIST": 10.0, "ORIG_FID": 305 }, "geometry": { "type": "MultiPolygon", "coordinates": [ [ [ [ 112.784480442000017, -7.289689474672998 ], [ 112.78449616734396, -7.28969084839105 ], [ 112.784511414881592, -7.289694927805508 ], [ 112.7845257213244, -7.289701588965492 ], [ 112.784538651978565, -7.289710629475141 ], [ 112.784549813952793, -7.28972177464327 ], [ 112.784558868096141, -7.289734685829724 ], [ 112.78456553930296, -7.289748970734768 ], [ 112.784569624871821, -7.289764195318895 ], [ 112.784571000664528, -7.289779896990893 ], [ 112.784569624878031, -7.289795598663429 ], [ 112.784565539314642, -7.2898108232491 ], [ 112.784558868111873, -7.289825108156509 ], [ 112.784549813970671, -7.289838019345862 ], [ 112.784538651996442, -7.289849164517076 ], [ 112.784525721340131, -7.289858205029622 ], [ 112.784511414893259, -7.289864866191974 ], [ 112.784496167350184, -7.289868945607976 ], [ 112.784480442000017, -7.289870319326571 ], [ 112.784464716649836, -7.289868945607976 ], [ 112.784449469106761, -7.289864866191974 ], [ 112.784435162659904, -7.289858205029622 ], [ 112.784422232003593, -7.289849164517076 ], [ 112.78441107002935, -7.289838019345861 ], [ 112.784402015888162, -7.289825108156507 ], [ 112.784395344685393, -7.2898108232491 ], [ 112.784391259122003, -7.289795598663429 ], [ 112.784389883335507, -7.289779896990893 ], [ 112.784391259128213, -7.289764195318893 ], [ 112.784395344697074, -7.289748970734767 ], [ 112.784402015903893, -7.289734685829724 ], [ 112.784411070047241, -7.289721774643269 ], [ 112.784422232021456, -7.289710629475141 ], [ 112.784435162675621, -7.289701588965492 ], [ 112.784449469118428, -7.289694927805508 ], [ 112.784464716656061, -7.28969084839105 ], [ 112.784480442000017, -7.289689474672998 ] ] ] ] } },
{ "type": "Feature", "properties": { "OID_": 0, "Name": "U TURN RUKO CENTRAL BUSINES PARK MERR IR SOEKARNO", "FolderPath": "Data CCTV Usulan + 50 Jalur + Rencana 2026.kmz/Rencana 2026/Surabaya Timur.kmz/Surabaya Timur/Kecamatan Sukolilo", "Jenis": "Rencana 2026", "SubJenis": "Surabaya Timur", "POINT_X": 112.781412621, "POINT_Y": -7.303488825, "POINT_Z": 0.0, "BUFF_DIST": 10.0, "ORIG_FID": 306 }, "geometry": { "type": "MultiPolygon", "coordinates": [ [ [ [ 112.781412621000072, -7.303398402727725 ], [ 112.781428346822622, -7.303399776444931 ], [ 112.781443594824296, -7.303403855856916 ], [ 112.781457901702524, -7.303410517012867 ], [ 112.781470832750216, -7.303419557517039 ], [ 112.781481995064169, -7.303430702678418 ], [ 112.78149104948308, -7.303443613857051 ], [ 112.781497720892943, -7.303457898753443 ], [ 112.781501806586149, -7.303473123328354 ], [ 112.781503182420735, -7.303488824990846 ], [ 112.781501806592374, -7.303504526653875 ], [ 112.781497720904653, -7.30351975123033 ], [ 112.78149104949884, -7.303534036129093 ], [ 112.781481995082089, -7.303546947310632 ], [ 112.78147083276815, -7.303558092475104 ], [ 112.781457901718284, -7.303567132982178 ], [ 112.781443594836006, -7.303573794140499 ], [ 112.781428346828861, -7.303577873554032 ], [ 112.781412621000072, -7.303579247271808 ], [ 112.781396895171298, -7.303577873554032 ], [ 112.781381647164153, -7.303573794140499 ], [ 112.781367340281861, -7.303567132982177 ], [ 112.781354409231994, -7.303558092475104 ], [ 112.781343246918055, -7.303546947310633 ], [ 112.781334192501305, -7.303534036129093 ], [ 112.781327521095506, -7.30351975123033 ], [ 112.781323435407785, -7.303504526653876 ], [ 112.781322059579409, -7.303488824990846 ], [ 112.781323435413995, -7.303473123328354 ], [ 112.781327521107201, -7.303457898753443 ], [ 112.781334192517065, -7.303443613857051 ], [ 112.781343246935975, -7.303430702678417 ], [ 112.781354409249928, -7.303419557517039 ], [ 112.781367340297621, -7.303410517012867 ], [ 112.781381647175849, -7.303403855856915 ], [ 112.781396895177522, -7.303399776444931 ], [ 112.781412621000072, -7.303398402727725 ] ] ] ] } },
{ "type": "Feature", "properties": { "OID_": 0, "Name": "U TURN Ir Soekarno - Gedung Sampoerna Center", "FolderPath": "Data CCTV Usulan + 50 Jalur + Rencana 2026.kmz/Rencana 2026/Surabaya Timur.kmz/Surabaya Timur/Kecamatan Sukolilo", "Jenis": "Rencana 2026", "SubJenis": "Surabaya Timur", "POINT_X": 112.780857545, "POINT_Y": -7.286552314, "POINT_Z": 0.0, "BUFF_DIST": 10.0, "ORIG_FID": 307 }, "geometry": { "type": "MultiPolygon", "coordinates": [ [ [ [ 112.780857545000117, -7.286461891660103 ], [ 112.780873270231524, -7.286463265378361 ], [ 112.780888517660031, -7.2864673447934 ], [ 112.780902824000449, -7.286474005954335 ], [ 112.780915754562059, -7.286483046465271 ], [ 112.780926916456409, -7.286494191634985 ], [ 112.780935970534955, -7.286507102823277 ], [ 112.780942641694025, -7.286521387730356 ], [ 112.780946727233626, -7.28653661231665 ], [ 112.780948103016485, -7.286552313990886 ], [ 112.780946727239836, -7.286568015665656 ], [ 112.780942641705693, -7.286583240253495 ], [ 112.780935970550672, -7.286597525162936 ], [ 112.780926916474272, -7.286610436354128 ], [ 112.780915754579937, -7.286621581526928 ], [ 112.780902824016152, -7.286630622040764 ], [ 112.780888517671684, -7.286637283204062 ], [ 112.780873270237734, -7.286641362620643 ], [ 112.780857545000117, -7.286642736339425 ], [ 112.7808418197625, -7.286641362620643 ], [ 112.780826572328536, -7.286637283204062 ], [ 112.780812265984068, -7.286630622040762 ], [ 112.780799335420284, -7.286621581526928 ], [ 112.780788173525949, -7.286610436354129 ], [ 112.780779119449548, -7.286597525162934 ], [ 112.780772448294542, -7.286583240253496 ], [ 112.780768362760398, -7.286568015665656 ], [ 112.78076698698375, -7.286552313990886 ], [ 112.780768362766594, -7.286536612316652 ], [ 112.780772448306209, -7.286521387730356 ], [ 112.780779119465279, -7.286507102823277 ], [ 112.780788173543826, -7.286494191634984 ], [ 112.780799335438175, -7.286483046465271 ], [ 112.780812265999785, -7.286474005954335 ], [ 112.780826572340203, -7.2864673447934 ], [ 112.78084181976871, -7.286463265378361 ], [ 112.780857545000117, -7.286461891660103 ] ] ] ] } },
{ "type": "Feature", "properties": { "OID_": 0, "Name": "Perempatan Bratang Binangun - Ngagel Jaya Selatan", "FolderPath": "Data CCTV Usulan + 50 Jalur + Rencana 2026.kmz/Rencana 2026/Surabaya Timur.kmz/Surabaya Timur/Kecamatan Sukolilo", "Jenis": "Rencana 2026", "SubJenis": "Surabaya Timur", "POINT_X": 112.759879989, "POINT_Y": -7.293795264, "POINT_Z": 0.0, "BUFF_DIST": 10.0, "ORIG_FID": 308 }, "geometry": { "type": "MultiPolygon", "coordinates": [ [ [ [ 112.759879989000069, -7.293704841688986 ], [ 112.759895714484117, -7.293706215406796 ], [ 112.759910962157562, -7.293710294820527 ], [ 112.759925268727812, -7.293716955979332 ], [ 112.759938199497171, -7.293725996487379 ], [ 112.759949361570833, -7.293737141653532 ], [ 112.759958415794841, -7.293750052837695 ], [ 112.75996508706109, -7.293764337740207 ], [ 112.759969172666331, -7.293779562321638 ], [ 112.759970548471301, -7.293795263990853 ], [ 112.759969172672555, -7.293810965660607 ], [ 112.759965087072771, -7.293826190243578 ], [ 112.759958415810573, -7.293840475148457 ], [ 112.759949361588724, -7.293853386335523 ], [ 112.759938199515062, -7.293864531504764 ], [ 112.759925268743558, -7.293873572015709 ], [ 112.759910962169229, -7.293880233176881 ], [ 112.759895714490327, -7.29388431259216 ], [ 112.759879989000069, -7.293885686310504 ], [ 112.759864263509812, -7.29388431259216 ], [ 112.759849015830895, -7.293880233176881 ], [ 112.75983470925658, -7.293873572015709 ], [ 112.759821778485062, -7.293864531504764 ], [ 112.759810616411414, -7.293853386335523 ], [ 112.759801562189566, -7.293840475148455 ], [ 112.759794890927367, -7.293826190243578 ], [ 112.759790805327583, -7.293810965660607 ], [ 112.759789429528837, -7.293795263990853 ], [ 112.759790805333807, -7.293779562321638 ], [ 112.759794890939048, -7.293764337740207 ], [ 112.759801562205297, -7.293750052837694 ], [ 112.759810616429306, -7.29373714165353 ], [ 112.759821778502968, -7.293725996487379 ], [ 112.759834709272326, -7.293716955979332 ], [ 112.759849015842576, -7.293710294820527 ], [ 112.759864263516022, -7.293706215406796 ], [ 112.759879989000069, -7.293704841688986 ] ] ] ] } },
{ "type": "Feature", "properties": { "OID_": 0, "Name": "U TURN RAYA PRAPEN 2", "FolderPath": "Data CCTV Usulan + 50 Jalur + Rencana 2026.kmz/Rencana 2026/Surabaya Timur.kmz/Surabaya Timur/Kecamatan Tenggilis Mejoyo", "Jenis": "Rencana 2026", "SubJenis": "Surabaya Timur", "POINT_X": 112.75830374500001, "POINT_Y": -7.310485618, "POINT_Z": 0.0, "BUFF_DIST": 10.0, "ORIG_FID": 309 }, "geometry": { "type": "MultiPolygon", "coordinates": [ [ [ [ 112.758303745000035, -7.31039519575573 ], [ 112.75831947106721, -7.310396569472527 ], [ 112.758334719306077, -7.31040064888325 ], [ 112.758349026406847, -7.310407310037141 ], [ 112.758361957655708, -7.310416350538512 ], [ 112.75837312014329, -7.310427495696439 ], [ 112.758382174703058, -7.310440406871077 ], [ 112.75838884621669, -7.31045469176305 ], [ 112.758392931973461, -7.310469916333247 ], [ 112.758394307829448, -7.310485617990881 ], [ 112.758392931979685, -7.310501319649052 ], [ 112.758388846228399, -7.310516544220798 ], [ 112.758382174718832, -7.310530829115141 ], [ 112.758373120161224, -7.310543740292685 ], [ 112.758361957673642, -7.31055488545371 ], [ 112.758349026422636, -7.310563925957991 ], [ 112.758334719317787, -7.310570587114252 ], [ 112.758319471073449, -7.31057466652652 ], [ 112.758303745000035, -7.310576040243856 ], [ 112.758288018926635, -7.310574666526522 ], [ 112.758272770682296, -7.310570587114252 ], [ 112.758258463577448, -7.310563925957991 ], [ 112.758245532326441, -7.31055488545371 ], [ 112.758234369838846, -7.310543740292686 ], [ 112.758225315281251, -7.310530829115141 ], [ 112.758218643771684, -7.310516544220798 ], [ 112.758214558020398, -7.310501319649052 ], [ 112.758213182170635, -7.310485617990881 ], [ 112.758214558026623, -7.310469916333247 ], [ 112.75821864378338, -7.31045469176305 ], [ 112.758225315297025, -7.310440406871077 ], [ 112.758234369856794, -7.310427495696439 ], [ 112.758245532344375, -7.310416350538512 ], [ 112.758258463593222, -7.310407310037139 ], [ 112.758272770694006, -7.31040064888325 ], [ 112.758288018932873, -7.310396569472527 ], [ 112.758303745000035, -7.31039519575573 ] ] ] ] } },
{ "type": "Feature", "properties": { "OID_": 0, "Name": "Pertigaan Tenggilis Mejoyo - Rungkut Mejoyo Ubaya", "FolderPath": "Data CCTV Usulan + 50 Jalur + Rencana 2026.kmz/Rencana 2026/Surabaya Timur.kmz/Surabaya Timur/Kecamatan Tenggilis Mejoyo", "Jenis": "Rencana 2026", "SubJenis": "Surabaya Timur", "POINT_X": 112.766925945, "POINT_Y": -7.320682782, "POINT_Z": 0.0, "BUFF_DIST": 10.0, "ORIG_FID": 310 }, "geometry": { "type": "MultiPolygon", "coordinates": [ [ [ [ 112.766925945000025, -7.320592359796525 ], [ 112.766941671424149, -7.320593733512705 ], [ 112.766956920009108, -7.320597812921585 ], [ 112.766971227434638, -7.320604474072466 ], [ 112.766984158976996, -7.320613514569756 ], [ 112.766995321717928, -7.320624659722648 ], [ 112.767004376483229, -7.320637570891456 ], [ 112.767011048148305, -7.320651855776976 ], [ 112.767015133997802, -7.320667080340299 ], [ 112.767016509885025, -7.320682781990844 ], [ 112.767015134004041, -7.320698483641926 ], [ 112.767011048160029, -7.320713708206799 ], [ 112.767004376499031, -7.320727993094694 ], [ 112.766995321735905, -7.320740904266414 ], [ 112.766984158994958, -7.320752049422407 ], [ 112.766971227450426, -7.320761089922609 ], [ 112.766956920020846, -7.320767751075865 ], [ 112.766941671430402, -7.320771830486297 ], [ 112.766925945000025, -7.320773204203007 ], [ 112.766910218569663, -7.320771830486297 ], [ 112.766894969979219, -7.320767751075865 ], [ 112.766880662549639, -7.320761089922609 ], [ 112.766867731005092, -7.320752049422407 ], [ 112.76685656826416, -7.320740904266415 ], [ 112.766847513501034, -7.320727993094696 ], [ 112.766840841840036, -7.320713708206799 ], [ 112.766836755996025, -7.320698483641926 ], [ 112.76683538011504, -7.320682781990844 ], [ 112.766836756002249, -7.320667080340301 ], [ 112.76684084185176, -7.320651855776978 ], [ 112.766847513516836, -7.320637570891456 ], [ 112.766856568282122, -7.320624659722648 ], [ 112.766867731023055, -7.320613514569756 ], [ 112.766880662565427, -7.320604474072466 ], [ 112.766894969990958, -7.320597812921585 ], [ 112.766910218575916, -7.320593733512705 ], [ 112.766925945000025, -7.320592359796525 ] ] ] ] } },
{ "type": "Feature", "properties": { "OID_": 0, "Name": "Perempatan Tenggilis Mejoyo - Raya Tenggilis", "FolderPath": "Data CCTV Usulan + 50 Jalur + Rencana 2026.kmz/Rencana 2026/Surabaya Timur.kmz/Surabaya Timur/Kecamatan Tenggilis Mejoyo", "Jenis": "Rencana 2026", "SubJenis": "Surabaya Timur", "POINT_X": 112.76246747, "POINT_Y": -7.320502549, "POINT_Z": 0.0, "BUFF_DIST": 10.0, "ORIG_FID": 311 }, "geometry": { "type": "MultiPolygon", "coordinates": [ [ [ [ 112.762467470000047, -7.320412126795821 ], [ 112.762483196417861, -7.320413500512013 ], [ 112.762498444996695, -7.320417579920925 ], [ 112.76251275241647, -7.320424241071861 ], [ 112.762525683953641, -7.32043328156922 ], [ 112.762536846690097, -7.320444426722204 ], [ 112.762545901451759, -7.320457337891115 ], [ 112.762552573114149, -7.32047162277675 ], [ 112.762556658962012, -7.320486847340195 ], [ 112.762558034848681, -7.320502548990863 ], [ 112.762556658968265, -7.320518250642071 ], [ 112.762552573125873, -7.320533475207066 ], [ 112.762545901467561, -7.320547760095077 ], [ 112.762536846708059, -7.320560671266897 ], [ 112.762525683971603, -7.320571816422979 ], [ 112.762512752432258, -7.320580856923254 ], [ 112.762498445008418, -7.320587518076562 ], [ 112.762483196424085, -7.320591597487025 ], [ 112.762467470000047, -7.320592971203746 ], [ 112.762451743576008, -7.320591597487026 ], [ 112.762436494991675, -7.320587518076562 ], [ 112.762422187567836, -7.320580856923252 ], [ 112.762409256028491, -7.320571816422979 ], [ 112.762398093292035, -7.320560671266898 ], [ 112.762389038532532, -7.320547760095077 ], [ 112.76238236687422, -7.320533475207066 ], [ 112.762378281031829, -7.320518250642071 ], [ 112.762376905151413, -7.320502548990863 ], [ 112.762378281038082, -7.320486847340193 ], [ 112.76238236688593, -7.320471622776748 ], [ 112.762389038548335, -7.320457337891114 ], [ 112.762398093309997, -7.320444426722202 ], [ 112.762409256046453, -7.32043328156922 ], [ 112.762422187583624, -7.320424241071861 ], [ 112.762436495003399, -7.320417579920926 ], [ 112.762451743582233, -7.320413500512013 ], [ 112.762467470000047, -7.320412126795821 ] ] ] ] } },
{ "type": "Feature", "properties": { "OID_": 0, "Name": "Perempatan Raya Tenggilis - Tenggilis Barat", "FolderPath": "Data CCTV Usulan + 50 Jalur + Rencana 2026.kmz/Rencana 2026/Surabaya Timur.kmz/Surabaya Timur/Kecamatan Tenggilis Mejoyo", "Jenis": "Rencana 2026", "SubJenis": "Surabaya Timur", "POINT_X": 112.749909609, "POINT_Y": -7.32115029, "POINT_Z": 0.0, "BUFF_DIST": 10.0, "ORIG_FID": 312 }, "geometry": { "type": "MultiPolygon", "coordinates": [ [ [ [ 112.749909609000042, -7.321059867798392 ], [ 112.749925335440537, -7.321061241514535 ], [ 112.749940584041383, -7.321065320923331 ], [ 112.749954891481792, -7.321071982074073 ], [ 112.749967823037636, -7.321081022571176 ], [ 112.749978985790193, -7.321092167723836 ], [ 112.749988040564915, -7.321105078892377 ], [ 112.749994712236941, -7.321119363777601 ], [ 112.749998798090701, -7.321134588340612 ], [ 112.750000173979345, -7.321150289990829 ], [ 112.749998798096939, -7.321165991641585 ], [ 112.749994712248665, -7.321181216206145 ], [ 112.749988040580718, -7.321195501093744 ], [ 112.749978985808156, -7.321208412265195 ], [ 112.749967823055599, -7.321219557420958 ], [ 112.749954891497595, -7.321228597920971 ], [ 112.749940584053107, -7.321235259074089 ], [ 112.74992533544679, -7.321239338484435 ], [ 112.749909609000042, -7.321240712201125 ], [ 112.749893882553309, -7.321239338484435 ], [ 112.749878633946977, -7.321235259074089 ], [ 112.74986432650249, -7.321228597920971 ], [ 112.749851394944486, -7.321219557420958 ], [ 112.749840232191929, -7.321208412265195 ], [ 112.749831177419367, -7.321195501093744 ], [ 112.74982450575142, -7.321181216206145 ], [ 112.749820419903145, -7.321165991641586 ], [ 112.74981904402074, -7.321150289990829 ], [ 112.749820419909398, -7.32113458834061 ], [ 112.749824505763158, -7.321119363777601 ], [ 112.749831177435169, -7.321105078892375 ], [ 112.749840232209891, -7.321092167723836 ], [ 112.749851394962448, -7.321081022571175 ], [ 112.749864326518292, -7.321071982074073 ], [ 112.749878633958701, -7.321065320923329 ], [ 112.749893882559547, -7.321061241514535 ], [ 112.749909609000042, -7.321059867798392 ] ] ] ] } },
{ "type": "Feature", "properties": { "OID_": 0, "Name": "U TURN RAYA PRAPEN 1", "FolderPath": "Data CCTV Usulan + 50 Jalur + Rencana 2026.kmz/Rencana 2026/Surabaya Timur.kmz/Surabaya Timur/Kecamatan Tenggilis Mejoyo", "Jenis": "Rencana 2026", "SubJenis": "Surabaya Timur", "POINT_X": 112.76054578599999, "POINT_Y": -7.307863788, "POINT_Z": 0.0, "BUFF_DIST": 10.0, "ORIG_FID": 313 }, "geometry": { "type": "MultiPolygon", "coordinates": [ [ [ [ 112.76054578600008, -7.307773365745184 ], [ 112.760561511975567, -7.307774739462187 ], [ 112.760576760125517, -7.307778818873385 ], [ 112.760591067142869, -7.307785480028048 ], [ 112.760603998316327, -7.30779452053047 ], [ 112.760615160738837, -7.30780566568969 ], [ 112.760624215245798, -7.307818576865826 ], [ 112.760630886720534, -7.307832861759453 ], [ 112.760634972453488, -7.307848086331418 ], [ 112.760636348301432, -7.307863787990873 ], [ 112.760634972459698, -7.307879489650865 ], [ 112.760630886732244, -7.307894714224375 ], [ 112.760624215261558, -7.307908999120376 ], [ 112.760615160756757, -7.307921910299418 ], [ 112.760603998334275, -7.307933055461733 ], [ 112.760591067158643, -7.307942095967062 ], [ 112.760576760137226, -7.307948757124096 ], [ 112.760561511981805, -7.307952836536838 ], [ 112.76054578600008, -7.307954210254286 ], [ 112.760530060018368, -7.307952836536838 ], [ 112.760514811862947, -7.307948757124096 ], [ 112.760500504841517, -7.307942095967064 ], [ 112.760487573665898, -7.307933055461733 ], [ 112.760476411243417, -7.307921910299418 ], [ 112.760467356738602, -7.307908999120376 ], [ 112.76046068526793, -7.307894714224376 ], [ 112.760456599540461, -7.307879489650865 ], [ 112.760455223698727, -7.307863787990873 ], [ 112.760456599546686, -7.307848086331418 ], [ 112.760460685279639, -7.307832861759455 ], [ 112.760467356754361, -7.307818576865825 ], [ 112.760476411261337, -7.30780566568969 ], [ 112.760487573683832, -7.30779452053047 ], [ 112.760500504857291, -7.307785480028048 ], [ 112.760514811874657, -7.307778818873383 ], [ 112.760530060024607, -7.307774739462187 ], [ 112.76054578600008, -7.307773365745184 ] ] ] ] } },
{ "type": "Feature", "properties": { "OID_": 0, "Name": "U TURN RAYA PRAPEN 3", "FolderPath": "Data CCTV Usulan + 50 Jalur + Rencana 2026.kmz/Rencana 2026/Surabaya Timur.kmz/Surabaya Timur/Kecamatan Tenggilis Mejoyo", "Jenis": "Rencana 2026", "SubJenis": "Surabaya Timur", "POINT_X": 112.754229542, "POINT_Y": -7.315289805, "POINT_Z": 0.0, "BUFF_DIST": 10.0, "ORIG_FID": 314 }, "geometry": { "type": "MultiPolygon", "coordinates": [ [ [ [ 112.754229542000076, -7.315199382774947 ], [ 112.754245268235366, -7.31520075649145 ], [ 112.754260516637217, -7.315204835901305 ], [ 112.754274823890938, -7.315211497053776 ], [ 112.754287755278014, -7.315220537553228 ], [ 112.754298917884924, -7.315231682708782 ], [ 112.754307972541483, -7.315244593880673 ], [ 112.754314644126424, -7.315258878769608 ], [ 112.754318729926865, -7.31527410333657 ], [ 112.754320105797561, -7.315289804990863 ], [ 112.75431872993309, -7.315305506645696 ], [ 112.754314644138134, -7.315320731214204 ], [ 112.754307972557257, -7.315335016105513 ], [ 112.754298917902872, -7.315347927280313 ], [ 112.754287755295962, -7.315359072438967 ], [ 112.754274823906712, -7.315368112941328 ], [ 112.754260516648927, -7.315374774096171 ], [ 112.75424526824159, -7.315378853507578 ], [ 112.754229542000076, -7.315380227224622 ], [ 112.754213815758561, -7.315378853507578 ], [ 112.754198567351224, -7.315374774096171 ], [ 112.754184260093453, -7.315368112941328 ], [ 112.754171328704189, -7.315359072438967 ], [ 112.754160166097293, -7.315347927280313 ], [ 112.754151111442908, -7.315335016105511 ], [ 112.754144439862017, -7.315320731214205 ], [ 112.754140354067061, -7.315305506645698 ], [ 112.75413897820259, -7.315289804990863 ], [ 112.7541403540733, -7.31527410333657 ], [ 112.754144439873741, -7.315258878769608 ], [ 112.754151111458683, -7.315244593880675 ], [ 112.754160166115241, -7.315231682708782 ], [ 112.754171328722151, -7.315220537553226 ], [ 112.754184260109227, -7.315211497053776 ], [ 112.754198567362948, -7.315204835901305 ], [ 112.7542138157648, -7.31520075649145 ], [ 112.754229542000076, -7.315199382774947 ] ] ] ] } },
{ "type": "Feature", "properties": { "OID_": 0, "Name": "U TURN RAYA JEMURSARI", "FolderPath": "Data CCTV Usulan + 50 Jalur + Rencana 2026.kmz/Rencana 2026/Surabaya Timur.kmz/Surabaya Timur/Kecamatan Tenggilis Mejoyo", "Jenis": "Rencana 2026", "SubJenis": "Surabaya Timur", "POINT_X": 112.735500014, "POINT_Y": -7.326801308, "POINT_Z": 0.0, "BUFF_DIST": 10.0, "ORIG_FID": 315 }, "geometry": { "type": "MultiPolygon", "coordinates": [ [ [ [ 112.735500014000081, -7.326710885821091 ], [ 112.735515740638618, -7.326712259536875 ], [ 112.735530989431481, -7.32671633894465 ], [ 112.735545297052084, -7.326723000093722 ], [ 112.735558228770756, -7.326732040588557 ], [ 112.735569391663901, -7.326743185738427 ], [ 112.735578446552651, -7.32675609690373 ], [ 112.735585118308691, -7.326770381785378 ], [ 112.735589204213909, -7.326785606344571 ], [ 112.73559058011989, -7.326801307990858 ], [ 112.735589204220148, -7.32681700963768 ], [ 112.735585118320415, -7.326832234198429 ], [ 112.735578446568454, -7.326846519082451 ], [ 112.735569391681878, -7.32685943025067 ], [ 112.735558228788733, -7.326870575403642 ], [ 112.735545297067887, -7.326879615901392 ], [ 112.73553098944322, -7.326886277052841 ], [ 112.735515740644857, -7.326890356462166 ], [ 112.735500014000081, -7.326891730178525 ], [ 112.735484287355291, -7.326890356462168 ], [ 112.735469038556928, -7.326886277052841 ], [ 112.735454730932261, -7.326879615901392 ], [ 112.735441799211415, -7.326870575403642 ], [ 112.73543063631827, -7.326859430250668 ], [ 112.735421581431694, -7.32684651908245 ], [ 112.735414909679733, -7.326832234198429 ], [ 112.735410823780015, -7.326817009637682 ], [ 112.735409447880258, -7.326801307990858 ], [ 112.735410823786239, -7.326785606344571 ], [ 112.735414909691471, -7.32677038178538 ], [ 112.735421581447497, -7.32675609690373 ], [ 112.735430636336247, -7.326743185738427 ], [ 112.735441799229392, -7.326732040588557 ], [ 112.735454730948078, -7.326723000093722 ], [ 112.735469038568667, -7.326716338944649 ], [ 112.735484287361544, -7.326712259536875 ], [ 112.735500014000081, -7.326710885821091 ] ] ] ] } },
{ "type": "Feature", "properties": { "OID_": 0, "Name": "Pertigaan Raya Kendangsari - Kutisari Utara", "FolderPath": "Data CCTV Usulan + 50 Jalur + Rencana 2026.kmz/Rencana 2026/Surabaya Timur.kmz/Surabaya Timur/Kecamatan Tenggilis Mejoyo", "Jenis": "Rencana 2026", "SubJenis": "Surabaya Timur", "POINT_X": 112.748830884, "POINT_Y": -7.329285799, "POINT_Z": 0.0, "BUFF_DIST": 10.0, "ORIG_FID": 316 }, "geometry": { "type": "MultiPolygon", "coordinates": [ [ [ [ 112.748830884000085, -7.329195376830993 ], [ 112.748846610725749, -7.32919675054665 ], [ 112.748861859603082, -7.329200829953973 ], [ 112.748876167302939, -7.32920749110231 ], [ 112.748889099093262, -7.329216531596151 ], [ 112.748900262048238, -7.32922767674479 ], [ 112.748909316987152, -7.329240587908672 ], [ 112.748915988780141, -7.329254872788744 ], [ 112.748920074707996, -7.329270097346259 ], [ 112.748921450621594, -7.329285798990816 ], [ 112.748920074714249, -7.32930150063591 ], [ 112.748915988791893, -7.329316725194979 ], [ 112.748909317002969, -7.329331010077428 ], [ 112.748900262066229, -7.329343921244223 ], [ 112.748889099111238, -7.329355066395969 ], [ 112.748876167318755, -7.329364106892726 ], [ 112.748861859614834, -7.32937076804344 ], [ 112.748846610731988, -7.329374847452318 ], [ 112.748830884000085, -7.329376221168501 ], [ 112.748815157268183, -7.329374847452318 ], [ 112.748799908385337, -7.32937076804344 ], [ 112.748785600681416, -7.329364106892726 ], [ 112.748772668888932, -7.329355066395969 ], [ 112.748761505933942, -7.329343921244223 ], [ 112.748752450997202, -7.329331010077428 ], [ 112.748745779208278, -7.329316725194979 ], [ 112.748741693285922, -7.32930150063591 ], [ 112.748740317378576, -7.329285798990816 ], [ 112.748741693292175, -7.329270097346261 ], [ 112.74874577922003, -7.329254872788744 ], [ 112.748752451013019, -7.329240587908672 ], [ 112.748761505951933, -7.329227676744792 ], [ 112.748772668906909, -7.329216531596151 ], [ 112.748785600697232, -7.32920749110231 ], [ 112.748799908397075, -7.329200829953971 ], [ 112.748815157274421, -7.32919675054665 ], [ 112.748830884000085, -7.329195376830993 ] ] ] ] } },
{ "type": "Feature", "properties": { "OID_": 0, "Name": "Pertigaan Kutisari Selatan", "FolderPath": "Data CCTV Usulan + 50 Jalur + Rencana 2026.kmz/Rencana 2026/Surabaya Timur.kmz/Surabaya Timur/Kecamatan Tenggilis Mejoyo", "Jenis": "Rencana 2026", "SubJenis": "Surabaya Timur", "POINT_X": 112.747478453, "POINT_Y": -7.336157631, "POINT_Z": 0.0, "BUFF_DIST": 10.0, "ORIG_FID": 317 }, "geometry": { "type": "MultiPolygon", "coordinates": [ [ [ [ 112.747478453000099, -7.336067208858561 ], [ 112.747494179966893, -7.336068582573805 ], [ 112.747509429078022, -7.336072661979887 ], [ 112.747523736997252, -7.336079323126193 ], [ 112.74753666898583, -7.336088363617272 ], [ 112.747547832111977, -7.336099508762514 ], [ 112.747556887189717, -7.336112419922456 ], [ 112.747563559085009, -7.336126704798172 ], [ 112.747567645075506, -7.336141929351043 ], [ 112.747569021010207, -7.336157630990813 ], [ 112.747567645081759, -7.336173332631116 ], [ 112.747563559096761, -7.336188557185545 ], [ 112.747556887205548, -7.336202842063638 ], [ 112.747547832129968, -7.336215753226499 ], [ 112.747536669003836, -7.336226898374846 ], [ 112.747523737013083, -7.336235938868847 ], [ 112.747509429089789, -7.336242600017531 ], [ 112.747494179973131, -7.336246679425164 ], [ 112.747478453000099, -7.336248053140922 ], [ 112.747462726027067, -7.336246679425164 ], [ 112.747447476910423, -7.336242600017531 ], [ 112.747433168987129, -7.336235938868847 ], [ 112.747420236996376, -7.336226898374846 ], [ 112.74740907387023, -7.336215753226497 ], [ 112.74740001879465, -7.336202842063637 ], [ 112.747393346903451, -7.336188557185545 ], [ 112.747389260918439, -7.336173332631116 ], [ 112.74738788498999, -7.336157630990813 ], [ 112.747389260924692, -7.336141929351043 ], [ 112.747393346915189, -7.336126704798171 ], [ 112.747400018810495, -7.336112419922456 ], [ 112.747409073888235, -7.336099508762512 ], [ 112.747420237014367, -7.336088363617273 ], [ 112.74743316900296, -7.336079323126191 ], [ 112.747447476922176, -7.336072661979885 ], [ 112.747462726033319, -7.336068582573805 ], [ 112.747478453000099, -7.336067208858561 ] ] ] ] } },
{ "type": "Feature", "properties": { "OID_": 0, "Name": "U TURN RAYA RUNGKUT INDUSTRI", "FolderPath": "Data CCTV Usulan + 50 Jalur + Rencana 2026.kmz/Rencana 2026/Surabaya Timur.kmz/Surabaya Timur/Kecamatan Tenggilis Mejoyo", "Jenis": "Rencana 2026", "SubJenis": "Surabaya Timur", "POINT_X": 112.759466269, "POINT_Y": -7.330482278, "POINT_Z": 0.0, "BUFF_DIST": 10.0, "ORIG_FID": 318 }, "geometry": { "type": "MultiPolygon", "coordinates": [ [ [ [ 112.759466269000086, -7.330391855835845 ], [ 112.759481995767715, -7.330393229551419 ], [ 112.759497244685747, -7.330397308958526 ], [ 112.759511552423788, -7.330403970106511 ], [ 112.759524484248601, -7.330413010599869 ], [ 112.759535647233378, -7.330424155747918 ], [ 112.75954470219645, -7.330437066911115 ], [ 112.759551374007245, -7.330451351790428 ], [ 112.759555459946014, -7.330466576347137 ], [ 112.759556835863293, -7.33048227799086 ], [ 112.759555459952253, -7.330497979635121 ], [ 112.759551374018997, -7.33051320419338 ], [ 112.759544702212281, -7.330527489075071 ], [ 112.759535647251369, -7.330540400241182 ], [ 112.759524484266592, -7.330551545392336 ], [ 112.759511552439591, -7.330560585888612 ], [ 112.759497244697485, -7.330567247038973 ], [ 112.759481995773967, -7.330571326447633 ], [ 112.759466269000086, -7.330572700163754 ], [ 112.759450542226205, -7.330571326447635 ], [ 112.759435293302687, -7.330567247038973 ], [ 112.759420985560581, -7.330560585888612 ], [ 112.75940805373358, -7.330551545392336 ], [ 112.759396890748818, -7.330540400241182 ], [ 112.759387835787905, -7.330527489075071 ], [ 112.759381163981189, -7.33051320419338 ], [ 112.759377078047919, -7.330497979635121 ], [ 112.759375702136893, -7.33048227799086 ], [ 112.759377078054172, -7.330466576347135 ], [ 112.759381163992927, -7.330451351790428 ], [ 112.759387835803736, -7.330437066911115 ], [ 112.759396890766808, -7.33042415574792 ], [ 112.759408053751571, -7.330413010599869 ], [ 112.759420985576398, -7.330403970106511 ], [ 112.759435293314425, -7.330397308958524 ], [ 112.759450542232457, -7.330393229551419 ], [ 112.759466269000086, -7.330391855835845 ] ] ] ] } },
{ "type": "Feature", "properties": { "OID_": 0, "Name": "PERTIGAAN RUNGKUT INDUSTRI V - RAYA RUNGKUT INDUSTRI SEBELAH LAPANGAN SIER", "FolderPath": "Data CCTV Usulan + 50 Jalur + Rencana 2026.kmz/Rencana 2026/Surabaya Timur.kmz/Surabaya Timur/Kecamatan Tenggilis Mejoyo", "Jenis": "Rencana 2026", "SubJenis": "Surabaya Timur", "POINT_X": 112.75942854100001, "POINT_Y": -7.330656228, "POINT_Z": 0.0, "BUFF_DIST": 10.0, "ORIG_FID": 319 }, "geometry": { "type": "MultiPolygon", "coordinates": [ [ [ [ 112.759428541000034, -7.330565805836547 ], [ 112.759444267773759, -7.330567179552084 ], [ 112.759459516697717, -7.330571258959159 ], [ 112.759473824441301, -7.330577920107093 ], [ 112.75948675627113, -7.330586960600381 ], [ 112.759497919260241, -7.330598105748344 ], [ 112.759506974226824, -7.33061101691144 ], [ 112.759513646040219, -7.330625301790644 ], [ 112.759517731980552, -7.330640526347234 ], [ 112.75951910789837, -7.330656227990836 ], [ 112.759517731986804, -7.330671929634977 ], [ 112.759513646051957, -7.330687154193118 ], [ 112.759506974242655, -7.330701439074698 ], [ 112.759497919278232, -7.330714350240711 ], [ 112.759486756289121, -7.330725495391778 ], [ 112.759473824457103, -7.330734535887985 ], [ 112.759459516709455, -7.330741197038297 ], [ 112.759444267779998, -7.330745276446923 ], [ 112.759428541000034, -7.330746650163062 ], [ 112.759412814220056, -7.330745276446923 ], [ 112.759397565290612, -7.330741197038297 ], [ 112.75938325754295, -7.330734535887985 ], [ 112.759370325710947, -7.330725495391778 ], [ 112.759359162721836, -7.330714350240711 ], [ 112.759350107757413, -7.330701439074698 ], [ 112.759343435948111, -7.33068715419312 ], [ 112.759339350013263, -7.330671929634977 ], [ 112.759337974101697, -7.330656227990836 ], [ 112.759339350019516, -7.330640526347234 ], [ 112.759343435959849, -7.330625301790644 ], [ 112.759350107773244, -7.33061101691144 ], [ 112.759359162739827, -7.330598105748344 ], [ 112.759370325728938, -7.330586960600381 ], [ 112.759383257558767, -7.330577920107093 ], [ 112.759397565302351, -7.330571258959159 ], [ 112.759412814226309, -7.330567179552084 ], [ 112.759428541000034, -7.330565805836547 ] ] ] ] } },
{ "type": "Feature", "properties": { "OID_": 0, "Name": "Pertigaan Tenggilis Mejoyo - RS ubaya", "FolderPath": "Data CCTV Usulan + 50 Jalur + Rencana 2026.kmz/Rencana 2026/Surabaya Timur.kmz/Surabaya Timur/Kecamatan Tenggilis Mejoyo", "Jenis": "Rencana 2026", "SubJenis": "Surabaya Timur", "POINT_X": 112.76534401399999, "POINT_Y": -7.314687486, "POINT_Z": 0.0, "BUFF_DIST": 10.0, "ORIG_FID": 320 }, "geometry": { "type": "MultiPolygon", "coordinates": [ [ [ [ 112.765344014000107, -7.314597063772508 ], [ 112.765359740214308, -7.31459843748908 ], [ 112.765374988595724, -7.314602516899045 ], [ 112.765389295830246, -7.314609178051695 ], [ 112.765402227199999, -7.314618218551385 ], [ 112.765413389791931, -7.314629363707239 ], [ 112.765422444436354, -7.314642274879476 ], [ 112.765429116012371, -7.314656559768791 ], [ 112.765433201807326, -7.314671784336157 ], [ 112.765434577676189, -7.31468748599087 ], [ 112.765433201813565, -7.314703187646119 ], [ 112.765429116024094, -7.314718412215035 ], [ 112.765422444452142, -7.314732697106725 ], [ 112.765413389809893, -7.314745608281868 ], [ 112.765402227217947, -7.314756753440819 ], [ 112.765389295846035, -7.314765793943422 ], [ 112.765374988607434, -7.314772455098445 ], [ 112.765359740220546, -7.314776534509955 ], [ 112.765344014000107, -7.314777908227004 ], [ 112.765328287779667, -7.314776534509955 ], [ 112.76531303939278, -7.314772455098445 ], [ 112.765298732154179, -7.314765793943422 ], [ 112.765285800782266, -7.314756753440819 ], [ 112.765274638190334, -7.31474560828187 ], [ 112.765265583548072, -7.314732697106723 ], [ 112.765258911976133, -7.314718412215035 ], [ 112.765254826186649, -7.314703187646119 ], [ 112.765253450324025, -7.31468748599087 ], [ 112.765254826192887, -7.314671784336157 ], [ 112.765258911987843, -7.314656559768791 ], [ 112.76526558356386, -7.314642274879476 ], [ 112.765274638208282, -7.31462936370724 ], [ 112.765285800800214, -7.314618218551385 ], [ 112.765298732169967, -7.314609178051695 ], [ 112.765313039404489, -7.314602516899045 ], [ 112.765328287785906, -7.31459843748908 ], [ 112.765344014000107, -7.314597063772508 ] ] ] ] } },
{ "type": "Feature", "properties": { "OID_": 0, "Name": "Pertigaan Puskesmas Mulyorejo - Raya Sutorejo", "FolderPath": "Data CCTV Usulan + 50 Jalur + Rencana 2026.kmz/Rencana 2026/Surabaya Timur.kmz/Surabaya Timur/Kecamatan Mulyorejo", "Jenis": "Rencana 2026", "SubJenis": "Surabaya Timur", "POINT_X": 112.785247583, "POINT_Y": -7.262496818, "POINT_Z": 0.0, "BUFF_DIST": 10.0, "ORIG_FID": 321 }, "geometry": { "type": "MultiPolygon", "coordinates": [ [ [ [ 112.785247583000114, -7.262406395564299 ], [ 112.785263307394345, -7.262407769284022 ], [ 112.785278554011072, -7.262411848703385 ], [ 112.785292859589845, -7.262418509871381 ], [ 112.785305789463038, -7.262427550391896 ], [ 112.785316950763132, -7.262438695573421 ], [ 112.785326004359646, -7.262451606775394 ], [ 112.785332675163531, -7.262465891697607 ], [ 112.78533676048562, -7.26248111630003 ], [ 112.785338136195222, -7.262496817990897 ], [ 112.785336760491816, -7.262512519682298 ], [ 112.785332675175169, -7.262527744286259 ], [ 112.785326004375307, -7.262542029210826 ], [ 112.785316950780938, -7.26255494041569 ], [ 112.785305789480859, -7.262566085600287 ], [ 112.785292859605505, -7.262575126123693 ], [ 112.785278554022696, -7.262581787294044 ], [ 112.785263307400527, -7.262585866714944 ], [ 112.785247583000114, -7.262587240435162 ], [ 112.785231858599701, -7.262585866714944 ], [ 112.785216611977532, -7.262581787294044 ], [ 112.785202306394737, -7.262575126123693 ], [ 112.785189376519369, -7.262566085600287 ], [ 112.78517821521929, -7.262554940415688 ], [ 112.785169161624921, -7.262542029210826 ], [ 112.785162490825059, -7.262527744286261 ], [ 112.785158405508412, -7.262512519682298 ], [ 112.785157029805006, -7.262496817990897 ], [ 112.785158405514608, -7.26248111630003 ], [ 112.785162490836697, -7.262465891697607 ], [ 112.785169161640582, -7.262451606775394 ], [ 112.785178215237096, -7.262438695573421 ], [ 112.78518937653719, -7.262427550391896 ], [ 112.785202306410397, -7.262418509871381 ], [ 112.785216611989156, -7.262411848703385 ], [ 112.785231858605897, -7.262407769284024 ], [ 112.785247583000114, -7.262406395564299 ] ] ] ] } },
{ "type": "Feature", "properties": { "OID_": 0, "Name": "Pertigaan Raya Sutorejo - Labansari", "FolderPath": "Data CCTV Usulan + 50 Jalur + Rencana 2026.kmz/Rencana 2026/Surabaya Timur.kmz/Surabaya Timur/Kecamatan Mulyorejo", "Jenis": "Rencana 2026", "SubJenis": "Surabaya Timur", "POINT_X": 112.791862337, "POINT_Y": -7.260184786, "POINT_Z": 0.0, "BUFF_DIST": 10.0, "ORIG_FID": 322 }, "geometry": { "type": "MultiPolygon", "coordinates": [ [ [ [ 112.791862337000111, -7.26009436355515 ], [ 112.791878061314023, -7.260095737275008 ], [ 112.791893307852888, -7.260099816694788 ], [ 112.791907613358575, -7.260106477863461 ], [ 112.791920543165745, -7.260115518384896 ], [ 112.79193170440881, -7.260126663567553 ], [ 112.791940757959082, -7.26013957477084 ], [ 112.791947428728903, -7.260153859694504 ], [ 112.791951514030131, -7.260169084298474 ], [ 112.791952889732713, -7.260184785990936 ], [ 112.791951514036327, -7.260200487683933 ], [ 112.791947428740528, -7.26021571228944 ], [ 112.791940757974743, -7.26022999721546 ], [ 112.791931704426631, -7.260242908421633 ], [ 112.791920543183551, -7.260254053607367 ], [ 112.791907613374235, -7.26026309413169 ], [ 112.791893307864513, -7.260269755302717 ], [ 112.791878061320205, -7.26027383472403 ], [ 112.791862337000111, -7.260275208444393 ], [ 112.791846612680018, -7.26027383472403 ], [ 112.79183136613571, -7.260269755302717 ], [ 112.791817060625988, -7.260263094131688 ], [ 112.791804130816672, -7.260254053607367 ], [ 112.791792969573606, -7.260242908421633 ], [ 112.79178391602548, -7.260229997215462 ], [ 112.791777245259695, -7.26021571228944 ], [ 112.79177315996391, -7.260200487683933 ], [ 112.791771784267524, -7.260184785990936 ], [ 112.791773159970106, -7.260169084298474 ], [ 112.791777245271319, -7.260153859694504 ], [ 112.79178391604114, -7.26013957477084 ], [ 112.791792969591413, -7.260126663567552 ], [ 112.791804130834478, -7.260115518384896 ], [ 112.791817060641648, -7.26010647786346 ], [ 112.791831366147349, -7.260099816694786 ], [ 112.7918466126862, -7.260095737275008 ], [ 112.791862337000111, -7.26009436355515 ] ] ] ] } },
{ "type": "Feature", "properties": { "OID_": 0, "Name": "U TURN IR Soekarno Merr - Kampus Unair C", "FolderPath": "Data CCTV Usulan + 50 Jalur + Rencana 2026.kmz/Rencana 2026/Surabaya Timur.kmz/Surabaya Timur/Kecamatan Mulyorejo", "Jenis": "Rencana 2026", "SubJenis": "Surabaya Timur", "POINT_X": 112.782813675, "POINT_Y": -7.266057636, "POINT_Z": 0.0, "BUFF_DIST": 10.0, "ORIG_FID": 323 }, "geometry": { "type": "MultiPolygon", "coordinates": [ [ [ [ 112.782813675000057, -7.265967213578496 ], [ 112.782829399518022, -7.265968587298006 ], [ 112.782844646254745, -7.265972666716728 ], [ 112.782858951946096, -7.265979327883681 ], [ 112.782871881921054, -7.265988368402781 ], [ 112.782883043308971, -7.265999513582559 ], [ 112.782892096976738, -7.26601242478251 ], [ 112.782898767833132, -7.266026709702484 ], [ 112.782902853187366, -7.266041934302526 ], [ 112.782904228907796, -7.266057635990934 ], [ 112.782902853193562, -7.266073337679877 ], [ 112.78289876784477, -7.266088562281455 ], [ 112.782892096992413, -7.266102847203787 ], [ 112.782883043326805, -7.266115758406626 ], [ 112.782871881938874, -7.266126903589482 ], [ 112.782858951961771, -7.266135944111472 ], [ 112.782844646266369, -7.266142605280779 ], [ 112.782829399524218, -7.266146684701042 ], [ 112.782813675000057, -7.266148058421044 ], [ 112.782797950475896, -7.266146684701042 ], [ 112.782782703733744, -7.266142605280779 ], [ 112.782768398038343, -7.266135944111474 ], [ 112.782755468061239, -7.266126903589482 ], [ 112.782744306673308, -7.266115758406626 ], [ 112.782735253007701, -7.266102847203787 ], [ 112.782728582155343, -7.266088562281455 ], [ 112.782724496806551, -7.266073337679877 ], [ 112.782723121092317, -7.266057635990934 ], [ 112.782724496812747, -7.266041934302526 ], [ 112.782728582166996, -7.266026709702486 ], [ 112.782735253023375, -7.266012424782512 ], [ 112.782744306691143, -7.26599951358256 ], [ 112.78275546807906, -7.26598836840278 ], [ 112.782768398054017, -7.265979327883679 ], [ 112.782782703745369, -7.265972666716729 ], [ 112.782797950482092, -7.265968587298006 ], [ 112.782813675000057, -7.265967213578496 ] ] ] ] } },
{ "type": "Feature", "properties": { "OID_": 0, "Name": "U TURN Ir Soekarno - Galaxy Mall", "FolderPath": "Data CCTV Usulan + 50 Jalur + Rencana 2026.kmz/Rencana 2026/Surabaya Timur.kmz/Surabaya Timur/Kecamatan Mulyorejo", "Jenis": "Rencana 2026", "SubJenis": "Surabaya Timur", "POINT_X": 112.781706144, "POINT_Y": -7.273846343, "POINT_Z": 0.0, "BUFF_DIST": 10.0, "ORIG_FID": 324 }, "geometry": { "type": "MultiPolygon", "coordinates": [ [ [ [ 112.781706144000054, -7.273755920609504 ], [ 112.781721868788907, -7.273757294328501 ], [ 112.781737115788303, -7.273761373745822 ], [ 112.781751421726085, -7.273768034910492 ], [ 112.781764351923798, -7.273777075426493 ], [ 112.781775513504016, -7.273788220602449 ], [ 112.781784567327747, -7.273801131797972 ], [ 112.781791238299064, -7.273815416713051 ], [ 112.781795323723685, -7.273830641307874 ], [ 112.781796699467819, -7.273846342990899 ], [ 112.781795323729881, -7.273862044674461 ], [ 112.781791238310717, -7.27387726927082 ], [ 112.781784567343436, -7.273891554188259 ], [ 112.78177551352185, -7.273904465386677 ], [ 112.781764351941646, -7.273915610565714 ], [ 112.781751421741788, -7.273924651084606 ], [ 112.781737115799942, -7.273931312251631 ], [ 112.781721868795103, -7.273935391670498 ], [ 112.781706144000054, -7.273936765390074 ], [ 112.781690419205006, -7.273935391670498 ], [ 112.781675172200167, -7.273931312251631 ], [ 112.781660866258321, -7.273924651084606 ], [ 112.781647936058448, -7.273915610565714 ], [ 112.781636774478258, -7.273904465386677 ], [ 112.781627720656672, -7.273891554188257 ], [ 112.781621049689392, -7.27387726927082 ], [ 112.781616964270228, -7.273862044674461 ], [ 112.78161558853229, -7.273846342990899 ], [ 112.781616964276424, -7.273830641307873 ], [ 112.781621049701045, -7.273815416713051 ], [ 112.781627720672361, -7.273801131797974 ], [ 112.781636774496093, -7.273788220602449 ], [ 112.781647936076297, -7.273777075426491 ], [ 112.781660866274024, -7.273768034910492 ], [ 112.781675172211806, -7.273761373745822 ], [ 112.781690419211202, -7.273757294328501 ], [ 112.781706144000054, -7.273755920609504 ] ] ] ] } },
{ "type": "Feature", "properties": { "OID_": 0, "Name": "Pertigaan Raya Kenjeran -  Babatan Pantai", "FolderPath": "Data CCTV Usulan + 50 Jalur + Rencana 2026.kmz/Rencana 2026/Surabaya Timur.kmz/Surabaya Timur/Kecamatan Mulyorejo", "Jenis": "Rencana 2026", "SubJenis": "Surabaya Timur", "POINT_X": 112.792481509, "POINT_Y": -7.252317201, "POINT_Z": 0.0, "BUFF_DIST": 10.0, "ORIG_FID": 325 }, "geometry": { "type": "MultiPolygon", "coordinates": [ [ [ [ 112.792481509000027, -7.252226778523858 ], [ 112.79249723304082, -7.252228152244196 ], [ 112.792512479314865, -7.252232231665385 ], [ 112.792526784572104, -7.25223889283636 ], [ 112.792539714154699, -7.252247933360921 ], [ 112.792550875203915, -7.25225907854743 ], [ 112.792559928596944, -7.252271989755181 ], [ 112.792566599250904, -7.252286274683784 ], [ 112.792570684481163, -7.252301499293016 ], [ 112.792572060159841, -7.252317200990906 ], [ 112.792570684487345, -7.252332902689327 ], [ 112.792566599262514, -7.252348127300095 ], [ 112.79255992861259, -7.25236241223105 ], [ 112.792550875221721, -7.252375323441682 ], [ 112.792539714172491, -7.252386468631264 ], [ 112.792526784587764, -7.25239550915871 ], [ 112.79251247932649, -7.252402170332038 ], [ 112.792497233047001, -7.252406249754761 ], [ 112.792481509000027, -7.252407623475597 ], [ 112.792465784953052, -7.252406249754761 ], [ 112.792450538673563, -7.252402170332038 ], [ 112.792436233412289, -7.25239550915871 ], [ 112.792423303827562, -7.252386468631264 ], [ 112.792412142778332, -7.252375323441681 ], [ 112.792403089387463, -7.25236241223105 ], [ 112.792396418737525, -7.252348127300095 ], [ 112.792392333512709, -7.252332902689327 ], [ 112.792390957840198, -7.252317200990906 ], [ 112.792392333518876, -7.252301499293016 ], [ 112.792396418749149, -7.252286274683782 ], [ 112.792403089403109, -7.25227198975518 ], [ 112.792412142796124, -7.252259078547432 ], [ 112.792423303845339, -7.252247933360919 ], [ 112.792436233427935, -7.25223889283636 ], [ 112.792450538685173, -7.252232231665385 ], [ 112.792465784959219, -7.252228152244196 ], [ 112.792481509000027, -7.252226778523858 ] ] ] ] } },
{ "type": "Feature", "properties": { "OID_": 0, "Name": "Pertigaan Raya Mulyosari - Sutorejo Selatan", "FolderPath": "Data CCTV Usulan + 50 Jalur + Rencana 2026.kmz/Rencana 2026/Surabaya Timur.kmz/Surabaya Timur/Kecamatan Mulyorejo", "Jenis": "Rencana 2026", "SubJenis": "Surabaya Timur", "POINT_X": 112.79702498100001, "POINT_Y": -7.271742104, "POINT_Z": 0.0, "BUFF_DIST": 10.0, "ORIG_FID": 326 }, "geometry": { "type": "MultiPolygon", "coordinates": [ [ [ [ 112.79702498100005, -7.271651681601104 ], [ 112.797040705715688, -7.271653055320246 ], [ 112.797055952644087, -7.271657134737948 ], [ 112.797070258515276, -7.271663795903235 ], [ 112.797083188652778, -7.271672836420071 ], [ 112.797094350181013, -7.271683981597062 ], [ 112.797103403962609, -7.271696892793782 ], [ 112.797110074902847, -7.271711177710183 ], [ 112.797114160308453, -7.271726402306415 ], [ 112.797115536046192, -7.271742103990896 ], [ 112.797114160314649, -7.27175780567591 ], [ 112.797110074914514, -7.271773030273682 ], [ 112.797103403978298, -7.271787315192443 ], [ 112.797094350198861, -7.271800226392055 ], [ 112.797083188670612, -7.271811371572126 ], [ 112.797070258530965, -7.271820412091854 ], [ 112.797055952655725, -7.271827073259499 ], [ 112.797040705721884, -7.271831152678741 ], [ 112.79702498100005, -7.271832526398427 ], [ 112.797009256278216, -7.271831152678741 ], [ 112.796994009344374, -7.271827073259499 ], [ 112.796979703469134, -7.271820412091854 ], [ 112.796966773329487, -7.271811371572126 ], [ 112.796955611801238, -7.271800226392055 ], [ 112.796946558021801, -7.271787315192442 ], [ 112.7969398870856, -7.271773030273685 ], [ 112.79693580168545, -7.27175780567591 ], [ 112.796934425953907, -7.271742103990896 ], [ 112.796935801691646, -7.271726402306415 ], [ 112.796939887097253, -7.271711177710185 ], [ 112.79694655803749, -7.271696892793782 ], [ 112.796955611819087, -7.271683981597062 ], [ 112.796966773347322, -7.271672836420071 ], [ 112.796979703484823, -7.271663795903233 ], [ 112.796994009356013, -7.271657134737947 ], [ 112.797009256284412, -7.271653055320246 ], [ 112.79702498100005, -7.271651681601104 ] ] ] ] } },
{ "type": "Feature", "properties": { "OID_": 0, "Name": "Pertigaan Kalisari Timur- Raya Mulyosari", "FolderPath": "Data CCTV Usulan + 50 Jalur + Rencana 2026.kmz/Rencana 2026/Surabaya Timur.kmz/Surabaya Timur/Kecamatan Mulyorejo", "Jenis": "Rencana 2026", "SubJenis": "Surabaya Timur", "POINT_X": 112.79551649699999, "POINT_Y": -7.258156593, "POINT_Z": 0.0, "BUFF_DIST": 10.0, "ORIG_FID": 327 }, "geometry": { "type": "MultiPolygon", "coordinates": [ [ [ [ 112.795516497000108, -7.25806617054712 ], [ 112.795532221243576, -7.258067544267078 ], [ 112.795547467714144, -7.258071623687216 ], [ 112.795561773155768, -7.258078284856484 ], [ 112.795574702905014, -7.258087325378726 ], [ 112.795585864098101, -7.258098470562376 ], [ 112.795594917607815, -7.258111381766813 ], [ 112.795601588347765, -7.258125666691751 ], [ 112.795605673630675, -7.258140891297081 ], [ 112.795607049327089, -7.258156592990941 ], [ 112.795605673636857, -7.258172294685338 ], [ 112.795601588359375, -7.258187519292201 ], [ 112.795594917623475, -7.258201804219494 ], [ 112.795585864115907, -7.258214715426817 ], [ 112.795574702922821, -7.258225860613542 ], [ 112.795561773171428, -7.25823490113867 ], [ 112.795547467725768, -7.258241562310291 ], [ 112.795532221249758, -7.258245641731968 ], [ 112.795516497000108, -7.258247015452479 ], [ 112.795500772750458, -7.258245641731969 ], [ 112.795485526274447, -7.258241562310291 ], [ 112.795471220828802, -7.25823490113867 ], [ 112.795458291077395, -7.258225860613542 ], [ 112.795447129884309, -7.258214715426817 ], [ 112.795438076376755, -7.258201804219494 ], [ 112.795431405640855, -7.258187519292201 ], [ 112.795427320363373, -7.258172294685338 ], [ 112.795425944673141, -7.258156592990941 ], [ 112.795427320369555, -7.258140891297081 ], [ 112.795431405652465, -7.25812566669175 ], [ 112.795438076392415, -7.258111381766813 ], [ 112.795447129902129, -7.258098470562376 ], [ 112.795458291095215, -7.258087325378725 ], [ 112.795471220844462, -7.258078284856484 ], [ 112.795485526286086, -7.258071623687217 ], [ 112.79550077275664, -7.258067544267078 ], [ 112.795516497000108, -7.25806617054712 ] ] ] ] } },
{ "type": "Feature", "properties": { "OID_": 0, "Name": "U TURN Ir Soekarno - MCD Kenjeran", "FolderPath": "Data CCTV Usulan + 50 Jalur + Rencana 2026.kmz/Rencana 2026/Surabaya Timur.kmz/Surabaya Timur/Kecamatan Mulyorejo", "Jenis": "Rencana 2026", "SubJenis": "Surabaya Timur", "POINT_X": 112.78341408, "POINT_Y": -7.252225588, "POINT_Z": 0.0, "BUFF_DIST": 10.0, "ORIG_FID": 328 }, "geometry": { "type": "MultiPolygon", "coordinates": [ [ [ [ 112.783414080000057, -7.252135165523562 ], [ 112.783429804037667, -7.252136539243841 ], [ 112.783445050308643, -7.252140618665045 ], [ 112.783459355562997, -7.252147279836049 ], [ 112.783472285142963, -7.252156320360647 ], [ 112.783483446189933, -7.252167465547202 ], [ 112.783492499581115, -7.252180376755004 ], [ 112.783499170233725, -7.252194661683664 ], [ 112.783503255463174, -7.25220988629296 ], [ 112.783504631141568, -7.25222558799091 ], [ 112.783503255469341, -7.252241289689394 ], [ 112.783499170245349, -7.252256514300224 ], [ 112.783492499596761, -7.252270799231237 ], [ 112.783483446207725, -7.252283710441922 ], [ 112.783472285160755, -7.252294855631548 ], [ 112.783459355578628, -7.252303896159031 ], [ 112.783445050320253, -7.252310557332383 ], [ 112.783429804043863, -7.252314636755125 ], [ 112.783414080000057, -7.252316010476023 ], [ 112.783398355956251, -7.252314636755125 ], [ 112.783383109679846, -7.252310557332383 ], [ 112.783368804421471, -7.252303896159031 ], [ 112.783355874839359, -7.252294855631548 ], [ 112.783344713792374, -7.252283710441922 ], [ 112.783335660403338, -7.252270799231237 ], [ 112.783328989754764, -7.252256514300226 ], [ 112.783324904530758, -7.252241289689396 ], [ 112.783323528858546, -7.25222558799091 ], [ 112.78332490453694, -7.252209886292959 ], [ 112.783328989766375, -7.252194661683662 ], [ 112.783335660418985, -7.252180376755002 ], [ 112.78334471381018, -7.252167465547202 ], [ 112.783355874857136, -7.252156320360647 ], [ 112.783368804437117, -7.252147279836049 ], [ 112.783383109691471, -7.252140618665045 ], [ 112.783398355962433, -7.252136539243841 ], [ 112.783414080000057, -7.252135165523562 ] ] ] ] } },
{ "type": "Feature", "properties": { "OID_": 0, "Name": "U TURN Ir Soekarno - SPBU MERR Kalijudan", "FolderPath": "Data CCTV Usulan + 50 Jalur + Rencana 2026.kmz/Rencana 2026/Surabaya Timur.kmz/Surabaya Timur/Kecamatan Mulyorejo", "Jenis": "Rencana 2026", "SubJenis": "Surabaya Timur", "POINT_X": 112.78232884800001, "POINT_Y": -7.257935614, "POINT_Z": 0.0, "BUFF_DIST": 10.0, "ORIG_FID": 329 }, "geometry": { "type": "MultiPolygon", "coordinates": [ [ [ [ 112.78232884800002, -7.257845191546232 ], [ 112.782344572235814, -7.257846565266204 ], [ 112.78235981869895, -7.257850644686385 ], [ 112.782374124133597, -7.257857305855715 ], [ 112.782387053876533, -7.257866346378044 ], [ 112.782398215064163, -7.257877491561805 ], [ 112.782407268569457, -7.257890402766368 ], [ 112.782413939306139, -7.257904687691442 ], [ 112.782418024587074, -7.257919912296919 ], [ 112.782419400282805, -7.257935613990933 ], [ 112.782418024593255, -7.257951315685482 ], [ 112.782413939317763, -7.257966540292494 ], [ 112.782407268585118, -7.257980825219926 ], [ 112.782398215081969, -7.257993736427373 ], [ 112.782387053894325, -7.258004881614207 ], [ 112.782374124149243, -7.258013922139424 ], [ 112.782359818710574, -7.258020583311109 ], [ 112.782344572241996, -7.258024662732826 ], [ 112.78232884800002, -7.258026036453347 ], [ 112.782313123758044, -7.258024662732826 ], [ 112.78229787728948, -7.258020583311109 ], [ 112.782283571850812, -7.258013922139424 ], [ 112.782270642105715, -7.258004881614207 ], [ 112.782259480918086, -7.257993736427373 ], [ 112.782250427414937, -7.257980825219925 ], [ 112.782243756682291, -7.257966540292494 ], [ 112.782239671406785, -7.257951315685482 ], [ 112.782238295717235, -7.257935613990933 ], [ 112.782239671412967, -7.257919912296919 ], [ 112.782243756693902, -7.257904687691444 ], [ 112.782250427430597, -7.257890402766368 ], [ 112.782259480935878, -7.257877491561805 ], [ 112.782270642123521, -7.257866346378044 ], [ 112.782283571866458, -7.257857305855715 ], [ 112.78229787730109, -7.257850644686385 ], [ 112.782313123764226, -7.257846565266204 ], [ 112.78232884800002, -7.257845191546232 ] ] ] ] } },
{ "type": "Feature", "properties": { "OID_": 0, "Name": "U TURN RAYA MULYOSARI", "FolderPath": "Data CCTV Usulan + 50 Jalur + Rencana 2026.kmz/Rencana 2026/Surabaya Timur.kmz/Surabaya Timur/Kecamatan Mulyorejo", "Jenis": "Rencana 2026", "SubJenis": "Surabaya Timur", "POINT_X": 112.79588749200001, "POINT_Y": -7.265345455, "POINT_Z": 0.0, "BUFF_DIST": 10.0, "ORIG_FID": 330 }, "geometry": { "type": "MultiPolygon", "coordinates": [ [ [ [ 112.79588749200002, -7.26525503257565 ], [ 112.79590321649323, -7.26525640629518 ], [ 112.795918463205936, -7.265260485714029 ], [ 112.795932768874763, -7.26526714688119 ], [ 112.795945698829371, -7.265276187400573 ], [ 112.795956860199738, -7.265287332580702 ], [ 112.795965913853237, -7.265300243781057 ], [ 112.795972584699129, -7.265314528701479 ], [ 112.79597667004694, -7.265329753301997 ], [ 112.79597804576521, -7.265345454990897 ], [ 112.795976670053136, -7.265361156680331 ], [ 112.795972584710768, -7.265376381282385 ], [ 112.795965913868912, -7.265390666205164 ], [ 112.795956860217558, -7.26540357740841 ], [ 112.795945698847206, -7.265414722591615 ], [ 112.795932768890438, -7.265423763113889 ], [ 112.795918463217589, -7.265430424283405 ], [ 112.795903216499411, -7.265434503703794 ], [ 112.79588749200002, -7.265435877423866 ], [ 112.795871767500614, -7.265434503703794 ], [ 112.795856520782451, -7.265430424283405 ], [ 112.795842215109587, -7.265423763113887 ], [ 112.795829285152834, -7.265414722591615 ], [ 112.795818123782482, -7.26540357740841 ], [ 112.795809070131128, -7.265390666205164 ], [ 112.795802399289272, -7.265376381282385 ], [ 112.795798313946889, -7.265361156680331 ], [ 112.79579693823483, -7.265345454990897 ], [ 112.795798313953085, -7.265329753301999 ], [ 112.795802399300896, -7.265314528701481 ], [ 112.795809070146802, -7.265300243781057 ], [ 112.795818123800302, -7.265287332580702 ], [ 112.795829285170655, -7.265276187400573 ], [ 112.795842215125262, -7.26526714688119 ], [ 112.795856520794089, -7.265260485714029 ], [ 112.795871767506796, -7.26525640629518 ], [ 112.79588749200002, -7.26525503257565 ] ] ] ] } },
{ "type": "Feature", "properties": { "OID_": 0, "Name": "U TURN Kertajaya 3", "FolderPath": "Data CCTV Usulan + 50 Jalur + Rencana 2026.kmz/Rencana 2026/Surabaya Timur.kmz/Surabaya Timur/Kecamatan Gubeng", "Jenis": "Rencana 2026", "SubJenis": "Surabaya Timur", "POINT_X": 112.757345409, "POINT_Y": -7.278556497, "POINT_Z": 0.0, "BUFF_DIST": 10.0, "ORIG_FID": 331 }, "geometry": { "type": "MultiPolygon", "coordinates": [ [ [ [ 112.757345409000095, -7.278466074628287 ], [ 112.757361133952926, -7.278467448346979 ], [ 112.757376381111285, -7.278471527763459 ], [ 112.757390687198253, -7.278478188926743 ], [ 112.757403617530784, -7.278487229440864 ], [ 112.757414779227389, -7.278498374614512 ], [ 112.757423833145538, -7.278511285807355 ], [ 112.757430504186416, -7.278525570719469 ], [ 112.757434589653641, -7.278540795311133 ], [ 112.757435965412114, -7.278556496990901 ], [ 112.757434589659837, -7.278572198671204 ], [ 112.757430504198069, -7.278587423264408 ], [ 112.757423833161226, -7.278601708178883 ], [ 112.757414779245252, -7.278614619374622 ], [ 112.757403617548647, -7.27862576455135 ], [ 112.757390687213956, -7.278634805068368 ], [ 112.757376381122938, -7.278641466234014 ], [ 112.757361133959122, -7.278645545652032 ], [ 112.757345409000095, -7.278646919371344 ], [ 112.757329684041068, -7.278645545652034 ], [ 112.757314436877266, -7.278641466234014 ], [ 112.757300130786248, -7.278634805068368 ], [ 112.757287200451543, -7.27862576455135 ], [ 112.757276038754952, -7.278614619374622 ], [ 112.757266984838978, -7.278601708178883 ], [ 112.757260313802135, -7.278587423264408 ], [ 112.757256228340367, -7.278572198671204 ], [ 112.75725485258809, -7.278556496990901 ], [ 112.757256228346563, -7.278540795311133 ], [ 112.757260313813788, -7.278525570719469 ], [ 112.757266984854667, -7.278511285807355 ], [ 112.757276038772815, -7.278498374614512 ], [ 112.757287200469406, -7.278487229440864 ], [ 112.757300130801951, -7.278478188926743 ], [ 112.757314436888919, -7.278471527763459 ], [ 112.757329684047278, -7.278467448346981 ], [ 112.757345409000095, -7.278466074628287 ] ] ] ] } },
{ "type": "Feature", "properties": { "OID_": 0, "Name": "U TURN Kertajaya 4", "FolderPath": "Data CCTV Usulan + 50 Jalur + Rencana 2026.kmz/Rencana 2026/Surabaya Timur.kmz/Surabaya Timur/Kecamatan Gubeng", "Jenis": "Rencana 2026", "SubJenis": "Surabaya Timur", "POINT_X": 112.760985058, "POINT_Y": -7.279162673, "POINT_Z": 0.0, "BUFF_DIST": 10.0, "ORIG_FID": 332 }, "geometry": { "type": "MultiPolygon", "coordinates": [ [ [ [ 112.760985058000074, -7.279072250630659 ], [ 112.761000782973994, -7.279073624349381 ], [ 112.761016030152831, -7.27907770376575 ], [ 112.761030336259012, -7.279084364928857 ], [ 112.761043266608894, -7.279093405442738 ], [ 112.761054428320477, -7.279104550616085 ], [ 112.761063482250776, -7.279117461808585 ], [ 112.761070153300608, -7.279131746720316 ], [ 112.761074238773332, -7.279146971311572 ], [ 112.761075614533652, -7.279162672990922 ], [ 112.761074238779528, -7.279178374670806 ], [ 112.761070153312261, -7.279193599263604 ], [ 112.761063482266493, -7.279207884177697 ], [ 112.76105442833834, -7.279220795373093 ], [ 112.761043266626757, -7.279231940549521 ], [ 112.761030336274715, -7.279240981066298 ], [ 112.761016030164484, -7.279247642231765 ], [ 112.761000782980204, -7.279251721649675 ], [ 112.760985058000074, -7.279253095368886 ], [ 112.760969333019929, -7.279251721649675 ], [ 112.76095408583565, -7.279247642231765 ], [ 112.760939779725433, -7.279240981066298 ], [ 112.760926849373377, -7.279231940549521 ], [ 112.760915687661793, -7.279220795373093 ], [ 112.760906633733654, -7.279207884177699 ], [ 112.760899962687873, -7.279193599263604 ], [ 112.760895877220619, -7.279178374670806 ], [ 112.760894501466481, -7.279162672990922 ], [ 112.760895877226815, -7.279146971311572 ], [ 112.760899962699526, -7.279131746720317 ], [ 112.760906633749357, -7.279117461808585 ], [ 112.760915687679656, -7.279104550616085 ], [ 112.76092684939124, -7.279093405442738 ], [ 112.760939779741122, -7.279084364928855 ], [ 112.760954085847303, -7.279077703765748 ], [ 112.760969333026139, -7.279073624349381 ], [ 112.760985058000074, -7.279072250630659 ] ] ] ] } },
{ "type": "Feature", "properties": { "OID_": 0, "Name": "Perempatan Ngagel Madya - Ngagel Jaya Selatan", "FolderPath": "Data CCTV Usulan + 50 Jalur + Rencana 2026.kmz/Rencana 2026/Surabaya Timur.kmz/Surabaya Timur/Kecamatan Gubeng", "Jenis": "Rencana 2026", "SubJenis": "Surabaya Timur", "POINT_X": 112.759991153, "POINT_Y": -7.293655852, "POINT_Z": 0.0, "BUFF_DIST": 10.0, "ORIG_FID": 333 }, "geometry": { "type": "MultiPolygon", "coordinates": [ [ [ [ 112.759991153000101, -7.293565429688452 ], [ 112.760006878479274, -7.293566803406294 ], [ 112.760022126148002, -7.293570882820054 ], [ 112.760036432713832, -7.293577543978902 ], [ 112.760049363479197, -7.293586584487 ], [ 112.760060525549406, -7.293597729653221 ], [ 112.760069579770601, -7.293610640837466 ], [ 112.760076251034789, -7.293624925740065 ], [ 112.760080336638779, -7.293640150321589 ], [ 112.760081712443309, -7.293655851990901 ], [ 112.76008033664499, -7.29367155366075 ], [ 112.760076251046456, -7.293686778243818 ], [ 112.760069579786347, -7.293701063148783 ], [ 112.760060525567283, -7.29371397433593 ], [ 112.760049363497075, -7.293725119505237 ], [ 112.760036432729578, -7.293734160016239 ], [ 112.760022126159683, -7.293740821177451 ], [ 112.760006878485498, -7.293744900592754 ], [ 112.759991153000101, -7.293746274311087 ], [ 112.759975427514703, -7.293744900592756 ], [ 112.759960179840505, -7.293740821177451 ], [ 112.759945873270624, -7.293734160016239 ], [ 112.759932942503113, -7.293725119505237 ], [ 112.759921780432904, -7.29371397433593 ], [ 112.759912726213855, -7.293701063148783 ], [ 112.759906054953731, -7.293686778243818 ], [ 112.759901969355198, -7.29367155366075 ], [ 112.759900593556878, -7.293655851990901 ], [ 112.759901969361408, -7.293640150321589 ], [ 112.759906054965413, -7.293624925740064 ], [ 112.759912726229587, -7.293610640837466 ], [ 112.759921780450796, -7.293597729653222 ], [ 112.759932942521004, -7.293586584487 ], [ 112.759945873286355, -7.293577543978902 ], [ 112.759960179852186, -7.293570882820053 ], [ 112.759975427520928, -7.293566803406294 ], [ 112.759991153000101, -7.293565429688452 ] ] ] ] } },
{ "type": "Feature", "properties": { "OID_": 0, "Name": "U TURN Pucang Anom Timur - Pkm Pucang", "FolderPath": "Data CCTV Usulan + 50 Jalur + Rencana 2026.kmz/Rencana 2026/Surabaya Timur.kmz/Surabaya Timur/Kecamatan Gubeng", "Jenis": "Rencana 2026", "SubJenis": "Surabaya Timur", "POINT_X": 112.75580932299999, "POINT_Y": -7.28611686, "POINT_Z": 0.0, "BUFF_DIST": 10.0, "ORIG_FID": 334 }, "geometry": { "type": "MultiPolygon", "coordinates": [ [ [ [ 112.755809323000108, -7.286026437658378 ], [ 112.755825048216337, -7.286027811376637 ], [ 112.755840295630122, -7.286031890791754 ], [ 112.755854601956727, -7.286038551952818 ], [ 112.755867532505874, -7.286047592463929 ], [ 112.755878694389423, -7.286058737633856 ], [ 112.75588774845923, -7.286071648822398 ], [ 112.755894419611863, -7.286085933729749 ], [ 112.755898505147528, -7.286101158316338 ], [ 112.755899880929064, -7.286116859990875 ], [ 112.755898505153738, -7.286132561665945 ], [ 112.75589441962353, -7.286147786254077 ], [ 112.755887748474962, -7.286162071163793 ], [ 112.755878694407301, -7.286174982355233 ], [ 112.755867532523737, -7.286186127528246 ], [ 112.755854601972459, -7.286195168042255 ], [ 112.755840295641789, -7.286201829205681 ], [ 112.755825048222547, -7.286205908622342 ], [ 112.755809323000108, -7.286207282341169 ], [ 112.755793597777668, -7.286205908622342 ], [ 112.755778350358426, -7.286201829205681 ], [ 112.755764044027771, -7.286195168042253 ], [ 112.755751113476478, -7.286186127528246 ], [ 112.755739951592915, -7.286174982355233 ], [ 112.755730897525254, -7.286162071163793 ], [ 112.755724226376685, -7.286147786254078 ], [ 112.755720140846478, -7.286132561665945 ], [ 112.755718765071151, -7.286116859990875 ], [ 112.755720140852688, -7.286101158316337 ], [ 112.755724226388352, -7.286085933729749 ], [ 112.755730897540985, -7.286071648822398 ], [ 112.755739951610792, -7.286058737633858 ], [ 112.755751113494355, -7.286047592463926 ], [ 112.755764044043488, -7.286038551952818 ], [ 112.755778350370093, -7.286031890791754 ], [ 112.755793597783878, -7.286027811376637 ], [ 112.755809323000108, -7.286026437658378 ] ] ] ] } },
{ "type": "Feature", "properties": { "OID_": 0, "Name": "U TURN Ngagel Jaya", "FolderPath": "Data CCTV Usulan + 50 Jalur + Rencana 2026.kmz/Rencana 2026/Surabaya Timur.kmz/Surabaya Timur/Kecamatan Gubeng", "Jenis": "Rencana 2026", "SubJenis": "Surabaya Timur", "POINT_X": 112.75578790900001, "POINT_Y": -7.290525069, "POINT_Z": 0.0, "BUFF_DIST": 10.0, "ORIG_FID": 335 }, "geometry": { "type": "MultiPolygon", "coordinates": [ [ [ [ 112.755787909000105, -7.290434646675961 ], [ 112.755803634370039, -7.290436020393969 ], [ 112.755818881932868, -7.290440099808294 ], [ 112.755833188399322, -7.290446760968061 ], [ 112.75584611907486, -7.290455801477411 ], [ 112.755857281067534, -7.290466946645174 ], [ 112.755866335225861, -7.290479857831202 ], [ 112.755873006443693, -7.290494142735775 ], [ 112.755877092019304, -7.290509367319403 ], [ 112.755878467814284, -7.290525068990886 ], [ 112.755877092025514, -7.290540770662905 ], [ 112.75587300645536, -7.290555995248076 ], [ 112.755866335241578, -7.290570280155015 ], [ 112.755857281085426, -7.290583191343945 ], [ 112.755846119092752, -7.290594336514792 ], [ 112.755833188415053, -7.290603377027041 ], [ 112.755818881944535, -7.290610038189175 ], [ 112.755803634376264, -7.29061411760504 ], [ 112.755787909000105, -7.290615491323583 ], [ 112.755772183623932, -7.290614117605041 ], [ 112.755756936055661, -7.290610038189175 ], [ 112.755742629585143, -7.290603377027041 ], [ 112.755729698907459, -7.290594336514792 ], [ 112.75571853691477, -7.290583191343945 ], [ 112.755709482758618, -7.290570280155014 ], [ 112.755702811544836, -7.290555995248076 ], [ 112.755698725974696, -7.290540770662905 ], [ 112.755697350185912, -7.290525068990886 ], [ 112.755698725980906, -7.290509367319403 ], [ 112.755702811556517, -7.290494142735775 ], [ 112.75570948277435, -7.290479857831202 ], [ 112.755718536932662, -7.290466946645174 ], [ 112.755729698925336, -7.290455801477411 ], [ 112.755742629600874, -7.290446760968061 ], [ 112.755756936067343, -7.290440099808293 ], [ 112.755772183630157, -7.290436020393969 ], [ 112.755787909000105, -7.290434646675961 ] ] ] ] } },
{ "type": "Feature", "properties": { "OID_": 0, "Name": "U TURN Dharma Husada Indah 2", "FolderPath": "Data CCTV Usulan + 50 Jalur + Rencana 2026.kmz/Rencana 2026/Surabaya Timur.kmz/Surabaya Timur/Kecamatan Gubeng", "Jenis": "Rencana 2026", "SubJenis": "Surabaya Timur", "POINT_X": 112.773503934, "POINT_Y": -7.272091519, "POINT_Z": 0.0, "BUFF_DIST": 10.0, "ORIG_FID": 336 }, "geometry": { "type": "MultiPolygon", "coordinates": [ [ [ [ 112.773503934000018, -7.272001096602479 ], [ 112.773519658727821, -7.272002470321633 ], [ 112.773534905668001, -7.27200654973927 ], [ 112.773549211550247, -7.272013210904455 ], [ 112.773562141697752, -7.272022251421152 ], [ 112.773573303234613, -7.272033396597972 ], [ 112.773582357023201, -7.272046307794494 ], [ 112.773589027968612, -7.272060592710677 ], [ 112.773593113377373, -7.272075817306672 ], [ 112.773594489116164, -7.272091518990912 ], [ 112.773593113383569, -7.272107220675685 ], [ 112.77358902798025, -7.272122445273222 ], [ 112.77358235703889, -7.272136730191765 ], [ 112.773573303252462, -7.272149641391176 ], [ 112.773562141715587, -7.272160786571075 ], [ 112.773549211565935, -7.272169827090667 ], [ 112.773534905679654, -7.272176488258208 ], [ 112.773519658734017, -7.272180567677387 ], [ 112.773503934000018, -7.272181941397021 ], [ 112.77348820926602, -7.272180567677388 ], [ 112.773472962320398, -7.272176488258208 ], [ 112.773458656434116, -7.272169827090667 ], [ 112.773445726284464, -7.272160786571075 ], [ 112.773434564747575, -7.272149641391176 ], [ 112.773425510961161, -7.272136730191764 ], [ 112.773418840019787, -7.272122445273224 ], [ 112.773414754616482, -7.272107220675685 ], [ 112.773413378883888, -7.272091518990912 ], [ 112.773414754622678, -7.272075817306672 ], [ 112.773418840031439, -7.272060592710675 ], [ 112.77342551097685, -7.272046307794494 ], [ 112.773434564765424, -7.272033396597972 ], [ 112.773445726302299, -7.272022251421152 ], [ 112.773458656449804, -7.272013210904455 ], [ 112.773472962332036, -7.272006549739269 ], [ 112.773488209272216, -7.272002470321633 ], [ 112.773503934000018, -7.272001096602479 ] ] ] ] } },
{ "type": "Feature", "properties": { "OID_": 0, "Name": "Pertigaan Kertajaya Indah - Dharma Husada Indah", "FolderPath": "Data CCTV Usulan + 50 Jalur + Rencana 2026.kmz/Rencana 2026/Surabaya Timur.kmz/Surabaya Timur/Kecamatan Gubeng", "Jenis": "Rencana 2026", "SubJenis": "Surabaya Timur", "POINT_X": 112.772361145, "POINT_Y": -7.280394731, "POINT_Z": 0.0, "BUFF_DIST": 10.0, "ORIG_FID": 337 }, "geometry": { "type": "MultiPolygon", "coordinates": [ [ [ [ 112.772361145000104, -7.280304308635585 ], [ 112.772376870016942, -7.280305682354184 ], [ 112.772392117237388, -7.28030976177033 ], [ 112.772406423382591, -7.280316422933077 ], [ 112.772419353767788, -7.280325463446466 ], [ 112.772430515509811, -7.280336608619207 ], [ 112.772439569464822, -7.280349519811008 ], [ 112.772446240532858, -7.280363804721962 ], [ 112.772450326016724, -7.280379029312395 ], [ 112.77245170178081, -7.280394730990889 ], [ 112.77245032602292, -7.280410432669923 ], [ 112.772446240544525, -7.280425657261893 ], [ 112.772439569480525, -7.28043994217521 ], [ 112.772430515527674, -7.280452853369907 ], [ 112.772419353785651, -7.280463998545729 ], [ 112.772406423398309, -7.280473039062017 ], [ 112.772392117249055, -7.280479700227125 ], [ 112.772376870023152, -7.280483779644813 ], [ 112.772361145000104, -7.28048515336399 ], [ 112.772345419977057, -7.280483779644813 ], [ 112.772330172751168, -7.280479700227125 ], [ 112.7723158666019, -7.280473039062016 ], [ 112.772302936214558, -7.280463998545729 ], [ 112.772291774472535, -7.280452853369907 ], [ 112.772282720519684, -7.28043994217521 ], [ 112.772276049455684, -7.280425657261893 ], [ 112.772271963977289, -7.280410432669923 ], [ 112.772270588219399, -7.280394730990889 ], [ 112.772271963983485, -7.280379029312393 ], [ 112.772276049467351, -7.280363804721962 ], [ 112.772282720535387, -7.280349519811008 ], [ 112.772291774490398, -7.280336608619207 ], [ 112.772302936232421, -7.280325463446466 ], [ 112.772315866617618, -7.280316422933077 ], [ 112.772330172762821, -7.28030976177033 ], [ 112.772345419983267, -7.280305682354184 ], [ 112.772361145000104, -7.280304308635585 ] ] ] ] } },
{ "type": "Feature", "properties": { "OID_": 0, "Name": "U TURN Dharma Husada Indah 1", "FolderPath": "Data CCTV Usulan + 50 Jalur + Rencana 2026.kmz/Rencana 2026/Surabaya Timur.kmz/Surabaya Timur/Kecamatan Gubeng", "Jenis": "Rencana 2026", "SubJenis": "Surabaya Timur", "POINT_X": 112.77295870499999, "POINT_Y": -7.274768317, "POINT_Z": 0.0, "BUFF_DIST": 10.0, "ORIG_FID": 338 }, "geometry": { "type": "MultiPolygon", "coordinates": [ [ [ [ 112.772958705000065, -7.27467789461312 ], [ 112.772974429821005, -7.274679268332105 ], [ 112.772989676851509, -7.274683347749265 ], [ 112.773003982818494, -7.274690008913663 ], [ 112.773016913042596, -7.274699049429294 ], [ 112.77302807464558, -7.274710194604798 ], [ 112.773037128487786, -7.274723105799797 ], [ 112.773043799472717, -7.274737390714297 ], [ 112.773047884905679, -7.2747526153085 ], [ 112.773049260652613, -7.274768316990888 ], [ 112.773047884911875, -7.274784018673811 ], [ 112.77304379948437, -7.274799243269557 ], [ 112.773037128503489, -7.274813528186414 ], [ 112.773028074663429, -7.274826439384307 ], [ 112.773016913060445, -7.274837584562893 ], [ 112.773003982834197, -7.274846625081419 ], [ 112.772989676863162, -7.274853286248174 ], [ 112.772974429827201, -7.274857365666874 ], [ 112.772958705000065, -7.27485873938635 ], [ 112.772942980172928, -7.274857365666874 ], [ 112.772927733136981, -7.274853286248174 ], [ 112.772913427165946, -7.274846625081418 ], [ 112.772900496939698, -7.274837584562893 ], [ 112.772889335336714, -7.274826439384307 ], [ 112.772880281496654, -7.274813528186412 ], [ 112.772873610515774, -7.274799243269557 ], [ 112.772869525088254, -7.274784018673811 ], [ 112.772868149347516, -7.274768316990888 ], [ 112.77286952509445, -7.274752615308499 ], [ 112.772873610527427, -7.274737390714296 ], [ 112.772880281512357, -7.274723105799797 ], [ 112.772889335354563, -7.274710194604798 ], [ 112.772900496957547, -7.274699049429294 ], [ 112.772913427181649, -7.274690008913661 ], [ 112.772927733148634, -7.274683347749265 ], [ 112.772942980179124, -7.274679268332105 ], [ 112.772958705000065, -7.27467789461312 ] ] ] ] } },
{ "type": "Feature", "properties": { "OID_": 0, "Name": "U TURN Manyar Kertoarjo 2", "FolderPath": "Data CCTV Usulan + 50 Jalur + Rencana 2026.kmz/Rencana 2026/Surabaya Timur.kmz/Surabaya Timur/Kecamatan Gubeng", "Jenis": "Rencana 2026", "SubJenis": "Surabaya Timur", "POINT_X": 112.766415255, "POINT_Y": -7.279935022, "POINT_Z": 0.0, "BUFF_DIST": 10.0, "ORIG_FID": 339 }, "geometry": { "type": "MultiPolygon", "coordinates": [ [ [ [ 112.766415255000084, -7.279844599633739 ], [ 112.766430980000919, -7.279845973352399 ], [ 112.766446227205833, -7.279850052768626 ], [ 112.766460533336485, -7.279856713931508 ], [ 112.766473463708493, -7.27986575444508 ], [ 112.766484625439148, -7.279876899618048 ], [ 112.766493679384951, -7.27988981081011 ], [ 112.766500350446194, -7.279904095721355 ], [ 112.766504435925896, -7.279919320312094 ], [ 112.766505811688575, -7.279935021990908 ], [ 112.766504435932092, -7.279950723670259 ], [ 112.766500350457846, -7.279965948262537 ], [ 112.766493679400639, -7.279980233176144 ], [ 112.766484625457011, -7.279993144371102 ], [ 112.766473463726356, -7.28000428954715 ], [ 112.766460533352173, -7.280013330063621 ], [ 112.766446227217486, -7.280019991228862 ], [ 112.766430980007115, -7.280024070646633 ], [ 112.766415255000084, -7.280025444365807 ], [ 112.766399529993052, -7.280024070646633 ], [ 112.766384282782681, -7.280019991228862 ], [ 112.766369976647994, -7.280013330063621 ], [ 112.766357046273811, -7.28000428954715 ], [ 112.766345884543156, -7.279993144371102 ], [ 112.766336830599528, -7.279980233176144 ], [ 112.766330159542321, -7.279965948262537 ], [ 112.766326074068076, -7.279950723670259 ], [ 112.766324698311593, -7.279935021990908 ], [ 112.766326074074271, -7.279919320312092 ], [ 112.766330159553974, -7.279904095721355 ], [ 112.766336830615217, -7.27988981081011 ], [ 112.766345884561019, -7.279876899618048 ], [ 112.766357046291674, -7.27986575444508 ], [ 112.766369976663682, -7.279856713931506 ], [ 112.766384282794334, -7.279850052768626 ], [ 112.766399529999248, -7.279845973352399 ], [ 112.766415255000084, -7.279844599633739 ] ] ] ] } },
{ "type": "Feature", "properties": { "OID_": 0, "Name": "U TURN Manyar Kertoarjo 1", "FolderPath": "Data CCTV Usulan + 50 Jalur + Rencana 2026.kmz/Rencana 2026/Surabaya Timur.kmz/Surabaya Timur/Kecamatan Gubeng", "Jenis": "Rencana 2026", "SubJenis": "Surabaya Timur", "POINT_X": 112.769870185, "POINT_Y": -7.280324737, "POINT_Z": 0.0, "BUFF_DIST": 10.0, "ORIG_FID": 340 }, "geometry": { "type": "MultiPolygon", "coordinates": [ [ [ [ 112.769870185000059, -7.280234314635313 ], [ 112.769885910014466, -7.280235688353907 ], [ 112.769901157232539, -7.280239767770065 ], [ 112.76991546337554, -7.280246428932832 ], [ 112.769928393758704, -7.28025546944625 ], [ 112.769939555499008, -7.280266614619028 ], [ 112.769948609452612, -7.280279525810864 ], [ 112.769955280519611, -7.280293810721866 ], [ 112.769959366002851, -7.280309035312343 ], [ 112.76996074176671, -7.280324736990888 ], [ 112.769959366009047, -7.280340438669969 ], [ 112.769955280531278, -7.280355663261984 ], [ 112.769948609468329, -7.280369948175349 ], [ 112.769939555516871, -7.280382859370083 ], [ 112.769928393776567, -7.280394004545941 ], [ 112.769915463391229, -7.280403045062257 ], [ 112.769901157244192, -7.280409706227384 ], [ 112.769885910020662, -7.280413785645083 ], [ 112.769870185000059, -7.280415159364283 ], [ 112.769854459979456, -7.280413785645083 ], [ 112.769839212755926, -7.280409706227384 ], [ 112.769824906608875, -7.280403045062257 ], [ 112.769811976223551, -7.280394004545941 ], [ 112.769800814483247, -7.280382859370082 ], [ 112.769791760531788, -7.280369948175349 ], [ 112.76978508946884, -7.280355663261984 ], [ 112.769781003991071, -7.280340438669969 ], [ 112.769779628233394, -7.280324736990888 ], [ 112.769781003997267, -7.280309035312343 ], [ 112.769785089480493, -7.280293810721866 ], [ 112.769791760547506, -7.280279525810866 ], [ 112.769800814501096, -7.280266614619028 ], [ 112.769811976241414, -7.28025546944625 ], [ 112.769824906624578, -7.280246428932832 ], [ 112.769839212767579, -7.280239767770065 ], [ 112.769854459985652, -7.280235688353907 ], [ 112.769870185000059, -7.280234314635313 ] ] ] ] } },
{ "type": "Feature", "properties": { "OID_": 0, "Name": "U TURN RAYA MANYAR 2", "FolderPath": "Data CCTV Usulan + 50 Jalur + Rencana 2026.kmz/Rencana 2026/Surabaya Timur.kmz/Surabaya Timur/Kecamatan Gubeng", "Jenis": "Rencana 2026", "SubJenis": "Surabaya Timur", "POINT_X": 112.762605941, "POINT_Y": -7.29130117, "POINT_Z": 0.0, "BUFF_DIST": 10.0, "ORIG_FID": 341 }, "geometry": { "type": "MultiPolygon", "coordinates": [ [ [ [ 112.762605941000061, -7.29121074767902 ], [ 112.762621666397067, -7.291212121397007 ], [ 112.762636913986142, -7.29121620081119 ], [ 112.762651220477224, -7.29122286197073 ], [ 112.762664151175031, -7.291231902479771 ], [ 112.762675313186918, -7.291243047647151 ], [ 112.762684367360833, -7.291255958832736 ], [ 112.762691038590148, -7.29127024373682 ], [ 112.762695124172794, -7.291285468319928 ], [ 112.762696499970147, -7.291301169990873 ], [ 112.762695124179004, -7.291316871662351 ], [ 112.76269103860183, -7.291332096247003 ], [ 112.762684367376551, -7.291346381153452 ], [ 112.762675313204809, -7.291359292341939 ], [ 112.762664151192908, -7.291370437512405 ], [ 112.76265122049297, -7.291379478024346 ], [ 112.762636913997824, -7.29138613918625 ], [ 112.762621666403291, -7.291390218601978 ], [ 112.762605941000061, -7.29139159232045 ], [ 112.762590215596816, -7.291390218601978 ], [ 112.762574968002284, -7.29138613918625 ], [ 112.762560661507152, -7.291379478024348 ], [ 112.762547730807199, -7.291370437512405 ], [ 112.762536568795298, -7.291359292341938 ], [ 112.762527514623557, -7.291346381153452 ], [ 112.762520843398278, -7.291332096247003 ], [ 112.762516757821103, -7.291316871662351 ], [ 112.76251538202996, -7.291301169990873 ], [ 112.762516757827314, -7.291285468319928 ], [ 112.762520843409959, -7.29127024373682 ], [ 112.762527514639274, -7.291255958832736 ], [ 112.762536568813189, -7.291243047647149 ], [ 112.762547730825077, -7.291231902479771 ], [ 112.762560661522883, -7.29122286197073 ], [ 112.762574968013965, -7.29121620081119 ], [ 112.762590215603041, -7.291212121397007 ], [ 112.762605941000061, -7.29121074767902 ] ] ] ] } },
{ "type": "Feature", "properties": { "OID_": 0, "Name": "Pertigaan Menur Pumpungan - Manyar Kartika", "FolderPath": "Data CCTV Usulan + 50 Jalur + Rencana 2026.kmz/Rencana 2026/Surabaya Timur.kmz/Surabaya Timur/Kecamatan Gubeng", "Jenis": "Rencana 2026", "SubJenis": "Surabaya Timur", "POINT_X": 112.766179419, "POINT_Y": -7.288452638, "POINT_Z": 0.0, "BUFF_DIST": 10.0, "ORIG_FID": 342 }, "geometry": { "type": "MultiPolygon", "coordinates": [ [ [ [ 112.766179419000082, -7.288362215667695 ], [ 112.76619514429774, -7.288363589385844 ], [ 112.76621039179048, -7.288367668800541 ], [ 112.766224698191195, -7.288374329960917 ], [ 112.766237628807289, -7.288383370471094 ], [ 112.766248790748662, -7.288394515639875 ], [ 112.766257844865365, -7.288407426827086 ], [ 112.76626451605253, -7.288421711732965 ], [ 112.766268601609369, -7.288436936317984 ], [ 112.766269977398011, -7.288452637990903 ], [ 112.766268601615579, -7.288468339664356 ], [ 112.766264516064211, -7.28848356425092 ], [ 112.766257844881082, -7.288497849159165 ], [ 112.766248790766525, -7.288510760349274 ], [ 112.766237628825166, -7.288521905521139 ], [ 112.766224698206912, -7.288530946034216 ], [ 112.766210391802161, -7.288537607196959 ], [ 112.76619514430395, -7.288541686613198 ], [ 112.766179419000082, -7.288543060331853 ], [ 112.7661636936962, -7.288541686613198 ], [ 112.766148446198002, -7.288537607196959 ], [ 112.766134139793238, -7.288530946034217 ], [ 112.766121209174997, -7.288521905521139 ], [ 112.766110047233624, -7.288510760349274 ], [ 112.766100993119068, -7.288497849159165 ], [ 112.766094321935938, -7.288483564250922 ], [ 112.766090236384585, -7.288468339664356 ], [ 112.766088860602139, -7.288452637990903 ], [ 112.766090236390781, -7.288436936317984 ], [ 112.76609432194762, -7.288421711732965 ], [ 112.766100993134799, -7.288407426827084 ], [ 112.766110047251502, -7.288394515639877 ], [ 112.76612120919286, -7.288383370471094 ], [ 112.766134139808969, -7.288374329960917 ], [ 112.766148446209669, -7.288367668800539 ], [ 112.76616369370241, -7.288363589385844 ], [ 112.766179419000082, -7.288362215667695 ] ] ] ] } },
{ "type": "Feature", "properties": { "OID_": 0, "Name": "U TURN MANYAR 1", "FolderPath": "Data CCTV Usulan + 50 Jalur + Rencana 2026.kmz/Rencana 2026/Surabaya Timur.kmz/Surabaya Timur/Kecamatan Gubeng", "Jenis": "Rencana 2026", "SubJenis": "Surabaya Timur", "POINT_X": 112.762057458, "POINT_Y": -7.298308612, "POINT_Z": 0.0, "BUFF_DIST": 10.0, "ORIG_FID": 343 }, "geometry": { "type": "MultiPolygon", "coordinates": [ [ [ [ 112.762057458000072, -7.298218189707068 ], [ 112.762073183641675, -7.298219563424587 ], [ 112.762088431467888, -7.298223642837509 ], [ 112.762102738181483, -7.298230303994986 ], [ 112.762115669080387, -7.298239344501226 ], [ 112.762126831265888, -7.298250489665158 ], [ 112.762135885580605, -7.298263400846746 ], [ 112.762142556913702, -7.298277685746412 ], [ 112.762146642559884, -7.298292910324807 ], [ 112.762148018378639, -7.298308611990892 ], [ 112.762146642566108, -7.298324313657517 ], [ 112.762142556925383, -7.298339538237457 ], [ 112.762135885596351, -7.298353823139489 ], [ 112.762126831283794, -7.29836673432398 ], [ 112.762115669098293, -7.298377879491 ], [ 112.762102738197228, -7.298386920000147 ], [ 112.762088431479569, -7.298393581159992 ], [ 112.7620731836479, -7.298397660574457 ], [ 112.762057458000072, -7.298399034292546 ], [ 112.762041732352259, -7.298397660574457 ], [ 112.762026484520575, -7.298393581159992 ], [ 112.76201217780293, -7.298386920000147 ], [ 112.761999246901851, -7.298377879491 ], [ 112.76198808471635, -7.29836673432398 ], [ 112.761979030403793, -7.298353823139489 ], [ 112.761972359074775, -7.298339538237457 ], [ 112.76196827343405, -7.298324313657517 ], [ 112.761966897621519, -7.298308611990892 ], [ 112.76196827344026, -7.298292910324805 ], [ 112.761972359086442, -7.298277685746412 ], [ 112.761979030419539, -7.298263400846746 ], [ 112.76198808473427, -7.298250489665158 ], [ 112.761999246919771, -7.298239344501226 ], [ 112.762012177818661, -7.298230303994984 ], [ 112.762026484532271, -7.298223642837508 ], [ 112.762041732358469, -7.298219563424587 ], [ 112.762057458000072, -7.298218189707068 ] ] ] ] } },
{ "type": "Feature", "properties": { "OID_": 0, "Name": "Perempatan Biliton - Jawa", "FolderPath": "Data CCTV Usulan + 50 Jalur + Rencana 2026.kmz/Rencana 2026/Surabaya Timur.kmz/Surabaya Timur/Kecamatan Gubeng", "Jenis": "Rencana 2026", "SubJenis": "Surabaya Timur", "POINT_X": 112.74980984, "POINT_Y": -7.273735212, "POINT_Z": 0.0, "BUFF_DIST": 10.0, "ORIG_FID": 344 }, "geometry": { "type": "MultiPolygon", "coordinates": [ [ [ [ 112.749809840000012, -7.273644789609052 ], [ 112.749825564784999, -7.273646163328081 ], [ 112.749840811780643, -7.273650242745425 ], [ 112.749855117714915, -7.273656903910125 ], [ 112.749868047909459, -7.273665944426169 ], [ 112.74987920948692, -7.273677089602183 ], [ 112.749888263308421, -7.273690000797769 ], [ 112.749894934278103, -7.273704285712917 ], [ 112.749899019701715, -7.273719510307811 ], [ 112.749900395445522, -7.273735211990915 ], [ 112.749899019707911, -7.273750913674554 ], [ 112.749894934289756, -7.273766138270988 ], [ 112.74988826332411, -7.273780423188496 ], [ 112.749879209504755, -7.273793334386978 ], [ 112.749868047927293, -7.27380447956607 ], [ 112.749855117730618, -7.273813520085008 ], [ 112.749840811792282, -7.273820181252066 ], [ 112.749825564791195, -7.273824260670948 ], [ 112.749809840000012, -7.273825634390508 ], [ 112.749794115208829, -7.27382426067095 ], [ 112.749778868207756, -7.273820181252066 ], [ 112.749764562269419, -7.273813520085008 ], [ 112.749751632072744, -7.27380447956607 ], [ 112.749740470495283, -7.273793334386978 ], [ 112.749731416675914, -7.273780423188496 ], [ 112.749724745710282, -7.27376613827099 ], [ 112.749720660292112, -7.273750913674554 ], [ 112.749719284554516, -7.273735211990915 ], [ 112.749720660298308, -7.273719510307813 ], [ 112.749724745721934, -7.273704285712917 ], [ 112.749731416691603, -7.273690000797769 ], [ 112.749740470513117, -7.273677089602183 ], [ 112.749751632090579, -7.273665944426169 ], [ 112.749764562285108, -7.273656903910127 ], [ 112.749778868219394, -7.273650242745425 ], [ 112.749794115215025, -7.273646163328081 ], [ 112.749809840000012, -7.273644789609052 ] ] ] ] } },
{ "type": "Feature", "properties": { "OID_": 0, "Name": "Perempatan Biliton -  Kalimantan", "FolderPath": "Data CCTV Usulan + 50 Jalur + Rencana 2026.kmz/Rencana 2026/Surabaya Timur.kmz/Surabaya Timur/Kecamatan Gubeng", "Jenis": "Rencana 2026", "SubJenis": "Surabaya Timur", "POINT_X": 112.750379874, "POINT_Y": -7.27138705, "POINT_Z": 0.0, "BUFF_DIST": 10.0, "ORIG_FID": 345 }, "geometry": { "type": "MultiPolygon", "coordinates": [ [ [ [ 112.750379874000032, -7.271296627599724 ], [ 112.750395598703321, -7.271298001318847 ], [ 112.75041084561974, -7.271302080736613 ], [ 112.750425151479689, -7.271308741902001 ], [ 112.750438081607044, -7.27131778241898 ], [ 112.750449243126511, -7.271328927596143 ], [ 112.750458296900987, -7.271341838793067 ], [ 112.750464967835995, -7.271356123709691 ], [ 112.75046905323839, -7.271371348306162 ], [ 112.750470428975049, -7.271387049990887 ], [ 112.750469053244586, -7.271402751676148 ], [ 112.750464967847648, -7.271417976274158 ], [ 112.750458296916676, -7.27143226119314 ], [ 112.750449243144345, -7.271445172392957 ], [ 112.750438081624893, -7.2714563175732 ], [ 112.750425151495378, -7.271465358093072 ], [ 112.750410845631393, -7.271472019260816 ], [ 112.750395598709517, -7.271476098680124 ], [ 112.750379874000032, -7.271477472399874 ], [ 112.750364149290547, -7.271476098680124 ], [ 112.750348902368671, -7.271472019260816 ], [ 112.750334596504686, -7.271465358093072 ], [ 112.750321666375172, -7.2714563175732 ], [ 112.750310504855719, -7.271445172392955 ], [ 112.750301451083388, -7.271432261193141 ], [ 112.750294780152416, -7.271417976274158 ], [ 112.750290694755478, -7.271402751676148 ], [ 112.750289319025015, -7.271387049990887 ], [ 112.750290694761674, -7.271371348306162 ], [ 112.750294780164069, -7.271356123709691 ], [ 112.750301451099077, -7.271341838793067 ], [ 112.750310504873553, -7.271328927596145 ], [ 112.75032166639302, -7.271317782418982 ], [ 112.750334596520375, -7.271308741902001 ], [ 112.750348902380324, -7.271302080736612 ], [ 112.750364149296743, -7.271298001318847 ], [ 112.750379874000032, -7.271296627599724 ] ] ] ] } },
{ "type": "Feature", "properties": { "OID_": 0, "Name": "U TURN Kertajaya 2", "FolderPath": "Data CCTV Usulan + 50 Jalur + Rencana 2026.kmz/Rencana 2026/Surabaya Timur.kmz/Surabaya Timur/Kecamatan Gubeng", "Jenis": "Rencana 2026", "SubJenis": "Surabaya Timur", "POINT_X": 112.75413147800001, "POINT_Y": -7.27806363, "POINT_Z": 0.0, "BUFF_DIST": 10.0, "ORIG_FID": 346 }, "geometry": { "type": "MultiPolygon", "coordinates": [ [ [ [ 112.75413147800009, -7.277973207626347 ], [ 112.754147202935741, -7.277974581345057 ], [ 112.754162450077473, -7.277978660761623 ], [ 112.754176756148823, -7.277985321925052 ], [ 112.754189686467257, -7.277994362439373 ], [ 112.754200848151655, -7.278005507613259 ], [ 112.754209902059927, -7.278018418806385 ], [ 112.75421657309353, -7.278032703718809 ], [ 112.754220658556292, -7.278047928310803 ], [ 112.754222034313273, -7.278063629990913 ], [ 112.754220658562488, -7.278079331671556 ], [ 112.754216573105182, -7.278094556265091 ], [ 112.754209902075615, -7.278108841179876 ], [ 112.754200848169518, -7.278121752375897 ], [ 112.754189686485105, -7.278132897552864 ], [ 112.754176756164526, -7.27814193807008 ], [ 112.754162450089126, -7.278148599235869 ], [ 112.754147202941951, -7.278152678653976 ], [ 112.75413147800009, -7.278154052373329 ], [ 112.754115753058215, -7.278152678653976 ], [ 112.754100505911055, -7.278148599235869 ], [ 112.754086199835641, -7.27814193807008 ], [ 112.754073269515075, -7.278132897552864 ], [ 112.754062107830649, -7.278121752375897 ], [ 112.754053053924551, -7.278108841179877 ], [ 112.754046382894998, -7.278094556265091 ], [ 112.754042297437692, -7.278079331671556 ], [ 112.754040921686894, -7.278063629990913 ], [ 112.754042297443888, -7.278047928310804 ], [ 112.754046382906651, -7.278032703718807 ], [ 112.754053053940254, -7.278018418806383 ], [ 112.754062107848512, -7.278005507613259 ], [ 112.754073269532924, -7.277994362439373 ], [ 112.754086199851344, -7.277985321925052 ], [ 112.754100505922707, -7.277978660761623 ], [ 112.754115753064426, -7.277974581345057 ], [ 112.75413147800009, -7.277973207626347 ] ] ] ] } },
{ "type": "Feature", "properties": { "OID_": 0, "Name": "U TURN Kertajaya 1", "FolderPath": "Data CCTV Usulan + 50 Jalur + Rencana 2026.kmz/Rencana 2026/Surabaya Timur.kmz/Surabaya Timur/Kecamatan Gubeng", "Jenis": "Rencana 2026", "SubJenis": "Surabaya Timur", "POINT_X": 112.750706636, "POINT_Y": -7.277421824, "POINT_Z": 0.0, "BUFF_DIST": 10.0, "ORIG_FID": 347 }, "geometry": { "type": "MultiPolygon", "coordinates": [ [ [ [ 112.750706636000018, -7.277331401623694 ], [ 112.750722360913343, -7.277332775342508 ], [ 112.75073760803339, -7.27733685475919 ], [ 112.750751914084418, -7.277343515922807 ], [ 112.750764844384477, -7.277352556437382 ], [ 112.750776006053016, -7.277363701611582 ], [ 112.750785059948413, -7.277376612805075 ], [ 112.750791730972523, -7.277390897717902 ], [ 112.750795816429488, -7.277406122310327 ], [ 112.750797192184507, -7.277421823990881 ], [ 112.750795816435698, -7.277437525671968 ], [ 112.750791730984176, -7.277452750265934 ], [ 112.750785059964116, -7.277467035181123 ], [ 112.750776006070879, -7.277479946377508 ], [ 112.750764844402326, -7.27749109155479 ], [ 112.750751914100121, -7.27750013207226 ], [ 112.750737608045043, -7.277506793238238 ], [ 112.750722360919539, -7.277510872656459 ], [ 112.750706636000018, -7.277512246375788 ], [ 112.750690911080511, -7.277510872656459 ], [ 112.750675663955008, -7.277506793238238 ], [ 112.750661357899929, -7.27750013207226 ], [ 112.750648427597724, -7.27749109155479 ], [ 112.750637265929171, -7.277479946377506 ], [ 112.750628212035934, -7.277467035181123 ], [ 112.750621541015875, -7.277452750265935 ], [ 112.750617455564353, -7.277437525671971 ], [ 112.750616079815543, -7.277421823990881 ], [ 112.750617455570563, -7.277406122310327 ], [ 112.750621541027527, -7.277390897717904 ], [ 112.750628212051637, -7.277376612805075 ], [ 112.750637265947034, -7.277363701611584 ], [ 112.750648427615573, -7.277352556437382 ], [ 112.750661357915632, -7.277343515922807 ], [ 112.750675663966661, -7.277336854759188 ], [ 112.750690911086707, -7.277332775342508 ], [ 112.750706636000018, -7.277331401623694 ] ] ] ] } },
{ "type": "Feature", "properties": { "OID_": 0, "Name": "U TURN Dharmahusada 2", "FolderPath": "Data CCTV Usulan + 50 Jalur + Rencana 2026.kmz/Rencana 2026/Surabaya Timur.kmz/Surabaya Timur/Kecamatan Gubeng", "Jenis": "Rencana 2026", "SubJenis": "Surabaya Timur", "POINT_X": 112.769293072, "POINT_Y": -7.266797027, "POINT_Z": 0.0, "BUFF_DIST": 10.0, "ORIG_FID": 348 }, "geometry": { "type": "MultiPolygon", "coordinates": [ [ [ [ 112.769293072000096, -7.266706604581404 ], [ 112.769308796543768, -7.26670797830087 ], [ 112.769324043305403, -7.266712057719459 ], [ 112.769338349020131, -7.266718718886194 ], [ 112.769351279016234, -7.266727759404998 ], [ 112.769362440422398, -7.266738904584416 ], [ 112.769371494104973, -7.266751815783947 ], [ 112.769378164972267, -7.266766100703459 ], [ 112.76938225033318, -7.266781325303001 ], [ 112.76938362605587, -7.266797026990899 ], [ 112.769382250339376, -7.26681272867933 ], [ 112.769378164983891, -7.266827953280416 ], [ 112.769371494120648, -7.266842238202283 ], [ 112.769362440440233, -7.266855149404703 ], [ 112.769351279034069, -7.266866294587196 ], [ 112.76933834903582, -7.266875335108892 ], [ 112.769324043317042, -7.266881996277984 ], [ 112.76930879654995, -7.266886075698113 ], [ 112.769293072000096, -7.266887449418074 ], [ 112.769277347450242, -7.266886075698114 ], [ 112.76926210068315, -7.266881996277984 ], [ 112.769247794964372, -7.266875335108892 ], [ 112.769234864966123, -7.266866294587196 ], [ 112.769223703559959, -7.266855149404702 ], [ 112.769214649879544, -7.266842238202281 ], [ 112.769207979016301, -7.266827953280416 ], [ 112.769203893660816, -7.26681272867933 ], [ 112.769202517944322, -7.266797026990899 ], [ 112.769203893667012, -7.266781325303001 ], [ 112.769207979027925, -7.266766100703459 ], [ 112.769214649895218, -7.266751815783947 ], [ 112.769223703577794, -7.266738904584415 ], [ 112.769234864983957, -7.266727759404998 ], [ 112.76924779498006, -7.266718718886194 ], [ 112.769262100694789, -7.266712057719459 ], [ 112.769277347456423, -7.26670797830087 ], [ 112.769293072000096, -7.266706604581404 ] ] ] ] } },
{ "type": "Feature", "properties": { "OID_": 0, "Name": "Pertigaan Dharmahusada - Dharmahusada Utara", "FolderPath": "Data CCTV Usulan + 50 Jalur + Rencana 2026.kmz/Rencana 2026/Surabaya Timur.kmz/Surabaya Timur/Kecamatan Gubeng", "Jenis": "Rencana 2026", "SubJenis": "Surabaya Timur", "POINT_X": 112.771338568, "POINT_Y": -7.267719355, "POINT_Z": 0.0, "BUFF_DIST": 10.0, "ORIG_FID": 349 }, "geometry": { "type": "MultiPolygon", "coordinates": [ [ [ [ 112.771338568000033, -7.26762893258508 ], [ 112.771354292575765, -7.267630306304484 ], [ 112.771369539368507, -7.267634385722909 ], [ 112.77138384511241, -7.267641046889374 ], [ 112.771396775134875, -7.26765008740781 ], [ 112.771407936563804, -7.267661232586776 ], [ 112.771416990264825, -7.267674143785782 ], [ 112.771423661145732, -7.267688428704714 ], [ 112.771427746514988, -7.267703653303641 ], [ 112.771429122240463, -7.2677193549909 ], [ 112.771427746521184, -7.267735056678695 ], [ 112.771423661157371, -7.267750281279163 ], [ 112.771416990280514, -7.267764566200447 ], [ 112.771407936581639, -7.267777477402348 ], [ 112.771396775152709, -7.267788622584388 ], [ 112.771383845128085, -7.267797663105718 ], [ 112.771369539380146, -7.26780432427454 ], [ 112.771354292581961, -7.267808403694504 ], [ 112.771338568000033, -7.267809777414411 ], [ 112.771322843418105, -7.267808403694504 ], [ 112.771307596619934, -7.26780432427454 ], [ 112.771293290871981, -7.267797663105716 ], [ 112.771280360847371, -7.267788622584388 ], [ 112.771269199418441, -7.267777477402346 ], [ 112.771260145719552, -7.267764566200449 ], [ 112.771253474842709, -7.267750281279163 ], [ 112.771249389478896, -7.267735056678696 ], [ 112.771248013759603, -7.2677193549909 ], [ 112.771249389485092, -7.26770365330364 ], [ 112.771253474854348, -7.267688428704712 ], [ 112.771260145735241, -7.267674143785782 ], [ 112.771269199436276, -7.267661232586776 ], [ 112.771280360865191, -7.26765008740781 ], [ 112.771293290887655, -7.267641046889374 ], [ 112.771307596631559, -7.267634385722907 ], [ 112.771322843424301, -7.267630306304484 ], [ 112.771338568000033, -7.26762893258508 ] ] ] ] } },
{ "type": "Feature", "properties": { "OID_": 0, "Name": "U TURN Dharmahusada 1", "FolderPath": "Data CCTV Usulan + 50 Jalur + Rencana 2026.kmz/Rencana 2026/Surabaya Timur.kmz/Surabaya Timur/Kecamatan Gubeng", "Jenis": "Rencana 2026", "SubJenis": "Surabaya Timur", "POINT_X": 112.76314605899999, "POINT_Y": -7.265916586, "POINT_Z": 0.0, "BUFF_DIST": 10.0, "ORIG_FID": 350 }, "geometry": { "type": "MultiPolygon", "coordinates": [ [ [ [ 112.763146059000064, -7.265826163577929 ], [ 112.763161783513127, -7.265827537297429 ], [ 112.763177030245103, -7.265831616716176 ], [ 112.763191335931978, -7.265838277883168 ], [ 112.763204265902914, -7.265847318402325 ], [ 112.763215427287349, -7.265858463582174 ], [ 112.763224480952303, -7.265871374782202 ], [ 112.763231151806607, -7.265885659702267 ], [ 112.763235237159591, -7.265900884302403 ], [ 112.763236612879581, -7.265916585990908 ], [ 112.763235237165773, -7.265932287679947 ], [ 112.763231151818246, -7.265947512281619 ], [ 112.763224480967978, -7.26596179720404 ], [ 112.763215427305184, -7.265974708406963 ], [ 112.763204265920734, -7.265985853589888 ], [ 112.763191335947653, -7.265994894111933 ], [ 112.763177030256728, -7.266001555281282 ], [ 112.763161783519323, -7.266005634701569 ], [ 112.763146059000064, -7.266007008421606 ], [ 112.763130334480806, -7.266005634701569 ], [ 112.763115087743401, -7.266001555281282 ], [ 112.763100782052476, -7.265994894111933 ], [ 112.763087852079408, -7.265985853589888 ], [ 112.763076690694959, -7.265974708406963 ], [ 112.763067637032165, -7.265961797204039 ], [ 112.763060966181897, -7.26594751228162 ], [ 112.76305688083437, -7.265932287679947 ], [ 112.763055505120562, -7.265916585990908 ], [ 112.763056880840551, -7.265900884302401 ], [ 112.763060966193521, -7.265885659702267 ], [ 112.76306763704784, -7.265871374782204 ], [ 112.763076690712779, -7.265858463582174 ], [ 112.763087852097229, -7.265847318402323 ], [ 112.76310078206815, -7.265838277883169 ], [ 112.76311508775504, -7.265831616716175 ], [ 112.763130334487002, -7.265827537297429 ], [ 112.763146059000064, -7.265826163577929 ] ] ] ] } },
{ "type": "Feature", "properties": { "OID_": 0, "Name": "U TURN Putro Agung", "FolderPath": "Data CCTV Usulan + 50 Jalur + Rencana 2026.kmz/Rencana 2026/Surabaya Timur.kmz/Surabaya Timur/Kecamatan Tambaksari", "Jenis": "Rencana 2026", "SubJenis": "Surabaya Timur", "POINT_X": 112.768801905, "POINT_Y": -7.248708865, "POINT_Z": 0.0, "BUFF_DIST": 10.0, "ORIG_FID": 351 }, "geometry": { "type": "MultiPolygon", "coordinates": [ [ [ [ 112.768801905000032, -7.248618442509603 ], [ 112.76881762891567, -7.248619816230138 ], [ 112.76883287506837, -7.24862389565197 ], [ 112.76884718021175, -7.248630556824001 ], [ 112.768860109691431, -7.248639597349994 ], [ 112.768871270651815, -7.248650742538272 ], [ 112.768880323972766, -7.248663653748066 ], [ 112.768886994573634, -7.248677938678928 ], [ 112.768891079771379, -7.248693163290577 ], [ 112.768892455439101, -7.248708864990952 ], [ 112.768891079777561, -7.248724566691858 ], [ 112.768886994585245, -7.248739791305038 ], [ 112.768880323988398, -7.248754076238256 ], [ 112.768871270669592, -7.248766987450933 ], [ 112.768860109709209, -7.248778132642278 ], [ 112.768847180227382, -7.248787173171154 ], [ 112.76883287507998, -7.248793834345537 ], [ 112.768817628921852, -7.248797913768906 ], [ 112.768801905000032, -7.248799287489982 ], [ 112.768786181078198, -7.248797913768906 ], [ 112.76877093492007, -7.248793834345537 ], [ 112.768756629772668, -7.248787173171156 ], [ 112.768743700290855, -7.248778132642278 ], [ 112.768732539330472, -7.248766987450933 ], [ 112.768723486011652, -7.248754076238256 ], [ 112.76871681541482, -7.24873979130504 ], [ 112.768712730222489, -7.24872456669186 ], [ 112.768711354560963, -7.248708864990952 ], [ 112.768712730228685, -7.248693163290575 ], [ 112.768716815426416, -7.24867793867893 ], [ 112.768723486027284, -7.248663653748066 ], [ 112.768732539348235, -7.248650742538272 ], [ 112.768743700308619, -7.248639597349994 ], [ 112.768756629788314, -7.248630556824001 ], [ 112.76877093493168, -7.24862389565197 ], [ 112.76878618108438, -7.248619816230138 ], [ 112.768801905000032, -7.248618442509603 ] ] ] ] } },
{ "type": "Feature", "properties": { "OID_": 0, "Name": "Pertigaan Kapas Krampung - Ploso Bogen", "FolderPath": "Data CCTV Usulan + 50 Jalur + Rencana 2026.kmz/Rencana 2026/Surabaya Timur.kmz/Surabaya Timur/Kecamatan Tambaksari", "Jenis": "Rencana 2026", "SubJenis": "Surabaya Timur", "POINT_X": 112.76295453900001, "POINT_Y": -7.249894375, "POINT_Z": 0.0, "BUFF_DIST": 10.0, "ORIG_FID": 352 }, "geometry": { "type": "MultiPolygon", "coordinates": [ [ [ [ 112.76295453900002, -7.249803952514279 ], [ 112.762970262956784, -7.249805326234739 ], [ 112.762985509149345, -7.249809405656364 ], [ 112.762999814330115, -7.249816066828048 ], [ 112.763012743843603, -7.249825107353569 ], [ 112.763023904833162, -7.249836252541266 ], [ 112.763032958177803, -7.249849163750389 ], [ 112.763039628796108, -7.249863448680511 ], [ 112.763043714004525, -7.249878673291361 ], [ 112.763045089675856, -7.249894374990922 ], [ 112.76304371401072, -7.249910076691011 ], [ 112.763039628807704, -7.2499253013034 ], [ 112.763032958193449, -7.249939586235874 ], [ 112.763023904850954, -7.249952497447881 ], [ 112.763012743861395, -7.249963642638648 ], [ 112.762999814345761, -7.249972683167053 ], [ 112.762985509160956, -7.24997934434109 ], [ 112.762970262962952, -7.249983423764244 ], [ 112.76295453900002, -7.249984797485248 ], [ 112.762938815037089, -7.249983423764244 ], [ 112.762923568839085, -7.24997934434109 ], [ 112.762909263654294, -7.249972683167051 ], [ 112.762896334138645, -7.249963642638648 ], [ 112.762885173149087, -7.249952497447881 ], [ 112.762876119806606, -7.249939586235874 ], [ 112.762869449192337, -7.249925301303402 ], [ 112.762865363989334, -7.249910076691011 ], [ 112.762863988324199, -7.249894374990922 ], [ 112.762865363995516, -7.249878673291363 ], [ 112.762869449203933, -7.249863448680511 ], [ 112.762876119822238, -7.249849163750389 ], [ 112.762885173166879, -7.249836252541266 ], [ 112.762896334156437, -7.249825107353569 ], [ 112.762909263669926, -7.249816066828046 ], [ 112.762923568850709, -7.249809405656362 ], [ 112.76293881504327, -7.249805326234739 ], [ 112.76295453900002, -7.249803952514279 ] ] ] ] } },
{ "type": "Feature", "properties": { "OID_": 0, "Name": "Pertigaan Jolotundo - Kalasan", "FolderPath": "Data CCTV Usulan + 50 Jalur + Rencana 2026.kmz/Rencana 2026/Surabaya Timur.kmz/Surabaya Timur/Kecamatan Tambaksari", "Jenis": "Rencana 2026", "SubJenis": "Surabaya Timur", "POINT_X": 112.758466189, "POINT_Y": -7.256355318, "POINT_Z": 0.0, "BUFF_DIST": 10.0, "ORIG_FID": 353 }, "geometry": { "type": "MultiPolygon", "coordinates": [ [ [ [ 112.758466189000046, -7.256264895539964 ], [ 112.758481913180987, -7.256266269260036 ], [ 112.758497159590917, -7.256270348680498 ], [ 112.758511464975641, -7.256277009850295 ], [ 112.758524394673458, -7.256286050373251 ], [ 112.758535555822149, -7.256297195557783 ], [ 112.758544609295853, -7.256310106763241 ], [ 112.758551280009272, -7.256324391689311 ], [ 112.758555365275953, -7.256339616295844 ], [ 112.758556740966881, -7.256355317990949 ], [ 112.758555365282135, -7.256371019686585 ], [ 112.758551280020882, -7.256386244294656 ], [ 112.758544609311514, -7.256400529223077 ], [ 112.758535555839956, -7.256413440431422 ], [ 112.758524394691264, -7.256424585619029 ], [ 112.758511464991287, -7.256433626144873 ], [ 112.758497159602527, -7.25644028731702 ], [ 112.758481913187168, -7.256444366739021 ], [ 112.758466189000046, -7.256445740459635 ], [ 112.758450464812924, -7.256444366739021 ], [ 112.758435218397565, -7.25644028731702 ], [ 112.758420913008806, -7.256433626144872 ], [ 112.758407983308828, -7.256424585619029 ], [ 112.758396822160122, -7.256413440431422 ], [ 112.758387768688564, -7.256400529223078 ], [ 112.75838109797921, -7.256386244294656 ], [ 112.758377012717958, -7.256371019686585 ], [ 112.758375637033197, -7.256355317990949 ], [ 112.758377012724139, -7.256339616295844 ], [ 112.758381097990821, -7.256324391689312 ], [ 112.758387768704225, -7.256310106763241 ], [ 112.758396822177943, -7.256297195557783 ], [ 112.75840798332662, -7.256286050373249 ], [ 112.758420913024452, -7.256277009850293 ], [ 112.758435218409176, -7.256270348680499 ], [ 112.758450464819106, -7.256266269260036 ], [ 112.758466189000046, -7.256264895539964 ] ] ] ] } },
{ "type": "Feature", "properties": { "OID_": 0, "Name": "U TURN Bronggalan", "FolderPath": "Data CCTV Usulan + 50 Jalur + Rencana 2026.kmz/Rencana 2026/Surabaya Timur.kmz/Surabaya Timur/Kecamatan Tambaksari", "Jenis": "Rencana 2026", "SubJenis": "Surabaya Timur", "POINT_X": 112.76294905899999, "POINT_Y": -7.258300742, "POINT_Z": 0.0, "BUFF_DIST": 10.0, "ORIG_FID": 354 }, "geometry": { "type": "MultiPolygon", "coordinates": [ [ [ [ 112.762949059000107, -7.258210319547654 ], [ 112.762964783248577, -7.25821169326763 ], [ 112.762980029723991, -7.258215772687746 ], [ 112.762994335170177, -7.258222433856969 ], [ 112.763007264923544, -7.258231474379154 ], [ 112.763018426120169, -7.258242619562736 ], [ 112.763027479632768, -7.258255530767088 ], [ 112.763034150374835, -7.258269815691938 ], [ 112.763038235659067, -7.25828504029717 ], [ 112.763039611355907, -7.258300741990931 ], [ 112.763038235665249, -7.258316443685226 ], [ 112.76303415038646, -7.258331668291997 ], [ 112.763027479648429, -7.258345953219199 ], [ 112.763018426137975, -7.258358864426439 ], [ 112.763007264941336, -7.258370009613094 ], [ 112.762994335185837, -7.258379050138164 ], [ 112.76298002973563, -7.258385711309744 ], [ 112.762964783254759, -7.258389790731394 ], [ 112.762949059000107, -7.25839116445187 ], [ 112.762933334745441, -7.258389790731394 ], [ 112.762918088264584, -7.258385711309744 ], [ 112.762903782814377, -7.258379050138164 ], [ 112.762890853058877, -7.258370009613094 ], [ 112.762879691862238, -7.258358864426437 ], [ 112.762870638351785, -7.258345953219197 ], [ 112.762863967613754, -7.258331668291997 ], [ 112.762859882334965, -7.258316443685226 ], [ 112.762858506644307, -7.258300741990931 ], [ 112.762859882341147, -7.258285040297168 ], [ 112.762863967625364, -7.258269815691938 ], [ 112.762870638367446, -7.258255530767088 ], [ 112.76287969188003, -7.258242619562735 ], [ 112.762890853076669, -7.258231474379154 ], [ 112.762903782830037, -7.258222433856969 ], [ 112.762918088276209, -7.258215772687746 ], [ 112.762933334751622, -7.25821169326763 ], [ 112.762949059000107, -7.258210319547654 ] ] ] ] } },
{ "type": "Feature", "properties": { "OID_": 0, "Name": "U TURN Karang Asem - Ploso", "FolderPath": "Data CCTV Usulan + 50 Jalur + Rencana 2026.kmz/Rencana 2026/Surabaya Timur.kmz/Surabaya Timur/Kecamatan Tambaksari", "Jenis": "Rencana 2026", "SubJenis": "Surabaya Timur", "POINT_X": 112.765903479, "POINT_Y": -7.254162281, "POINT_Z": 0.0, "BUFF_DIST": 10.0, "ORIG_FID": 355 }, "geometry": { "type": "MultiPolygon", "coordinates": [ [ [ [ 112.765903479000031, -7.254071858531222 ], [ 112.765919203104858, -7.254073232251419 ], [ 112.765934449440991, -7.254077311672277 ], [ 112.765948754756451, -7.254083972842714 ], [ 112.765961684391698, -7.25409301336654 ], [ 112.76597284548636, -7.254104158552148 ], [ 112.765981898916237, -7.254117069758851 ], [ 112.765988569597368, -7.254131354686294 ], [ 112.765992654844254, -7.254146579294295 ], [ 112.765994030528532, -7.254162280990913 ], [ 112.76599265485045, -7.254177982688062 ], [ 112.765988569608979, -7.254193207297597 ], [ 112.765981898931898, -7.254207492227395 ], [ 112.765972845504166, -7.254220403436984 ], [ 112.76596168440949, -7.254231548625665 ], [ 112.765948754772111, -7.254240589152379 ], [ 112.765934449452601, -7.254247250325164 ], [ 112.765919203111039, -7.254251329747555 ], [ 112.765903479000031, -7.254252703468314 ], [ 112.765887754889036, -7.254251329747555 ], [ 112.765872508547474, -7.254247250325164 ], [ 112.76585820322795, -7.254240589152377 ], [ 112.765845273590571, -7.254231548625665 ], [ 112.765834112495909, -7.254220403436983 ], [ 112.765825059068177, -7.254207492227395 ], [ 112.765818388391097, -7.254193207297599 ], [ 112.765814303149625, -7.254177982688062 ], [ 112.765812927471544, -7.254162280990913 ], [ 112.765814303155807, -7.254146579294296 ], [ 112.765818388402707, -7.254131354686296 ], [ 112.765825059083824, -7.254117069758851 ], [ 112.765834112513701, -7.254104158552148 ], [ 112.765845273608377, -7.25409301336654 ], [ 112.76585820324361, -7.254083972842714 ], [ 112.765872508559085, -7.254077311672277 ], [ 112.765887754895218, -7.254073232251419 ], [ 112.765903479000031, -7.254071858531222 ] ] ] ] } },
{ "type": "Feature", "properties": { "OID_": 0, "Name": "Pertigaan Kaliwaron - Dharma Husada Utara", "FolderPath": "Data CCTV Usulan + 50 Jalur + Rencana 2026.kmz/Rencana 2026/Surabaya Timur.kmz/Surabaya Timur/Kecamatan Tambaksari", "Jenis": "Rencana 2026", "SubJenis": "Surabaya Timur", "POINT_X": 112.772410303, "POINT_Y": -7.263831895, "POINT_Z": 0.0, "BUFF_DIST": 10.0, "ORIG_FID": 356 }, "geometry": { "type": "MultiPolygon", "coordinates": [ [ [ [ 112.772410303000015, -7.263741472569678 ], [ 112.772426027440616, -7.263742846289273 ], [ 112.772441274102349, -7.263746925708396 ], [ 112.772455579723314, -7.263753586876 ], [ 112.772468509634663, -7.263762627395986 ], [ 112.772479670967684, -7.263773772576854 ], [ 112.7724887245909, -7.263786683778068 ], [ 112.772495395414467, -7.263800968699443 ], [ 112.772499480748621, -7.263816193300975 ], [ 112.772500856462273, -7.263831894990918 ], [ 112.772499480754803, -7.263847596681398 ], [ 112.772495395426105, -7.263862821284465 ], [ 112.772488724606575, -7.263877106208195 ], [ 112.77247967098549, -7.263890017412299 ], [ 112.772468509652484, -7.263901162596246 ], [ 112.772455579738988, -7.263910203119121 ], [ 112.772441274113973, -7.263916864289079 ], [ 112.772426027446812, -7.263920943709742 ], [ 112.772410303000015, -7.26392231742993 ], [ 112.772394578553218, -7.263920943709742 ], [ 112.772379331886057, -7.263916864289079 ], [ 112.772365026261042, -7.263910203119119 ], [ 112.772352096347547, -7.263901162596246 ], [ 112.77234093501454, -7.263890017412299 ], [ 112.772331881393455, -7.263877106208195 ], [ 112.772325210573925, -7.263862821284465 ], [ 112.772321125245227, -7.263847596681398 ], [ 112.772319749537743, -7.263831894990918 ], [ 112.772321125251409, -7.263816193300975 ], [ 112.772325210585564, -7.263800968699443 ], [ 112.77233188140913, -7.263786683778068 ], [ 112.772340935032346, -7.263773772576854 ], [ 112.772352096365367, -7.263762627395984 ], [ 112.772365026276717, -7.263753586876 ], [ 112.772379331897682, -7.263746925708396 ], [ 112.7723945785594, -7.263742846289273 ], [ 112.772410303000015, -7.263741472569678 ] ] ] ] } },
{ "type": "Feature", "properties": { "OID_": 0, "Name": "U TURN Kaliwaron", "FolderPath": "Data CCTV Usulan + 50 Jalur + Rencana 2026.kmz/Rencana 2026/Surabaya Timur.kmz/Surabaya Timur/Kecamatan Tambaksari", "Jenis": "Rencana 2026", "SubJenis": "Surabaya Timur", "POINT_X": 112.76969120299999, "POINT_Y": -7.263488036, "POINT_Z": 0.0, "BUFF_DIST": 10.0, "ORIG_FID": 357 }, "geometry": { "type": "MultiPolygon", "coordinates": [ [ [ [ 112.769691203000093, -7.26339761356828 ], [ 112.769706927428757, -7.263398987287931 ], [ 112.769722174078879, -7.263403066707114 ], [ 112.769736479688987, -7.263409727874819 ], [ 112.769749409590503, -7.263418768394942 ], [ 112.769760570915039, -7.263429913575981 ], [ 112.769769624531392, -7.26344282477739 ], [ 112.769776295349885, -7.26345710969898 ], [ 112.769780380680928, -7.26347233430074 ], [ 112.769781756393542, -7.263488035990922 ], [ 112.769780380687124, -7.263503737681639 ], [ 112.769776295361524, -7.263518962284937 ], [ 112.769769624547052, -7.263533247208883 ], [ 112.76976057093286, -7.263546158413182 ], [ 112.769749409608323, -7.263557303597298 ], [ 112.769736479704648, -7.263566344120308 ], [ 112.769722174090518, -7.263573005290367 ], [ 112.769706927434939, -7.26357708471109 ], [ 112.769691203000093, -7.263578458431263 ], [ 112.769675478565247, -7.263577084711091 ], [ 112.769660231909668, -7.263573005290367 ], [ 112.769645926295539, -7.263566344120308 ], [ 112.769632996391863, -7.263557303597298 ], [ 112.769621835067326, -7.263546158413182 ], [ 112.769612781453134, -7.263533247208882 ], [ 112.769606110638662, -7.263518962284939 ], [ 112.769602025313063, -7.263503737681639 ], [ 112.769600649606645, -7.263488035990922 ], [ 112.769602025319259, -7.263472334300742 ], [ 112.769606110650301, -7.26345710969898 ], [ 112.769612781468794, -7.26344282477739 ], [ 112.769621835085147, -7.263429913575981 ], [ 112.769632996409683, -7.263418768394942 ], [ 112.769645926311199, -7.263409727874818 ], [ 112.769660231921293, -7.263403066707114 ], [ 112.769675478571429, -7.263398987287931 ], [ 112.769691203000093, -7.26339761356828 ] ] ] ] } },
{ "type": "Feature", "properties": { "OID_": 0, "Name": "U TURN Kalikepiting", "FolderPath": "Data CCTV Usulan + 50 Jalur + Rencana 2026.kmz/Rencana 2026/Surabaya Timur.kmz/Surabaya Timur/Kecamatan Tambaksari", "Jenis": "Rencana 2026", "SubJenis": "Surabaya Timur", "POINT_X": 112.775319764, "POINT_Y": -7.264018071, "POINT_Z": 0.0, "BUFF_DIST": 10.0, "ORIG_FID": 358 }, "geometry": { "type": "MultiPolygon", "coordinates": [ [ [ [ 112.775319764000074, -7.263927648570392 ], [ 112.775335488447141, -7.263929022289999 ], [ 112.775350735115126, -7.263933101709089 ], [ 112.775365040741988, -7.263939762876637 ], [ 112.775377970658653, -7.263948803396551 ], [ 112.775389131996263, -7.263959948577328 ], [ 112.775398185623217, -7.263972859778438 ], [ 112.775404856449541, -7.263987144699693 ], [ 112.775408941785358, -7.2640023693011 ], [ 112.775410317499578, -7.264018070990917 ], [ 112.775408941791554, -7.264033772681268 ], [ 112.775404856461165, -7.264048997284211 ], [ 112.775398185638892, -7.264063282207823 ], [ 112.775389132014098, -7.264076193411823 ], [ 112.775377970676487, -7.264087338595679 ], [ 112.775365040757663, -7.264096379118476 ], [ 112.775350735126779, -7.264103040288383 ], [ 112.775335488453337, -7.26410711970901 ], [ 112.775319764000074, -7.264108493429162 ], [ 112.775304039546796, -7.26410711970901 ], [ 112.775288792873368, -7.264103040288383 ], [ 112.77527448724247, -7.264096379118476 ], [ 112.77526155732366, -7.264087338595679 ], [ 112.775250395986049, -7.264076193411824 ], [ 112.775241342361241, -7.264063282207823 ], [ 112.775234671538968, -7.264048997284212 ], [ 112.775230586208579, -7.264033772681268 ], [ 112.775229210500555, -7.264018070990917 ], [ 112.775230586214775, -7.264002369301101 ], [ 112.775234671550606, -7.263987144699693 ], [ 112.775241342376916, -7.263972859778439 ], [ 112.775250396003869, -7.263959948577329 ], [ 112.77526155734148, -7.263948803396551 ], [ 112.775274487258145, -7.263939762876637 ], [ 112.775288792885007, -7.263933101709088 ], [ 112.775304039552992, -7.263929022289999 ], [ 112.775319764000074, -7.263927648570392 ] ] ] ] } },
{ "type": "Feature", "properties": { "OID_": 0, "Name": "U TURN Pacar Kembang - Kedung Tarukan", "FolderPath": "Data CCTV Usulan + 50 Jalur + Rencana 2026.kmz/Rencana 2026/Surabaya Timur.kmz/Surabaya Timur/Kecamatan Tambaksari", "Jenis": "Rencana 2026", "SubJenis": "Surabaya Timur", "POINT_X": 112.761935569, "POINT_Y": -7.261738327, "POINT_Z": 0.0, "BUFF_DIST": 10.0, "ORIG_FID": 359 }, "geometry": { "type": "MultiPolygon", "coordinates": [ [ [ [ 112.761935569000116, -7.261647904561327 ], [ 112.761951293367972, -7.261649278281057 ], [ 112.761966539959161, -7.261653357700554 ], [ 112.761980845513961, -7.261660018868773 ], [ 112.761993775365497, -7.261669059389591 ], [ 112.762004936646875, -7.261680204571486 ], [ 112.762013990228226, -7.261693115773889 ], [ 112.762020661020927, -7.261707400696581 ], [ 112.762024746336166, -7.261722625299513 ], [ 112.762026122043466, -7.261738326990901 ], [ 112.762024746342362, -7.261754028682826 ], [ 112.762020661032565, -7.261769253287295 ], [ 112.762013990243886, -7.261783538212339 ], [ 112.762004936664695, -7.26179644941763 ], [ 112.761993775383303, -7.261807594602603 ], [ 112.761980845529621, -7.261816635126308 ], [ 112.761966539970786, -7.261823296296881 ], [ 112.761951293374167, -7.261827375717916 ], [ 112.761935569000116, -7.261828749438221 ], [ 112.76191984462605, -7.261827375717916 ], [ 112.761904598029432, -7.261823296296881 ], [ 112.761890292470596, -7.261816635126308 ], [ 112.761877362616914, -7.261807594602603 ], [ 112.761866201335536, -7.26179644941763 ], [ 112.761857147756345, -7.261783538212337 ], [ 112.761850476967666, -7.261769253287295 ], [ 112.761846391657855, -7.261754028682826 ], [ 112.761845015956752, -7.261738326990901 ], [ 112.761846391664051, -7.261722625299512 ], [ 112.761850476979291, -7.261707400696581 ], [ 112.761857147772005, -7.261693115773891 ], [ 112.761866201353357, -7.261680204571486 ], [ 112.761877362634735, -7.261669059389591 ], [ 112.761890292486257, -7.261660018868773 ], [ 112.761904598041056, -7.261653357700554 ], [ 112.761919844632246, -7.261649278281059 ], [ 112.761935569000116, -7.261647904561327 ] ] ] ] } },
{ "type": "Feature", "properties": { "OID_": 0, "Name": "Pertigaan Pacar Kembang - Pacar Keling", "FolderPath": "Data CCTV Usulan + 50 Jalur + Rencana 2026.kmz/Rencana 2026/Surabaya Timur.kmz/Surabaya Timur/Kecamatan Tambaksari", "Jenis": "Rencana 2026", "SubJenis": "Surabaya Timur", "POINT_X": 112.759115861, "POINT_Y": -7.260263375, "POINT_Z": 0.0, "BUFF_DIST": 10.0, "ORIG_FID": 360 }, "geometry": { "type": "MultiPolygon", "coordinates": [ [ [ [ 112.759115861000055, -7.260172952555494 ], [ 112.75913158531668, -7.260174326275317 ], [ 112.759146831858189, -7.260178405695077 ], [ 112.759161137366377, -7.260185066863728 ], [ 112.759174067175778, -7.260194107385132 ], [ 112.759185228420804, -7.260205252567752 ], [ 112.75919428197264, -7.260218163770991 ], [ 112.759200952743612, -7.260232448694606 ], [ 112.75920503804555, -7.260247673298526 ], [ 112.759206413748359, -7.260263374990934 ], [ 112.759205038051732, -7.260279076683876 ], [ 112.759200952755236, -7.260294301289331 ], [ 112.7591942819883, -7.260308586215304 ], [ 112.759185228438611, -7.260321497421431 ], [ 112.759174067193598, -7.260332642607126 ], [ 112.759161137382037, -7.260341683131417 ], [ 112.759146831869813, -7.26034834430242 ], [ 112.759131585322862, -7.260352423723718 ], [ 112.759115861000055, -7.260353797444117 ], [ 112.759100136677233, -7.26035242372372 ], [ 112.759084890130282, -7.26034834430242 ], [ 112.759070584618073, -7.260341683131417 ], [ 112.759057654806512, -7.260332642607126 ], [ 112.759046493561485, -7.260321497421431 ], [ 112.759037440011809, -7.260308586215302 ], [ 112.759030769244859, -7.260294301289333 ], [ 112.759026683948377, -7.260279076683876 ], [ 112.759025308251751, -7.260263374990934 ], [ 112.759026683954559, -7.260247673298527 ], [ 112.759030769256483, -7.260232448694606 ], [ 112.75903744002747, -7.260218163770992 ], [ 112.759046493579305, -7.260205252567752 ], [ 112.759057654824318, -7.260194107385132 ], [ 112.759070584633733, -7.260185066863726 ], [ 112.759084890141906, -7.260178405695077 ], [ 112.759100136683415, -7.260174326275317 ], [ 112.759115861000055, -7.260172952555494 ] ] ] ] } },
{ "type": "Feature", "properties": { "OID_": 0, "Name": "Jl. Pandegiling 1- Teuku Umar", "FolderPath": "Data CCTV Usulan + 50 Jalur + Rencana 2026.kmz/Rencana 2026/Surabaya Pusat.kmz/Surabaya Pusat/Kecamatan Tegalsari", "Jenis": "Rencana 2026", "SubJenis": "Surabaya Pusat", "POINT_X": 112.738256716, "POINT_Y": -7.276756319, "POINT_Z": 0.0, "BUFF_DIST": 10.0, "ORIG_FID": 361 }, "geometry": { "type": "MultiPolygon", "coordinates": [ [ [ [ 112.738256716000024, -7.276665896621077 ], [ 112.738272440890171, -7.276667270339924 ], [ 112.738287687987764, -7.276671349756726 ], [ 112.738301994017704, -7.276678010920537 ], [ 112.738314924298706, -7.276687051435379 ], [ 112.738326085950803, -7.276698196609905 ], [ 112.738335139832856, -7.276711107803776 ], [ 112.738341810847146, -7.276725392717022 ], [ 112.7383458962981, -7.276740617309893 ], [ 112.738347272051087, -7.276756318990906 ], [ 112.738345896304295, -7.276772020672454 ], [ 112.738341810858799, -7.276787245266866 ], [ 112.738335139848559, -7.276801530182474 ], [ 112.738326085968652, -7.276814441379238 ], [ 112.738314924316555, -7.276825586556846 ], [ 112.738301994033407, -7.276834627074583 ], [ 112.738287687999417, -7.276841288240754 ], [ 112.738272440896367, -7.276845367659097 ], [ 112.738256716000024, -7.276846741378471 ], [ 112.73824099110368, -7.276845367659097 ], [ 112.738225744000644, -7.276841288240754 ], [ 112.738211437966655, -7.276834627074583 ], [ 112.738198507683506, -7.276825586556846 ], [ 112.738187346031395, -7.276814441379238 ], [ 112.738178292151503, -7.276801530182474 ], [ 112.738171621141248, -7.276787245266867 ], [ 112.738167535695766, -7.276772020672454 ], [ 112.738166159948975, -7.276756318990906 ], [ 112.738167535701962, -7.276740617309891 ], [ 112.738171621152901, -7.276725392717021 ], [ 112.738178292167191, -7.276711107803776 ], [ 112.738187346049244, -7.276698196609907 ], [ 112.738198507701355, -7.276687051435379 ], [ 112.738211437982343, -7.276678010920537 ], [ 112.738225744012297, -7.276671349756724 ], [ 112.738240991109876, -7.276667270339924 ], [ 112.738256716000024, -7.276665896621077 ] ] ] ] } },
{ "type": "Feature", "properties": { "OID_": 0, "Name": "Jl. Pandegiling 2 - Kpg Malang Tengah", "FolderPath": "Data CCTV Usulan + 50 Jalur + Rencana 2026.kmz/Rencana 2026/Surabaya Pusat.kmz/Surabaya Pusat/Kecamatan Tegalsari", "Jenis": "Rencana 2026", "SubJenis": "Surabaya Pusat", "POINT_X": 112.734586028, "POINT_Y": -7.275737451, "POINT_Z": 0.0, "BUFF_DIST": 10.0, "ORIG_FID": 362 }, "geometry": { "type": "MultiPolygon", "coordinates": [ [ [ [ 112.734586028000081, -7.275647028616998 ], [ 112.734601752854758, -7.275648402335909 ], [ 112.734616999917947, -7.275652481752894 ], [ 112.734631305915627, -7.275659142917005 ], [ 112.734644236167455, -7.275668183432251 ], [ 112.734655397794384, -7.27567932860728 ], [ 112.734664451656016, -7.275692239801729 ], [ 112.734671122655257, -7.275706524715616 ], [ 112.734675208097002, -7.275721749309171 ], [ 112.734676583846877, -7.27573745099089 ], [ 112.734675208103198, -7.275753152673142 ], [ 112.73467112266691, -7.275768377268236 ], [ 112.734664451671719, -7.275782662184485 ], [ 112.734655397812233, -7.275795573381828 ], [ 112.734644236185318, -7.275806718559937 ], [ 112.73463130593133, -7.275815759078078 ], [ 112.7346169999296, -7.27582242024455 ], [ 112.734601752860954, -7.275826499663075 ], [ 112.734586028000081, -7.275827873382509 ], [ 112.734570303139208, -7.275826499663075 ], [ 112.734555056070548, -7.27582242024455 ], [ 112.734540750068817, -7.275815759078077 ], [ 112.734527819814829, -7.275806718559937 ], [ 112.734516658187914, -7.275795573381828 ], [ 112.734507604328428, -7.275782662184484 ], [ 112.734500933333237, -7.275768377268237 ], [ 112.734496847896963, -7.275753152673142 ], [ 112.73449547215327, -7.27573745099089 ], [ 112.734496847903159, -7.275721749309171 ], [ 112.73450093334489, -7.275706524715618 ], [ 112.734507604344131, -7.275692239801729 ], [ 112.734516658205763, -7.27567932860728 ], [ 112.734527819832692, -7.275668183432251 ], [ 112.73454075008452, -7.275659142917005 ], [ 112.734555056082201, -7.275652481752892 ], [ 112.734570303145404, -7.275648402335909 ], [ 112.734586028000081, -7.275647028616998 ] ] ] ] } },
{ "type": "Feature", "properties": { "OID_": 0, "Name": "Jl. Pandegiling 3", "FolderPath": "Data CCTV Usulan + 50 Jalur + Rencana 2026.kmz/Rencana 2026/Surabaya Pusat.kmz/Surabaya Pusat/Kecamatan Tegalsari", "Jenis": "Rencana 2026", "SubJenis": "Surabaya Pusat", "POINT_X": 112.733516423, "POINT_Y": -7.275498745, "POINT_Z": 0.0, "BUFF_DIST": 10.0, "ORIG_FID": 363 }, "geometry": { "type": "MultiPolygon", "coordinates": [ [ [ [ 112.733516423000083, -7.275408322616029 ], [ 112.733532147846461, -7.275409696334972 ], [ 112.733547394901606, -7.275413775751995 ], [ 112.733561700891713, -7.275420436916182 ], [ 112.733574631136719, -7.275429477431523 ], [ 112.733585792757751, -7.275440622606669 ], [ 112.733594846614594, -7.275453533801253 ], [ 112.73360151761031, -7.275467818715291 ], [ 112.733605603049881, -7.275483043309005 ], [ 112.733606978799045, -7.275498744990887 ], [ 112.733605603056077, -7.275514446673307 ], [ 112.733601517621963, -7.275529671268561 ], [ 112.733594846630297, -7.275543956184959 ], [ 112.7335857927756, -7.275556867382436 ], [ 112.733574631154568, -7.275568012560665 ], [ 112.733561700907416, -7.2755770530789 ], [ 112.733547394913259, -7.275583714245442 ], [ 112.733532147852657, -7.275587793664007 ], [ 112.733516423000083, -7.275589167383442 ], [ 112.733500698147523, -7.275587793664009 ], [ 112.733485451086921, -7.275583714245442 ], [ 112.733471145092764, -7.275577053078898 ], [ 112.733458214845612, -7.275568012560665 ], [ 112.73344705322458, -7.275556867382438 ], [ 112.733437999369883, -7.275543956184959 ], [ 112.733431328378217, -7.275529671268561 ], [ 112.733427242944103, -7.275514446673307 ], [ 112.733425867201134, -7.275498744990887 ], [ 112.733427242950299, -7.275483043309006 ], [ 112.733431328389869, -7.275467818715291 ], [ 112.733437999385586, -7.275453533801253 ], [ 112.733447053242429, -7.275440622606667 ], [ 112.733458214863461, -7.275429477431521 ], [ 112.733471145108467, -7.275420436916182 ], [ 112.733485451098574, -7.275413775751995 ], [ 112.733500698153719, -7.275409696334972 ], [ 112.733516423000083, -7.275408322616029 ] ] ] ] } },
{ "type": "Feature", "properties": { "OID_": 0, "Name": "Jl. Pandegiling 4", "FolderPath": "Data CCTV Usulan + 50 Jalur + Rencana 2026.kmz/Rencana 2026/Surabaya Pusat.kmz/Surabaya Pusat/Kecamatan Tegalsari", "Jenis": "Rencana 2026", "SubJenis": "Surabaya Pusat", "POINT_X": 112.73012144899999, "POINT_Y": -7.274748869, "POINT_Z": 0.0, "BUFF_DIST": 10.0, "ORIG_FID": 364 }, "geometry": { "type": "MultiPolygon", "coordinates": [ [ [ [ 112.73012144900008, -7.274658446613057 ], [ 112.730137173820339, -7.274659820332046 ], [ 112.730152420850175, -7.274663899749206 ], [ 112.730166726816549, -7.274670560913608 ], [ 112.730179657040097, -7.274679601429249 ], [ 112.730190818642598, -7.274690746604765 ], [ 112.73019987248442, -7.274703657799774 ], [ 112.730206543469052, -7.274717942714286 ], [ 112.730210628901858, -7.274733167308502 ], [ 112.730212004648735, -7.274748868990903 ], [ 112.730210628908054, -7.274764570673841 ], [ 112.730206543480719, -7.274779795269597 ], [ 112.730199872500108, -7.274794080186467 ], [ 112.730190818660446, -7.274806991384373 ], [ 112.730179657057946, -7.274818136562967 ], [ 112.730166726832252, -7.2748271770815 ], [ 112.730152420861828, -7.274833838248264 ], [ 112.730137173826535, -7.274837917666964 ], [ 112.73012144900008, -7.274839291386439 ], [ 112.730105724173612, -7.274837917666964 ], [ 112.730090477138319, -7.274833838248264 ], [ 112.730076171167909, -7.2748271770815 ], [ 112.730063240942215, -7.274818136562967 ], [ 112.730052079339714, -7.274806991384373 ], [ 112.730043025500052, -7.274794080186465 ], [ 112.730036354519441, -7.274779795269599 ], [ 112.730032269092106, -7.274764570673843 ], [ 112.730030893351426, -7.274748868990903 ], [ 112.730032269098302, -7.274733167308503 ], [ 112.730036354531094, -7.274717942714287 ], [ 112.730043025515727, -7.274703657799773 ], [ 112.730052079357563, -7.274690746604763 ], [ 112.730063240960064, -7.274679601429249 ], [ 112.730076171183597, -7.274670560913608 ], [ 112.730090477149972, -7.274663899749206 ], [ 112.730105724179808, -7.274659820332046 ], [ 112.73012144900008, -7.274658446613057 ] ] ] ] } },
{ "type": "Feature", "properties": { "OID_": 0, "Name": "Jl. Pandegiling 5", "FolderPath": "Data CCTV Usulan + 50 Jalur + Rencana 2026.kmz/Rencana 2026/Surabaya Pusat.kmz/Surabaya Pusat/Kecamatan Tegalsari", "Jenis": "Rencana 2026", "SubJenis": "Surabaya Pusat", "POINT_X": 112.727951543, "POINT_Y": -7.274257899, "POINT_Z": 0.0, "BUFF_DIST": 10.0, "ORIG_FID": 365 }, "geometry": { "type": "MultiPolygon", "coordinates": [ [ [ [ 112.727951543000017, -7.274167476611177 ], [ 112.727967267803194, -7.274168850330129 ], [ 112.727982514816475, -7.274172929747381 ], [ 112.727996820767302, -7.274179590911928 ], [ 112.728009750976781, -7.274188631427763 ], [ 112.72802091256716, -7.274199776603519 ], [ 112.728029966399134, -7.274212687798808 ], [ 112.728036637376533, -7.274226972713628 ], [ 112.728040722804892, -7.274242197308173 ], [ 112.728042098550262, -7.274257898990915 ], [ 112.728040722811087, -7.274273600674191 ], [ 112.728036637388186, -7.274288825270277 ], [ 112.728029966414837, -7.274303110187456 ], [ 112.728020912585009, -7.274316021385639 ], [ 112.72800975099463, -7.274327166564476 ], [ 112.727996820782991, -7.274336207083206 ], [ 112.727982514828128, -7.27434286825011 ], [ 112.72796726780939, -7.2743469476689 ], [ 112.727951543000017, -7.274348321388468 ], [ 112.727935818190645, -7.2743469476689 ], [ 112.727920571171907, -7.27434286825011 ], [ 112.727906265217058, -7.274336207083206 ], [ 112.727893335005405, -7.274327166564476 ], [ 112.727882173415026, -7.274316021385639 ], [ 112.727873119585198, -7.274303110187455 ], [ 112.727866448611849, -7.274288825270277 ], [ 112.727862363188947, -7.274273600674191 ], [ 112.727860987449773, -7.274257898990915 ], [ 112.727862363195143, -7.274242197308173 ], [ 112.727866448623502, -7.274226972713628 ], [ 112.727873119600901, -7.274212687798809 ], [ 112.727882173432874, -7.274199776603517 ], [ 112.727893335023253, -7.274188631427763 ], [ 112.727906265232733, -7.274179590911928 ], [ 112.72792057118356, -7.274172929747381 ], [ 112.727935818196841, -7.274168850330129 ], [ 112.727951543000017, -7.274167476611177 ] ] ] ] } },
{ "type": "Feature", "properties": { "OID_": 0, "Name": "Jl. Kedungsari 1", "FolderPath": "Data CCTV Usulan + 50 Jalur + Rencana 2026.kmz/Rencana 2026/Surabaya Pusat.kmz/Surabaya Pusat/Kecamatan Tegalsari", "Jenis": "Rencana 2026", "SubJenis": "Surabaya Pusat", "POINT_X": 112.733094823, "POINT_Y": -7.267008512, "POINT_Z": 0.0, "BUFF_DIST": 10.0, "ORIG_FID": 366 }, "geometry": { "type": "MultiPolygon", "coordinates": [ [ [ [ 112.733094823000101, -7.26691808958225 ], [ 112.733110547551135, -7.26691946330172 ], [ 112.733125794319889, -7.266923542720274 ], [ 112.733140100041311, -7.266930203886946 ], [ 112.733153030043468, -7.266939244405667 ], [ 112.733164191454847, -7.266950389584979 ], [ 112.733173245141643, -7.266963300784391 ], [ 112.733179916012062, -7.26697758570377 ], [ 112.733184001374894, -7.266992810303173 ], [ 112.733185377098209, -7.267008511990923 ], [ 112.73318400138109, -7.267024213679209 ], [ 112.733179916023701, -7.26703943828015 ], [ 112.733173245157317, -7.267053723201886 ], [ 112.733164191472682, -7.267066634404187 ], [ 112.733153030061288, -7.267077779586575 ], [ 112.733140100057, -7.267086820108189 ], [ 112.733125794331528, -7.267093481277218 ], [ 112.733110547557317, -7.26709756069731 ], [ 112.733094823000101, -7.267098934417247 ], [ 112.7330790984429, -7.26709756069731 ], [ 112.733063851668675, -7.267093481277218 ], [ 112.733049545943203, -7.267086820108188 ], [ 112.733036615938914, -7.267077779586575 ], [ 112.733025454527535, -7.267066634404187 ], [ 112.733016400842885, -7.267053723201884 ], [ 112.733009729976501, -7.267039438280151 ], [ 112.733005644619112, -7.267024213679209 ], [ 112.733004268901993, -7.267008511990923 ], [ 112.733005644625308, -7.266992810303174 ], [ 112.733009729988154, -7.266977585703768 ], [ 112.73301640085856, -7.266963300784389 ], [ 112.733025454545356, -7.266950389584979 ], [ 112.733036615956749, -7.266939244405667 ], [ 112.733049545958892, -7.266930203886946 ], [ 112.733063851680313, -7.266923542720273 ], [ 112.733079098449082, -7.26691946330172 ], [ 112.733094823000101, -7.26691808958225 ] ] ] ] } },
{ "type": "Feature", "properties": { "OID_": 0, "Name": "Jl. Kedungsari 2", "FolderPath": "Data CCTV Usulan + 50 Jalur + Rencana 2026.kmz/Rencana 2026/Surabaya Pusat.kmz/Surabaya Pusat/Kecamatan Tegalsari", "Jenis": "Rencana 2026", "SubJenis": "Surabaya Pusat", "POINT_X": 112.734611113, "POINT_Y": -7.267915421, "POINT_Z": 0.0, "BUFF_DIST": 10.0, "ORIG_FID": 367 }, "geometry": { "type": "MultiPolygon", "coordinates": [ [ [ [ 112.734611113000028, -7.267824998585874 ], [ 112.734626837582582, -7.267826372305252 ], [ 112.734642084381932, -7.267830451723642 ], [ 112.734656390132031, -7.267837112890049 ], [ 112.734669320160108, -7.267846153408408 ], [ 112.73468048159387, -7.267857298587276 ], [ 112.734689535298827, -7.267870209786171 ], [ 112.734696206182619, -7.267884494704979 ], [ 112.734700291553636, -7.267899719303776 ], [ 112.734701667279722, -7.267915420990899 ], [ 112.734700291559832, -7.267931122678557 ], [ 112.734696206194258, -7.267946347278894 ], [ 112.734689535314502, -7.267960632200058 ], [ 112.734680481611704, -7.267973543401844 ], [ 112.734669320177943, -7.267984688583789 ], [ 112.734656390147705, -7.267993729105043 ], [ 112.73464208439357, -7.268000390273806 ], [ 112.734626837588777, -7.268004469693733 ], [ 112.734611113000028, -7.26800584341365 ], [ 112.734595388411279, -7.268004469693733 ], [ 112.734580141606486, -7.268000390273806 ], [ 112.734565835852351, -7.267993729105041 ], [ 112.734552905822113, -7.267984688583789 ], [ 112.734541744388352, -7.267973543401844 ], [ 112.734532690685555, -7.267960632200058 ], [ 112.734526019805799, -7.267946347278894 ], [ 112.734521934440224, -7.267931122678559 ], [ 112.734520558720334, -7.267915420990899 ], [ 112.73452193444642, -7.267899719303776 ], [ 112.734526019817437, -7.267884494704979 ], [ 112.734532690701229, -7.267870209786172 ], [ 112.734541744406187, -7.267857298587276 ], [ 112.734552905839962, -7.267846153408408 ], [ 112.734565835868025, -7.267837112890049 ], [ 112.734580141618125, -7.267830451723642 ], [ 112.734595388417475, -7.267826372305253 ], [ 112.734611113000028, -7.267824998585874 ] ] ] ] } },
{ "type": "Feature", "properties": { "OID_": 0, "Name": "Jl. Kedungsari 3", "FolderPath": "Data CCTV Usulan + 50 Jalur + Rencana 2026.kmz/Rencana 2026/Surabaya Pusat.kmz/Surabaya Pusat/Kecamatan Tegalsari", "Jenis": "Rencana 2026", "SubJenis": "Surabaya Pusat", "POINT_X": 112.73617228400001, "POINT_Y": -7.267867598, "POINT_Z": 0.0, "BUFF_DIST": 10.0, "ORIG_FID": 368 }, "geometry": { "type": "MultiPolygon", "coordinates": [ [ [ [ 112.736172284000077, -7.267777175585682 ], [ 112.736188008580953, -7.267778549305075 ], [ 112.736203255378697, -7.267782628723473 ], [ 112.73621756112729, -7.267789289889897 ], [ 112.736230491153989, -7.267798330408276 ], [ 112.736241652586585, -7.267809475587166 ], [ 112.736250706290576, -7.267822386786089 ], [ 112.736257377173658, -7.267836671704926 ], [ 112.736261462544263, -7.267851896303753 ], [ 112.736262838270179, -7.267867597990912 ], [ 112.736261462550445, -7.267883299678605 ], [ 112.736257377185311, -7.26789852427897 ], [ 112.736250706306251, -7.267912809200166 ], [ 112.736241652604406, -7.267925720401981 ], [ 112.736230491171824, -7.26793686558395 ], [ 112.736217561142965, -7.267945906105218 ], [ 112.736203255390336, -7.267952567273997 ], [ 112.736188008587149, -7.267956646693934 ], [ 112.736172284000077, -7.267958020413834 ], [ 112.73615655941299, -7.267956646693934 ], [ 112.736141312609817, -7.267952567273997 ], [ 112.736127006857174, -7.267945906105219 ], [ 112.736114076828315, -7.26793686558395 ], [ 112.736102915395733, -7.26792572040198 ], [ 112.736093861693888, -7.267912809200165 ], [ 112.736087190814843, -7.26789852427897 ], [ 112.736083105449708, -7.267883299678605 ], [ 112.73608172972996, -7.267867597990912 ], [ 112.73608310545589, -7.267851896303755 ], [ 112.736087190826481, -7.267836671704926 ], [ 112.736093861709563, -7.267822386786089 ], [ 112.736102915413568, -7.267809475587166 ], [ 112.73611407684615, -7.267798330408274 ], [ 112.736127006872863, -7.267789289889897 ], [ 112.736141312621442, -7.267782628723475 ], [ 112.736156559419186, -7.267778549305075 ], [ 112.736172284000077, -7.267777175585682 ] ] ] ] } },
{ "type": "Feature", "properties": { "OID_": 0, "Name": "Jl. Kedungsari 4", "FolderPath": "Data CCTV Usulan + 50 Jalur + Rencana 2026.kmz/Rencana 2026/Surabaya Pusat.kmz/Surabaya Pusat/Kecamatan Tegalsari", "Jenis": "Rencana 2026", "SubJenis": "Surabaya Pusat", "POINT_X": 112.737486758, "POINT_Y": -7.267854375, "POINT_Z": 0.0, "BUFF_DIST": 10.0, "ORIG_FID": 369 }, "geometry": { "type": "MultiPolygon", "coordinates": [ [ [ [ 112.737486758000045, -7.267763952585643 ], [ 112.737502482580481, -7.26776532630503 ], [ 112.737517729377757, -7.26776940572343 ], [ 112.737532035125938, -7.267776066889858 ], [ 112.737544965152267, -7.267785107408241 ], [ 112.737556126584522, -7.26779625258714 ], [ 112.737565180288257, -7.26780916378607 ], [ 112.737571851171154, -7.267823448704914 ], [ 112.737575936541631, -7.267838673303752 ], [ 112.737577312267518, -7.267854374990917 ], [ 112.737575936547813, -7.267870076678621 ], [ 112.737571851182793, -7.267885301278996 ], [ 112.737565180303932, -7.267899586200198 ], [ 112.737556126602357, -7.26791249740202 ], [ 112.737544965170102, -7.267923642583995 ], [ 112.737532035141626, -7.267932683105269 ], [ 112.73751772938941, -7.267939344274051 ], [ 112.737502482586677, -7.267943423693992 ], [ 112.737486758000045, -7.2679447974139 ], [ 112.737471033413428, -7.267943423693992 ], [ 112.737455786610695, -7.267939344274051 ], [ 112.737441480858479, -7.267932683105269 ], [ 112.737428550830003, -7.267923642583995 ], [ 112.737417389397734, -7.26791249740202 ], [ 112.737408335696159, -7.267899586200199 ], [ 112.737401664817313, -7.267885301278996 ], [ 112.737397579452292, -7.267870076678621 ], [ 112.737396203732587, -7.267854374990917 ], [ 112.737397579458474, -7.267838673303753 ], [ 112.737401664828951, -7.267823448704914 ], [ 112.737408335711848, -7.267809163786068 ], [ 112.737417389415569, -7.267796252587138 ], [ 112.737428550847838, -7.267785107408241 ], [ 112.737441480874153, -7.267776066889856 ], [ 112.737455786622334, -7.267769405723429 ], [ 112.737471033419624, -7.26776532630503 ], [ 112.737486758000045, -7.267763952585643 ] ] ] ] } },
{ "type": "Feature", "properties": { "OID_": 0, "Name": "Jl. KP M. Duryat 1", "FolderPath": "Data CCTV Usulan + 50 Jalur + Rencana 2026.kmz/Rencana 2026/Surabaya Pusat.kmz/Surabaya Pusat/Kecamatan Tegalsari", "Jenis": "Rencana 2026", "SubJenis": "Surabaya Pusat", "POINT_X": 112.73887847899999, "POINT_Y": -7.268626292, "POINT_Z": 0.0, "BUFF_DIST": 10.0, "ORIG_FID": 370 }, "geometry": { "type": "MultiPolygon", "coordinates": [ [ [ [ 112.73887847900005, -7.2685358695887 ], [ 112.738894203607316, -7.268537243308061 ], [ 112.738909450430626, -7.268541322726326 ], [ 112.738923756203221, -7.268547983892524 ], [ 112.73893668625162, -7.268557024410603 ], [ 112.738947847702946, -7.268568169589121 ], [ 112.738956901422114, -7.268581080787611 ], [ 112.738963572316393, -7.268595365705974 ], [ 112.738967657693848, -7.268610590304291 ], [ 112.73896903342208, -7.268626291990927 ], [ 112.738967657700044, -7.268641993678094 ], [ 112.738963572328032, -7.268657218277952 ], [ 112.738956901437803, -7.268671503198672 ], [ 112.738947847720766, -7.268684414400052 ], [ 112.738936686269454, -7.26869555958165 ], [ 112.738923756218909, -7.26870460010262 ], [ 112.738909450442279, -7.268711261271177 ], [ 112.738894203613512, -7.268715340690976 ], [ 112.73887847900005, -7.268716714410817 ], [ 112.738862754386574, -7.268715340690976 ], [ 112.738847507557821, -7.268711261271177 ], [ 112.738833201781176, -7.268704600102621 ], [ 112.738820271730631, -7.26869555958165 ], [ 112.738809110279334, -7.268684414400052 ], [ 112.738800056562297, -7.268671503198672 ], [ 112.738793385672054, -7.268657218277954 ], [ 112.738789300300056, -7.268641993678094 ], [ 112.738787924578006, -7.268626291990927 ], [ 112.738789300306252, -7.268610590304293 ], [ 112.738793385683692, -7.268595365705974 ], [ 112.738800056577986, -7.268581080787611 ], [ 112.738809110297154, -7.268568169589121 ], [ 112.73882027174848, -7.268557024410601 ], [ 112.738833201796865, -7.268547983892524 ], [ 112.73884750756946, -7.268541322726326 ], [ 112.73886275439277, -7.268537243308061 ], [ 112.73887847900005, -7.2685358695887 ] ] ] ] } },
{ "type": "Feature", "properties": { "OID_": 0, "Name": "Jl. KP M. Duryat 2", "FolderPath": "Data CCTV Usulan + 50 Jalur + Rencana 2026.kmz/Rencana 2026/Surabaya Pusat.kmz/Surabaya Pusat/Kecamatan Tegalsari", "Jenis": "Rencana 2026", "SubJenis": "Surabaya Pusat", "POINT_X": 112.738971281, "POINT_Y": -7.268646241, "POINT_Z": 0.0, "BUFF_DIST": 10.0, "ORIG_FID": 371 }, "geometry": { "type": "MultiPolygon", "coordinates": [ [ [ [ 112.73897128100009, -7.268555818588769 ], [ 112.738987005608067, -7.268557192308116 ], [ 112.739002252432044, -7.268561271726376 ], [ 112.739016558205265, -7.268567932892566 ], [ 112.739029488254232, -7.268576973410639 ], [ 112.739040649706041, -7.268588118589147 ], [ 112.739049703425621, -7.268601029787627 ], [ 112.739056374320199, -7.268615314705976 ], [ 112.739060459697825, -7.268630539304283 ], [ 112.739061835426128, -7.268646240990901 ], [ 112.739060459704021, -7.268661942678055 ], [ 112.739056374331838, -7.268677167277899 ], [ 112.73904970344131, -7.268691452198607 ], [ 112.739040649723876, -7.268704363399978 ], [ 112.739029488272067, -7.268715508581566 ], [ 112.739016558220953, -7.268724549102526 ], [ 112.739002252443683, -7.268731210271076 ], [ 112.738987005614248, -7.268735289690873 ], [ 112.73897128100009, -7.268736663410728 ], [ 112.738955556385946, -7.268735289690873 ], [ 112.738940309556511, -7.268731210271076 ], [ 112.738926003779241, -7.268724549102525 ], [ 112.738913073728114, -7.268715508581566 ], [ 112.738901912276319, -7.268704363399978 ], [ 112.738892858558884, -7.268691452198607 ], [ 112.738886187668356, -7.2686771672779 ], [ 112.738882102296174, -7.268661942678055 ], [ 112.738880726574067, -7.268646240990901 ], [ 112.73888210230237, -7.268630539304281 ], [ 112.738886187679995, -7.268615314705976 ], [ 112.738892858574573, -7.268601029787628 ], [ 112.738901912294153, -7.268588118589147 ], [ 112.738913073745948, -7.268576973410639 ], [ 112.738926003794916, -7.268567932892566 ], [ 112.73894030956815, -7.268561271726374 ], [ 112.738955556392128, -7.268557192308116 ], [ 112.73897128100009, -7.268555818588769 ] ] ] ] } },
{ "type": "Feature", "properties": { "OID_": 0, "Name": "Jl. KP M. Duryat 3", "FolderPath": "Data CCTV Usulan + 50 Jalur + Rencana 2026.kmz/Rencana 2026/Surabaya Pusat.kmz/Surabaya Pusat/Kecamatan Tegalsari", "Jenis": "Rencana 2026", "SubJenis": "Surabaya Pusat", "POINT_X": 112.739932319, "POINT_Y": -7.268614167, "POINT_Z": 0.0, "BUFF_DIST": 10.0, "ORIG_FID": 372 }, "geometry": { "type": "MultiPolygon", "coordinates": [ [ [ [ 112.739932319000104, -7.268523744588636 ], [ 112.739948043606944, -7.268525118308001 ], [ 112.739963290429856, -7.268529197726265 ], [ 112.739977596202067, -7.268535858892467 ], [ 112.739990526250111, -7.26854489941055 ], [ 112.740001687701124, -7.268556044589074 ], [ 112.740010741420065, -7.268568955787573 ], [ 112.740017412314174, -7.268583240705942 ], [ 112.740021497691501, -7.268598465304271 ], [ 112.740022873419704, -7.268614166990912 ], [ 112.740021497697697, -7.268629868678087 ], [ 112.740017412325813, -7.268645093277955 ], [ 112.740010741435754, -7.268659378198681 ], [ 112.740001687718959, -7.268672289400071 ], [ 112.739990526267945, -7.268683434581676 ], [ 112.739977596217742, -7.268692475102646 ], [ 112.739963290441494, -7.268699136271207 ], [ 112.73994804361314, -7.268703215691009 ], [ 112.739932319000104, -7.26870458941085 ], [ 112.739916594387054, -7.268703215691009 ], [ 112.7399013475587, -7.268699136271207 ], [ 112.739887041782453, -7.268692475102646 ], [ 112.739874111732263, -7.268683434581676 ], [ 112.739862950281235, -7.268672289400071 ], [ 112.739853896564441, -7.268659378198681 ], [ 112.739847225674382, -7.268645093277955 ], [ 112.739843140302497, -7.268629868678087 ], [ 112.73984176458049, -7.268614166990912 ], [ 112.739843140308693, -7.268598465304269 ], [ 112.739847225686034, -7.268583240705942 ], [ 112.739853896580129, -7.268568955787572 ], [ 112.73986295029907, -7.268556044589076 ], [ 112.739874111750098, -7.26854489941055 ], [ 112.739887041798127, -7.268535858892467 ], [ 112.739901347570338, -7.268529197726265 ], [ 112.73991659439325, -7.268525118308001 ], [ 112.739932319000104, -7.268523744588636 ] ] ] ] } },
{ "type": "Feature", "properties": { "OID_": 0, "Name": "Jl. KP M. Duryat 4", "FolderPath": "Data CCTV Usulan + 50 Jalur + Rencana 2026.kmz/Rencana 2026/Surabaya Pusat.kmz/Surabaya Pusat/Kecamatan Tegalsari", "Jenis": "Rencana 2026", "SubJenis": "Surabaya Pusat", "POINT_X": 112.740466531, "POINT_Y": -7.269025607, "POINT_Z": 0.0, "BUFF_DIST": 10.0, "ORIG_FID": 373 }, "geometry": { "type": "MultiPolygon", "coordinates": [ [ [ [ 112.740466531000038, -7.268935184590299 ], [ 112.740482255621188, -7.268936558309606 ], [ 112.74049750245797, -7.268940637727795 ], [ 112.740511808243198, -7.268947298893878 ], [ 112.740524738303009, -7.268956339411797 ], [ 112.740535899764183, -7.268967484590119 ], [ 112.740544953491366, -7.268980395788386 ], [ 112.740551624391529, -7.268994680706496 ], [ 112.740555709772579, -7.269009905304546 ], [ 112.740557085502047, -7.269025606990904 ], [ 112.740555709778775, -7.269041308677797 ], [ 112.740551624403167, -7.269056533277388 ], [ 112.74054495350704, -7.269070818197856 ], [ 112.740535899782003, -7.269083729399012 ], [ 112.740524738320843, -7.269094874580412 ], [ 112.740511808258887, -7.269103915101222 ], [ 112.740497502469609, -7.269110576269662 ], [ 112.740482255627384, -7.26911465568939 ], [ 112.740466531000038, -7.26911602940924 ], [ 112.740450806372692, -7.26911465568939 ], [ 112.740435559530454, -7.269110576269662 ], [ 112.740421253741189, -7.269103915101222 ], [ 112.740408323679233, -7.269094874580412 ], [ 112.740397162218059, -7.269083729399012 ], [ 112.740388108493022, -7.269070818197854 ], [ 112.740381437596895, -7.269056533277388 ], [ 112.740377352221287, -7.269041308677799 ], [ 112.740375976498029, -7.269025606990904 ], [ 112.740377352227483, -7.269009905304547 ], [ 112.740381437608534, -7.268994680706496 ], [ 112.740388108508711, -7.268980395788384 ], [ 112.74039716223588, -7.268967484590121 ], [ 112.740408323697068, -7.268956339411797 ], [ 112.740421253756878, -7.268947298893878 ], [ 112.740435559542092, -7.268940637727795 ], [ 112.740450806378888, -7.268936558309606 ], [ 112.740466531000038, -7.268935184590299 ] ] ] ] } },
{ "type": "Feature", "properties": { "OID_": 0, "Name": "Jl. Tegalsari 2 (baru)", "FolderPath": "Data CCTV Usulan + 50 Jalur + Rencana 2026.kmz/Rencana 2026/Surabaya Pusat.kmz/Surabaya Pusat/Kecamatan Tegalsari", "Jenis": "Rencana 2026", "SubJenis": "Surabaya Pusat", "POINT_X": 112.739599396, "POINT_Y": -7.265856926, "POINT_Z": 0.0, "BUFF_DIST": 10.0, "ORIG_FID": 374 }, "geometry": { "type": "MultiPolygon", "coordinates": [ [ [ [ 112.739599396000017, -7.265766503577705 ], [ 112.739615120511004, -7.265767877297216 ], [ 112.739630367240963, -7.265771956715977 ], [ 112.739644672925962, -7.265778617882987 ], [ 112.739657602895178, -7.265787658402168 ], [ 112.73966876427815, -7.265798803582044 ], [ 112.739677817941896, -7.265811714782108 ], [ 112.739684488795334, -7.265825999702209 ], [ 112.739688574147763, -7.265841224302385 ], [ 112.739689949867582, -7.265856925990931 ], [ 112.739688574153959, -7.265872627680011 ], [ 112.739684488806958, -7.265887852281725 ], [ 112.73967781795757, -7.265902137204183 ], [ 112.739668764295971, -7.265915048407137 ], [ 112.739657602913013, -7.265926193590092 ], [ 112.739644672941637, -7.265935234112161 ], [ 112.739630367252587, -7.265941895281529 ], [ 112.7396151205172, -7.265945974701824 ], [ 112.739599396000017, -7.265947348421851 ], [ 112.739583671482833, -7.265945974701826 ], [ 112.739568424747432, -7.265941895281529 ], [ 112.739554119058397, -7.265935234112161 ], [ 112.739541189087021, -7.265926193590092 ], [ 112.739530027704049, -7.265915048407137 ], [ 112.739520974042449, -7.265902137204183 ], [ 112.739514303193062, -7.265887852281725 ], [ 112.73951021784606, -7.265872627680011 ], [ 112.739508842132437, -7.265856925990931 ], [ 112.739510217852256, -7.265841224302383 ], [ 112.739514303204686, -7.265825999702209 ], [ 112.739520974058124, -7.265811714782109 ], [ 112.739530027721869, -7.265798803582044 ], [ 112.739541189104841, -7.265787658402168 ], [ 112.739554119074057, -7.265778617882987 ], [ 112.739568424759057, -7.265771956715975 ], [ 112.739583671489029, -7.265767877297217 ], [ 112.739599396000017, -7.265766503577705 ] ] ] ] } },
{ "type": "Feature", "properties": { "OID_": 0, "Name": "Jl. Tegalsari 3", "FolderPath": "Data CCTV Usulan + 50 Jalur + Rencana 2026.kmz/Rencana 2026/Surabaya Pusat.kmz/Surabaya Pusat/Kecamatan Tegalsari", "Jenis": "Rencana 2026", "SubJenis": "Surabaya Pusat", "POINT_X": 112.736023063, "POINT_Y": -7.26698587, "POINT_Z": 0.0, "BUFF_DIST": 10.0, "ORIG_FID": 375 }, "geometry": { "type": "MultiPolygon", "coordinates": [ [ [ [ 112.736023063000061, -7.266895447582145 ], [ 112.736038787550299, -7.266896821301598 ], [ 112.736054034318315, -7.266900900720153 ], [ 112.736068340039012, -7.266907561886836 ], [ 112.736081270040515, -7.266916602405567 ], [ 112.73609243145134, -7.266927747584888 ], [ 112.736101485137681, -7.266940658784312 ], [ 112.736108156007759, -7.266954943703705 ], [ 112.736112241370392, -7.266970168303123 ], [ 112.73611361709365, -7.266985869990889 ], [ 112.736112241376588, -7.267001571679191 ], [ 112.736108156019398, -7.267016796280149 ], [ 112.736101485153355, -7.267031081201898 ], [ 112.73609243146916, -7.267043992404212 ], [ 112.736081270058335, -7.267055137586613 ], [ 112.7360683400547, -7.267064178108233 ], [ 112.736054034329939, -7.267070839277268 ], [ 112.736038787556481, -7.267074918697364 ], [ 112.736023063000061, -7.267076292417315 ], [ 112.736007338443642, -7.267074918697365 ], [ 112.735992091670184, -7.267070839277268 ], [ 112.735977785945437, -7.267064178108234 ], [ 112.735964855941802, -7.267055137586613 ], [ 112.735953694530963, -7.267043992404212 ], [ 112.735944640846768, -7.267031081201896 ], [ 112.735937969980725, -7.267016796280149 ], [ 112.735933884623549, -7.267001571679191 ], [ 112.735932508906487, -7.266985869990889 ], [ 112.735933884629745, -7.266970168303123 ], [ 112.735937969992378, -7.266954943703705 ], [ 112.735944640862456, -7.266940658784312 ], [ 112.735953694548797, -7.266927747584888 ], [ 112.735964855959622, -7.266916602405566 ], [ 112.735977785961126, -7.266907561886836 ], [ 112.735992091681823, -7.266900900720153 ], [ 112.736007338449824, -7.266896821301598 ], [ 112.736023063000061, -7.266895447582145 ] ] ] ] } },
{ "type": "Feature", "properties": { "OID_": 0, "Name": "JL. Dr. Soetomo 1", "FolderPath": "Data CCTV Usulan + 50 Jalur + Rencana 2026.kmz/Rencana 2026/Surabaya Pusat.kmz/Surabaya Pusat/Kecamatan Tegalsari", "Jenis": "Rencana 2026", "SubJenis": "Surabaya Pusat", "POINT_X": 112.73734989, "POINT_Y": -7.28257749, "POINT_Z": 0.0, "BUFF_DIST": 10.0, "ORIG_FID": 376 }, "geometry": { "type": "MultiPolygon", "coordinates": [ [ [ [ 112.737349890000019, -7.282487067644272 ], [ 112.737365615092898, -7.282488441362741 ], [ 112.73738086238707, -7.282492520778496 ], [ 112.737395168601452, -7.2824991819406 ], [ 112.737408099049162, -7.282508222453122 ], [ 112.737419260845186, -7.28251936762479 ], [ 112.737428314843967, -7.282532278815346 ], [ 112.737434985944276, -7.282546563724928 ], [ 112.737439071447881, -7.282561788313893 ], [ 112.737440447218617, -7.282577489990878 ], [ 112.737439071454091, -7.282593191668401 ], [ 112.737434985955929, -7.282608416258907 ], [ 112.73742831485967, -7.282622701170853 ], [ 112.737419260863049, -7.282635612364306 ], [ 112.737408099067039, -7.282646757539058 ], [ 112.737395168617184, -7.282655798054475 ], [ 112.737380862398737, -7.28266245921894 ], [ 112.737365615099108, -7.282666538636238 ], [ 112.737349890000019, -7.282667912355285 ], [ 112.737334164900929, -7.282666538636238 ], [ 112.7373189176013, -7.28266245921894 ], [ 112.737304611382854, -7.282655798054477 ], [ 112.737291680932998, -7.282646757539058 ], [ 112.737280519137002, -7.282635612364306 ], [ 112.737271465140367, -7.282622701170851 ], [ 112.737264794044123, -7.282608416258908 ], [ 112.737260708545946, -7.282593191668401 ], [ 112.73725933278142, -7.282577489990878 ], [ 112.737260708552157, -7.282561788313893 ], [ 112.737264794055775, -7.282546563724928 ], [ 112.737271465156084, -7.282532278815346 ], [ 112.737280519154851, -7.28251936762479 ], [ 112.737291680950875, -7.28250822245312 ], [ 112.737304611398585, -7.2824991819406 ], [ 112.737318917612967, -7.282492520778496 ], [ 112.737334164907139, -7.282488441362741 ], [ 112.737349890000019, -7.282487067644272 ] ] ] ] } },
{ "type": "Feature", "properties": { "OID_": 0, "Name": "Jl. Dr. Soetomo 2", "FolderPath": "Data CCTV Usulan + 50 Jalur + Rencana 2026.kmz/Rencana 2026/Surabaya Pusat.kmz/Surabaya Pusat/Kecamatan Tegalsari", "Jenis": "Rencana 2026", "SubJenis": "Surabaya Pusat", "POINT_X": 112.73845954399999, "POINT_Y": -7.282106077, "POINT_Z": 0.0, "BUFF_DIST": 10.0, "ORIG_FID": 377 }, "geometry": { "type": "MultiPolygon", "coordinates": [ [ [ [ 112.738459544000079, -7.28201565464241 ], [ 112.738475269076531, -7.282017028360935 ], [ 112.738490516354787, -7.282021107776773 ], [ 112.738504822554233, -7.282027768939017 ], [ 112.738517752988443, -7.282036809451725 ], [ 112.738528914772786, -7.282047954623625 ], [ 112.738537968762117, -7.282060865814451 ], [ 112.738544639855448, -7.282075150724331 ], [ 112.738548725354804, -7.28209037531361 ], [ 112.73855010112409, -7.282106076990923 ], [ 112.738548725361014, -7.28212177866877 ], [ 112.738544639867115, -7.282137003259592 ], [ 112.738537968777834, -7.282151288171834 ], [ 112.738528914790649, -7.282164199365556 ], [ 112.738517753006306, -7.282175344540539 ], [ 112.738504822569951, -7.282184385056144 ], [ 112.738490516366454, -7.282191046220751 ], [ 112.738475269082741, -7.282195125638131 ], [ 112.738459544000079, -7.28219649935718 ], [ 112.738443818917418, -7.282195125638131 ], [ 112.738428571633719, -7.282191046220751 ], [ 112.738414265430222, -7.282184385056144 ], [ 112.738401334993867, -7.282175344540539 ], [ 112.73839017320951, -7.282164199365556 ], [ 112.738381119222339, -7.282151288171834 ], [ 112.738374448133058, -7.282137003259594 ], [ 112.738370362639159, -7.282121778668772 ], [ 112.738368986876068, -7.282106076990923 ], [ 112.738370362645369, -7.282090375313609 ], [ 112.738374448144725, -7.282075150724329 ], [ 112.738381119238042, -7.282060865814451 ], [ 112.738390173227387, -7.282047954623625 ], [ 112.73840133501173, -7.282036809451724 ], [ 112.73841426544594, -7.282027768939017 ], [ 112.738428571645386, -7.282021107776773 ], [ 112.738443818923628, -7.282017028360935 ], [ 112.738459544000079, -7.28201565464241 ] ] ] ] } },
{ "type": "Feature", "properties": { "OID_": 0, "Name": "Jl. Dr. Soetomo 3", "FolderPath": "Data CCTV Usulan + 50 Jalur + Rencana 2026.kmz/Rencana 2026/Surabaya Pusat.kmz/Surabaya Pusat/Kecamatan Tegalsari", "Jenis": "Rencana 2026", "SubJenis": "Surabaya Pusat", "POINT_X": 112.738385064, "POINT_Y": -7.282352256, "POINT_Z": 0.0, "BUFF_DIST": 10.0, "ORIG_FID": 378 }, "geometry": { "type": "MultiPolygon", "coordinates": [ [ [ [ 112.738385064000113, -7.282261833643385 ], [ 112.738400789085134, -7.282263207361887 ], [ 112.738416036371703, -7.282267286777682 ], [ 112.738430342578951, -7.282273947939851 ], [ 112.738443273020209, -7.282282988452464 ], [ 112.738454434810649, -7.282294133624243 ], [ 112.738463488804925, -7.282307044814927 ], [ 112.738470159901894, -7.28232132972465 ], [ 112.738474245403481, -7.282336554313769 ], [ 112.738475621173521, -7.28235225599091 ], [ 112.738474245409677, -7.282367957668585 ], [ 112.738470159913547, -7.282383182259245 ], [ 112.738463488820628, -7.282397467171331 ], [ 112.738454434828512, -7.282410378364911 ], [ 112.738443273038072, -7.282421523539776 ], [ 112.738430342594668, -7.282430564055282 ], [ 112.73841603638337, -7.282437225219815 ], [ 112.738400789091344, -7.282441304637152 ], [ 112.738385064000113, -7.282442678356188 ], [ 112.738369338908868, -7.282441304637152 ], [ 112.738354091616841, -7.282437225219815 ], [ 112.738339785405557, -7.282430564055284 ], [ 112.738326854962153, -7.282421523539776 ], [ 112.7383156931717, -7.282410378364911 ], [ 112.738306639179584, -7.28239746717133 ], [ 112.738299968086679, -7.282383182259245 ], [ 112.738295882590549, -7.282367957668585 ], [ 112.738294506826705, -7.28235225599091 ], [ 112.738295882596745, -7.282336554313769 ], [ 112.738299968098332, -7.282321329724652 ], [ 112.738306639195301, -7.282307044814927 ], [ 112.738315693189563, -7.282294133624243 ], [ 112.738326854980016, -7.282282988452464 ], [ 112.73833978542126, -7.282273947939853 ], [ 112.738354091628509, -7.282267286777683 ], [ 112.738369338915078, -7.282263207361887 ], [ 112.738385064000113, -7.282261833643385 ] ] ] ] } },
{ "type": "Feature", "properties": { "OID_": 0, "Name": "Jl. WR. Supratman 1", "FolderPath": "Data CCTV Usulan + 50 Jalur + Rencana 2026.kmz/Rencana 2026/Surabaya Pusat.kmz/Surabaya Pusat/Kecamatan Tegalsari", "Jenis": "Rencana 2026", "SubJenis": "Surabaya Pusat", "POINT_X": 112.73625106199999, "POINT_Y": -7.28010469, "POINT_Z": 0.0, "BUFF_DIST": 10.0, "ORIG_FID": 379 }, "geometry": { "type": "MultiPolygon", "coordinates": [ [ [ [ 112.736251062000065, -7.280014267634459 ], [ 112.736266787006798, -7.280015641353073 ], [ 112.736282034217439, -7.280019720769272 ], [ 112.736296340353462, -7.280026381932103 ], [ 112.736309270730331, -7.280035422445608 ], [ 112.736320432465192, -7.280046567618494 ], [ 112.736329486414391, -7.280059478810457 ], [ 112.736336157478135, -7.280073763721598 ], [ 112.736340242959386, -7.280088988312219 ], [ 112.736341618722577, -7.280104689990919 ], [ 112.736340242965582, -7.280120391670152 ], [ 112.736336157489802, -7.280135616262317 ], [ 112.736329486430094, -7.280149901175816 ], [ 112.736320432483055, -7.280162812370677 ], [ 112.736309270748194, -7.280173957546644 ], [ 112.736296340369179, -7.280182998063045 ], [ 112.736282034229106, -7.280189659228236 ], [ 112.736266787013008, -7.28019373864598 ], [ 112.736251062000065, -7.280195112365177 ], [ 112.736235336987122, -7.28019373864598 ], [ 112.73622008977101, -7.280189659228236 ], [ 112.736205783630936, -7.280182998063045 ], [ 112.736192853251922, -7.280173957546644 ], [ 112.736181691517061, -7.280162812370677 ], [ 112.736172637570021, -7.280149901175816 ], [ 112.736165966510313, -7.280135616262317 ], [ 112.736161881034533, -7.280120391670152 ], [ 112.736160505277539, -7.280104689990919 ], [ 112.736161881040744, -7.280088988312219 ], [ 112.73616596652198, -7.280073763721596 ], [ 112.736172637585739, -7.280059478810458 ], [ 112.736181691534924, -7.280046567618494 ], [ 112.736192853269785, -7.280035422445608 ], [ 112.736205783646653, -7.280026381932103 ], [ 112.736220089782677, -7.280019720769272 ], [ 112.736235336993317, -7.280015641353073 ], [ 112.736251062000065, -7.280014267634459 ] ] ] ] } },
{ "type": "Feature", "properties": { "OID_": 0, "Name": "Jl. WR. Supratman 2", "FolderPath": "Data CCTV Usulan + 50 Jalur + Rencana 2026.kmz/Rencana 2026/Surabaya Pusat.kmz/Surabaya Pusat/Kecamatan Tegalsari", "Jenis": "Rencana 2026", "SubJenis": "Surabaya Pusat", "POINT_X": 112.73779145100001, "POINT_Y": -7.280493484, "POINT_Z": 0.0, "BUFF_DIST": 10.0, "ORIG_FID": 380 }, "geometry": { "type": "MultiPolygon", "coordinates": [ [ [ [ 112.737791451000021, -7.280403061635974 ], [ 112.737807176020311, -7.280404435354604 ], [ 112.737822423244083, -7.280408514770732 ], [ 112.737836729392427, -7.280415175933451 ], [ 112.737849659780423, -7.2804242164468 ], [ 112.737860821524905, -7.280435361619493 ], [ 112.737869875481891, -7.280448272811237 ], [ 112.737876546551377, -7.28046255772213 ], [ 112.737880632036152, -7.280477782312494 ], [ 112.737882007800536, -7.280493483990923 ], [ 112.737880632042348, -7.280509185669885 ], [ 112.737876546563044, -7.280524410261791 ], [ 112.737869875497609, -7.280538695175046 ], [ 112.737860821542768, -7.280551606369686 ], [ 112.737849659798286, -7.280562751545461 ], [ 112.73783672940813, -7.280571792061708 ], [ 112.737822423255736, -7.280578453226786 ], [ 112.737807176026507, -7.280582532644456 ], [ 112.737791451000021, -7.280583906363596 ], [ 112.737775725973535, -7.280582532644457 ], [ 112.737760478744306, -7.280578453226786 ], [ 112.737746172591912, -7.280571792061708 ], [ 112.737733242201756, -7.280562751545461 ], [ 112.737722080457274, -7.280551606369684 ], [ 112.737713026502448, -7.280538695175048 ], [ 112.737706355436998, -7.280524410261791 ], [ 112.737702269957694, -7.280509185669885 ], [ 112.737700894199506, -7.280493483990923 ], [ 112.73770226996389, -7.280477782312492 ], [ 112.737706355448665, -7.28046255772213 ], [ 112.737713026518151, -7.280448272811237 ], [ 112.737722080475137, -7.280435361619493 ], [ 112.737733242219619, -7.2804242164468 ], [ 112.737746172607629, -7.280415175933451 ], [ 112.737760478755959, -7.280408514770731 ], [ 112.737775725979731, -7.280404435354606 ], [ 112.737791451000021, -7.280403061635974 ] ] ] ] } },
{ "type": "Feature", "properties": { "OID_": 0, "Name": "Jl. Mojopahit 1 (depan WM)", "FolderPath": "Data CCTV Usulan + 50 Jalur + Rencana 2026.kmz/Rencana 2026/Surabaya Pusat.kmz/Surabaya Pusat/Kecamatan Tegalsari", "Jenis": "Rencana 2026", "SubJenis": "Surabaya Pusat", "POINT_X": 112.744479786, "POINT_Y": -7.280849555, "POINT_Z": 0.0, "BUFF_DIST": 10.0, "ORIG_FID": 381 }, "geometry": { "type": "MultiPolygon", "coordinates": [ [ [ [ 112.744479786000056, -7.280759132637408 ], [ 112.744495511032738, -7.280760506355998 ], [ 112.744510758268547, -7.280764585772062 ], [ 112.74452506442816, -7.280771246934673 ], [ 112.744537994826374, -7.280780287447883 ], [ 112.744549156579652, -7.280791432620401 ], [ 112.744558210543772, -7.280804343811939 ], [ 112.744564881618544, -7.28081862872261 ], [ 112.744568967106517, -7.280833853312735 ], [ 112.744570342871981, -7.280849554990916 ], [ 112.744568967112727, -7.280865256669635 ], [ 112.744564881630211, -7.2808804812613 ], [ 112.744558210559489, -7.280894766174332 ], [ 112.744549156597515, -7.280907677368767 ], [ 112.744537994844237, -7.280918822544368 ], [ 112.744525064443877, -7.280927863060473 ], [ 112.7445107582802, -7.280934524225446 ], [ 112.744495511038934, -7.280938603643054 ], [ 112.744479786000056, -7.280939977362194 ], [ 112.744464060961164, -7.280938603643054 ], [ 112.744448813719899, -7.280934524225446 ], [ 112.744434507556235, -7.280927863060473 ], [ 112.744421577155876, -7.280918822544368 ], [ 112.744410415402598, -7.280907677368767 ], [ 112.744401361440623, -7.28089476617433 ], [ 112.744394690369901, -7.2808804812613 ], [ 112.744390604887386, -7.280865256669635 ], [ 112.744389229128117, -7.280849554990916 ], [ 112.744390604893596, -7.280833853312735 ], [ 112.744394690381569, -7.28081862872261 ], [ 112.744401361456326, -7.280804343811941 ], [ 112.744410415420461, -7.280791432620401 ], [ 112.744421577173739, -7.280780287447883 ], [ 112.744434507571938, -7.280771246934673 ], [ 112.744448813731566, -7.280764585772062 ], [ 112.74446406096736, -7.280760506355998 ], [ 112.744479786000056, -7.280759132637408 ] ] ] ] } },
{ "type": "Feature", "properties": { "OID_": 0, "Name": "Jl. Dinoyo 1", "FolderPath": "Data CCTV Usulan + 50 Jalur + Rencana 2026.kmz/Rencana 2026/Surabaya Pusat.kmz/Surabaya Pusat/Kecamatan Tegalsari", "Jenis": "Rencana 2026", "SubJenis": "Surabaya Pusat", "POINT_X": 112.744845041, "POINT_Y": -7.286850995, "POINT_Z": 0.0, "BUFF_DIST": 10.0, "ORIG_FID": 382 }, "geometry": { "type": "MultiPolygon", "coordinates": [ [ [ [ 112.744845041000076, -7.286760572661331 ], [ 112.744860766241914, -7.286761946379536 ], [ 112.744876013680496, -7.286766025794521 ], [ 112.744890320030379, -7.286772686955369 ], [ 112.744903250600572, -7.286781727466187 ], [ 112.744914412502297, -7.286792872635753 ], [ 112.74492346658684, -7.286805783823875 ], [ 112.74493013775033, -7.286820068730766 ], [ 112.744934223292645, -7.286835293316861 ], [ 112.744935599076427, -7.286850994990889 ], [ 112.744934223298856, -7.286866696665452 ], [ 112.744930137761997, -7.286881921253089 ], [ 112.744923466602572, -7.286896206162343 ], [ 112.744914412520174, -7.286909117353364 ], [ 112.744903250618435, -7.286920262526017 ], [ 112.74489032004611, -7.286929303039734 ], [ 112.744876013692163, -7.286935964202944 ], [ 112.744860766248109, -7.286940043619473 ], [ 112.744845041000076, -7.286941417338267 ], [ 112.744829315752042, -7.286940043619473 ], [ 112.744814068307988, -7.286935964202944 ], [ 112.744799761954056, -7.286929303039733 ], [ 112.744786831381717, -7.286920262526017 ], [ 112.744775669479978, -7.286909117353362 ], [ 112.74476661539758, -7.286896206162345 ], [ 112.744759944238155, -7.286881921253089 ], [ 112.744755858701296, -7.286866696665452 ], [ 112.744754482923739, -7.286850994990889 ], [ 112.744755858707506, -7.286835293316861 ], [ 112.744759944249822, -7.286820068730766 ], [ 112.744766615413312, -7.286805783823874 ], [ 112.744775669497869, -7.286792872635753 ], [ 112.744786831399594, -7.286781727466184 ], [ 112.744799761969773, -7.286772686955369 ], [ 112.744814068319656, -7.286766025794522 ], [ 112.744829315758253, -7.286761946379536 ], [ 112.744845041000076, -7.286760572661331 ] ] ] ] } },
{ "type": "Feature", "properties": { "OID_": 0, "Name": "Jl. Dinoyo 2", "FolderPath": "Data CCTV Usulan + 50 Jalur + Rencana 2026.kmz/Rencana 2026/Surabaya Pusat.kmz/Surabaya Pusat/Kecamatan Tegalsari", "Jenis": "Rencana 2026", "SubJenis": "Surabaya Pusat", "POINT_X": 112.745780555, "POINT_Y": -7.285194055, "POINT_Z": 0.0, "BUFF_DIST": 10.0, "ORIG_FID": 383 }, "geometry": { "type": "MultiPolygon", "coordinates": [ [ [ [ 112.74578055500001, -7.285103632654685 ], [ 112.745796280184081, -7.285105006373054 ], [ 112.745811527566673, -7.285109085788337 ], [ 112.745825833864004, -7.285115746949671 ], [ 112.74583876438669, -7.28512478746115 ], [ 112.745849926247431, -7.285135932631533 ], [ 112.745858980298706, -7.285148843820598 ], [ 112.745865651437711, -7.285163128728532 ], [ 112.745869736965005, -7.285178353315739 ], [ 112.745871112743714, -7.285194054990916 ], [ 112.745869736971216, -7.285209756666626 ], [ 112.745865651449364, -7.285224981255376 ], [ 112.745858980314438, -7.285239266165672 ], [ 112.745849926265294, -7.285252177357639 ], [ 112.745838764404567, -7.285263322531105 ], [ 112.745825833879721, -7.28527236304548 ], [ 112.74581152757834, -7.285279024209178 ], [ 112.745796280190291, -7.285283103626004 ], [ 112.74578055500001, -7.285284477344832 ], [ 112.74576482980973, -7.285283103626004 ], [ 112.745749582421695, -7.285279024209178 ], [ 112.7457352761203, -7.28527236304548 ], [ 112.745722345595453, -7.285263322531105 ], [ 112.745711183734727, -7.285252177357638 ], [ 112.745702129685583, -7.285239266165673 ], [ 112.745695458550657, -7.285224981255376 ], [ 112.745691373028805, -7.285209756666626 ], [ 112.745689997256306, -7.285194054990916 ], [ 112.745691373035015, -7.28517835331574 ], [ 112.745695458562324, -7.285163128728533 ], [ 112.745702129701314, -7.285148843820598 ], [ 112.745711183752604, -7.285135932631531 ], [ 112.745722345613331, -7.285124787461149 ], [ 112.745735276136017, -7.285115746949673 ], [ 112.745749582433362, -7.285109085788337 ], [ 112.74576482981594, -7.285105006373054 ], [ 112.74578055500001, -7.285103632654685 ] ] ] ] } },
{ "type": "Feature", "properties": { "OID_": 0, "Name": "Jl. Sidotopo Wetan 1", "FolderPath": "Data CCTV Usulan + 50 Jalur + Rencana 2026.kmz/Rencana 2026/Surabaya Pusat.kmz/Surabaya Pusat/Kecamatan Simokerto", "Jenis": "Rencana 2026", "SubJenis": "Surabaya Pusat", "POINT_X": 112.75803818, "POINT_Y": -7.237145618, "POINT_Z": 0.0, "BUFF_DIST": 10.0, "ORIG_FID": 384 }, "geometry": { "type": "MultiPolygon", "coordinates": [ [ [ [ 112.758038180000085, -7.237055195463765 ], [ 112.758053903515091, -7.237056569184965 ], [ 112.758069149279322, -7.23706064860887 ], [ 112.758083454058209, -7.237067309784281 ], [ 112.758096383208454, -7.237076350314859 ], [ 112.758107543884464, -7.237087495508788 ], [ 112.758116596974745, -7.23710040672513 ], [ 112.758123267405637, -7.23711469166324 ], [ 112.758127352499287, -7.237129916282605 ], [ 112.758128728131965, -7.237145617990941 ], [ 112.758127352505454, -7.237161319699807 ], [ 112.758123267417218, -7.237176544320706 ], [ 112.758116596990362, -7.237190829261162 ], [ 112.758107543902213, -7.237203740480384 ], [ 112.758096383226203, -7.237214885677377 ], [ 112.758083454073827, -7.237223926210835 ], [ 112.758069149290918, -7.23723058738859 ], [ 112.758053903521258, -7.237234666814029 ], [ 112.758038180000085, -7.23723604053583 ], [ 112.758022456478898, -7.237234666814029 ], [ 112.758007210709238, -7.23723058738859 ], [ 112.757992905926343, -7.237223926210835 ], [ 112.757979976773953, -7.237214885677377 ], [ 112.757968816097943, -7.237203740480384 ], [ 112.757959763009808, -7.237190829261162 ], [ 112.757953092582937, -7.237176544320707 ], [ 112.757949007494702, -7.237161319699808 ], [ 112.757947631868191, -7.237145617990941 ], [ 112.757949007500869, -7.237129916282604 ], [ 112.757953092594519, -7.23711469166324 ], [ 112.757959763025411, -7.237100406725132 ], [ 112.757968816115707, -7.237087495508788 ], [ 112.757979976791702, -7.237076350314859 ], [ 112.757992905941947, -7.237067309784281 ], [ 112.758007210720834, -7.23706064860887 ], [ 112.758022456485079, -7.237056569184965 ], [ 112.758038180000085, -7.237055195463765 ] ] ] ] } },
{ "type": "Feature", "properties": { "OID_": 0, "Name": "Jl. Sidotopo Wetan 2", "FolderPath": "Data CCTV Usulan + 50 Jalur + Rencana 2026.kmz/Rencana 2026/Surabaya Pusat.kmz/Surabaya Pusat/Kecamatan Simokerto", "Jenis": "Rencana 2026", "SubJenis": "Surabaya Pusat", "POINT_X": 112.75805634, "POINT_Y": -7.237255396, "POINT_Z": 0.0, "BUFF_DIST": 10.0, "ORIG_FID": 385 }, "geometry": { "type": "MultiPolygon", "coordinates": [ [ [ [ 112.758056340000053, -7.237164973464134 ], [ 112.758072063518867, -7.23716634718542 ], [ 112.758087309286793, -7.237170426609302 ], [ 112.758101614069119, -7.237177087784683 ], [ 112.758114543222504, -7.237186128315217 ], [ 112.7581257039012, -7.237197273509094 ], [ 112.75813475699367, -7.237210184725376 ], [ 112.758141427426182, -7.237224469663412 ], [ 112.758145512520812, -7.237239694282706 ], [ 112.758146888153817, -7.237255395990966 ], [ 112.75814551252698, -7.237271097699757 ], [ 112.758141427437764, -7.237286322320582 ], [ 112.758134757009287, -7.237300607260969 ], [ 112.758125703918964, -7.237313518480128 ], [ 112.758114543240239, -7.237324663677068 ], [ 112.758101614084751, -7.237333704210482 ], [ 112.758087309298375, -7.237340365388209 ], [ 112.758072063525034, -7.237344444813623 ], [ 112.758056340000053, -7.237345818535326 ], [ 112.758040616475071, -7.237344444813625 ], [ 112.758025370701731, -7.237340365388209 ], [ 112.758011065915355, -7.237333704210484 ], [ 112.757998136759866, -7.237324663677068 ], [ 112.757986976081142, -7.237313518480128 ], [ 112.757977922990818, -7.23730060726097 ], [ 112.757971252562342, -7.237286322320582 ], [ 112.757967167473126, -7.237271097699759 ], [ 112.757965791846289, -7.237255395990966 ], [ 112.757967167479293, -7.237239694282706 ], [ 112.757971252573924, -7.237224469663412 ], [ 112.757977923006436, -7.237210184725374 ], [ 112.757986976098906, -7.237197273509092 ], [ 112.757998136777601, -7.237186128315217 ], [ 112.758011065930987, -7.237177087784681 ], [ 112.758025370713312, -7.237170426609304 ], [ 112.758040616481239, -7.23716634718542 ], [ 112.758056340000053, -7.237164973464134 ] ] ] ] } },
{ "type": "Feature", "properties": { "OID_": 0, "Name": "Jl. Sidodadi 1", "FolderPath": "Data CCTV Usulan + 50 Jalur + Rencana 2026.kmz/Rencana 2026/Surabaya Pusat.kmz/Surabaya Pusat/Kecamatan Simokerto", "Jenis": "Rencana 2026", "SubJenis": "Surabaya Pusat", "POINT_X": 112.746386634, "POINT_Y": -7.236365646, "POINT_Z": 0.0, "BUFF_DIST": 10.0, "ORIG_FID": 386 }, "geometry": { "type": "MultiPolygon", "coordinates": [ [ [ [ 112.746386634000032, -7.236275223460666 ], [ 112.746402357488037, -7.236276597181949 ], [ 112.746417603226107, -7.236280676605992 ], [ 112.746431907980423, -7.236287337781631 ], [ 112.746444837108456, -7.236296378312516 ], [ 112.74645599776531, -7.236307523506827 ], [ 112.74646505084003, -7.236320434723613 ], [ 112.746471721259468, -7.236334719662208 ], [ 112.746475806346112, -7.236349944282095 ], [ 112.746477181976431, -7.236365645990967 ], [ 112.746475806352279, -7.236381347700371 ], [ 112.746471721271064, -7.236396572321788 ], [ 112.746465050855647, -7.236410857262733 ], [ 112.746455997783059, -7.236423768482395 ], [ 112.746444837126205, -7.236434913679768 ], [ 112.746431907996026, -7.236443954213537 ], [ 112.746417603237688, -7.236450615391521 ], [ 112.746402357494205, -7.236454694817095 ], [ 112.746386634000032, -7.236456068538906 ], [ 112.74637091050586, -7.236454694817095 ], [ 112.746355664762376, -7.236450615391521 ], [ 112.746341360004038, -7.236443954213537 ], [ 112.746328430873859, -7.236434913679768 ], [ 112.746317270217006, -7.236423768482395 ], [ 112.746308217144417, -7.236410857262733 ], [ 112.746301546729001, -7.236396572321788 ], [ 112.746297461647785, -7.236381347700373 ], [ 112.746296086023634, -7.236365645990967 ], [ 112.746297461653953, -7.236349944282095 ], [ 112.746301546740597, -7.23633471966221 ], [ 112.746308217160035, -7.236320434723611 ], [ 112.746317270234755, -7.236307523506829 ], [ 112.746328430891609, -7.236296378312516 ], [ 112.746341360019642, -7.236287337781631 ], [ 112.746355664773958, -7.236280676605992 ], [ 112.746370910512027, -7.236276597181949 ], [ 112.746386634000032, -7.236275223460666 ] ] ] ] } },
{ "type": "Feature", "properties": { "OID_": 0, "Name": "Jl. Sidodadi 2", "FolderPath": "Data CCTV Usulan + 50 Jalur + Rencana 2026.kmz/Rencana 2026/Surabaya Pusat.kmz/Surabaya Pusat/Kecamatan Simokerto", "Jenis": "Rencana 2026", "SubJenis": "Surabaya Pusat", "POINT_X": 112.746435546, "POINT_Y": -7.237940292, "POINT_Z": 0.0, "BUFF_DIST": 10.0, "ORIG_FID": 387 }, "geometry": { "type": "MultiPolygon", "coordinates": [ [ [ [ 112.746435546000043, -7.237849869466904 ], [ 112.746451269542561, -7.237851243188087 ], [ 112.746466515333481, -7.237855322611849 ], [ 112.746480820137393, -7.237861983787026 ], [ 112.746493749310261, -7.237871024317289 ], [ 112.746504910005797, -7.23788216951083 ], [ 112.746513963111923, -7.237895080726722 ], [ 112.746520633554482, -7.237909365664335 ], [ 112.74652471865528, -7.237924590283169 ], [ 112.74652609429036, -7.237940291990959 ], [ 112.746524718661448, -7.237955993699281 ], [ 112.746520633566078, -7.237971218319647 ], [ 112.746513963127526, -7.237985503259607 ], [ 112.746504910023546, -7.237998414478379 ], [ 112.74649374932801, -7.238009559674984 ], [ 112.746480820152996, -7.238018600208127 ], [ 112.746466515345062, -7.238025261385652 ], [ 112.746451269548729, -7.238029340810946 ], [ 112.746435546000043, -7.238030714532669 ], [ 112.746419822451344, -7.238029340810946 ], [ 112.746404576655024, -7.238025261385652 ], [ 112.746390271847076, -7.238018600208127 ], [ 112.746377342672062, -7.238009559674984 ], [ 112.746366181976526, -7.237998414478379 ], [ 112.74635712887256, -7.237985503259606 ], [ 112.746350458434009, -7.237971218319649 ], [ 112.746346373338639, -7.237955993699281 ], [ 112.746344997709727, -7.237940291990959 ], [ 112.746346373344807, -7.23792459028317 ], [ 112.746350458445605, -7.237909365664335 ], [ 112.746357128888164, -7.237895080726722 ], [ 112.74636618199429, -7.237882169510829 ], [ 112.746377342689826, -7.237871024317289 ], [ 112.746390271862694, -7.237861983787024 ], [ 112.746404576666592, -7.237855322611847 ], [ 112.746419822457511, -7.237851243188087 ], [ 112.746435546000043, -7.237849869466904 ] ] ] ] } },
{ "type": "Feature", "properties": { "OID_": 0, "Name": "Jl. Kertopaten 1", "FolderPath": "Data CCTV Usulan + 50 Jalur + Rencana 2026.kmz/Rencana 2026/Surabaya Pusat.kmz/Surabaya Pusat/Kecamatan Simokerto", "Jenis": "Rencana 2026", "SubJenis": "Surabaya Pusat", "POINT_X": 112.74635253700001, "POINT_Y": -7.234898816, "POINT_Z": 0.0, "BUFF_DIST": 10.0, "ORIG_FID": 388 }, "geometry": { "type": "MultiPolygon", "coordinates": [ [ [ [ 112.746352537, -7.234808393454848 ], [ 112.746368260437237, -7.234809767176204 ], [ 112.74638350612608, -7.234813846600506 ], [ 112.74639781083421, -7.234820507776575 ], [ 112.746410739920492, -7.234829548308042 ], [ 112.746421900541307, -7.234840693503071 ], [ 112.74643095358681, -7.234853604720684 ], [ 112.746437623984704, -7.234867889660198 ], [ 112.746441709058161, -7.234883114281064 ], [ 112.746443084684017, -7.234898815990944 ], [ 112.746441709064314, -7.234914517701357 ], [ 112.7464376239963, -7.234929742323752 ], [ 112.746430953602413, -7.234944027265614 ], [ 112.746421900559042, -7.234956938486105 ], [ 112.746410739938241, -7.234968083684197 ], [ 112.746397810849814, -7.234977124218543 ], [ 112.746383506137661, -7.234983785396953 ], [ 112.746368260443404, -7.234987864822791 ], [ 112.746352537, -7.234989238544708 ], [ 112.746336813556596, -7.234987864822791 ], [ 112.746321567862338, -7.234983785396953 ], [ 112.746307263150186, -7.234977124218545 ], [ 112.746294334061758, -7.234968083684197 ], [ 112.746283173440958, -7.234956938486105 ], [ 112.746274120397587, -7.234944027265614 ], [ 112.746267450003714, -7.234929742323752 ], [ 112.746263364935686, -7.234914517701357 ], [ 112.746261989315997, -7.234898815990944 ], [ 112.746263364941839, -7.234883114281064 ], [ 112.746267450015296, -7.234867889660198 ], [ 112.746274120413204, -7.234853604720684 ], [ 112.746283173458707, -7.234840693503071 ], [ 112.746294334079508, -7.234829548308042 ], [ 112.746307263165804, -7.234820507776575 ], [ 112.746321567873935, -7.234813846600506 ], [ 112.746336813562763, -7.234809767176204 ], [ 112.746352537, -7.234808393454848 ] ] ] ] } },
{ "type": "Feature", "properties": { "OID_": 0, "Name": "Jl. Kertopaten 2", "FolderPath": "Data CCTV Usulan + 50 Jalur + Rencana 2026.kmz/Rencana 2026/Surabaya Pusat.kmz/Surabaya Pusat/Kecamatan Simokerto", "Jenis": "Rencana 2026", "SubJenis": "Surabaya Pusat", "POINT_X": 112.743492915, "POINT_Y": -7.234370389, "POINT_Z": 0.0, "BUFF_DIST": 10.0, "ORIG_FID": 389 }, "geometry": { "type": "MultiPolygon", "coordinates": [ [ [ [ 112.743492915000047, -7.234279966452704 ], [ 112.743508638419001, -7.234281340174135 ], [ 112.743523884090109, -7.234285419598533 ], [ 112.743538188781599, -7.234292080774753 ], [ 112.743551117852846, -7.234301121306432 ], [ 112.743562278460672, -7.234312266501718 ], [ 112.743571331495659, -7.234325177719628 ], [ 112.743578001885794, -7.234339462659475 ], [ 112.74358208695449, -7.234354687280692 ], [ 112.743583462578755, -7.234370388990937 ], [ 112.743582086960657, -7.234386090701713 ], [ 112.743578001897376, -7.23440131532446 ], [ 112.743571331511262, -7.234415600266652 ], [ 112.743562278478421, -7.234428511487445 ], [ 112.743551117870595, -7.23443965668579 ], [ 112.743538188797203, -7.234448697220346 ], [ 112.743523884101677, -7.234455358398913 ], [ 112.743508638425155, -7.234459437824844 ], [ 112.743492915000047, -7.23446081154675 ], [ 112.743477191574939, -7.234459437824844 ], [ 112.743461945898417, -7.234455358398913 ], [ 112.743447641202891, -7.234448697220348 ], [ 112.743434712129499, -7.23443965668579 ], [ 112.743423551521673, -7.234428511487443 ], [ 112.743414498488846, -7.234415600266652 ], [ 112.743407828102718, -7.23440131532446 ], [ 112.743403743039451, -7.234386090701715 ], [ 112.743402367421339, -7.234370388990937 ], [ 112.743403743045604, -7.234354687280693 ], [ 112.7434078281143, -7.234339462659475 ], [ 112.743414498504436, -7.234325177719629 ], [ 112.743423551539422, -7.234312266501716 ], [ 112.743434712147248, -7.234301121306432 ], [ 112.743447641218495, -7.234292080774753 ], [ 112.743461945909999, -7.234285419598533 ], [ 112.743477191581093, -7.234281340174135 ], [ 112.743492915000047, -7.234279966452704 ] ] ] ] } },
{ "type": "Feature", "properties": { "OID_": 0, "Name": "Jl. Sidodadi Baru 1", "FolderPath": "Data CCTV Usulan + 50 Jalur + Rencana 2026.kmz/Rencana 2026/Surabaya Pusat.kmz/Surabaya Pusat/Kecamatan Simokerto", "Jenis": "Rencana 2026", "SubJenis": "Surabaya Pusat", "POINT_X": 112.748981052, "POINT_Y": -7.235335625, "POINT_Z": 0.0, "BUFF_DIST": 10.0, "ORIG_FID": 390 }, "geometry": { "type": "MultiPolygon", "coordinates": [ [ [ [ 112.74898105200009, -7.235245202456569 ], [ 112.748996775452454, -7.235246576177915 ], [ 112.749012021155949, -7.235250655602139 ], [ 112.749026325877821, -7.235257316778079 ], [ 112.749039254976552, -7.235266357309375 ], [ 112.749050415608082, -7.235277502504189 ], [ 112.74905946866231, -7.235290413721555 ], [ 112.749066139066613, -7.235304698660798 ], [ 112.749070224143992, -7.235319923281371 ], [ 112.74907159977117, -7.235335624990951 ], [ 112.749070224150145, -7.235351326701061 ], [ 112.749066139078195, -7.235366551323168 ], [ 112.749059468677899, -7.235380836264756 ], [ 112.749050415625845, -7.235393747485002 ], [ 112.749039254994301, -7.235404892682879 ], [ 112.749026325893439, -7.235413933217051 ], [ 112.74901202116753, -7.235420594395336 ], [ 112.748996775458608, -7.235424673821094 ], [ 112.74898105200009, -7.23542604754297 ], [ 112.748965328541573, -7.235424673821096 ], [ 112.748950082832664, -7.235420594395336 ], [ 112.748935778106755, -7.235413933217051 ], [ 112.748922849005893, -7.235404892682879 ], [ 112.748911688374349, -7.235393747485002 ], [ 112.748902635322295, -7.235380836264756 ], [ 112.748895964921999, -7.235366551323168 ], [ 112.748891879850049, -7.235351326701063 ], [ 112.74889050422901, -7.235335624990951 ], [ 112.748891879856203, -7.235319923281369 ], [ 112.748895964933581, -7.235304698660798 ], [ 112.748902635337885, -7.235290413721555 ], [ 112.748911688392113, -7.235277502504189 ], [ 112.748922849023629, -7.235266357309375 ], [ 112.748935778122373, -7.235257316778079 ], [ 112.748950082844246, -7.235250655602138 ], [ 112.74896532854774, -7.235246576177915 ], [ 112.74898105200009, -7.235245202456569 ] ] ] ] } },
{ "type": "Feature", "properties": { "OID_": 0, "Name": "Jl. Simolawang Baru 1", "FolderPath": "Data CCTV Usulan + 50 Jalur + Rencana 2026.kmz/Rencana 2026/Surabaya Pusat.kmz/Surabaya Pusat/Kecamatan Simokerto", "Jenis": "Rencana 2026", "SubJenis": "Surabaya Pusat", "POINT_X": 112.75174449, "POINT_Y": -7.236546515, "POINT_Z": 0.0, "BUFF_DIST": 10.0, "ORIG_FID": 391 }, "geometry": { "type": "MultiPolygon", "coordinates": [ [ [ [ 112.751744490000078, -7.236456092461307 ], [ 112.75176021349435, -7.236457466182615 ], [ 112.751775459238473, -7.236461545606625 ], [ 112.751789763998488, -7.236468206782214 ], [ 112.751802693131694, -7.236477247313029 ], [ 112.751813853792967, -7.236488392507249 ], [ 112.751822906871311, -7.23650130372393 ], [ 112.751829577293407, -7.236515588662415 ], [ 112.751833662381671, -7.23653081328218 ], [ 112.75183503801253, -7.23654651499093 ], [ 112.751833662387824, -7.236562216700208 ], [ 112.751829577304989, -7.236577441321505 ], [ 112.751822906886929, -7.236591726262338 ], [ 112.751813853810717, -7.236604637481897 ], [ 112.751802693149429, -7.236615782679183 ], [ 112.751789764014106, -7.236624823212877 ], [ 112.751775459250069, -7.23663148439081 ], [ 112.751760213500518, -7.236635563816352 ], [ 112.751744490000078, -7.236636937538119 ], [ 112.751728766499639, -7.236635563816352 ], [ 112.751713520750087, -7.23663148439081 ], [ 112.751699215986051, -7.236624823212877 ], [ 112.751686286850727, -7.236615782679183 ], [ 112.75167512618944, -7.236604637481897 ], [ 112.751666073113228, -7.236591726262336 ], [ 112.751659402695168, -7.236577441321506 ], [ 112.751655317612332, -7.236562216700208 ], [ 112.751653941987627, -7.23654651499093 ], [ 112.751655317618486, -7.236530813282181 ], [ 112.75165940270675, -7.236515588662415 ], [ 112.751666073128845, -7.236501303723932 ], [ 112.751675126207189, -7.236488392507249 ], [ 112.751686286868477, -7.236477247313029 ], [ 112.751699216001668, -7.236468206782214 ], [ 112.751713520761683, -7.236461545606625 ], [ 112.751728766505806, -7.236457466182615 ], [ 112.751744490000078, -7.236456092461307 ] ] ] ] } },
{ "type": "Feature", "properties": { "OID_": 0, "Name": "Jl. Pegirian 1", "FolderPath": "Data CCTV Usulan + 50 Jalur + Rencana 2026.kmz/Rencana 2026/Surabaya Pusat.kmz/Surabaya Pusat/Kecamatan Simokerto", "Jenis": "Rencana 2026", "SubJenis": "Surabaya Pusat", "POINT_X": 112.74570176500001, "POINT_Y": -7.230189583, "POINT_Z": 0.0, "BUFF_DIST": 10.0, "ORIG_FID": 392 }, "geometry": { "type": "MultiPolygon", "coordinates": [ [ [ [ 112.745701765000035, -7.230099160436249 ], [ 112.745717488274352, -7.230100534157871 ], [ 112.745732733805212, -7.230104613583016 ], [ 112.745747038365124, -7.230111274760455 ], [ 112.74575996731744, -7.230120315293791 ], [ 112.745771127822607, -7.230131460491118 ], [ 112.745780180774304, -7.230144371711394 ], [ 112.745786851103091, -7.230158656653856 ], [ 112.745790936134199, -7.230173881277859 ], [ 112.745792311745802, -7.230189582990977 ], [ 112.745790936140352, -7.230205284704628 ], [ 112.745786851114659, -7.230220509330162 ], [ 112.745780180789907, -7.230234794274969 ], [ 112.745771127840342, -7.230247705498122 ], [ 112.745759967335175, -7.230258850698507 ], [ 112.745747038380713, -7.230267891234718 ], [ 112.745732733816794, -7.230274552414502 ], [ 112.745717488280505, -7.230278631841179 ], [ 112.745701765000035, -7.230280005563395 ], [ 112.745686041719566, -7.23027863184118 ], [ 112.745670796183276, -7.230274552414502 ], [ 112.745656491619343, -7.230267891234718 ], [ 112.745643562664881, -7.230258850698507 ], [ 112.745632402159728, -7.230247705498122 ], [ 112.745623349210163, -7.230234794274969 ], [ 112.745616678885398, -7.230220509330162 ], [ 112.745612593859704, -7.230205284704628 ], [ 112.745611218254268, -7.230189582990977 ], [ 112.745612593865872, -7.230173881277859 ], [ 112.74561667889698, -7.230158656653856 ], [ 112.745623349225752, -7.230144371711396 ], [ 112.745632402177463, -7.23013146049112 ], [ 112.745643562682616, -7.230120315293791 ], [ 112.745656491634946, -7.230111274760455 ], [ 112.745670796194858, -7.230104613583016 ], [ 112.745686041725719, -7.230100534157871 ], [ 112.745701765000035, -7.230099160436249 ] ] ] ] } },
{ "type": "Feature", "properties": { "OID_": 0, "Name": "Jl. Pegirian 2", "FolderPath": "Data CCTV Usulan + 50 Jalur + Rencana 2026.kmz/Rencana 2026/Surabaya Pusat.kmz/Surabaya Pusat/Kecamatan Simokerto", "Jenis": "Rencana 2026", "SubJenis": "Surabaya Pusat", "POINT_X": 112.743858026, "POINT_Y": -7.232522106, "POINT_Z": 0.0, "BUFF_DIST": 10.0, "ORIG_FID": 393 }, "geometry": { "type": "MultiPolygon", "coordinates": [ [ [ [ 112.743858026000112, -7.232431683445507 ], [ 112.743873749355117, -7.232433057166969 ], [ 112.743888994964209, -7.2324371365917 ], [ 112.74390329959752, -7.232443797768458 ], [ 112.743916228616186, -7.232452838300871 ], [ 112.743927389178623, -7.232463983497056 ], [ 112.743936442176775, -7.232476894716013 ], [ 112.743943112539782, -7.232491179657016 ], [ 112.743947197591865, -7.232506404279466 ], [ 112.743948573210531, -7.232522105990979 ], [ 112.743947197598018, -7.232537807703027 ], [ 112.743943112551364, -7.232553032327008 ], [ 112.743936442192378, -7.232567317270355 ], [ 112.743927389196358, -7.23258022849219 ], [ 112.743916228633921, -7.232591373691441 ], [ 112.743903299613123, -7.232600414226728 ], [ 112.743888994975777, -7.232607075405832 ], [ 112.743873749361285, -7.232611154832092 ], [ 112.743858026000112, -7.232612528554191 ], [ 112.743842302638953, -7.232611154832094 ], [ 112.743827057024447, -7.232607075405832 ], [ 112.743812752387115, -7.232600414226728 ], [ 112.743799823366302, -7.232591373691441 ], [ 112.743788662803865, -7.232580228492188 ], [ 112.743779609807859, -7.232567317270354 ], [ 112.743772939448874, -7.232553032327008 ], [ 112.743768854402205, -7.232537807703029 ], [ 112.743767478789707, -7.232522105990979 ], [ 112.743768854408373, -7.232506404279466 ], [ 112.743772939460442, -7.232491179657015 ], [ 112.743779609823449, -7.232476894716013 ], [ 112.743788662821601, -7.232463983497055 ], [ 112.743799823384037, -7.232452838300869 ], [ 112.743812752402704, -7.232443797768458 ], [ 112.743827057036029, -7.2324371365917 ], [ 112.74384230264512, -7.232433057166969 ], [ 112.743858026000112, -7.232431683445507 ] ] ] ] } },
{ "type": "Feature", "properties": { "OID_": 0, "Name": "Jl. Sidotopo Lor 1", "FolderPath": "Data CCTV Usulan + 50 Jalur + Rencana 2026.kmz/Rencana 2026/Surabaya Pusat.kmz/Surabaya Pusat/Kecamatan Simokerto", "Jenis": "Rencana 2026", "SubJenis": "Surabaya Pusat", "POINT_X": 112.75437678500001, "POINT_Y": -7.233945276, "POINT_Z": 0.0, "BUFF_DIST": 10.0, "ORIG_FID": 394 }, "geometry": { "type": "MultiPolygon", "coordinates": [ [ [ [ 112.75437678500009, -7.233854853451071 ], [ 112.754392508404337, -7.233856227172469 ], [ 112.754407754061177, -7.233860306596945 ], [ 112.75442205873928, -7.233866967773291 ], [ 112.754434987798433, -7.233876008305137 ], [ 112.754446148395814, -7.233887153500629 ], [ 112.754455201422331, -7.233900064718781 ], [ 112.754461871806228, -7.233914349658892 ], [ 112.754465956871101, -7.233929574280392 ], [ 112.754467332494073, -7.233945275990929 ], [ 112.754465956877254, -7.233960977701999 ], [ 112.75446187181781, -7.233976202325029 ], [ 112.754455201437921, -7.233990487267489 ], [ 112.754446148413564, -7.234003398488517 ], [ 112.754434987816182, -7.234014543687074 ], [ 112.754422058754884, -7.234023584221797 ], [ 112.754407754072744, -7.234030245400488 ], [ 112.75439250841049, -7.234034324826496 ], [ 112.75437678500009, -7.234035698548484 ], [ 112.754361061589691, -7.234034324826496 ], [ 112.754345815927422, -7.234030245400488 ], [ 112.754331511245297, -7.234023584221797 ], [ 112.754318582183984, -7.234014543687074 ], [ 112.754307421586603, -7.234003398488517 ], [ 112.754298368562246, -7.233990487267487 ], [ 112.754291698182371, -7.233976202325031 ], [ 112.754287613122912, -7.233960977701999 ], [ 112.754286237506093, -7.233945275990929 ], [ 112.75428761312908, -7.233929574280394 ], [ 112.754291698193953, -7.233914349658893 ], [ 112.754298368577849, -7.233900064718781 ], [ 112.754307421604352, -7.233887153500627 ], [ 112.754318582201734, -7.233876008305135 ], [ 112.754331511260887, -7.233866967773289 ], [ 112.754345815939004, -7.233860306596943 ], [ 112.754361061595844, -7.233856227172469 ], [ 112.75437678500009, -7.233854853451071 ] ] ] ] } },
{ "type": "Feature", "properties": { "OID_": 0, "Name": "Jl. Genteng Muhammadiyah 1", "FolderPath": "Data CCTV Usulan + 50 Jalur + Rencana 2026.kmz/Rencana 2026/Surabaya Pusat.kmz/Surabaya Pusat/Kecamatan Genteng", "Jenis": "Rencana 2026", "SubJenis": "Surabaya Pusat", "POINT_X": 112.74060257, "POINT_Y": -7.257736415, "POINT_Z": 0.0, "BUFF_DIST": 10.0, "ORIG_FID": 395 }, "geometry": { "type": "MultiPolygon", "coordinates": [ [ [ [ 112.740602570000078, -7.257645992545421 ], [ 112.740618294228966, -7.257647366265418 ], [ 112.74063354068538, -7.257651445685635 ], [ 112.740647846113717, -7.257658106855025 ], [ 112.740660775850984, -7.257667147377433 ], [ 112.740671937033696, -7.257678292561289 ], [ 112.740680990535012, -7.257691203765964 ], [ 112.740687661268765, -7.257705488691165 ], [ 112.74069174654791, -7.257720713296775 ], [ 112.74069312224303, -7.257736414990926 ], [ 112.740691746554091, -7.257752116685611 ], [ 112.74068766128039, -7.257767341292758 ], [ 112.740680990550672, -7.257781626220314 ], [ 112.740671937051516, -7.257794537427876 ], [ 112.740660775868776, -7.257805682614805 ], [ 112.740647846129377, -7.2578147231401 ], [ 112.740633540697004, -7.257821384311845 ], [ 112.740618294235148, -7.257825463733595 ], [ 112.740602570000078, -7.257826837454118 ], [ 112.740586845765009, -7.257825463733597 ], [ 112.740571599303152, -7.257821384311845 ], [ 112.740557293870765, -7.257814723140102 ], [ 112.740544364131367, -7.257805682614805 ], [ 112.74053320294864, -7.257794537427876 ], [ 112.74052414944947, -7.257781626220316 ], [ 112.740517478719767, -7.25776734129276 ], [ 112.740513393446065, -7.257752116685611 ], [ 112.740512017757126, -7.257736414990926 ], [ 112.740513393452247, -7.257720713296777 ], [ 112.740517478731377, -7.257705488691165 ], [ 112.740524149465131, -7.257691203765964 ], [ 112.740533202966446, -7.257678292561289 ], [ 112.740544364149173, -7.257667147377431 ], [ 112.740557293886425, -7.257658106855024 ], [ 112.740571599314777, -7.257651445685634 ], [ 112.74058684577119, -7.257647366265418 ], [ 112.740602570000078, -7.257645992545421 ] ] ] ] } },
{ "type": "Feature", "properties": { "OID_": 0, "Name": "Jl. Genteng Kali 1", "FolderPath": "Data CCTV Usulan + 50 Jalur + Rencana 2026.kmz/Rencana 2026/Surabaya Pusat.kmz/Surabaya Pusat/Kecamatan Genteng", "Jenis": "Rencana 2026", "SubJenis": "Surabaya Pusat", "POINT_X": 112.743051616, "POINT_Y": -7.258595489, "POINT_Z": 0.0, "BUFF_DIST": 10.0, "ORIG_FID": 396 }, "geometry": { "type": "MultiPolygon", "coordinates": [ [ [ [ 112.743051616000116, -7.258505066548842 ], [ 112.743067340258833, -7.258506440268785 ], [ 112.74308258674418, -7.258510519688846 ], [ 112.743096892199659, -7.258517180857984 ], [ 112.74310982196144, -7.258526221380052 ], [ 112.74312098316534, -7.258537366563487 ], [ 112.743130036683837, -7.258550277767674 ], [ 112.743136707430239, -7.258564562692338 ], [ 112.743140792717114, -7.258579787297372 ], [ 112.743142168414863, -7.258595488990931 ], [ 112.743140792723295, -7.258611190685023 ], [ 112.743136707441863, -7.258626415291595 ], [ 112.743130036699483, -7.258640700218613 ], [ 112.743120983183147, -7.258653611425688 ], [ 112.743109821979246, -7.258664756612198 ], [ 112.74309689221532, -7.258673797137151 ], [ 112.74308258675579, -7.258680458308644 ], [ 112.743067340265014, -7.258684537730241 ], [ 112.743051616000116, -7.258685911450715 ], [ 112.743035891735232, -7.258684537730241 ], [ 112.743020645244442, -7.258680458308644 ], [ 112.743006339784927, -7.258673797137152 ], [ 112.742993410021, -7.258664756612198 ], [ 112.7429822488171, -7.258653611425686 ], [ 112.742973195300763, -7.258640700218611 ], [ 112.742966524558383, -7.258626415291595 ], [ 112.742962439276937, -7.258611190685024 ], [ 112.742961063585383, -7.258595488990931 ], [ 112.742962439283133, -7.258579787297372 ], [ 112.742966524570008, -7.258564562692339 ], [ 112.742973195316409, -7.258550277767676 ], [ 112.742982248834906, -7.258537366563487 ], [ 112.742993410038792, -7.258526221380052 ], [ 112.743006339800587, -7.258517180857984 ], [ 112.743020645256067, -7.258510519688846 ], [ 112.743035891741414, -7.258506440268785 ], [ 112.743051616000116, -7.258505066548842 ] ] ] ] } },
{ "type": "Feature", "properties": { "OID_": 0, "Name": "Jl. Ngemplak 1", "FolderPath": "Data CCTV Usulan + 50 Jalur + Rencana 2026.kmz/Rencana 2026/Surabaya Pusat.kmz/Surabaya Pusat/Kecamatan Genteng", "Jenis": "Rencana 2026", "SubJenis": "Surabaya Pusat", "POINT_X": 112.74375635299999, "POINT_Y": -7.255826262, "POINT_Z": 0.0, "BUFF_DIST": 10.0, "ORIG_FID": 397 }, "geometry": { "type": "MultiPolygon", "coordinates": [ [ [ [ 112.743756353000094, -7.255735839537895 ], [ 112.74377207716266, -7.255737213257964 ], [ 112.743787323554798, -7.255741292678521 ], [ 112.74380162892281, -7.255747953848472 ], [ 112.743814558605521, -7.255756994371636 ], [ 112.743825719741182, -7.25576813955643 ], [ 112.743834773204327, -7.255781050762189 ], [ 112.743841443909943, -7.25579533568859 ], [ 112.743845529171836, -7.255810560295479 ], [ 112.743846904861172, -7.255826261990948 ], [ 112.743845529178017, -7.255841963686948 ], [ 112.743841443921568, -7.25585718829537 ], [ 112.743834773219987, -7.255871473224125 ], [ 112.743825719759002, -7.25588438443277 ], [ 112.743814558623342, -7.255895529620636 ], [ 112.743801628938471, -7.25590457014669 ], [ 112.743787323566409, -7.255911231318991 ], [ 112.743772077168842, -7.255915310741086 ], [ 112.743756353000094, -7.255916684461771 ], [ 112.743740628831347, -7.255915310741086 ], [ 112.74372538243378, -7.255911231318991 ], [ 112.743711077061718, -7.25590457014669 ], [ 112.743698147376847, -7.255895529620636 ], [ 112.743686986241201, -7.255884384432768 ], [ 112.743677932780201, -7.255871473224127 ], [ 112.743671262078635, -7.255857188295372 ], [ 112.743667176822171, -7.255841963686948 ], [ 112.743665801139016, -7.255826261990948 ], [ 112.743667176828353, -7.255810560295477 ], [ 112.743671262090245, -7.25579533568859 ], [ 112.743677932795862, -7.255781050762189 ], [ 112.743686986259007, -7.25576813955643 ], [ 112.743698147394667, -7.255756994371636 ], [ 112.743711077077378, -7.255747953848471 ], [ 112.74372538244539, -7.255741292678521 ], [ 112.743740628837529, -7.255737213257964 ], [ 112.743756353000094, -7.255735839537895 ] ] ] ] } },
{ "type": "Feature", "properties": { "OID_": 0, "Name": "Jl. Ngemplak 2", "FolderPath": "Data CCTV Usulan + 50 Jalur + Rencana 2026.kmz/Rencana 2026/Surabaya Pusat.kmz/Surabaya Pusat/Kecamatan Genteng", "Jenis": "Rencana 2026", "SubJenis": "Surabaya Pusat", "POINT_X": 112.744239308, "POINT_Y": -7.257963384, "POINT_Z": 0.0, "BUFF_DIST": 10.0, "ORIG_FID": 398 }, "geometry": { "type": "MultiPolygon", "coordinates": [ [ [ [ 112.744239308000033, -7.257872961546339 ], [ 112.744255032236794, -7.25787433526629 ], [ 112.744270278700853, -7.257878414686466 ], [ 112.744284584136381, -7.257885075855787 ], [ 112.744297513880099, -7.257894116378107 ], [ 112.744308675068424, -7.257905261561853 ], [ 112.744317728574273, -7.2579181727664 ], [ 112.744324399311367, -7.257932457691459 ], [ 112.744328484592558, -7.257947682296916 ], [ 112.744329860288374, -7.257963383990911 ], [ 112.744328484598739, -7.257979085685441 ], [ 112.744324399322991, -7.257994310292433 ], [ 112.744317728589934, -7.258008595219847 ], [ 112.744308675086216, -7.258021506427282 ], [ 112.744297513897905, -7.258032651614101 ], [ 112.744284584152041, -7.258041692139305 ], [ 112.744270278712477, -7.258048353310981 ], [ 112.744255032242975, -7.258052432732694 ], [ 112.744239308000033, -7.258053806453234 ], [ 112.744223583757091, -7.258052432732694 ], [ 112.744208337287589, -7.258048353310981 ], [ 112.744194031848025, -7.258041692139306 ], [ 112.744181102102161, -7.258032651614101 ], [ 112.744169940913835, -7.258021506427282 ], [ 112.744160887410132, -7.258008595219846 ], [ 112.74415421667706, -7.257994310292436 ], [ 112.744150131401327, -7.257979085685441 ], [ 112.744148755711691, -7.257963383990911 ], [ 112.744150131407508, -7.257947682296918 ], [ 112.744154216688699, -7.257932457691457 ], [ 112.744160887425792, -7.2579181727664 ], [ 112.744169940931641, -7.257905261561853 ], [ 112.744181102119967, -7.257894116378107 ], [ 112.744194031863685, -7.257885075855787 ], [ 112.744208337299199, -7.257878414686466 ], [ 112.744223583763272, -7.25787433526629 ], [ 112.744239308000033, -7.257872961546339 ] ] ] ] } },
{ "type": "Feature", "properties": { "OID_": 0, "Name": "Jl. Walikota Mustajab - Ketabang kali", "FolderPath": "Data CCTV Usulan + 50 Jalur + Rencana 2026.kmz/Rencana 2026/Surabaya Pusat.kmz/Surabaya Pusat/Kecamatan Genteng", "Jenis": "Rencana 2026", "SubJenis": "Surabaya Pusat", "POINT_X": 112.743284316, "POINT_Y": -7.259677534, "POINT_Z": 0.0, "BUFF_DIST": 10.0, "ORIG_FID": 399 }, "geometry": { "type": "MultiPolygon", "coordinates": [ [ [ [ 112.743284316000086, -7.259587111553093 ], [ 112.743300040296376, -7.259588485272995 ], [ 112.743315286818145, -7.259592564692862 ], [ 112.743329592307816, -7.259599225861684 ], [ 112.743342522100491, -7.259608266383318 ], [ 112.743353683331065, -7.259619411566226 ], [ 112.743362736871191, -7.259632322769799 ], [ 112.743369407633537, -7.259646607693782 ], [ 112.743373492930189, -7.259661832298094 ], [ 112.743374868631221, -7.259677533990907 ], [ 112.743373492936371, -7.25969323568425 ], [ 112.743369407645162, -7.259708460290101 ], [ 112.743362736886851, -7.259722745216437 ], [ 112.743353683348872, -7.259735656422898 ], [ 112.743342522118311, -7.25974680160888 ], [ 112.743329592323477, -7.259755842133402 ], [ 112.74331528682977, -7.259762503304581 ], [ 112.743300040302557, -7.259766582725983 ], [ 112.743284316000086, -7.259767956446367 ], [ 112.743268591697614, -7.259766582725985 ], [ 112.743253345170388, -7.259762503304581 ], [ 112.743239039676681, -7.259755842133402 ], [ 112.74322610988186, -7.25974680160888 ], [ 112.743214948651286, -7.259735656422898 ], [ 112.743205895113306, -7.259722745216437 ], [ 112.743199224354996, -7.259708460290101 ], [ 112.743195139063801, -7.25969323568425 ], [ 112.74319376336895, -7.259677533990907 ], [ 112.743195139069982, -7.259661832298093 ], [ 112.743199224366634, -7.259646607693782 ], [ 112.743205895128966, -7.259632322769799 ], [ 112.743214948669106, -7.259619411566226 ], [ 112.743226109899666, -7.259608266383318 ], [ 112.743239039692341, -7.259599225861684 ], [ 112.743253345182026, -7.259592564692862 ], [ 112.743268591703796, -7.259588485272995 ], [ 112.743284316000086, -7.259587111553093 ] ] ] ] } },
{ "type": "Feature", "properties": { "OID_": 0, "Name": "Jl. Ketabang Kali 1", "FolderPath": "Data CCTV Usulan + 50 Jalur + Rencana 2026.kmz/Rencana 2026/Surabaya Pusat.kmz/Surabaya Pusat/Kecamatan Genteng", "Jenis": "Rencana 2026", "SubJenis": "Surabaya Pusat", "POINT_X": 112.742713494, "POINT_Y": -7.26047379, "POINT_Z": 0.0, "BUFF_DIST": 10.0, "ORIG_FID": 400 }, "geometry": { "type": "MultiPolygon", "coordinates": [ [ [ [ 112.7427134940001, -7.260383367556329 ], [ 112.742729218324044, -7.260384741276108 ], [ 112.742744464872644, -7.260388820695837 ], [ 112.742758770387468, -7.260395481864422 ], [ 112.74277170020288, -7.260404522385746 ], [ 112.74278286145308, -7.260415667568259 ], [ 112.742791915009136, -7.260428578771381 ], [ 112.74279858578322, -7.260442863694865 ], [ 112.742802671087048, -7.260458088298641 ], [ 112.742804046790496, -7.260473789990905 ], [ 112.74280267109323, -7.260489491683701 ], [ 112.742798585794844, -7.260504716289018 ], [ 112.742791915024796, -7.260519001214854 ], [ 112.7427828614709, -7.260531912420864 ], [ 112.7427717002207, -7.260543057606456 ], [ 112.742758770403128, -7.260552098130664 ], [ 112.742744464884268, -7.260558759301605 ], [ 112.742729218330226, -7.260562838722867 ], [ 112.7427134940001, -7.260564212443274 ], [ 112.742697769669974, -7.260562838722867 ], [ 112.742682523115931, -7.260558759301605 ], [ 112.742668217597071, -7.260552098130664 ], [ 112.742655287779499, -7.260543057606456 ], [ 112.742644126529299, -7.260531912420864 ], [ 112.742635072975403, -7.260519001214854 ], [ 112.742628402205355, -7.260504716289018 ], [ 112.742624316906969, -7.260489491683701 ], [ 112.742622941209703, -7.260473789990905 ], [ 112.742624316913151, -7.260458088298643 ], [ 112.74262840221698, -7.260442863694863 ], [ 112.742635072991064, -7.26042857877138 ], [ 112.74264412654712, -7.260415667568259 ], [ 112.742655287797319, -7.260404522385744 ], [ 112.742668217612731, -7.260395481864422 ], [ 112.742682523127556, -7.260388820695836 ], [ 112.742697769676155, -7.260384741276108 ], [ 112.7427134940001, -7.260383367556329 ] ] ] ] } },
{ "type": "Feature", "properties": { "OID_": 0, "Name": "Jl. Ketabang Kali 2", "FolderPath": "Data CCTV Usulan + 50 Jalur + Rencana 2026.kmz/Rencana 2026/Surabaya Pusat.kmz/Surabaya Pusat/Kecamatan Genteng", "Jenis": "Rencana 2026", "SubJenis": "Surabaya Pusat", "POINT_X": 112.745171214, "POINT_Y": -7.26234461, "POINT_Z": 0.0, "BUFF_DIST": 10.0, "ORIG_FID": 401 }, "geometry": { "type": "MultiPolygon", "coordinates": [ [ [ [ 112.745171214000038, -7.262254187563715 ], [ 112.745186938388969, -7.262255561283456 ], [ 112.745202185000579, -7.262259640702844 ], [ 112.745216490574535, -7.262266301870885 ], [ 112.745229420443394, -7.262275342391461 ], [ 112.745240581739722, -7.262286487573061 ], [ 112.745249635333195, -7.262299398775118 ], [ 112.745256306134834, -7.262313683697428 ], [ 112.74526039145556, -7.262328908299954 ], [ 112.745261767164692, -7.262344609990925 ], [ 112.745260391461741, -7.262360311682428 ], [ 112.745256306146473, -7.262375536286494 ], [ 112.745249635348856, -7.262389821211158 ], [ 112.745240581757542, -7.262402732416108 ], [ 112.745229420461214, -7.26241387760078 ], [ 112.745216490590195, -7.262422918124246 ], [ 112.745202185012204, -7.262429579294642 ], [ 112.745186938395165, -7.262433658715568 ], [ 112.745171214000038, -7.262435032435792 ], [ 112.745155489604926, -7.262433658715568 ], [ 112.745140242987873, -7.262429579294642 ], [ 112.745125937409881, -7.262422918124246 ], [ 112.745113007538876, -7.26241387760078 ], [ 112.745101846242534, -7.262402732416108 ], [ 112.745092792651221, -7.262389821211159 ], [ 112.745086121853618, -7.262375536286496 ], [ 112.745082036538335, -7.262360311682428 ], [ 112.745080660835384, -7.262344609990925 ], [ 112.745082036544517, -7.262328908299954 ], [ 112.745086121865242, -7.262313683697428 ], [ 112.745092792666895, -7.26229939877512 ], [ 112.745101846260368, -7.262286487573062 ], [ 112.745113007556682, -7.262275342391461 ], [ 112.745125937425541, -7.262266301870885 ], [ 112.745140242999511, -7.262259640702844 ], [ 112.745155489611108, -7.262255561283456 ], [ 112.745171214000038, -7.262254187563715 ] ] ] ] } },
{ "type": "Feature", "properties": { "OID_": 0, "Name": "Jl. Simpang Dukuh 1", "FolderPath": "Data CCTV Usulan + 50 Jalur + Rencana 2026.kmz/Rencana 2026/Surabaya Pusat.kmz/Surabaya Pusat/Kecamatan Genteng", "Jenis": "Rencana 2026", "SubJenis": "Surabaya Pusat", "POINT_X": 112.741933917, "POINT_Y": -7.261270011, "POINT_Z": 0.0, "BUFF_DIST": 10.0, "ORIG_FID": 402 }, "geometry": { "type": "MultiPolygon", "coordinates": [ [ [ [ 112.741933917000097, -7.261179588559495 ], [ 112.741949641351709, -7.261180962279257 ], [ 112.741964887927111, -7.261185041698839 ], [ 112.741979193467103, -7.261191702867193 ], [ 112.741992123305266, -7.261200743388195 ], [ 112.742003284575091, -7.261211888570322 ], [ 112.742012338147063, -7.261224799772992 ], [ 112.742019008932886, -7.261239084695974 ], [ 112.742023094243905, -7.261254309299219 ], [ 112.742024469949769, -7.261270010990932 ], [ 112.742023094250087, -7.26128571268318 ], [ 112.74201900894451, -7.261300937287964 ], [ 112.742012338162738, -7.261315222213302 ], [ 112.742003284592911, -7.26132813341886 ], [ 112.741992123323072, -7.26133927860406 ], [ 112.741979193482763, -7.261348319127951 ], [ 112.741964887938749, -7.261354980298662 ], [ 112.741949641357891, -7.26135905971978 ], [ 112.741933917000097, -7.261360433440113 ], [ 112.741918192642316, -7.261359059719782 ], [ 112.741902946061458, -7.261354980298662 ], [ 112.741888640517431, -7.261348319127952 ], [ 112.741875710677121, -7.26133927860406 ], [ 112.741864549407296, -7.261328133418859 ], [ 112.74185549583747, -7.261315222213302 ], [ 112.741848825055698, -7.261300937287964 ], [ 112.741844739750121, -7.26128571268318 ], [ 112.741843364050425, -7.261270010990932 ], [ 112.741844739756303, -7.261254309299219 ], [ 112.741848825067322, -7.261239084695974 ], [ 112.74185549585313, -7.261224799772992 ], [ 112.741864549425102, -7.261211888570322 ], [ 112.741875710694941, -7.261200743388195 ], [ 112.741888640533091, -7.261191702867193 ], [ 112.741902946073083, -7.261185041698837 ], [ 112.741918192648498, -7.261180962279257 ], [ 112.741933917000097, -7.261179588559495 ] ] ] ] } },
{ "type": "Feature", "properties": { "OID_": 0, "Name": "Jl. Kusuma Bangsa 1", "FolderPath": "Data CCTV Usulan + 50 Jalur + Rencana 2026.kmz/Rencana 2026/Surabaya Pusat.kmz/Surabaya Pusat/Kecamatan Genteng", "Jenis": "Rencana 2026", "SubJenis": "Surabaya Pusat", "POINT_X": 112.750080021, "POINT_Y": -7.254654777, "POINT_Z": 0.0, "BUFF_DIST": 10.0, "ORIG_FID": 403 }, "geometry": { "type": "MultiPolygon", "coordinates": [ [ [ [ 112.750080021000031, -7.254564354533199 ], [ 112.750095745121925, -7.25456572825334 ], [ 112.750110991474642, -7.25456980767411 ], [ 112.750125296805663, -7.254576468844402 ], [ 112.750138226454951, -7.254585509368032 ], [ 112.750149387561748, -7.254596654553398 ], [ 112.750158441001474, -7.254609565759824 ], [ 112.750165111689839, -7.254623850686959 ], [ 112.750169196941187, -7.254639075294632 ], [ 112.750170572626956, -7.254654776990907 ], [ 112.750169196947368, -7.254670478687719 ], [ 112.750165111701463, -7.254685703296926 ], [ 112.75015844101712, -7.254699988226412 ], [ 112.75014938757954, -7.254712899435722 ], [ 112.750138226472757, -7.25472404462416 ], [ 112.750125296821309, -7.254733085150677 ], [ 112.750110991486252, -7.254739746323324 ], [ 112.750095745128107, -7.254743825745627 ], [ 112.750080021000031, -7.254745199466375 ], [ 112.75006429687194, -7.254743825745627 ], [ 112.750049050513795, -7.254739746323324 ], [ 112.750034745178738, -7.254733085150676 ], [ 112.750021815527305, -7.25472404462416 ], [ 112.750010654420507, -7.254712899435722 ], [ 112.750001600982927, -7.254699988226412 ], [ 112.749994930298584, -7.254685703296926 ], [ 112.749990845052679, -7.254670478687719 ], [ 112.749989469373091, -7.254654776990907 ], [ 112.749990845058875, -7.25463907529463 ], [ 112.749994930310208, -7.254623850686959 ], [ 112.750001600998573, -7.254609565759824 ], [ 112.750010654438313, -7.254596654553399 ], [ 112.750021815545097, -7.254585509368032 ], [ 112.750034745194384, -7.254576468844402 ], [ 112.750049050525405, -7.254569807674109 ], [ 112.750064296878122, -7.25456572825334 ], [ 112.750080021000031, -7.254564354533199 ] ] ] ] } },
{ "type": "Feature", "properties": { "OID_": 0, "Name": "Jl. Kalianyar 1", "FolderPath": "Data CCTV Usulan + 50 Jalur + Rencana 2026.kmz/Rencana 2026/Surabaya Pusat.kmz/Surabaya Pusat/Kecamatan Genteng", "Jenis": "Rencana 2026", "SubJenis": "Surabaya Pusat", "POINT_X": 112.748000529, "POINT_Y": -7.248689695, "POINT_Z": 0.0, "BUFF_DIST": 10.0, "ORIG_FID": 404 }, "geometry": { "type": "MultiPolygon", "coordinates": [ [ [ [ 112.748000529000024, -7.248599272509497 ], [ 112.748016252914994, -7.248600646230034 ], [ 112.748031499067054, -7.248604725651871 ], [ 112.748045804209823, -7.248611386823907 ], [ 112.74805873368895, -7.248620427349907 ], [ 112.748069894648864, -7.248631572538194 ], [ 112.748078947969447, -7.248644483748 ], [ 112.74808561857003, -7.248658768678877 ], [ 112.748089703767604, -7.248673993290536 ], [ 112.74809107943527, -7.248689694990924 ], [ 112.748089703773772, -7.248705396691845 ], [ 112.748085618581626, -7.248720621305037 ], [ 112.748078947985093, -7.248734906238265 ], [ 112.748069894666656, -7.248747817450953 ], [ 112.748058733706742, -7.248758962642308 ], [ 112.74804580422547, -7.248768003171193 ], [ 112.748031499078664, -7.24877466434558 ], [ 112.748016252921175, -7.248778743768951 ], [ 112.748000529000024, -7.248780117490024 ], [ 112.747984805078858, -7.248778743768951 ], [ 112.747969558921369, -7.24877466434558 ], [ 112.747955253774577, -7.248768003171195 ], [ 112.747942324293305, -7.248758962642308 ], [ 112.747931163333391, -7.248747817450955 ], [ 112.747922110014954, -7.248734906238265 ], [ 112.747915439418406, -7.248720621305037 ], [ 112.747911354226261, -7.248705396691845 ], [ 112.747909978564763, -7.248689694990924 ], [ 112.747911354232443, -7.248673993290534 ], [ 112.747915439430002, -7.248658768678877 ], [ 112.747922110030586, -7.248644483748 ], [ 112.747931163351168, -7.248631572538194 ], [ 112.747942324311083, -7.248620427349907 ], [ 112.747955253790209, -7.248611386823907 ], [ 112.747969558932994, -7.24860472565187 ], [ 112.747984805085039, -7.248600646230034 ], [ 112.748000529000024, -7.248599272509497 ] ] ] ] } },
{ "type": "Feature", "properties": { "OID_": 0, "Name": "Jl. Gembong Tebasan", "FolderPath": "Data CCTV Usulan + 50 Jalur + Rencana 2026.kmz/Rencana 2026/Surabaya Pusat.kmz/Surabaya Pusat/Kecamatan Genteng", "Jenis": "Rencana 2026", "SubJenis": "Surabaya Pusat", "POINT_X": 112.750025306, "POINT_Y": -7.24526367, "POINT_Z": 0.0, "BUFF_DIST": 10.0, "ORIG_FID": 405 }, "geometry": { "type": "MultiPolygon", "coordinates": [ [ [ [ 112.750025306000111, -7.245173247495931 ], [ 112.750041029796321, -7.24517462121664 ], [ 112.750056275833217, -7.245178700639091 ], [ 112.750070580867941, -7.245185361812128 ], [ 112.750083510249397, -7.245194402339489 ], [ 112.750094671125012, -7.245205547529453 ], [ 112.750103724377198, -7.245218458741197 ], [ 112.75011039492739, -7.245232743674222 ], [ 112.750114480094112, -7.24524796828817 ], [ 112.750115855751389, -7.245263669990918 ], [ 112.750114480100279, -7.245279371694197 ], [ 112.750110394938986, -7.245294596309679 ], [ 112.750103724392844, -7.245308881245053 ], [ 112.75009467114279, -7.245321792459681 ], [ 112.750083510267174, -7.245332937652711 ], [ 112.750070580883559, -7.245341978182951 ], [ 112.750056275844827, -7.245348639358341 ], [ 112.750041029802503, -7.245352718782326 ], [ 112.750025306000111, -7.245354092503638 ], [ 112.750009582197734, -7.245352718782327 ], [ 112.74999433615541, -7.245348639358341 ], [ 112.749980031116664, -7.245341978182951 ], [ 112.749967101733048, -7.245332937652711 ], [ 112.749955940857447, -7.245321792459681 ], [ 112.749946887607393, -7.245308881245053 ], [ 112.749940217061237, -7.245294596309679 ], [ 112.749936131899958, -7.245279371694198 ], [ 112.749934756248848, -7.245263669990918 ], [ 112.749936131906125, -7.24524796828817 ], [ 112.749940217072847, -7.245232743674222 ], [ 112.749946887623025, -7.245218458741197 ], [ 112.749955940875211, -7.245205547529451 ], [ 112.74996710175084, -7.245194402339491 ], [ 112.749980031132296, -7.245185361812128 ], [ 112.749994336167006, -7.245178700639091 ], [ 112.750009582203916, -7.24517462121664 ], [ 112.750025306000111, -7.245173247495931 ] ] ] ] } },
{ "type": "Feature", "properties": { "OID_": 0, "Name": "Jl. Gembong Tebasan 2", "FolderPath": "Data CCTV Usulan + 50 Jalur + Rencana 2026.kmz/Rencana 2026/Surabaya Pusat.kmz/Surabaya Pusat/Kecamatan Genteng", "Jenis": "Rencana 2026", "SubJenis": "Surabaya Pusat", "POINT_X": 112.74767827300001, "POINT_Y": -7.244709427, "POINT_Z": 0.0, "BUFF_DIST": 10.0, "ORIG_FID": 406 }, "geometry": { "type": "MultiPolygon", "coordinates": [ [ [ [ 112.74767827300002, -7.244619004493752 ], [ 112.747693996777031, -7.24462037821452 ], [ 112.747709242795295, -7.244624457637072 ], [ 112.747723547812527, -7.244631118810272 ], [ 112.747736477178194, -7.244640159337854 ], [ 112.747747638040181, -7.244651304528086 ], [ 112.74775669128131, -7.244664215740146 ], [ 112.747763361823345, -7.244678500673518 ], [ 112.74776744698508, -7.244693725287835 ], [ 112.747768822640666, -7.244709426990964 ], [ 112.747767446991247, -7.244725128694626 ], [ 112.747763361834956, -7.244740353310476 ], [ 112.747756691296928, -7.244754638246198 ], [ 112.747747638057945, -7.244767549461139 ], [ 112.747736477195971, -7.244778694654442 ], [ 112.747723547828159, -7.244787735184905 ], [ 112.747709242806891, -7.244794396360453 ], [ 112.747693996783198, -7.244798475784537 ], [ 112.74767827300002, -7.24479984950586 ], [ 112.747662549216841, -7.244798475784537 ], [ 112.747647303193148, -7.244794396360453 ], [ 112.747632998171881, -7.244787735184903 ], [ 112.747620068804068, -7.244778694654442 ], [ 112.747608907942094, -7.24476754946114 ], [ 112.747599854703111, -7.244754638246198 ], [ 112.747593184165083, -7.244740353310478 ], [ 112.747589099008806, -7.244725128694626 ], [ 112.747587723359374, -7.244709426990964 ], [ 112.747589099014974, -7.244693725287833 ], [ 112.747593184176694, -7.244678500673519 ], [ 112.747599854718729, -7.244664215740144 ], [ 112.747608907959872, -7.244651304528086 ], [ 112.747620068821846, -7.244640159337852 ], [ 112.747632998187512, -7.244631118810274 ], [ 112.747647303204744, -7.244624457637072 ], [ 112.747662549223023, -7.24462037821452 ], [ 112.74767827300002, -7.244619004493752 ] ] ] ] } },
{ "type": "Feature", "properties": { "OID_": 0, "Name": "Jl. Pecindilan 1", "FolderPath": "Data CCTV Usulan + 50 Jalur + Rencana 2026.kmz/Rencana 2026/Surabaya Pusat.kmz/Surabaya Pusat/Kecamatan Genteng", "Jenis": "Rencana 2026", "SubJenis": "Surabaya Pusat", "POINT_X": 112.747179605, "POINT_Y": -7.247751847, "POINT_Z": 0.0, "BUFF_DIST": 10.0, "ORIG_FID": 407 }, "geometry": { "type": "MultiPolygon", "coordinates": [ [ [ [ 112.747179605000042, -7.247661424505758 ], [ 112.747195328882512, -7.247662798226392 ], [ 112.747210575003038, -7.247666877648396 ], [ 112.747224880116221, -7.247673538820709 ], [ 112.747237809568617, -7.247682579347081 ], [ 112.747248970505439, -7.247693724535824 ], [ 112.747258023807291, -7.247706635746162 ], [ 112.747264694394076, -7.247720920677626 ], [ 112.747268779583209, -7.247736145289911 ], [ 112.747270155248032, -7.247751846990946 ], [ 112.747268779589376, -7.247767548692511 ], [ 112.747264694405686, -7.247782773306333 ], [ 112.747258023822937, -7.24779705824015 ], [ 112.747248970523231, -7.247809969453367 ], [ 112.747237809586395, -7.24782111464518 ], [ 112.747224880131853, -7.247830155174436 ], [ 112.747210575014634, -7.247836816349097 ], [ 112.747195328888679, -7.247840895772638 ], [ 112.747179605000042, -7.247842269493732 ], [ 112.747163881111419, -7.247840895772638 ], [ 112.74714863498545, -7.247836816349097 ], [ 112.747134329868231, -7.247830155174436 ], [ 112.747121400413704, -7.24782111464518 ], [ 112.747110239476868, -7.247809969453367 ], [ 112.747101186177161, -7.247797058240148 ], [ 112.747094515594412, -7.247782773306333 ], [ 112.747090430410708, -7.247767548692511 ], [ 112.747089054752067, -7.247751846990946 ], [ 112.74709043041689, -7.247736145289911 ], [ 112.747094515606008, -7.247720920677626 ], [ 112.747101186192793, -7.247706635746161 ], [ 112.74711023949466, -7.247693724535824 ], [ 112.747121400431482, -7.247682579347079 ], [ 112.747134329883878, -7.247673538820709 ], [ 112.74714863499706, -7.247666877648396 ], [ 112.747163881117586, -7.247662798226392 ], [ 112.747179605000042, -7.247661424505758 ] ] ] ] } },
{ "type": "Feature", "properties": { "OID_": 0, "Name": "Jl. Jagalan 1", "FolderPath": "Data CCTV Usulan + 50 Jalur + Rencana 2026.kmz/Rencana 2026/Surabaya Pusat.kmz/Surabaya Pusat/Kecamatan Genteng", "Jenis": "Rencana 2026", "SubJenis": "Surabaya Pusat", "POINT_X": 112.744609994, "POINT_Y": -7.248120438, "POINT_Z": 0.0, "BUFF_DIST": 10.0, "ORIG_FID": 408 }, "geometry": { "type": "MultiPolygon", "coordinates": [ [ [ [ 112.744609994000029, -7.24803001550724 ], [ 112.744625717895275, -7.248031389227815 ], [ 112.744640964028193, -7.248035468649753 ], [ 112.744655269153, -7.248042129821957 ], [ 112.744668198615898, -7.248051170348185 ], [ 112.7446793595618, -7.248062315536749 ], [ 112.744688412871014, -7.248075226746876 ], [ 112.744695083463228, -7.248089511678112 ], [ 112.744699168655671, -7.248104736290149 ], [ 112.744700544321603, -7.24812043799093 ], [ 112.744699168661839, -7.248136139692241 ], [ 112.744695083474824, -7.248151364305816 ], [ 112.74468841288666, -7.248165649239401 ], [ 112.744679359579578, -7.248178560452411 ], [ 112.74466819863369, -7.248189705644044 ], [ 112.744655269168632, -7.248198746173153 ], [ 112.744640964039803, -7.248205407347708 ], [ 112.744625717901442, -7.248209486771183 ], [ 112.744609994000029, -7.248210860492287 ], [ 112.744594270098617, -7.248209486771183 ], [ 112.744579023960256, -7.248205407347708 ], [ 112.744564718831427, -7.248198746173155 ], [ 112.744551789366369, -7.248189705644044 ], [ 112.744540628420481, -7.248178560452411 ], [ 112.744531575113399, -7.248165649239401 ], [ 112.744524904525235, -7.248151364305816 ], [ 112.74452081933822, -7.248136139692241 ], [ 112.744519443678442, -7.24812043799093 ], [ 112.744520819344388, -7.248104736290148 ], [ 112.744524904536831, -7.248089511678112 ], [ 112.744531575129045, -7.248075226746876 ], [ 112.744540628438244, -7.248062315536749 ], [ 112.744551789384161, -7.248051170348183 ], [ 112.744564718847059, -7.248042129821957 ], [ 112.744579023971866, -7.248035468649754 ], [ 112.744594270104784, -7.248031389227815 ], [ 112.744609994000029, -7.24803001550724 ] ] ] ] } },
{ "type": "Feature", "properties": { "OID_": 0, "Name": "Jl. Peneleh 1", "FolderPath": "Data CCTV Usulan + 50 Jalur + Rencana 2026.kmz/Rencana 2026/Surabaya Pusat.kmz/Surabaya Pusat/Kecamatan Genteng", "Jenis": "Rencana 2026", "SubJenis": "Surabaya Pusat", "POINT_X": 112.74146937, "POINT_Y": -7.249381918, "POINT_Z": 0.0, "BUFF_DIST": 10.0, "ORIG_FID": 409 }, "geometry": { "type": "MultiPolygon", "coordinates": [ [ [ [ 112.74146937, -7.249291495512243 ], [ 112.741485093938991, -7.249292869232725 ], [ 112.741500340114328, -7.24929694865444 ], [ 112.74151464527894, -7.249303609826273 ], [ 112.741527574777805, -7.249312650352001 ], [ 112.741538735754759, -7.249323795539946 ], [ 112.741547789089154, -7.249336706749358 ], [ 112.741554459699913, -7.249350991679802 ], [ 112.741558544903739, -7.249366216290999 ], [ 112.741559920573494, -7.24938191799091 ], [ 112.741558544909907, -7.249397619691353 ], [ 112.741554459711523, -7.249412844304084 ], [ 112.7415477891048, -7.249427129236879 ], [ 112.741538735772551, -7.249440040449175 ], [ 112.741527574795583, -7.249451185640193 ], [ 112.741514645294572, -7.249460226168801 ], [ 112.741500340125938, -7.249466887342987 ], [ 112.741485093945158, -7.249470966766235 ], [ 112.74146937, -7.249472340487284 ], [ 112.74145364605485, -7.249470966766235 ], [ 112.741438399874085, -7.249466887342987 ], [ 112.741424094705451, -7.249460226168801 ], [ 112.74141116520444, -7.249451185640193 ], [ 112.741400004227472, -7.249440040449174 ], [ 112.741390950895223, -7.249427129236879 ], [ 112.741384280288486, -7.249412844304084 ], [ 112.741380195090116, -7.249397619691353 ], [ 112.741378819426529, -7.24938191799091 ], [ 112.741380195096284, -7.249366216290997 ], [ 112.74138428030011, -7.249350991679802 ], [ 112.741390950910855, -7.249336706749358 ], [ 112.741400004245264, -7.249323795539946 ], [ 112.741411165222203, -7.249312650352 ], [ 112.741424094721083, -7.249303609826273 ], [ 112.741438399885695, -7.24929694865444 ], [ 112.741453646061018, -7.249292869232725 ], [ 112.74146937, -7.249291495512243 ] ] ] ] } },
{ "type": "Feature", "properties": { "OID_": 0, "Name": "Jl. Peneleh 2", "FolderPath": "Data CCTV Usulan + 50 Jalur + Rencana 2026.kmz/Rencana 2026/Surabaya Pusat.kmz/Surabaya Pusat/Kecamatan Genteng", "Jenis": "Rencana 2026", "SubJenis": "Surabaya Pusat", "POINT_X": 112.73972259, "POINT_Y": -7.250580421, "POINT_Z": 0.0, "BUFF_DIST": 10.0, "ORIG_FID": 410 }, "geometry": { "type": "MultiPolygon", "coordinates": [ [ [ [ 112.739722590000042, -7.250489998516967 ], [ 112.739738313980595, -7.250491372237422 ], [ 112.739753560196235, -7.250495451658918 ], [ 112.739767865398647, -7.250502112830402 ], [ 112.739780794931704, -7.250511153355652 ], [ 112.739791955938159, -7.250522298543014 ], [ 112.739801009296485, -7.250535209751748 ], [ 112.739807679924894, -7.250549494681439 ], [ 112.739811765139493, -7.250564719291833 ], [ 112.739813140812913, -7.25058042099092 ], [ 112.739811765145689, -7.250596122690538 ], [ 112.739807679936504, -7.25061134730247 ], [ 112.739801009312146, -7.250625632234512 ], [ 112.739791955955951, -7.250638543446127 ], [ 112.739780794949496, -7.250649688636559 ], [ 112.739767865414308, -7.250658729164695 ], [ 112.739753560207845, -7.25066539033853 ], [ 112.739738313986777, -7.250669469761563 ], [ 112.739722590000042, -7.250670843482493 ], [ 112.739706866013321, -7.250669469761563 ], [ 112.739691619792239, -7.25066539033853 ], [ 112.739677314585791, -7.250658729164695 ], [ 112.739664385050602, -7.250649688636559 ], [ 112.739653224044147, -7.250638543446128 ], [ 112.739644170687953, -7.250625632234512 ], [ 112.73963750006358, -7.25061134730247 ], [ 112.73963341485441, -7.250596122690538 ], [ 112.739632039187185, -7.25058042099092 ], [ 112.739633414860592, -7.250564719291835 ], [ 112.739637500075204, -7.250549494681439 ], [ 112.739644170703599, -7.250535209751748 ], [ 112.739653224061939, -7.250522298543014 ], [ 112.73966438506838, -7.250511153355654 ], [ 112.739677314601437, -7.250502112830404 ], [ 112.739691619803864, -7.250495451658918 ], [ 112.739706866019503, -7.250491372237422 ], [ 112.739722590000042, -7.250489998516967 ] ] ] ] } },
{ "type": "Feature", "properties": { "OID_": 0, "Name": "Jl. Peneleh 3", "FolderPath": "Data CCTV Usulan + 50 Jalur + Rencana 2026.kmz/Rencana 2026/Surabaya Pusat.kmz/Surabaya Pusat/Kecamatan Genteng", "Jenis": "Rencana 2026", "SubJenis": "Surabaya Pusat", "POINT_X": 112.738512778, "POINT_Y": -7.251293237, "POINT_Z": 0.0, "BUFF_DIST": 10.0, "ORIG_FID": 411 }, "geometry": { "type": "MultiPolygon", "coordinates": [ [ [ [ 112.738512778000086, -7.251202814519869 ], [ 112.738528502005366, -7.251204188240242 ], [ 112.738543748244979, -7.251208267661611 ], [ 112.738558053469887, -7.251214928832885 ], [ 112.73857098302328, -7.251223969357855 ], [ 112.738582144047285, -7.251235114544865 ], [ 112.738591197419851, -7.251248025753195 ], [ 112.738597868058733, -7.25126231068244 ], [ 112.738601953279769, -7.251277535292356 ], [ 112.738603328955335, -7.251293236990953 ], [ 112.738601953285951, -7.251308938690079 ], [ 112.738597868070343, -7.251324163301532 ], [ 112.738591197435497, -7.251338448233128 ], [ 112.738582144065063, -7.251351359444342 ], [ 112.738570983041058, -7.251362504634424 ], [ 112.738558053485534, -7.251371545162277 ], [ 112.738543748256589, -7.251378206335903 ], [ 112.738528502011533, -7.251382285758809 ], [ 112.738512778000086, -7.251383659479735 ], [ 112.738497053988638, -7.251382285758811 ], [ 112.738481807743582, -7.251378206335903 ], [ 112.738467502514638, -7.251371545162276 ], [ 112.738454572959114, -7.251362504634424 ], [ 112.738443411935108, -7.251351359444342 ], [ 112.738434358564689, -7.251338448233128 ], [ 112.738427687929828, -7.251324163301534 ], [ 112.738423602714235, -7.251308938690079 ], [ 112.738422227044836, -7.251293236990953 ], [ 112.738423602720417, -7.251277535292356 ], [ 112.738427687941439, -7.25126231068244 ], [ 112.738434358580321, -7.251248025753195 ], [ 112.7384434119529, -7.251235114544865 ], [ 112.738454572976906, -7.251223969357853 ], [ 112.738467502530284, -7.251214928832885 ], [ 112.738481807755193, -7.251208267661611 ], [ 112.738497053994806, -7.251204188240242 ], [ 112.738512778000086, -7.251202814519869 ] ] ] ] } },
{ "type": "Feature", "properties": { "OID_": 0, "Name": "Jl. Ahmad Jais 1", "FolderPath": "Data CCTV Usulan + 50 Jalur + Rencana 2026.kmz/Rencana 2026/Surabaya Pusat.kmz/Surabaya Pusat/Kecamatan Genteng", "Jenis": "Rencana 2026", "SubJenis": "Surabaya Pusat", "POINT_X": 112.73738238200001, "POINT_Y": -7.252407495, "POINT_Z": 0.0, "BUFF_DIST": 10.0, "ORIG_FID": 412 }, "geometry": { "type": "MultiPolygon", "coordinates": [ [ [ [ 112.737382382000078, -7.252317072524249 ], [ 112.737398106044012, -7.252318446244566 ], [ 112.737413352321099, -7.252322525665737 ], [ 112.737427657581179, -7.252329186836688 ], [ 112.737440587166347, -7.252338227361212 ], [ 112.737451748217794, -7.252349372547679 ], [ 112.737460801612613, -7.252362283755377 ], [ 112.737467472267895, -7.252376568683923 ], [ 112.737471557498978, -7.252391793293096 ], [ 112.737472933177941, -7.252407494990923 ], [ 112.73747155750516, -7.252423196689281 ], [ 112.737467472279519, -7.25243842129999 ], [ 112.737460801628259, -7.252452706230889 ], [ 112.737451748235586, -7.25246561744147 ], [ 112.737440587184139, -7.252476762631009 ], [ 112.737427657596825, -7.252485803158416 ], [ 112.737413352332709, -7.252492464331718 ], [ 112.737398106050193, -7.252496543754424 ], [ 112.737382382000078, -7.252497917475269 ], [ 112.737366657949963, -7.252496543754425 ], [ 112.737351411667447, -7.252492464331718 ], [ 112.737337106403317, -7.252485803158416 ], [ 112.737324176816017, -7.252476762631009 ], [ 112.73731301576457, -7.25246561744147 ], [ 112.737303962371882, -7.252452706230887 ], [ 112.737297291720637, -7.252438421299991 ], [ 112.737293206494982, -7.252423196689281 ], [ 112.737291830822215, -7.252407494990923 ], [ 112.737293206501164, -7.252391793293095 ], [ 112.737297291732247, -7.252376568683923 ], [ 112.737303962387529, -7.252362283755377 ], [ 112.737313015782348, -7.252349372547679 ], [ 112.737324176833795, -7.252338227361211 ], [ 112.737337106418963, -7.252329186836688 ], [ 112.737351411679057, -7.252322525665737 ], [ 112.737366657956144, -7.252318446244566 ], [ 112.737382382000078, -7.252317072524249 ] ] ] ] } },
{ "type": "Feature", "properties": { "OID_": 0, "Name": "Jl. Ahmad Jais 2", "FolderPath": "Data CCTV Usulan + 50 Jalur + Rencana 2026.kmz/Rencana 2026/Surabaya Pusat.kmz/Surabaya Pusat/Kecamatan Genteng", "Jenis": "Rencana 2026", "SubJenis": "Surabaya Pusat", "POINT_X": 112.74129686400001, "POINT_Y": -7.2554784, "POINT_Z": 0.0, "BUFF_DIST": 10.0, "ORIG_FID": 413 }, "geometry": { "type": "MultiPolygon", "coordinates": [ [ [ [ 112.741296864000105, -7.25538797753647 ], [ 112.741312588150592, -7.255389351256592 ], [ 112.741327834531006, -7.255393430677213 ], [ 112.741342139888047, -7.255400091847262 ], [ 112.741355069560839, -7.255409132370571 ], [ 112.74136623068793, -7.255420277555532 ], [ 112.741375284144112, -7.255433188761488 ], [ 112.741381954844613, -7.255447473688106 ], [ 112.741386040103379, -7.255462698295227 ], [ 112.74138741579165, -7.255478399990936 ], [ 112.74138604010956, -7.255494101687179 ], [ 112.741381954856223, -7.255509326295835 ], [ 112.741375284159759, -7.255523611224804 ], [ 112.741366230705736, -7.255536522433649 ], [ 112.741355069578631, -7.255547667621684 ], [ 112.741342139903708, -7.255556708147875 ], [ 112.741327834542645, -7.255563369320277 ], [ 112.741312588156774, -7.255567448742435 ], [ 112.741296864000105, -7.255568822463104 ], [ 112.741281139843423, -7.255567448742435 ], [ 112.741265893457566, -7.255563369320277 ], [ 112.741251588096503, -7.255556708147875 ], [ 112.741238658421565, -7.255547667621684 ], [ 112.741227497294474, -7.255536522433649 ], [ 112.741218443840438, -7.255523611224806 ], [ 112.741211773143974, -7.255509326295835 ], [ 112.74120768789065, -7.255494101687179 ], [ 112.741206312208561, -7.255478399990936 ], [ 112.741207687896832, -7.255462698295228 ], [ 112.741211773155598, -7.255447473688106 ], [ 112.741218443856084, -7.255433188761486 ], [ 112.741227497312266, -7.255420277555532 ], [ 112.741238658439357, -7.255409132370569 ], [ 112.741251588112164, -7.255400091847262 ], [ 112.74126589346919, -7.255393430677212 ], [ 112.741281139849605, -7.255389351256592 ], [ 112.741296864000105, -7.25538797753647 ] ] ] ] } },
{ "type": "Feature", "properties": { "OID_": 0, "Name": "Jl. Undaan 1", "FolderPath": "Data CCTV Usulan + 50 Jalur + Rencana 2026.kmz/Rencana 2026/Surabaya Pusat.kmz/Surabaya Pusat/Kecamatan Genteng", "Jenis": "Rencana 2026", "SubJenis": "Surabaya Pusat", "POINT_X": 112.744164932, "POINT_Y": -7.254224278, "POINT_Z": 0.0, "BUFF_DIST": 10.0, "ORIG_FID": 414 }, "geometry": { "type": "MultiPolygon", "coordinates": [ [ [ [ 112.744164932000103, -7.254133855531515 ], [ 112.744180656107062, -7.254135229251705 ], [ 112.744195902445284, -7.254139308672555 ], [ 112.74421020776272, -7.254145969842972 ], [ 112.744223137399729, -7.254155010366775 ], [ 112.744234298495911, -7.254166155552352 ], [ 112.744243351927025, -7.254179066759018 ], [ 112.744250022609066, -7.254193351686426 ], [ 112.74425410785652, -7.254208576294384 ], [ 112.744255483540982, -7.254224277990959 ], [ 112.744254107862702, -7.254239979688066 ], [ 112.74425002262069, -7.254255204297561 ], [ 112.744243351942686, -7.254269489227318 ], [ 112.744234298513717, -7.254282400436871 ], [ 112.744223137417521, -7.25429354562552 ], [ 112.74421020777838, -7.254302586152209 ], [ 112.744195902456894, -7.254309247324979 ], [ 112.744180656113244, -7.254313326747361 ], [ 112.744164932000103, -7.254314700468113 ], [ 112.744149207886949, -7.254313326747361 ], [ 112.744133961543298, -7.254309247324979 ], [ 112.744119656221827, -7.254302586152209 ], [ 112.744106726582672, -7.25429354562552 ], [ 112.744095565486475, -7.254282400436869 ], [ 112.744086512057521, -7.254269489227318 ], [ 112.744079841379516, -7.254255204297561 ], [ 112.744075756137491, -7.254239979688066 ], [ 112.74407438045921, -7.254224277990959 ], [ 112.744075756143673, -7.254208576294383 ], [ 112.744079841391127, -7.254193351686426 ], [ 112.744086512073167, -7.25417906675902 ], [ 112.744095565504281, -7.254166155552352 ], [ 112.744106726600478, -7.254155010366775 ], [ 112.744119656237487, -7.254145969842971 ], [ 112.744133961554908, -7.254139308672553 ], [ 112.74414920789313, -7.254135229251707 ], [ 112.744164932000103, -7.254133855531515 ] ] ] ] } },
{ "type": "Feature", "properties": { "OID_": 0, "Name": "Jl. Undaan 2", "FolderPath": "Data CCTV Usulan + 50 Jalur + Rencana 2026.kmz/Rencana 2026/Surabaya Pusat.kmz/Surabaya Pusat/Kecamatan Genteng", "Jenis": "Rencana 2026", "SubJenis": "Surabaya Pusat", "POINT_X": 112.744365808, "POINT_Y": -7.252428246, "POINT_Z": 0.0, "BUFF_DIST": 10.0, "ORIG_FID": 415 }, "geometry": { "type": "MultiPolygon", "coordinates": [ [ [ [ 112.744365808000111, -7.25233782352433 ], [ 112.74438153204477, -7.252339197244673 ], [ 112.744396778322553, -7.252343276665841 ], [ 112.744411083583287, -7.252349937836783 ], [ 112.744424013169038, -7.2523589783613 ], [ 112.744435174220996, -7.252370123547756 ], [ 112.744444227616242, -7.252383034755442 ], [ 112.744450898271836, -7.252397319683976 ], [ 112.744454983503104, -7.252412544293134 ], [ 112.744456359182109, -7.252428245990947 ], [ 112.744454983509286, -7.252443947689293 ], [ 112.744450898283446, -7.252459172299986 ], [ 112.744444227631888, -7.252473457230872 ], [ 112.744435174238802, -7.252486368441441 ], [ 112.744424013186844, -7.25249751363097 ], [ 112.744411083598933, -7.252506554158371 ], [ 112.744396778334163, -7.252513215331667 ], [ 112.744381532050937, -7.252517294754368 ], [ 112.744365808000111, -7.25251866847519 ], [ 112.744350083949286, -7.252517294754369 ], [ 112.744334837666059, -7.252513215331667 ], [ 112.744320532401289, -7.252506554158371 ], [ 112.744307602813379, -7.25249751363097 ], [ 112.744296441761421, -7.252486368441439 ], [ 112.744287388368335, -7.25247345723087 ], [ 112.744280717716777, -7.252459172299986 ], [ 112.744276632490937, -7.252443947689293 ], [ 112.744275256818113, -7.252428245990947 ], [ 112.744276632497119, -7.252412544293134 ], [ 112.744280717728387, -7.252397319683976 ], [ 112.744287388383981, -7.252383034755442 ], [ 112.744296441779227, -7.252370123547758 ], [ 112.744307602831185, -7.2523589783613 ], [ 112.744320532416936, -7.252349937836784 ], [ 112.74433483767767, -7.252343276665839 ], [ 112.744350083955453, -7.252339197244673 ], [ 112.744365808000111, -7.25233782352433 ] ] ] ] } },
{ "type": "Feature", "properties": { "OID_": 0, "Name": "Jl. Undaan Wetan 1", "FolderPath": "Data CCTV Usulan + 50 Jalur + Rencana 2026.kmz/Rencana 2026/Surabaya Pusat.kmz/Surabaya Pusat/Kecamatan Genteng", "Jenis": "Rencana 2026", "SubJenis": "Surabaya Pusat", "POINT_X": 112.74638935199999, "POINT_Y": -7.249230085, "POINT_Z": 0.0, "BUFF_DIST": 10.0, "ORIG_FID": 416 }, "geometry": { "type": "MultiPolygon", "coordinates": [ [ [ [ 112.746389352000051, -7.249139662511666 ], [ 112.746405075933779, -7.249141036232174 ], [ 112.746420322104015, -7.249145115653916 ], [ 112.746434627263824, -7.249151776825794 ], [ 112.746447556758369, -7.24916081735158 ], [ 112.746458717731571, -7.249171962539601 ], [ 112.746467771062953, -7.249184873749098 ], [ 112.746474441671481, -7.249199158679639 ], [ 112.746478526873915, -7.249214383290936 ], [ 112.746479902543214, -7.249230084990952 ], [ 112.746478526880097, -7.249245786691501 ], [ 112.746474441683077, -7.249261011304331 ], [ 112.746467771078585, -7.24927529623722 ], [ 112.746458717749363, -7.249288207449602 ], [ 112.746447556776133, -7.249299352640695 ], [ 112.746434627279456, -7.249308393169365 ], [ 112.746420322115611, -7.249315054343594 ], [ 112.746405075939961, -7.249319133766869 ], [ 112.746389352000051, -7.249320507487907 ], [ 112.746373628060155, -7.249319133766869 ], [ 112.746358381884505, -7.249315054343594 ], [ 112.746344076720661, -7.249308393169365 ], [ 112.74633114722397, -7.249299352640695 ], [ 112.746319986250754, -7.249288207449602 ], [ 112.746310932921531, -7.249275296237222 ], [ 112.74630426231704, -7.249261011304332 ], [ 112.74630017712002, -7.249245786691501 ], [ 112.746298801456888, -7.249230084990952 ], [ 112.746300177126187, -7.249214383290936 ], [ 112.746304262328636, -7.249199158679639 ], [ 112.746310932937163, -7.2491848737491 ], [ 112.746319986268531, -7.249171962539601 ], [ 112.746331147241747, -7.24916081735158 ], [ 112.746344076736293, -7.249151776825794 ], [ 112.746358381896101, -7.249145115653916 ], [ 112.746373628066337, -7.249141036232174 ], [ 112.746389352000051, -7.249139662511666 ] ] ] ] } },
{ "type": "Feature", "properties": { "OID_": 0, "Name": "Jl. Undaan Wetan 2", "FolderPath": "Data CCTV Usulan + 50 Jalur + Rencana 2026.kmz/Rencana 2026/Surabaya Pusat.kmz/Surabaya Pusat/Kecamatan Genteng", "Jenis": "Rencana 2026", "SubJenis": "Surabaya Pusat", "POINT_X": 112.745655372, "POINT_Y": -7.250691241, "POINT_Z": 0.0, "BUFF_DIST": 10.0, "ORIG_FID": 417 }, "geometry": { "type": "MultiPolygon", "coordinates": [ [ [ [ 112.745655372000101, -7.250600818517519 ], [ 112.745671095984491, -7.250602192237888 ], [ 112.745686342203854, -7.250606271659366 ], [ 112.745700647409777, -7.250612932830817 ], [ 112.745713576945974, -7.250621973356024 ], [ 112.745724737955172, -7.250633118543331 ], [ 112.745733791315715, -7.250646029752001 ], [ 112.745740461945744, -7.250660314681624 ], [ 112.745744547161351, -7.250675539291944 ], [ 112.745745922835098, -7.250691240990953 ], [ 112.745744547167519, -7.250706942690496 ], [ 112.745740461957354, -7.25072216730235 ], [ 112.745733791331361, -7.250736452234325 ], [ 112.745724737972949, -7.250749363445879 ], [ 112.745713576963766, -7.250760508636256 ], [ 112.745700647425423, -7.250769549164346 ], [ 112.745686342215464, -7.25077621033815 ], [ 112.745671095990673, -7.250780289761162 ], [ 112.745655372000101, -7.250781663482162 ], [ 112.745639648009515, -7.250780289761164 ], [ 112.745624401784724, -7.25077621033815 ], [ 112.745610096574765, -7.250769549164346 ], [ 112.745597167036422, -7.250760508636256 ], [ 112.745586006027239, -7.250749363445878 ], [ 112.745576952668827, -7.250736452234325 ], [ 112.745570282042834, -7.25072216730235 ], [ 112.745566196832669, -7.250706942690496 ], [ 112.745564821165104, -7.250691240990953 ], [ 112.745566196838837, -7.250675539291943 ], [ 112.745570282054445, -7.250660314681624 ], [ 112.745576952684473, -7.250646029752001 ], [ 112.745586006045016, -7.250633118543331 ], [ 112.745597167054214, -7.250621973356024 ], [ 112.745610096590426, -7.250612932830817 ], [ 112.745624401796334, -7.250606271659366 ], [ 112.745639648015711, -7.250602192237888 ], [ 112.745655372000101, -7.250600818517519 ] ] ] ] } },
{ "type": "Feature", "properties": { "OID_": 0, "Name": "Jl. Undaan Wetan 3", "FolderPath": "Data CCTV Usulan + 50 Jalur + Rencana 2026.kmz/Rencana 2026/Surabaya Pusat.kmz/Surabaya Pusat/Kecamatan Genteng", "Jenis": "Rencana 2026", "SubJenis": "Surabaya Pusat", "POINT_X": 112.74458432500001, "POINT_Y": -7.252533121, "POINT_Z": 0.0, "BUFF_DIST": 10.0, "ORIG_FID": 418 }, "geometry": { "type": "MultiPolygon", "coordinates": [ [ [ [ 112.744584325, -7.252442698524742 ], [ 112.744600049048302, -7.252444072245058 ], [ 112.744615295329609, -7.252448151666208 ], [ 112.744629600593655, -7.25245481283712 ], [ 112.744642530182418, -7.252463853361596 ], [ 112.744653691236962, -7.252474998548 ], [ 112.744662744634297, -7.252487909755628 ], [ 112.744669415291426, -7.252502194684092 ], [ 112.744673500523632, -7.252517419293182 ], [ 112.744674876202964, -7.252533120990925 ], [ 112.744673500529814, -7.252548822689196 ], [ 112.744669415303036, -7.25256404729982 ], [ 112.744662744649943, -7.252578332230641 ], [ 112.74465369125474, -7.252591243441151 ], [ 112.74464253020021, -7.252602388630626 ], [ 112.744629600609315, -7.252611429157986 ], [ 112.744615295341234, -7.252618090331251 ], [ 112.744600049054469, -7.252622169753935 ], [ 112.744584325, -7.252623543474769 ], [ 112.744568600945541, -7.252622169753936 ], [ 112.744553354658791, -7.252618090331251 ], [ 112.74453904939071, -7.252611429157987 ], [ 112.744526119799801, -7.252602388630626 ], [ 112.744514958745285, -7.25259124344115 ], [ 112.744505905350081, -7.252578332230639 ], [ 112.744499234696988, -7.25256404729982 ], [ 112.744495149470197, -7.252548822689196 ], [ 112.74449377379706, -7.252533120990925 ], [ 112.744495149476379, -7.252517419293184 ], [ 112.744499234708599, -7.252502194684092 ], [ 112.744505905365727, -7.252487909755628 ], [ 112.744514958763062, -7.252474998548 ], [ 112.744526119817607, -7.252463853361596 ], [ 112.744539049406356, -7.25245481283712 ], [ 112.744553354670401, -7.25244815166621 ], [ 112.744568600951709, -7.252444072245058 ], [ 112.744584325, -7.252442698524742 ] ] ] ] } },
{ "type": "Feature", "properties": { "OID_": 0, "Name": "Jl. Bubutan 2", "FolderPath": "Data CCTV Usulan + 50 Jalur + Rencana 2026.kmz/Rencana 2026/Surabaya Pusat.kmz/Surabaya Pusat/Kecamatan Bubutan", "Jenis": "Rencana 2026", "SubJenis": "Surabaya Pusat", "POINT_X": 112.73506164299999, "POINT_Y": -7.252493557, "POINT_Z": 0.0, "BUFF_DIST": 10.0, "ORIG_FID": 419 }, "geometry": { "type": "MultiPolygon", "coordinates": [ [ [ [ 112.735061643000108, -7.252403134524647 ], [ 112.735077367047026, -7.252404508244942 ], [ 112.735092613327012, -7.252408587666097 ], [ 112.735106918589807, -7.252415248837021 ], [ 112.735119848177433, -7.252424289361511 ], [ 112.735131009230997, -7.252435434547935 ], [ 112.735140062627536, -7.252448345755585 ], [ 112.735146733284083, -7.252462630684075 ], [ 112.735150818515947, -7.252477855293193 ], [ 112.735152194195152, -7.25249355699096 ], [ 112.735150818522129, -7.252509258689258 ], [ 112.735146733295693, -7.25252448329991 ], [ 112.735140062643183, -7.252538768230754 ], [ 112.735131009248789, -7.252551679441289 ], [ 112.735119848195211, -7.252562824630784 ], [ 112.735106918605439, -7.25257186515816 ], [ 112.735092613338608, -7.252578526331438 ], [ 112.735077367053194, -7.252582605754126 ], [ 112.735061643000108, -7.252583979474985 ], [ 112.735045918947009, -7.252582605754127 ], [ 112.735030672661594, -7.252578526331438 ], [ 112.735016367394763, -7.25257186515816 ], [ 112.735003437804991, -7.252562824630784 ], [ 112.734992276751413, -7.252551679441289 ], [ 112.734983223357034, -7.252538768230754 ], [ 112.734976552704509, -7.252524483299911 ], [ 112.734972467478073, -7.252509258689258 ], [ 112.73497109180505, -7.25249355699096 ], [ 112.734972467484269, -7.252477855293192 ], [ 112.73497655271612, -7.252462630684075 ], [ 112.734983223372666, -7.252448345755584 ], [ 112.734992276769205, -7.252435434547935 ], [ 112.735003437822769, -7.252424289361511 ], [ 112.735016367410395, -7.252415248837019 ], [ 112.73503067267319, -7.252408587666097 ], [ 112.735045918953176, -7.252404508244942 ], [ 112.735061643000108, -7.252403134524647 ] ] ] ] } },
{ "type": "Feature", "properties": { "OID_": 0, "Name": "Jl. Bubutan 1", "FolderPath": "Data CCTV Usulan + 50 Jalur + Rencana 2026.kmz/Rencana 2026/Surabaya Pusat.kmz/Surabaya Pusat/Kecamatan Bubutan", "Jenis": "Rencana 2026", "SubJenis": "Surabaya Pusat", "POINT_X": 112.734267651, "POINT_Y": -7.25447339, "POINT_Z": 0.0, "BUFF_DIST": 10.0, "ORIG_FID": 420 }, "geometry": { "type": "MultiPolygon", "coordinates": [ [ [ [ 112.734267651000096, -7.254382967532431 ], [ 112.734283375115709, -7.254384341252633 ], [ 112.734298621462301, -7.254388420673433 ], [ 112.734312926787609, -7.254395081843778 ], [ 112.73432585643171, -7.254404122367482 ], [ 112.734337017534045, -7.254415267552938 ], [ 112.734346070970133, -7.254428178759466 ], [ 112.73435274165584, -7.254442463686713 ], [ 112.734356826905554, -7.254457688294507 ], [ 112.734358202590769, -7.25447338999091 ], [ 112.734356826911736, -7.254489091687844 ], [ 112.73435274166745, -7.254504316297171 ], [ 112.734346070985794, -7.254518601226774 ], [ 112.734337017551837, -7.254531512436184 ], [ 112.734325856449516, -7.254542657624711 ], [ 112.734312926803256, -7.254551698151303 ], [ 112.734298621473911, -7.254558359324 ], [ 112.734283375121876, -7.254562438746337 ], [ 112.734267651000096, -7.254563812467048 ], [ 112.734251926878301, -7.254562438746337 ], [ 112.734236680526266, -7.254558359324 ], [ 112.734222375196936, -7.254551698151301 ], [ 112.734209445550675, -7.254542657624711 ], [ 112.73419828444834, -7.254531512436184 ], [ 112.734189231014398, -7.254518601226774 ], [ 112.734182560332727, -7.254504316297171 ], [ 112.734178475088456, -7.254489091687844 ], [ 112.734177099409422, -7.25447338999091 ], [ 112.734178475094637, -7.254457688294507 ], [ 112.734182560344337, -7.254442463686713 ], [ 112.734189231030044, -7.254428178759466 ], [ 112.734198284466132, -7.25441526755294 ], [ 112.734209445568467, -7.254404122367482 ], [ 112.734222375212582, -7.254395081843778 ], [ 112.734236680537876, -7.254388420673433 ], [ 112.734251926884468, -7.254384341252633 ], [ 112.734267651000096, -7.254382967532431 ] ] ] ] } },
{ "type": "Feature", "properties": { "OID_": 0, "Name": "Jl. Bubutan 3", "FolderPath": "Data CCTV Usulan + 50 Jalur + Rencana 2026.kmz/Rencana 2026/Surabaya Pusat.kmz/Surabaya Pusat/Kecamatan Bubutan", "Jenis": "Rencana 2026", "SubJenis": "Surabaya Pusat", "POINT_X": 112.736347127, "POINT_Y": -7.248981041, "POINT_Z": 0.0, "BUFF_DIST": 10.0, "ORIG_FID": 421 }, "geometry": { "type": "MultiPolygon", "coordinates": [ [ [ [ 112.736347127000045, -7.248890618510702 ], [ 112.736362850925133, -7.248891992231214 ], [ 112.736378097086984, -7.248896071652999 ], [ 112.736392402238934, -7.248902732824949 ], [ 112.736405331726388, -7.248911773350835 ], [ 112.736416492693465, -7.248922918538981 ], [ 112.736425546019859, -7.248935829748619 ], [ 112.736432216624721, -7.248950114679313 ], [ 112.736436301824938, -7.248965339290777 ], [ 112.736437677493484, -7.248981040990966 ], [ 112.736436301831105, -7.248996742691685 ], [ 112.736432216636331, -7.249011967304683 ], [ 112.736425546035491, -7.249026252237727 ], [ 112.736416492711243, -7.24903916345025 ], [ 112.736405331744166, -7.249050308641466 ], [ 112.73639240225458, -7.249059349170233 ], [ 112.736378097098594, -7.249066010344537 ], [ 112.736362850931314, -7.249070089767856 ], [ 112.736347127000045, -7.249071463488915 ], [ 112.736331403068789, -7.249070089767858 ], [ 112.736316156901509, -7.249066010344537 ], [ 112.736301851745523, -7.249059349170233 ], [ 112.736288922255923, -7.249050308641466 ], [ 112.736277761288846, -7.24903916345025 ], [ 112.736268707964598, -7.249026252237727 ], [ 112.736262037363772, -7.249011967304685 ], [ 112.736257952168998, -7.248996742691685 ], [ 112.736256576506619, -7.248981040990966 ], [ 112.736257952175166, -7.248965339290779 ], [ 112.736262037375369, -7.248950114679315 ], [ 112.73626870798023, -7.248935829748619 ], [ 112.736277761306638, -7.248922918538979 ], [ 112.736288922273715, -7.248911773350835 ], [ 112.736301851761155, -7.248902732824949 ], [ 112.736316156913105, -7.248896071652998 ], [ 112.736331403074971, -7.248891992231214 ], [ 112.736347127000045, -7.248890618510702 ] ] ] ] } },
{ "type": "Feature", "properties": { "OID_": 0, "Name": "Jl. Pahlawan 1", "FolderPath": "Data CCTV Usulan + 50 Jalur + Rencana 2026.kmz/Rencana 2026/Surabaya Pusat.kmz/Surabaya Pusat/Kecamatan Bubutan", "Jenis": "Rencana 2026", "SubJenis": "Surabaya Pusat", "POINT_X": 112.738927344, "POINT_Y": -7.248712017, "POINT_Z": 0.0, "BUFF_DIST": 10.0, "ORIG_FID": 422 }, "geometry": { "type": "MultiPolygon", "coordinates": [ [ [ [ 112.738927344000103, -7.248621594509586 ], [ 112.738943067915855, -7.248622968230126 ], [ 112.738958314068668, -7.248627047651961 ], [ 112.738972619212149, -7.24863370882399 ], [ 112.7389855486919, -7.248642749349981 ], [ 112.738996709652383, -7.248653894538258 ], [ 112.739005762973392, -7.248666805748051 ], [ 112.739012433574302, -7.248681090678913 ], [ 112.739016518772075, -7.248696315290558 ], [ 112.739017894439812, -7.24871201699093 ], [ 112.739016518778243, -7.248727718691835 ], [ 112.739012433585899, -7.248742943305013 ], [ 112.739005762989024, -7.248757228238227 ], [ 112.738996709670147, -7.248770139450904 ], [ 112.738985548709692, -7.248781284642247 ], [ 112.738972619227781, -7.248790325171123 ], [ 112.738958314080278, -7.248796986345504 ], [ 112.738943067922037, -7.248801065768873 ], [ 112.738927344000103, -7.248802439489939 ], [ 112.738911620078184, -7.248801065768873 ], [ 112.738896373919928, -7.248796986345504 ], [ 112.73888206877244, -7.248790325171124 ], [ 112.738869139290529, -7.248781284642247 ], [ 112.73885797833006, -7.248770139450902 ], [ 112.738848925011183, -7.248757228238227 ], [ 112.738842254414308, -7.248742943305013 ], [ 112.738838169221964, -7.248727718691835 ], [ 112.738836793560395, -7.24871201699093 ], [ 112.738838169228131, -7.248696315290556 ], [ 112.738842254425904, -7.248681090678913 ], [ 112.738848925026815, -7.248666805748051 ], [ 112.738857978347838, -7.248653894538259 ], [ 112.738869139308306, -7.248642749349981 ], [ 112.738882068788072, -7.248633708823991 ], [ 112.738896373931553, -7.248627047651961 ], [ 112.738911620084352, -7.248622968230126 ], [ 112.738927344000103, -7.248621594509586 ] ] ] ] } },
{ "type": "Feature", "properties": { "OID_": 0, "Name": "Jl. Pahlawan 2", "FolderPath": "Data CCTV Usulan + 50 Jalur + Rencana 2026.kmz/Rencana 2026/Surabaya Pusat.kmz/Surabaya Pusat/Kecamatan Bubutan", "Jenis": "Rencana 2026", "SubJenis": "Surabaya Pusat", "POINT_X": 112.737695862, "POINT_Y": -7.251021027, "POINT_Z": 0.0, "BUFF_DIST": 10.0, "ORIG_FID": 423 }, "geometry": { "type": "MultiPolygon", "coordinates": [ [ [ [ 112.73769586200001, -7.250930604518768 ], [ 112.737711585995839, -7.250931978239185 ], [ 112.737726832226301, -7.250936057660605 ], [ 112.737741137442626, -7.250942718831958 ], [ 112.737754066988259, -7.250951759357036 ], [ 112.737765228005557, -7.250962904544179 ], [ 112.73777428137268, -7.250975815752663 ], [ 112.737780952007569, -7.250990100682077 ], [ 112.737785037226146, -7.25100532529218 ], [ 112.737786412900888, -7.251021026990961 ], [ 112.737785037232328, -7.251036728690276 ], [ 112.737780952019165, -7.251051953301912 ], [ 112.737774281388326, -7.251066238233675 ], [ 112.737765228023335, -7.251079149445046 ], [ 112.737754067006037, -7.251090294635261 ], [ 112.737741137458272, -7.25109933516322 ], [ 112.737726832237925, -7.251105996336928 ], [ 112.737711586002021, -7.251110075759883 ], [ 112.73769586200001, -7.251111449480795 ], [ 112.737680137997998, -7.251110075759883 ], [ 112.737664891762108, -7.251105996336928 ], [ 112.737650586541747, -7.25109933516322 ], [ 112.737637656993996, -7.251090294635261 ], [ 112.737626495976684, -7.251079149445045 ], [ 112.737617442611707, -7.251066238233677 ], [ 112.737610771980854, -7.251051953301912 ], [ 112.737606686767705, -7.251036728690276 ], [ 112.737605311099145, -7.251021026990961 ], [ 112.737606686773887, -7.251005325292178 ], [ 112.737610771992465, -7.250990100682077 ], [ 112.737617442627354, -7.250975815752663 ], [ 112.737626495994476, -7.250962904544179 ], [ 112.737637657011774, -7.250951759357034 ], [ 112.737650586557407, -7.250942718831958 ], [ 112.737664891773719, -7.250936057660603 ], [ 112.73768013800418, -7.250931978239185 ], [ 112.73769586200001, -7.250930604518768 ] ] ] ] } },
{ "type": "Feature", "properties": { "OID_": 0, "Name": "Jl. Pahlawan 3", "FolderPath": "Data CCTV Usulan + 50 Jalur + Rencana 2026.kmz/Rencana 2026/Surabaya Pusat.kmz/Surabaya Pusat/Kecamatan Bubutan", "Jenis": "Rencana 2026", "SubJenis": "Surabaya Pusat", "POINT_X": 112.736691776, "POINT_Y": -7.251259798, "POINT_Z": 0.0, "BUFF_DIST": 10.0, "ORIG_FID": 424 }, "geometry": { "type": "MultiPolygon", "coordinates": [ [ [ [ 112.736691776000043, -7.251169375519723 ], [ 112.736707500004158, -7.251170749240116 ], [ 112.736722746242634, -7.251174828661493 ], [ 112.736737051466505, -7.251181489832778 ], [ 112.736749981018932, -7.251190530357757 ], [ 112.736761142042127, -7.251201675544788 ], [ 112.73677019541401, -7.251214586753134 ], [ 112.736776866052409, -7.251228871682399 ], [ 112.736780951273147, -7.251244096292342 ], [ 112.736782326948614, -7.25125979799096 ], [ 112.736780951279329, -7.251275499690109 ], [ 112.736776866064019, -7.251290724301585 ], [ 112.736770195429656, -7.251305009233203 ], [ 112.736761142059905, -7.251317920444435 ], [ 112.736749981036724, -7.251329065634533 ], [ 112.736737051482137, -7.251338106162398 ], [ 112.736722746254259, -7.251344767336036 ], [ 112.73670750001034, -7.251348846758948 ], [ 112.736691776000043, -7.251350220479858 ], [ 112.736676051989747, -7.251348846758948 ], [ 112.736660805745828, -7.251344767336036 ], [ 112.736646500517935, -7.251338106162399 ], [ 112.736633570963363, -7.251329065634533 ], [ 112.736622409940182, -7.251317920444435 ], [ 112.736613356570416, -7.251305009233201 ], [ 112.736606685936067, -7.251290724301585 ], [ 112.736602600720758, -7.25127549969011 ], [ 112.736601225051473, -7.25125979799096 ], [ 112.73660260072694, -7.251244096292342 ], [ 112.736606685947663, -7.251228871682399 ], [ 112.736613356586062, -7.251214586753134 ], [ 112.73662240995796, -7.251201675544786 ], [ 112.736633570981155, -7.251190530357757 ], [ 112.736646500533581, -7.251181489832778 ], [ 112.736660805757438, -7.251174828661493 ], [ 112.736676051995929, -7.251170749240116 ], [ 112.736691776000043, -7.251169375519723 ] ] ] ] } },
{ "type": "Feature", "properties": { "OID_": 0, "Name": "Jl. Pahlawan 4", "FolderPath": "Data CCTV Usulan + 50 Jalur + Rencana 2026.kmz/Rencana 2026/Surabaya Pusat.kmz/Surabaya Pusat/Kecamatan Bubutan", "Jenis": "Rencana 2026", "SubJenis": "Surabaya Pusat", "POINT_X": 112.73767691099999, "POINT_Y": -7.249371604, "POINT_Z": 0.0, "BUFF_DIST": 10.0, "ORIG_FID": 425 }, "geometry": { "type": "MultiPolygon", "coordinates": [ [ [ [ 112.737676911000108, -7.249281181512253 ], [ 112.737692634938739, -7.249282555232734 ], [ 112.737707881113721, -7.24928663465445 ], [ 112.737722186278006, -7.249293295826288 ], [ 112.737735115776573, -7.249302336352016 ], [ 112.737746276753285, -7.24931348153997 ], [ 112.737755330087467, -7.249326392749389 ], [ 112.737762000698083, -7.249340677679837 ], [ 112.737766085901796, -7.249355902291039 ], [ 112.737767461571536, -7.249371603990959 ], [ 112.737766085907978, -7.249387305691409 ], [ 112.737762000709694, -7.249402530304146 ], [ 112.737755330103113, -7.249416815236947 ], [ 112.737746276771063, -7.249429726449249 ], [ 112.737735115794365, -7.249440871640271 ], [ 112.737722186293638, -7.249449912168886 ], [ 112.737707881125331, -7.249456573343074 ], [ 112.737692634944906, -7.249460652766324 ], [ 112.737676911000108, -7.249462026487371 ], [ 112.737661187055309, -7.249460652766324 ], [ 112.737645940874884, -7.249456573343074 ], [ 112.737631635706578, -7.249449912168886 ], [ 112.737618706205865, -7.249440871640271 ], [ 112.737607545229153, -7.249429726449248 ], [ 112.737598491897103, -7.249416815236949 ], [ 112.737591821290522, -7.249402530304146 ], [ 112.737587736092237, -7.249387305691409 ], [ 112.737586360428693, -7.249371603990959 ], [ 112.737587736098419, -7.249355902291041 ], [ 112.737591821302146, -7.249340677679837 ], [ 112.737598491912749, -7.249326392749389 ], [ 112.737607545246945, -7.249313481539969 ], [ 112.737618706223643, -7.249302336352016 ], [ 112.737631635722209, -7.249293295826288 ], [ 112.737645940886509, -7.24928663465445 ], [ 112.737661187061477, -7.249282555232734 ], [ 112.737676911000108, -7.249281181512253 ] ] ] ] } },
{ "type": "Feature", "properties": { "OID_": 0, "Name": "Jl. Baliwerti 1", "FolderPath": "Data CCTV Usulan + 50 Jalur + Rencana 2026.kmz/Rencana 2026/Surabaya Pusat.kmz/Surabaya Pusat/Kecamatan Bubutan", "Jenis": "Rencana 2026", "SubJenis": "Surabaya Pusat", "POINT_X": 112.735938391, "POINT_Y": -7.25339011, "POINT_Z": 0.0, "BUFF_DIST": 10.0, "ORIG_FID": 426 }, "geometry": { "type": "MultiPolygon", "coordinates": [ [ [ [ 112.735938391000104, -7.253299687528163 ], [ 112.73595411507813, -7.25330106124841 ], [ 112.735969361388285, -7.253305140669405 ], [ 112.735983666679374, -7.253311801840066 ], [ 112.73599659629258, -7.253320842364202 ], [ 112.736007757368228, -7.253331987550186 ], [ 112.736016810782672, -7.253344898757328 ], [ 112.73602348145242, -7.253359183685258 ], [ 112.736027566692357, -7.253374408293775 ], [ 112.73602894237429, -7.253390109990922 ], [ 112.736027566698553, -7.253405811688604 ], [ 112.736023481464045, -7.253421036298656 ], [ 112.736016810798333, -7.253435321228938 ], [ 112.73600775738602, -7.253448232438962 ], [ 112.735996596310372, -7.253459377628022 ], [ 112.73598366669502, -7.253468418155041 ], [ 112.735969361399881, -7.253475079328057 ], [ 112.735954115084311, -7.253479158750586 ], [ 112.735938391000104, -7.253480532471377 ], [ 112.735922666915897, -7.253479158750586 ], [ 112.735907420600327, -7.253475079328057 ], [ 112.735893115305188, -7.253468418155041 ], [ 112.735880185689837, -7.253459377628022 ], [ 112.735869024614189, -7.253448232438962 ], [ 112.73585997120189, -7.253435321228938 ], [ 112.735853300536164, -7.253421036298658 ], [ 112.73584921530167, -7.253405811688604 ], [ 112.735847839625919, -7.253390109990922 ], [ 112.735849215307852, -7.253374408293773 ], [ 112.735853300547788, -7.253359183685256 ], [ 112.735859971217536, -7.253344898757328 ], [ 112.735869024631981, -7.253331987550188 ], [ 112.735880185707629, -7.253320842364202 ], [ 112.735893115320835, -7.253311801840066 ], [ 112.735907420611923, -7.253305140669405 ], [ 112.735922666922079, -7.25330106124841 ], [ 112.735938391000104, -7.253299687528163 ] ] ] ] } },
{ "type": "Feature", "properties": { "OID_": 0, "Name": "Jl. Baliwerti 2", "FolderPath": "Data CCTV Usulan + 50 Jalur + Rencana 2026.kmz/Rencana 2026/Surabaya Pusat.kmz/Surabaya Pusat/Kecamatan Bubutan", "Jenis": "Rencana 2026", "SubJenis": "Surabaya Pusat", "POINT_X": 112.73528106099999, "POINT_Y": -7.255040932, "POINT_Z": 0.0, "BUFF_DIST": 10.0, "ORIG_FID": 427 }, "geometry": { "type": "MultiPolygon", "coordinates": [ [ [ [ 112.735281061000023, -7.254950509534694 ], [ 112.735296785135333, -7.254951883254849 ], [ 112.735312031501039, -7.254955962675548 ], [ 112.735326336844253, -7.254962623845726 ], [ 112.735339266504553, -7.254971664369207 ], [ 112.735350427620872, -7.254982809554383 ], [ 112.735359481068315, -7.254995720760586 ], [ 112.735366151762364, -7.25501000568748 ], [ 112.735370237017179, -7.255025230294896 ], [ 112.735371612704128, -7.255040931990905 ], [ 112.735370237023361, -7.255056633687448 ], [ 112.735366151773974, -7.255071858296396 ], [ 112.735359481083961, -7.255086143225642 ], [ 112.735350427638679, -7.255099054434733 ], [ 112.735339266522359, -7.255110199622985 ], [ 112.735326336859899, -7.255119240149348 ], [ 112.735312031512649, -7.25512590132188 ], [ 112.735296785141514, -7.255129980744115 ], [ 112.735281061000023, -7.255131354464804 ], [ 112.735265336858532, -7.255129980744116 ], [ 112.735250090487398, -7.25512590132188 ], [ 112.735235785140148, -7.255119240149348 ], [ 112.735222855477687, -7.255110199622985 ], [ 112.735211694361368, -7.255099054434731 ], [ 112.735202640916086, -7.255086143225642 ], [ 112.735195970226073, -7.255071858296398 ], [ 112.735191884976686, -7.255056633687448 ], [ 112.735190509295919, -7.255040931990905 ], [ 112.735191884982868, -7.255025230294894 ], [ 112.735195970237683, -7.25501000568748 ], [ 112.735202640931732, -7.254995720760587 ], [ 112.735211694379174, -7.254982809554384 ], [ 112.735222855495493, -7.254971664369206 ], [ 112.735235785155794, -7.254962623845726 ], [ 112.735250090499008, -7.254955962675548 ], [ 112.735265336864714, -7.254951883254849 ], [ 112.735281061000023, -7.254950509534694 ] ] ] ] } },
{ "type": "Feature", "properties": { "OID_": 0, "Name": "Jl. Gemblongan 1", "FolderPath": "Data CCTV Usulan + 50 Jalur + Rencana 2026.kmz/Rencana 2026/Surabaya Pusat.kmz/Surabaya Pusat/Kecamatan Bubutan", "Jenis": "Rencana 2026", "SubJenis": "Surabaya Pusat", "POINT_X": 112.736834622, "POINT_Y": -7.25418961, "POINT_Z": 0.0, "BUFF_DIST": 10.0, "ORIG_FID": 428 }, "geometry": { "type": "MultiPolygon", "coordinates": [ [ [ [ 112.73683462200006, -7.254099187531361 ], [ 112.736850346105825, -7.25410056125156 ], [ 112.736865592442882, -7.254104640672414 ], [ 112.736879897759209, -7.25411130184284 ], [ 112.736892827395224, -7.254120342366657 ], [ 112.736903988490567, -7.254131487552253 ], [ 112.736913041920999, -7.254144398758939 ], [ 112.736919712602514, -7.254158683686366 ], [ 112.73692379784967, -7.254173908294349 ], [ 112.736925173534019, -7.254189609990947 ], [ 112.736923797855837, -7.254205311688076 ], [ 112.736919712614124, -7.254220536297595 ], [ 112.736913041936646, -7.254234821227374 ], [ 112.736903988508374, -7.254247732436948 ], [ 112.73689282741303, -7.254258877625616 ], [ 112.736879897774855, -7.254267918152316 ], [ 112.736865592454492, -7.254274579325097 ], [ 112.736850346112007, -7.254278658747483 ], [ 112.73683462200006, -7.254280032468235 ], [ 112.736818897888114, -7.254278658747483 ], [ 112.736803651545628, -7.254274579325097 ], [ 112.736789346225251, -7.254267918152316 ], [ 112.736776416587091, -7.254258877625616 ], [ 112.736765255491747, -7.254247732436946 ], [ 112.736756202063475, -7.254234821227374 ], [ 112.736749531385982, -7.254220536297595 ], [ 112.736745446144283, -7.254205311688076 ], [ 112.736744070466102, -7.254189609990947 ], [ 112.736745446150451, -7.254173908294347 ], [ 112.736749531397606, -7.254158683686366 ], [ 112.736756202079121, -7.254144398758939 ], [ 112.736765255509539, -7.254131487552253 ], [ 112.736776416604883, -7.254120342366657 ], [ 112.736789346240897, -7.25411130184284 ], [ 112.736803651557238, -7.254104640672412 ], [ 112.736818897894295, -7.254100561251562 ], [ 112.73683462200006, -7.254099187531361 ] ] ] ] } },
{ "type": "Feature", "properties": { "OID_": 0, "Name": "Jl. Tembok Dukuh 1", "FolderPath": "Data CCTV Usulan + 50 Jalur + Rencana 2026.kmz/Rencana 2026/Surabaya Pusat.kmz/Surabaya Pusat/Kecamatan Bubutan", "Jenis": "Rencana 2026", "SubJenis": "Surabaya Pusat", "POINT_X": 112.723045517, "POINT_Y": -7.25540472, "POINT_Z": 0.0, "BUFF_DIST": 10.0, "ORIG_FID": 429 }, "geometry": { "type": "MultiPolygon", "coordinates": [ [ [ [ 112.72304551700006, -7.255314297536116 ], [ 112.723061241147988, -7.25531567125629 ], [ 112.72307648752593, -7.255319750676926 ], [ 112.72309079288064, -7.255326411846996 ], [ 112.723103722551329, -7.255335452370332 ], [ 112.723114883676601, -7.255346597555331 ], [ 112.723123937131305, -7.255359508761329 ], [ 112.723130607830726, -7.255373793687993 ], [ 112.723134693088824, -7.255389018295164 ], [ 112.723136068776881, -7.255404719990923 ], [ 112.723134693095005, -7.255420421687217 ], [ 112.723130607842336, -7.255435646295921 ], [ 112.723123937146966, -7.255449931224939 ], [ 112.723114883694407, -7.255462842433824 ], [ 112.723103722569121, -7.255473987621897 ], [ 112.723090792896286, -7.255483028148116 ], [ 112.723076487537554, -7.255489689320539 ], [ 112.72306124115417, -7.255493768742711 ], [ 112.72304551700006, -7.255495142463335 ], [ 112.723029792845935, -7.255493768742711 ], [ 112.723014546462551, -7.255489689320539 ], [ 112.723000241103819, -7.255483028148116 ], [ 112.722987311430984, -7.255473987621897 ], [ 112.722976150305712, -7.255462842433824 ], [ 112.722967096853139, -7.255449931224939 ], [ 112.722960426157769, -7.255435646295921 ], [ 112.7229563409051, -7.255420421687217 ], [ 112.722954965223238, -7.255404719990923 ], [ 112.722956340911281, -7.255389018295164 ], [ 112.722960426169394, -7.255373793687993 ], [ 112.7229670968688, -7.255359508761329 ], [ 112.722976150323504, -7.255346597555331 ], [ 112.722987311448776, -7.255335452370331 ], [ 112.723000241119465, -7.255326411846996 ], [ 112.72301454647419, -7.255319750676926 ], [ 112.723029792852117, -7.25531567125629 ], [ 112.72304551700006, -7.255314297536116 ] ] ] ] } },
{ "type": "Feature", "properties": { "OID_": 0, "Name": "Jl. Tembok Dukuh 2", "FolderPath": "Data CCTV Usulan + 50 Jalur + Rencana 2026.kmz/Rencana 2026/Surabaya Pusat.kmz/Surabaya Pusat/Kecamatan Bubutan", "Jenis": "Rencana 2026", "SubJenis": "Surabaya Pusat", "POINT_X": 112.726014306, "POINT_Y": -7.255827435, "POINT_Z": 0.0, "BUFF_DIST": 10.0, "ORIG_FID": 430 }, "geometry": { "type": "MultiPolygon", "coordinates": [ [ [ [ 112.726014306000025, -7.25573701253783 ], [ 112.726030030162633, -7.255738386257954 ], [ 112.7260452765548, -7.255742465678512 ], [ 112.72605958192284, -7.255749126848461 ], [ 112.726072511605608, -7.255758167371628 ], [ 112.726083672741282, -7.25576931255642 ], [ 112.726092726204442, -7.255782223762179 ], [ 112.726099396910087, -7.255796508688577 ], [ 112.726103482171993, -7.255811733295465 ], [ 112.72610485786133, -7.255827434990934 ], [ 112.726103482178175, -7.255843136686934 ], [ 112.726099396921697, -7.255858361295356 ], [ 112.726092726220116, -7.255872646224112 ], [ 112.726083672759103, -7.255885557432754 ], [ 112.7260725116234, -7.25589670262062 ], [ 112.7260595819385, -7.255905743146672 ], [ 112.72604527656641, -7.255912404318974 ], [ 112.726030030168801, -7.255916483741069 ], [ 112.726014306000025, -7.255917857461694 ], [ 112.725998581831234, -7.255916483741069 ], [ 112.725983335433625, -7.255912404318974 ], [ 112.725969030061535, -7.255905743146672 ], [ 112.725956100376635, -7.25589670262062 ], [ 112.725944939240946, -7.255885557432754 ], [ 112.725935885779933, -7.255872646224112 ], [ 112.725929215078338, -7.255858361295356 ], [ 112.72592512982186, -7.255843136686934 ], [ 112.725923754138705, -7.255827434990934 ], [ 112.725925129828042, -7.255811733295465 ], [ 112.725929215089948, -7.255796508688579 ], [ 112.725935885795593, -7.255782223762179 ], [ 112.725944939258753, -7.25576931255642 ], [ 112.725956100394441, -7.255758167371628 ], [ 112.725969030077195, -7.255749126848461 ], [ 112.72598333544525, -7.255742465678514 ], [ 112.725998581837402, -7.255738386257955 ], [ 112.726014306000025, -7.25573701253783 ] ] ] ] } },
{ "type": "Feature", "properties": { "OID_": 0, "Name": "Jl. Tembok Dukuh 3", "FolderPath": "Data CCTV Usulan + 50 Jalur + Rencana 2026.kmz/Rencana 2026/Surabaya Pusat.kmz/Surabaya Pusat/Kecamatan Bubutan", "Jenis": "Rencana 2026", "SubJenis": "Surabaya Pusat", "POINT_X": 112.726000392, "POINT_Y": -7.255825429, "POINT_Z": 0.0, "BUFF_DIST": 10.0, "ORIG_FID": 431 }, "geometry": { "type": "MultiPolygon", "coordinates": [ [ [ [ 112.72600039200006, -7.255735006537819 ], [ 112.726016116162597, -7.255736380257959 ], [ 112.726031362554693, -7.25574045967852 ], [ 112.726045667922705, -7.255747120848468 ], [ 112.726058597605387, -7.255756161371636 ], [ 112.726069758741019, -7.255767306556429 ], [ 112.72607881220415, -7.255780217762188 ], [ 112.726085482909752, -7.255794502688589 ], [ 112.726089568171645, -7.255809727295477 ], [ 112.726090943860981, -7.255825428990947 ], [ 112.726089568177827, -7.255841130686949 ], [ 112.726085482921377, -7.255856355295373 ], [ 112.726078812219797, -7.255870640224127 ], [ 112.726069758758825, -7.255883551432773 ], [ 112.726058597623194, -7.255894696620641 ], [ 112.726045667938351, -7.255903737146692 ], [ 112.726031362566317, -7.255910398318995 ], [ 112.726016116168779, -7.25591447774109 ], [ 112.72600039200006, -7.255915851461701 ], [ 112.725984667831341, -7.25591447774109 ], [ 112.725969421433817, -7.255910398318995 ], [ 112.725955116061783, -7.255903737146692 ], [ 112.72594218637694, -7.255894696620641 ], [ 112.725931025241309, -7.255883551432773 ], [ 112.725921971780323, -7.255870640224129 ], [ 112.725915301078743, -7.255856355295375 ], [ 112.725911215822293, -7.255841130686949 ], [ 112.725909840139138, -7.255825428990947 ], [ 112.725911215828475, -7.255809727295476 ], [ 112.725915301090382, -7.255794502688587 ], [ 112.725921971795984, -7.255780217762186 ], [ 112.725931025259101, -7.255767306556429 ], [ 112.725942186394732, -7.255756161371636 ], [ 112.725955116077429, -7.255747120848468 ], [ 112.725969421445427, -7.255740459678519 ], [ 112.725984667837523, -7.255736380257959 ], [ 112.72600039200006, -7.255735006537819 ] ] ] ] } },
{ "type": "Feature", "properties": { "OID_": 0, "Name": "Jl. Anjasmoro 1", "FolderPath": "Data CCTV Usulan + 50 Jalur + Rencana 2026.kmz/Rencana 2026/Surabaya Pusat.kmz/Surabaya Pusat/Kecamatan Bubutan", "Jenis": "Rencana 2026", "SubJenis": "Surabaya Pusat", "POINT_X": 112.725856763, "POINT_Y": -7.257770697, "POINT_Z": 0.0, "BUFF_DIST": 10.0, "ORIG_FID": 432 }, "geometry": { "type": "MultiPolygon", "coordinates": [ [ [ [ 112.725856763000024, -7.257680274545535 ], [ 112.725872487230092, -7.257681648265552 ], [ 112.725887733687671, -7.257685727685763 ], [ 112.725902039117102, -7.257692388855142 ], [ 112.725914968855335, -7.257701429377537 ], [ 112.7259261300389, -7.257712574561379 ], [ 112.725935183540912, -7.257725485766033 ], [ 112.725941854275163, -7.257739770691213 ], [ 112.725945939554592, -7.257754995296803 ], [ 112.72594731524984, -7.257770696990926 ], [ 112.725945939560788, -7.257786398685589 ], [ 112.725941854286788, -7.257801623292711 ], [ 112.725935183556572, -7.257815908220247 ], [ 112.72592613005672, -7.257828819427788 ], [ 112.725914968873127, -7.257839964614703 ], [ 112.725902039132762, -7.257849005139983 ], [ 112.725887733699309, -7.25785566631172 ], [ 112.725872487236273, -7.257859745733463 ], [ 112.725856763000024, -7.257861119453963 ], [ 112.725841038763775, -7.257859745733463 ], [ 112.725825792300753, -7.25785566631172 ], [ 112.7258114868673, -7.257849005139983 ], [ 112.725798557126922, -7.257839964614703 ], [ 112.725787395943343, -7.25782881942779 ], [ 112.72577834244349, -7.257815908220248 ], [ 112.725771671713261, -7.257801623292711 ], [ 112.725767586439261, -7.257786398685589 ], [ 112.725766210750223, -7.257770696990926 ], [ 112.725767586445457, -7.257754995296803 ], [ 112.7257716717249, -7.257739770691213 ], [ 112.725778342459151, -7.257725485766034 ], [ 112.725787395961149, -7.257712574561379 ], [ 112.725798557144714, -7.257701429377536 ], [ 112.725811486882947, -7.257692388855142 ], [ 112.725825792312378, -7.257685727685764 ], [ 112.725841038769957, -7.257681648265552 ], [ 112.725856763000024, -7.257680274545535 ] ] ] ] } },
{ "type": "Feature", "properties": { "OID_": 0, "Name": "Jl. Tidar 1", "FolderPath": "Data CCTV Usulan + 50 Jalur + Rencana 2026.kmz/Rencana 2026/Surabaya Pusat.kmz/Surabaya Pusat/Kecamatan Bubutan", "Jenis": "Rencana 2026", "SubJenis": "Surabaya Pusat", "POINT_X": 112.725949809, "POINT_Y": -7.256889685, "POINT_Z": 0.0, "BUFF_DIST": 10.0, "ORIG_FID": 433 }, "geometry": { "type": "MultiPolygon", "coordinates": [ [ [ [ 112.725949809000099, -7.256799262542049 ], [ 112.725965533199584, -7.256800636262127 ], [ 112.725980779627506, -7.256804715682494 ], [ 112.725995085029098, -7.256811376852133 ], [ 112.726008014742177, -7.256820417374879 ], [ 112.726019175904042, -7.256831562559148 ], [ 112.726028229388419, -7.256844473764303 ], [ 112.72603490010971, -7.256858758690038 ], [ 112.726038985381194, -7.256873983296213 ], [ 112.726040361073771, -7.25688968499095 ], [ 112.726038985387376, -7.256905386686219 ], [ 112.72603490012132, -7.256920611293932 ], [ 112.726028229404093, -7.256934896222017 ], [ 112.726019175921834, -7.256947807430061 ], [ 112.726008014759984, -7.256958952617405 ], [ 112.725995085044758, -7.256967993143035 ], [ 112.725980779639116, -7.256974654315026 ], [ 112.725965533205766, -7.25697873373693 ], [ 112.725949809000099, -7.256980107457474 ], [ 112.725934084794432, -7.25697873373693 ], [ 112.725918838361068, -7.256974654315026 ], [ 112.725904532955425, -7.256967993143035 ], [ 112.7258916032402, -7.256958952617405 ], [ 112.725880442078349, -7.256947807430059 ], [ 112.725871388596104, -7.256934896222016 ], [ 112.725864717878864, -7.256920611293932 ], [ 112.725860632612807, -7.256905386686219 ], [ 112.725859256926427, -7.25688968499095 ], [ 112.725860632618989, -7.256873983296215 ], [ 112.725864717890474, -7.256858758690036 ], [ 112.725871388611765, -7.256844473764304 ], [ 112.725880442096155, -7.256831562559149 ], [ 112.72589160325802, -7.256820417374877 ], [ 112.725904532971086, -7.256811376852133 ], [ 112.725918838372692, -7.256804715682494 ], [ 112.725934084800613, -7.256800636262127 ], [ 112.725949809000099, -7.256799262542049 ] ] ] ] } },
{ "type": "Feature", "properties": { "OID_": 0, "Name": "Jl. Demak 1", "FolderPath": "Data CCTV Usulan + 50 Jalur + Rencana 2026.kmz/Rencana 2026/Surabaya Pusat.kmz/Surabaya Pusat/Kecamatan Bubutan", "Jenis": "Rencana 2026", "SubJenis": "Surabaya Pusat", "POINT_X": 112.720630685, "POINT_Y": -7.251456164, "POINT_Z": 0.0, "BUFF_DIST": 10.0, "ORIG_FID": 434 }, "geometry": { "type": "MultiPolygon", "coordinates": [ [ [ [ 112.72063068500006, -7.251365741520454 ], [ 112.720646409010996, -7.251367115240837 ], [ 112.72066165525608, -7.251371194662179 ], [ 112.720675960486133, -7.251377855833407 ], [ 112.720688890044158, -7.251386896358311 ], [ 112.7207000510722, -7.251398041545242 ], [ 112.720709104448005, -7.251410952753481 ], [ 112.720715775089289, -7.251425237682621 ], [ 112.720719860311803, -7.251440462292433 ], [ 112.720721235987853, -7.251456163990914 ], [ 112.720719860317971, -7.251471865689928 ], [ 112.720715775100913, -7.251487090301274 ], [ 112.720709104463651, -7.251501375232768 ], [ 112.720700051089977, -7.251514286443887 ], [ 112.720688890061965, -7.251525431633891 ], [ 112.720675960501779, -7.251534472161678 ], [ 112.720661655267705, -7.251541133335258 ], [ 112.720646409017164, -7.251545212758134 ], [ 112.72063068500006, -7.251546586479031 ], [ 112.720614960982957, -7.251545212758134 ], [ 112.72059971473243, -7.251541133335258 ], [ 112.720585409498341, -7.251534472161678 ], [ 112.72057247993817, -7.251525431633891 ], [ 112.720561318910143, -7.251514286443887 ], [ 112.720552265536469, -7.251501375232768 ], [ 112.720545594899221, -7.251487090301274 ], [ 112.72054150968215, -7.251471865689928 ], [ 112.720540134012268, -7.251456163990914 ], [ 112.720541509688331, -7.251440462292432 ], [ 112.720545594910831, -7.251425237682623 ], [ 112.720552265552115, -7.25141095275348 ], [ 112.720561318927935, -7.251398041545244 ], [ 112.720572479955962, -7.251386896358311 ], [ 112.720585409513987, -7.251377855833407 ], [ 112.72059971474404, -7.25137119466218 ], [ 112.720614960989138, -7.251367115240837 ], [ 112.72063068500006, -7.251365741520454 ] ] ] ] } },
{ "type": "Feature", "properties": { "OID_": 0, "Name": "Jl. Demak 2", "FolderPath": "Data CCTV Usulan + 50 Jalur + Rencana 2026.kmz/Rencana 2026/Surabaya Pusat.kmz/Surabaya Pusat/Kecamatan Bubutan", "Jenis": "Rencana 2026", "SubJenis": "Surabaya Pusat", "POINT_X": 112.720684226, "POINT_Y": -7.249182489, "POINT_Z": 0.0, "BUFF_DIST": 10.0, "ORIG_FID": 435 }, "geometry": { "type": "MultiPolygon", "coordinates": [ [ [ [ 112.720684226000117, -7.249092066511455 ], [ 112.720699949932182, -7.249093440231985 ], [ 112.720715196100812, -7.249097519653732 ], [ 112.720729501259129, -7.249104180825626 ], [ 112.72074243075231, -7.249113221351431 ], [ 112.72075359172436, -7.249124366539475 ], [ 112.720762645054776, -7.249137277749003 ], [ 112.720769315662608, -7.249151562679571 ], [ 112.720773400864616, -7.249166787290899 ], [ 112.720774776533773, -7.249182488990948 ], [ 112.720773400870783, -7.249198190691531 ], [ 112.720769315674204, -7.249213415304392 ], [ 112.720762645070408, -7.249227700237312 ], [ 112.720753591742138, -7.24924061144972 ], [ 112.720742430770088, -7.249251756640835 ], [ 112.720729501274775, -7.249260797169526 ], [ 112.720715196112423, -7.249267458343768 ], [ 112.720699949938364, -7.249271537767052 ], [ 112.720684226000117, -7.249272911488073 ], [ 112.720668502061869, -7.249271537767052 ], [ 112.720653255887825, -7.249267458343768 ], [ 112.720638950725458, -7.249260797169526 ], [ 112.720626021230146, -7.249251756640835 ], [ 112.720614860258095, -7.24924061144972 ], [ 112.720605806929825, -7.249227700237312 ], [ 112.72059913632603, -7.249213415304392 ], [ 112.72059505112945, -7.249198190691531 ], [ 112.720593675466461, -7.249182488990948 ], [ 112.720595051135618, -7.249166787290899 ], [ 112.720599136337626, -7.249151562679569 ], [ 112.720605806945457, -7.249137277749003 ], [ 112.720614860275873, -7.249124366539475 ], [ 112.720626021247924, -7.249113221351431 ], [ 112.720638950741119, -7.249104180825626 ], [ 112.720653255899421, -7.249097519653732 ], [ 112.720668502068051, -7.249093440231985 ], [ 112.720684226000117, -7.249092066511455 ] ] ] ] } },
{ "type": "Feature", "properties": { "OID_": 0, "Name": "Jl. Demak 3", "FolderPath": "Data CCTV Usulan + 50 Jalur + Rencana 2026.kmz/Rencana 2026/Surabaya Pusat.kmz/Surabaya Pusat/Kecamatan Bubutan", "Jenis": "Rencana 2026", "SubJenis": "Surabaya Pusat", "POINT_X": 112.72092393200001, "POINT_Y": -7.248788341, "POINT_Z": 0.0, "BUFF_DIST": 10.0, "ORIG_FID": 436 }, "geometry": { "type": "MultiPolygon", "coordinates": [ [ [ [ 112.720923932, -7.248697918509905 ], [ 112.720939655918414, -7.248699292230445 ], [ 112.720954902073785, -7.248703371652265 ], [ 112.720969207219667, -7.248710032824274 ], [ 112.720982136701608, -7.248719073350236 ], [ 112.720993297663938, -7.248730218538474 ], [ 112.721002350986495, -7.248743129748224 ], [ 112.721009021588529, -7.248757414679038 ], [ 112.721013106786984, -7.248772639290631 ], [ 112.721014482454947, -7.248788340990952 ], [ 112.721013106793166, -7.248804042691804 ], [ 112.721009021600125, -7.248819267304929 ], [ 112.721002351002141, -7.248833552238096 ], [ 112.72099329768173, -7.248846463450728 ], [ 112.720982136719385, -7.248857608642036 ], [ 112.720969207235299, -7.24886664917088 ], [ 112.720954902085381, -7.248873310345239 ], [ 112.720939655924582, -7.248877389768595 ], [ 112.720923932, -7.248878763489654 ], [ 112.720908208075443, -7.248877389768595 ], [ 112.720892961914629, -7.248873310345239 ], [ 112.720878656764711, -7.248866649170882 ], [ 112.720865727280625, -7.248857608642036 ], [ 112.72085456631828, -7.248846463450728 ], [ 112.720845512997883, -7.248833552238096 ], [ 112.720838842399885, -7.248819267304931 ], [ 112.720834757206859, -7.248804042691804 ], [ 112.720833381545063, -7.248788340990952 ], [ 112.720834757213026, -7.248772639290629 ], [ 112.720838842411482, -7.248757414679038 ], [ 112.720845513013515, -7.248743129748222 ], [ 112.720854566336072, -7.248730218538474 ], [ 112.720865727298417, -7.248719073350234 ], [ 112.720878656780357, -7.248710032824274 ], [ 112.720892961926239, -7.248703371652266 ], [ 112.72090820808161, -7.248699292230445 ], [ 112.720923932, -7.248697918509905 ] ] ] ] } },
{ "type": "Feature", "properties": { "OID_": 0, "Name": "Jl. Demak 4", "FolderPath": "Data CCTV Usulan + 50 Jalur + Rencana 2026.kmz/Rencana 2026/Surabaya Pusat.kmz/Surabaya Pusat/Kecamatan Bubutan", "Jenis": "Rencana 2026", "SubJenis": "Surabaya Pusat", "POINT_X": 112.720875405, "POINT_Y": -7.24765578, "POINT_Z": 0.0, "BUFF_DIST": 10.0, "ORIG_FID": 437 }, "geometry": { "type": "MultiPolygon", "coordinates": [ [ [ [ 112.720875405000015, -7.24756535750539 ], [ 112.720891128879131, -7.247566731226001 ], [ 112.720906374996432, -7.247570810648021 ], [ 112.720920680106587, -7.24757747182036 ], [ 112.720933609556241, -7.247586512346772 ], [ 112.720944770490703, -7.247597657535564 ], [ 112.720953823790651, -7.247610568745956 ], [ 112.720960494376016, -7.24762485367748 ], [ 112.720964579564281, -7.247640078289828 ], [ 112.720965955228806, -7.24765577999093 ], [ 112.720964579570449, -7.247671481692564 ], [ 112.720960494387626, -7.247686706306446 ], [ 112.720953823806283, -7.247700991240324 ], [ 112.720944770508495, -7.247713902453595 ], [ 112.720933609574018, -7.247725047645458 ], [ 112.720920680122219, -7.24773408817475 ], [ 112.720906375008056, -7.247740749349441 ], [ 112.720891128885327, -7.247744828772998 ], [ 112.720875405000015, -7.247746202494125 ], [ 112.720859681114703, -7.247744828772998 ], [ 112.720844434991974, -7.247740749349441 ], [ 112.720830129877797, -7.24773408817475 ], [ 112.720817200425998, -7.247725047645458 ], [ 112.720806039491521, -7.247713902453595 ], [ 112.720796986193733, -7.247700991240322 ], [ 112.720790315612405, -7.247686706306448 ], [ 112.720786230429567, -7.247671481692564 ], [ 112.72078485477121, -7.24765577999093 ], [ 112.720786230435735, -7.247640078289828 ], [ 112.720790315624001, -7.24762485367748 ], [ 112.720796986209379, -7.247610568745955 ], [ 112.720806039509313, -7.247597657535564 ], [ 112.720817200443776, -7.247586512346772 ], [ 112.720830129893429, -7.24757747182036 ], [ 112.720844435003585, -7.247570810648021 ], [ 112.720859681120885, -7.247566731226001 ], [ 112.720875405000015, -7.24756535750539 ] ] ] ] } },
{ "type": "Feature", "properties": { "OID_": 0, "Name": "Jl. Demak 5", "FolderPath": "Data CCTV Usulan + 50 Jalur + Rencana 2026.kmz/Rencana 2026/Surabaya Pusat.kmz/Surabaya Pusat/Kecamatan Bubutan", "Jenis": "Rencana 2026", "SubJenis": "Surabaya Pusat", "POINT_X": 112.720865883, "POINT_Y": -7.247489356, "POINT_Z": 0.0, "BUFF_DIST": 10.0, "ORIG_FID": 438 }, "geometry": { "type": "MultiPolygon", "coordinates": [ [ [ [ 112.720865883000101, -7.247398933504726 ], [ 112.720881606873462, -7.247400307225364 ], [ 112.720896852985163, -7.247404386647419 ], [ 112.720911158090061, -7.247411047819804 ], [ 112.720924087534982, -7.247420088346284 ], [ 112.720935248465352, -7.247431233535155 ], [ 112.720944301761961, -7.247444144745641 ], [ 112.720950972344895, -7.24745842967727 ], [ 112.720955057531654, -7.247473654289731 ], [ 112.720956433195667, -7.247489355990946 ], [ 112.720955057537822, -7.247505057692695 ], [ 112.720950972356491, -7.247520282306687 ], [ 112.720944301777593, -7.247534567240669 ], [ 112.72093524848313, -7.247547478454037 ], [ 112.72092408755276, -7.247558623645979 ], [ 112.720911158105707, -7.247567664175338 ], [ 112.720896852996773, -7.247574325350078 ], [ 112.72088160687963, -7.247578404773662 ], [ 112.720865883000101, -7.247579778494782 ], [ 112.720850159120573, -7.247578404773662 ], [ 112.720834913003429, -7.247574325350078 ], [ 112.720820607894495, -7.247567664175338 ], [ 112.720807678447443, -7.247558623645979 ], [ 112.720796517517073, -7.247547478454036 ], [ 112.72078746422261, -7.247534567240669 ], [ 112.720780793643712, -7.247520282306689 ], [ 112.720776708462381, -7.247505057692695 ], [ 112.720775332804536, -7.247489355990946 ], [ 112.720776708468549, -7.247473654289729 ], [ 112.720780793655308, -7.24745842967727 ], [ 112.720787464238242, -7.247444144745641 ], [ 112.720796517534851, -7.247431233535155 ], [ 112.720807678465221, -7.247420088346282 ], [ 112.720820607910142, -7.247411047819804 ], [ 112.72083491301504, -7.247404386647418 ], [ 112.720850159126741, -7.247400307225364 ], [ 112.720865883000101, -7.247398933504726 ] ] ] ] } },
{ "type": "Feature", "properties": { "OID_": 0, "Name": "Jl. Demak 6", "FolderPath": "Data CCTV Usulan + 50 Jalur + Rencana 2026.kmz/Rencana 2026/Surabaya Pusat.kmz/Surabaya Pusat/Kecamatan Bubutan", "Jenis": "Rencana 2026", "SubJenis": "Surabaya Pusat", "POINT_X": 112.720651201, "POINT_Y": -7.240371625, "POINT_Z": 0.0, "BUFF_DIST": 10.0, "ORIG_FID": 439 }, "geometry": { "type": "MultiPolygon", "coordinates": [ [ [ [ 112.72065120100001, -7.24028120247653 ], [ 112.720666924626727, -7.240282576197579 ], [ 112.720682170499273, -7.240286655620905 ], [ 112.720696475379782, -7.240293316795372 ], [ 112.720709404621886, -7.240302357324675 ], [ 112.720720565377192, -7.240313502517026 ], [ 112.720729618531792, -7.240326413731544 ], [ 112.720736289010077, -7.240340698667632 ], [ 112.72074037413276, -7.240355923284846 ], [ 112.7207417497752, -7.240371624990962 ], [ 112.720740374138927, -7.24038732669761 ], [ 112.720736289021673, -7.240402551316355 ], [ 112.720729618547409, -7.240416836254793 ], [ 112.720720565394942, -7.24042974747219 ], [ 112.720709404639649, -7.240440892667609 ], [ 112.720696475395414, -7.240449933199789 ], [ 112.720682170510869, -7.240456594376603 ], [ 112.720666924632908, -7.240460673801464 ], [ 112.72065120100001, -7.24046204752303 ], [ 112.720635477367125, -7.240460673801466 ], [ 112.720620231489164, -7.240456594376603 ], [ 112.72060592660462, -7.240449933199789 ], [ 112.720592997360384, -7.240440892667609 ], [ 112.720581836605078, -7.24042974747219 ], [ 112.720572783452624, -7.240416836254791 ], [ 112.720566112978361, -7.240402551316357 ], [ 112.720562027861106, -7.24038732669761 ], [ 112.720560652224833, -7.240371624990962 ], [ 112.720562027867274, -7.240355923284848 ], [ 112.720566112989957, -7.240340698667632 ], [ 112.720572783468242, -7.240326413731544 ], [ 112.720581836622841, -7.240313502517026 ], [ 112.720592997378148, -7.240302357324675 ], [ 112.720605926620237, -7.240293316795374 ], [ 112.720620231500746, -7.240286655620905 ], [ 112.720635477373293, -7.240282576197579 ], [ 112.72065120100001, -7.24028120247653 ] ] ] ] } },
{ "type": "Feature", "properties": { "OID_": 0, "Name": "Jl. Demak 7", "FolderPath": "Data CCTV Usulan + 50 Jalur + Rencana 2026.kmz/Rencana 2026/Surabaya Pusat.kmz/Surabaya Pusat/Kecamatan Bubutan", "Jenis": "Rencana 2026", "SubJenis": "Surabaya Pusat", "POINT_X": 112.720639237, "POINT_Y": -7.240376212, "POINT_Z": 0.0, "BUFF_DIST": 10.0, "ORIG_FID": 440 }, "geometry": { "type": "MultiPolygon", "coordinates": [ [ [ [ 112.720639237000114, -7.240285789476507 ], [ 112.720654960626987, -7.240287163197577 ], [ 112.720670206499705, -7.240291242620901 ], [ 112.720684511380355, -7.24029790379537 ], [ 112.720697440622587, -7.240306944324667 ], [ 112.720708601377993, -7.240318089517019 ], [ 112.720717654532692, -7.240331000731533 ], [ 112.720724325011034, -7.240345285667618 ], [ 112.720728410133759, -7.240360510284828 ], [ 112.720729785776214, -7.240376211990943 ], [ 112.720728410139913, -7.240391913697588 ], [ 112.72072432502263, -7.240407138316328 ], [ 112.720717654548295, -7.240421423254762 ], [ 112.720708601395756, -7.240434334472157 ], [ 112.72069744064035, -7.240445479667573 ], [ 112.720684511395973, -7.240454520199753 ], [ 112.720670206511286, -7.240461181376568 ], [ 112.720654960633155, -7.240465260801427 ], [ 112.720639237000114, -7.240466634522972 ], [ 112.720623513367073, -7.240465260801427 ], [ 112.720608267488942, -7.240461181376568 ], [ 112.720593962604269, -7.240454520199755 ], [ 112.720581033359892, -7.240445479667573 ], [ 112.720569872604486, -7.240434334472155 ], [ 112.720560819451933, -7.240421423254764 ], [ 112.720554148977598, -7.240407138316328 ], [ 112.720550063860316, -7.240391913697588 ], [ 112.720548688224014, -7.240376211990943 ], [ 112.720550063866469, -7.240360510284829 ], [ 112.720554148989208, -7.240345285667618 ], [ 112.720560819467551, -7.240331000731532 ], [ 112.720569872622249, -7.240318089517019 ], [ 112.720581033377641, -7.240306944324667 ], [ 112.720593962619887, -7.24029790379537 ], [ 112.720608267500538, -7.240291242620901 ], [ 112.720623513373241, -7.240287163197578 ], [ 112.720639237000114, -7.240285789476507 ] ] ] ] } },
{ "type": "Feature", "properties": { "OID_": 0, "Name": "Jl. Demak 8", "FolderPath": "Data CCTV Usulan + 50 Jalur + Rencana 2026.kmz/Rencana 2026/Surabaya Pusat.kmz/Surabaya Pusat/Kecamatan Bubutan", "Jenis": "Rencana 2026", "SubJenis": "Surabaya Pusat", "POINT_X": 112.72076395800001, "POINT_Y": -7.243934077, "POINT_Z": 0.0, "BUFF_DIST": 10.0, "ORIG_FID": 441 }, "geometry": { "type": "MultiPolygon", "coordinates": [ [ [ [ 112.72076395800002, -7.243843654490632 ], [ 112.720779681750145, -7.243845028211469 ], [ 112.720794927742361, -7.243849107634158 ], [ 112.720809232735164, -7.243855768807583 ], [ 112.720822162078747, -7.243864809335472 ], [ 112.720833322921635, -7.243875954526083 ], [ 112.720842376147303, -7.243888865738582 ], [ 112.720849046677941, -7.243903150672441 ], [ 112.720853131832683, -7.243918375287276 ], [ 112.720854507485925, -7.24393407699094 ], [ 112.720853131838851, -7.243949778695137 ], [ 112.720849046689551, -7.243965003311505 ], [ 112.720842376162921, -7.243979288247711 ], [ 112.720833322939413, -7.243992199463092 ], [ 112.720822162096496, -7.244003344656772 ], [ 112.720809232750781, -7.244012385187539 ], [ 112.720794927753971, -7.244019046363317 ], [ 112.720779681756326, -7.24402312578754 ], [ 112.72076395800002, -7.244024499508887 ], [ 112.7207482342437, -7.24402312578754 ], [ 112.72073298824607, -7.244019046363317 ], [ 112.720718683249245, -7.244012385187539 ], [ 112.72070575390353, -7.244003344656772 ], [ 112.720694593060614, -7.243992199463092 ], [ 112.720685539837106, -7.243979288247711 ], [ 112.72067886931049, -7.243965003311505 ], [ 112.720674784161176, -7.243949778695137 ], [ 112.720673408514102, -7.24393407699094 ], [ 112.720674784167343, -7.243918375287274 ], [ 112.720678869322086, -7.243903150672441 ], [ 112.720685539852724, -7.243888865738584 ], [ 112.720694593078392, -7.243875954526084 ], [ 112.720705753921294, -7.243864809335471 ], [ 112.720718683264877, -7.243855768807583 ], [ 112.720732988257666, -7.243849107634158 ], [ 112.720748234249882, -7.243845028211469 ], [ 112.72076395800002, -7.243843654490632 ] ] ] ] } }
]
}
