{
"type": "FeatureCollection",
"name": "sd-mi",
"crs": { "type": "name", "properties": { "name": "urn:ogc:def:crs:OGC:1.3:CRS84" } },
"features": [
{ "type": "Feature", "properties": { "NPSN": 20531591, "NAMA SEKOL": "SD BAHRUL ULUM", "JENJANG": "SD", "STATUS": "S", "ALAMAT SEK": "JL. PUTAT JAYA SEKOLAHAN 70-72 SURABAYA", "WILAYAH": "Selatan", "KECAMATAN": "SAWAHAN", "KELURAHAN": "PUTAT JAYA", "LATITUDE": -7.27604, "LONGITUDE": 112.719197 }, "geometry": { "type": "Point", "coordinates": [ 112.719197, -7.27604 ] } },
{ "type": "Feature", "properties": { "NPSN": 20531832, "NAMA SEKOL": "SD ADVENT SURABAYA", "JENJANG": "SD", "STATUS": "S", "ALAMAT SEK": "Jl. TANJUNG ANOM 5  SURABAYA", "WILAYAH": "Pusat", "KECAMATAN": "GENTENG", "KELURAHAN": "GENTENG", "LATITUDE": -7.2574329, "LONGITUDE": 112.734991 }, "geometry": { "type": "Point", "coordinates": [ 112.734991, -7.2574329 ] } },
{ "type": "Feature", "properties": { "NPSN": 20531834, "NAMA SEKOL": "SD AELI SURABAYA", "JENJANG": "SD", "STATUS": "S", "ALAMAT SEK": "NGAGEL JAYA UTARA 42", "WILAYAH": "Timur", "KECAMATAN": "GUBENG", "KELURAHAN": "PUCANG SEWU", "LATITUDE": -7.2892, "LONGITUDE": 112.7553 }, "geometry": { "type": "Point", "coordinates": [ 112.7553, -7.2892 ] } },
{ "type": "Feature", "properties": { "NPSN": 20531835, "NAMA SEKOL": "SD AHMAD YANI SURABAYA", "JENJANG": "SD", "STATUS": "S", "ALAMAT SEK": "Jl. GUBENG AIRLANGGA III / 41  SURABAYA", "WILAYAH": "Timur", "KECAMATAN": "GUBENG", "KELURAHAN": "AIRLANGGA", "LATITUDE": -7.2731, "LONGITUDE": 112.756 }, "geometry": { "type": "Point", "coordinates": [ 112.756, -7.2731 ] } },
{ "type": "Feature", "properties": { "NPSN": 20531836, "NAMA SEKOL": "SD AISYAH SURABAYA", "JENJANG": "SD", "STATUS": "S", "ALAMAT SEK": "Jl. PENELEH  IX/23 SURABAYA", "WILAYAH": "Pusat", "KECAMATAN": "GENTENG", "KELURAHAN": "PENELEH", "LATITUDE": -7.252630299, "LONGITUDE": 112.7391613 }, "geometry": { "type": "Point", "coordinates": [ 112.7391613, -7.252630299 ] } },
{ "type": "Feature", "properties": { "NPSN": 20531837, "NAMA SEKOL": "SD AL-AMIN", "JENJANG": "SD", "STATUS": "S", "ALAMAT SEK": "Jl. PUMPUNGAN MASJID 15 SURABAYA", "WILAYAH": "Timur", "KECAMATAN": "SUKOLILO", "KELURAHAN": "MENUR PUMPUNGAN", "LATITUDE": -7.29738135, "LONGITUDE": 112.763359 }, "geometry": { "type": "Point", "coordinates": [ 112.763359, -7.29738135 ] } },
{ "type": "Feature", "properties": { "NPSN": 20531838, "NAMA SEKOL": "SD ADVENT", "JENJANG": "SD", "STATUS": "S", "ALAMAT SEK": "JL. ANJASMORO 12 SURABAYA", "WILAYAH": "Selatan", "KECAMATAN": "SAWAHAN", "KELURAHAN": "SAWAHAN", "LATITUDE": -7.258397734, "LONGITUDE": 112.7309617 }, "geometry": { "type": "Point", "coordinates": [ 112.7309617, -7.258397734 ] } },
{ "type": "Feature", "properties": { "NPSN": 20531839, "NAMA SEKOL": "SD ADINDA SURABAYA", "JENJANG": "SD", "STATUS": "S", "ALAMAT SEK": "JL.SIDOSERMO INDAH Gg PUSKESMAS I A  SURABAYA", "WILAYAH": "Selatan", "KECAMATAN": "WONOCOLO", "KELURAHAN": "SIDOSERMO", "LATITUDE": -7.3075, "LONGITUDE": 112.7554 }, "geometry": { "type": "Point", "coordinates": [ 112.7554, -7.3075 ] } },
{ "type": "Feature", "properties": { "NPSN": 20531846, "NAMA SEKOL": "SD AL FALAH SURABAYA", "JENJANG": "SD", "STATUS": "S", "ALAMAT SEK": "Jl. TAMAN MAYANGKARA No. 2-4 SURABAYA", "WILAYAH": "Selatan", "KECAMATAN": "WONOKROMO", "KELURAHAN": "DARMO", "LATITUDE": -7.2946, "LONGITUDE": 112.7396 }, "geometry": { "type": "Point", "coordinates": [ 112.7396, -7.2946 ] } },
{ "type": "Feature", "properties": { "NPSN": 20531847, "NAMA SEKOL": "SD AL FATAH", "JENJANG": "SD", "STATUS": "S", "ALAMAT SEK": "Jl. DUKUH KARANG Gg.GOLONGAN BABATAN WIYUNG SBY.", "WILAYAH": "Selatan", "KECAMATAN": "WIYUNG", "KELURAHAN": "BABATAN", "LATITUDE": -7.308844746, "LONGITUDE": 112.6845882 }, "geometry": { "type": "Point", "coordinates": [ 112.6845882, -7.308844746 ] } },
{ "type": "Feature", "properties": { "NPSN": 20531848, "NAMA SEKOL": "SD AL FURQAAN", "JENJANG": "SD", "STATUS": "S", "ALAMAT SEK": "JL. WONOKROMO VII/23 SURABAYA", "WILAYAH": "Selatan", "KECAMATAN": "WONOKROMO", "KELURAHAN": "WONOKROMO", "LATITUDE": -7.3025, "LONGITUDE": 112.7352 }, "geometry": { "type": "Point", "coordinates": [ 112.7352, -7.3025 ] } },
{ "type": "Feature", "properties": { "NPSN": 20531849, "NAMA SEKOL": "SD AL ISLAH SURABAYA", "JENJANG": "SD", "STATUS": "S", "ALAMAT SEK": "Jl. GUNUNGANYAR TENGAH 22-24  SURABAYA", "WILAYAH": "Timur", "KECAMATAN": "GUNUNG ANYAR", "KELURAHAN": "GUNUNG ANYAR", "LATITUDE": -7.337176422, "LONGITUDE": 112.7809839 }, "geometry": { "type": "Point", "coordinates": [ 112.7809839, -7.337176422 ] } },
{ "type": "Feature", "properties": { "NPSN": 20531850, "NAMA SEKOL": "SD AL - IRSYAD", "JENJANG": "SD", "STATUS": "S", "ALAMAT SEK": "Jl. Sultan Iskandar Muda No. 46", "WILAYAH": "Utara", "KECAMATAN": "SEMAMPIR", "KELURAHAN": "UJUNG", "LATITUDE": -7.2051, "LONGITUDE": 112.7402 }, "geometry": { "type": "Point", "coordinates": [ 112.7402, -7.2051 ] } },
{ "type": "Feature", "properties": { "NPSN": 20531851, "NAMA SEKOL": "SD AL IKHLASH SURABAYA", "JENJANG": "SD", "STATUS": "S", "ALAMAT SEK": "Jl. TANJUNG SADARI NO.59  SURABAYA", "WILAYAH": "Utara", "KECAMATAN": "KREMBANGAN", "KELURAHAN": "PERAK BARAT", "LATITUDE": -7.22418, "LONGITUDE": 112.72645 }, "geometry": { "type": "Point", "coordinates": [ 112.72645, -7.22418 ] } },
{ "type": "Feature", "properties": { "NPSN": 20531852, "NAMA SEKOL": "SDS AL IKHLAS SURABAYA", "JENJANG": "SD", "STATUS": "S", "ALAMAT SEK": "Jl. BULAK RUKEM III No. 7 - 9 SURABAYA", "WILAYAH": "Utara", "KECAMATAN": "SEMAMPIR", "KELURAHAN": "WONOKUSUMO", "LATITUDE": -7.215676793, "LONGITUDE": 112.7580029 }, "geometry": { "type": "Point", "coordinates": [ 112.7580029, -7.215676793 ] } },
{ "type": "Feature", "properties": { "NPSN": 20531853, "NAMA SEKOL": "SD AL ICHSAN SURABAYA", "JENJANG": "SD", "STATUS": "S", "ALAMAT SEK": "Jl. DUKUH BULAK BANTENG NO.32  SURABAYA", "WILAYAH": "Utara", "KECAMATAN": "KENJERAN", "KELURAHAN": "BULAK BANTENG", "LATITUDE": -7.2226, "LONGITUDE": 112.7659 }, "geometry": { "type": "Point", "coordinates": [ 112.7659, -7.2226 ] } },
{ "type": "Feature", "properties": { "NPSN": 20531854, "NAMA SEKOL": "SD AL HUDA SURABAYA", "JENJANG": "SD", "STATUS": "S", "ALAMAT SEK": "Jl. TENGGUMUNG WETAN V No. 1 SURABAYA", "WILAYAH": "Utara", "KECAMATAN": "SEMAMPIR", "KELURAHAN": "WONOKUSUMO", "LATITUDE": -7.2225, "LONGITUDE": 112.7547 }, "geometry": { "type": "Point", "coordinates": [ 112.7547, -7.2225 ] } },
{ "type": "Feature", "properties": { "NPSN": 20531855, "NAMA SEKOL": "SD AL - HUDA", "JENJANG": "SD", "STATUS": "S", "ALAMAT SEK": "JL. KALISARI DAMEN NO. 32  SURABAYA", "WILAYAH": "Timur", "KECAMATAN": "MULYOREJO", "KELURAHAN": "KALISARI", "LATITUDE": -7.2736, "LONGITUDE": 112.8056 }, "geometry": { "type": "Point", "coordinates": [ 112.8056, -7.2736 ] } },
{ "type": "Feature", "properties": { "NPSN": 20531857, "NAMA SEKOL": "SD AL HIKMAH SURABAYA", "JENJANG": "SD", "STATUS": "S", "ALAMAT SEK": "Jl. SIMO KALANGAN I/146 SURABAYA", "WILAYAH": "Barat", "KECAMATAN": "SUKOMANUNGGAL", "KELURAHAN": "SIMOMULYO", "LATITUDE": -7.331, "LONGITUDE": 112.7226 }, "geometry": { "type": "Point", "coordinates": [ 112.7226, -7.331 ] } },
{ "type": "Feature", "properties": { "NPSN": 20531858, "NAMA SEKOL": "SD AL HIKMAH SURABAYA", "JENJANG": "SD", "STATUS": "S", "ALAMAT SEK": "Jl. GAYUNG KEBONSARI TENGAH 10 SURABAYA", "WILAYAH": "Selatan", "KECAMATAN": "GAYUNGAN", "KELURAHAN": "GAYUNGAN", "LATITUDE": -7.331, "LONGITUDE": 112.7227 }, "geometry": { "type": "Point", "coordinates": [ 112.7227, -7.331 ] } },
{ "type": "Feature", "properties": { "NPSN": 20531860, "NAMA SEKOL": "SDI AL FURQON SURABAYA", "JENJANG": "SD", "STATUS": "S", "ALAMAT SEK": "Jl. MEGAWATI GADUKAN UTARA NO. 2  SURABAYA", "WILAYAH": "Utara", "KECAMATAN": "KREMBANGAN", "KELURAHAN": "MOROKREMBANGAN", "LATITUDE": -7.2151, "LONGITUDE": 112.7593 }, "geometry": { "type": "Point", "coordinates": [ 112.7593, -7.2151 ] } },
{ "type": "Feature", "properties": { "NPSN": 20531861, "NAMA SEKOL": "SD ISLAM AL FURQON SURABAYA", "JENJANG": "SD", "STATUS": "S", "ALAMAT SEK": "Jl. BULAK RUKEM TIMUR I-A No. 54 SURABAYA", "WILAYAH": "Utara", "KECAMATAN": "BULAK", "KELURAHAN": "BULAK", "LATITUDE": -7.2151, "LONGITUDE": 112.7593 }, "geometry": { "type": "Point", "coordinates": [ 112.7593, -7.2151 ] } },
{ "type": "Feature", "properties": { "NPSN": 20531862, "NAMA SEKOL": "SD AL ISLAM", "JENJANG": "SD", "STATUS": "S", "ALAMAT SEK": "JL TEMPUREJO NO 41 SURABAYA", "WILAYAH": "Timur", "KECAMATAN": "MULYOREJO", "KELURAHAN": "DUKUH SUTOREJO", "LATITUDE": -7.2566, "LONGITUDE": 112.7958 }, "geometry": { "type": "Point", "coordinates": [ 112.7958, -7.2566 ] } },
{ "type": "Feature", "properties": { "NPSN": 20531897, "NAMA SEKOL": "SD COKROAMINOTO SURABAYA", "JENJANG": "SD", "STATUS": "S", "ALAMAT SEK": "Jl. PETUKANGAN TENGAH No. 37 SURABAYA", "WILAYAH": "Utara", "KECAMATAN": "SEMAMPIR", "KELURAHAN": "AMPEL", "LATITUDE": -7.228845209, "LONGITUDE": 112.7428006 }, "geometry": { "type": "Point", "coordinates": [ 112.7428006, -7.228845209 ] } },
{ "type": "Feature", "properties": { "NPSN": 20531898, "NAMA SEKOL": "SD CITA HATI CHRISTIAN SCHOOL", "JENJANG": "SD", "STATUS": "S", "ALAMAT SEK": "Jl. KEJAWAN PUTIH BARAT 26 SURABAYA", "WILAYAH": "Timur", "KECAMATAN": "MULYOREJO", "KELURAHAN": "KEJAWAN PUTIH TAMBAK", "LATITUDE": -7.279289247, "LONGITUDE": 112.8081673 }, "geometry": { "type": "Point", "coordinates": [ 112.8081673, -7.279289247 ] } },
{ "type": "Feature", "properties": { "NPSN": 20531899, "NAMA SEKOL": "SD CITRA BERKAT SURABAYA", "JENJANG": "SD", "STATUS": "S", "ALAMAT SEK": "Jl. RAYA BUKIT PALMA 2. CITRALAND UTARA.", "WILAYAH": "Barat", "KECAMATAN": "PAKAL", "KELURAHAN": "BABAT JERAWAT", "LATITUDE": -7.2527758, "LONGITUDE": 112.6299194 }, "geometry": { "type": "Point", "coordinates": [ 112.6299194, -7.2527758 ] } },
{ "type": "Feature", "properties": { "NPSN": 20531900, "NAMA SEKOL": "SD CIPUTRA SURABAYA", "JENJANG": "SD", "STATUS": "S", "ALAMAT SEK": "Jl. PURI WIDYA KENCANA.CITRA RAYA  SURABAYA", "WILAYAH": "Barat", "KECAMATAN": "LAKARSANTRI", "KELURAHAN": "LIDAH KULON", "LATITUDE": -7.3079, "LONGITUDE": 112.6604 }, "geometry": { "type": "Point", "coordinates": [ 112.6604, -7.3079 ] } },
{ "type": "Feature", "properties": { "NPSN": 20531901, "NAMA SEKOL": "SD BUSTANUL HUDA", "JENJANG": "SD", "STATUS": "S", "ALAMAT SEK": "JL. SIMOLAWANG BARU I NO. 95-97", "WILAYAH": "Pusat", "KECAMATAN": "SIMOKERTO", "KELURAHAN": "SIDODADI", "LATITUDE": -7.2368, "LONGITUDE": 112.7516 }, "geometry": { "type": "Point", "coordinates": [ 112.7516, -7.2368 ] } },
{ "type": "Feature", "properties": { "NPSN": 20531903, "NAMA SEKOL": "SD BUDI YAKIN SURABAYA", "JENJANG": "SD", "STATUS": "S", "ALAMAT SEK": "Jl. RANGKAH BESAR 22 SURABAYA", "WILAYAH": "Timur", "KECAMATAN": "TAMBAKSARI", "KELURAHAN": "RANGKAH", "LATITUDE": -7.2479, "LONGITUDE": 112.7627 }, "geometry": { "type": "Point", "coordinates": [ 112.7627, -7.2479 ] } },
{ "type": "Feature", "properties": { "NPSN": 20531904, "NAMA SEKOL": "SD BUDI LUHUR SURABAYA", "JENJANG": "SD", "STATUS": "S", "ALAMAT SEK": "Jl. BANYU URIP LOR I/11 SURABAYA", "WILAYAH": "Selatan", "KECAMATAN": "SAWAHAN", "KELURAHAN": "KUPANG KRAJAN", "LATITUDE": -7.2714, "LONGITUDE": 112.724 }, "geometry": { "type": "Point", "coordinates": [ 112.724, -7.2714 ] } },
{ "type": "Feature", "properties": { "NPSN": 20531905, "NAMA SEKOL": "SD BUDI DHARMA", "JENJANG": "SD", "STATUS": "S", "ALAMAT SEK": "JL. PULO WONOKROMO  NO 241  SURABAYA", "WILAYAH": "Selatan", "KECAMATAN": "WONOKROMO", "KELURAHAN": "WONOKROMO", "LATITUDE": -7.302, "LONGITUDE": 112.7295 }, "geometry": { "type": "Point", "coordinates": [ 112.7295, -7.302 ] } },
{ "type": "Feature", "properties": { "NPSN": 20531907, "NAMA SEKOL": "SD BRIGHT KIDDIE", "JENJANG": "SD", "STATUS": "S", "ALAMAT SEK": "JL. BABATAN PRATAMA I NO. 3-5  SURABAYA", "WILAYAH": "Selatan", "KECAMATAN": "WIYUNG", "KELURAHAN": "BABATAN", "LATITUDE": -7.3356, "LONGITUDE": 112.7855 }, "geometry": { "type": "Point", "coordinates": [ 112.7855, -7.3356 ] } },
{ "type": "Feature", "properties": { "NPSN": 20531908, "NAMA SEKOL": "SD BISMA DUA SURABAYA", "JENJANG": "SD", "STATUS": "S", "ALAMAT SEK": "Jl. KUTISARI INDAH BARAT VI/15 SURABAYA", "WILAYAH": "Timur", "KECAMATAN": "TENGGILIS MEJOYO", "KELURAHAN": "KUTISARI", "LATITUDE": -7.34115, "LONGITUDE": 112.74526 }, "geometry": { "type": "Point", "coordinates": [ 112.74526, -7.34115 ] } },
{ "type": "Feature", "properties": { "NPSN": 20531910, "NAMA SEKOL": "SD DAHLANUDDIN", "JENJANG": "SD", "STATUS": "S", "ALAMAT SEK": "JL. GUNUNGANYAR TAMBAK I/3  SURABAYA", "WILAYAH": "Timur", "KECAMATAN": "GUNUNG ANYAR", "KELURAHAN": "GUNUNG ANYAR TAMBAK", "LATITUDE": -7.3372, "LONGITUDE": 112.7809 }, "geometry": { "type": "Point", "coordinates": [ 112.7809, -7.3372 ] } },
{ "type": "Feature", "properties": { "NPSN": 20531912, "NAMA SEKOL": "SD DAPUAN SWASTA SURABAYA", "JENJANG": "SD", "STATUS": "S", "ALAMAT SEK": "Jl .JANGKAR NO.10 SURABAYA", "WILAYAH": "Utara", "KECAMATAN": "PABEAN CANTIAN", "KELURAHAN": "KREMBANGAN UTARA", "LATITUDE": -7.229790766, "LONGITUDE": 112.7367664 }, "geometry": { "type": "Point", "coordinates": [ 112.7367664, -7.229790766 ] } },
{ "type": "Feature", "properties": { "NPSN": 20531913, "NAMA SEKOL": "SD KRISTEN ELEOS", "JENJANG": "SD", "STATUS": "S", "ALAMAT SEK": "Jl. KUTISARI INDAH UTARA II/59 SURABAYA", "WILAYAH": "Timur", "KECAMATAN": "TENGGILIS MEJOYO", "KELURAHAN": "KUTISARI", "LATITUDE": -7.3372, "LONGITUDE": 112.7508 }, "geometry": { "type": "Point", "coordinates": [ 112.7508, -7.3372 ] } },
{ "type": "Feature", "properties": { "NPSN": 20531915, "NAMA SEKOL": "SD DUMAS SURABAYA", "JENJANG": "SD", "STATUS": "S", "ALAMAT SEK": "Jl. Dupak Masigit III No. 1", "WILAYAH": "Pusat", "KECAMATAN": "BUBUTAN", "KELURAHAN": "JEPARA", "LATITUDE": -7.2406, "LONGITUDE": 112.7253 }, "geometry": { "type": "Point", "coordinates": [ 112.7253, -7.2406 ] } },
{ "type": "Feature", "properties": { "NPSN": 20531918, "NAMA SEKOL": "SD DHARMA SISWA SURABAYA", "JENJANG": "SD", "STATUS": "S", "ALAMAT SEK": "Jl. BULAK BANTENG WETAN VI / 3  SURABAYA", "WILAYAH": "Utara", "KECAMATAN": "KENJERAN", "KELURAHAN": "SIDOTOPO WETAN", "LATITUDE": -7.2209, "LONGITUDE": 112.7618 }, "geometry": { "type": "Point", "coordinates": [ 112.7618, -7.2209 ] } },
{ "type": "Feature", "properties": { "NPSN": 20531919, "NAMA SEKOL": "SD KRISTEN DHARMA MULYA SURABAYA", "JENJANG": "SD", "STATUS": "S", "ALAMAT SEK": "Jl. RAYA DUKUH KUPANG BARAT No. 50 SURABAYA", "WILAYAH": "Selatan", "KECAMATAN": "DUKUH PAKIS", "KELURAHAN": "DUKUH KUPANG", "LATITUDE": -7.2781, "LONGITUDE": 112.7092 }, "geometry": { "type": "Point", "coordinates": [ 112.7092, -7.2781 ] } },
{ "type": "Feature", "properties": { "NPSN": 20531920, "NAMA SEKOL": "SD DHARMA KARYA SURABAYA", "JENJANG": "SD", "STATUS": "S", "ALAMAT SEK": "Jl. PUCANGAN II/21  SURABAYA", "WILAYAH": "Timur", "KECAMATAN": "GUBENG", "KELURAHAN": "KERTAJAYA", "LATITUDE": -7.2817, "LONGITUDE": 112.7505 }, "geometry": { "type": "Point", "coordinates": [ 112.7505, -7.2817 ] } },
{ "type": "Feature", "properties": { "NPSN": 20531921, "NAMA SEKOL": "SD DEWI SARTIKA", "JENJANG": "SD", "STATUS": "S", "ALAMAT SEK": "JL. KARANGREJO TIMUR III/42 SURABAYA", "WILAYAH": "Selatan", "KECAMATAN": "WONOKROMO", "KELURAHAN": "WONOKROMO", "LATITUDE": -7.30361067, "LONGITUDE": 112.7329871 }, "geometry": { "type": "Point", "coordinates": [ 112.7329871, -7.30361067 ] } },
{ "type": "Feature", "properties": { "NPSN": 20531922, "NAMA SEKOL": "SD DA`WATUL HASANAH SURABAYA", "JENJANG": "SD", "STATUS": "S", "ALAMAT SEK": "Jl. PULO TEGALSARI II / 20  SURABAYA", "WILAYAH": "Selatan", "KECAMATAN": "WONOKROMO", "KELURAHAN": "WONOKROMO", "LATITUDE": -7.3003, "LONGITUDE": 112.7348 }, "geometry": { "type": "Point", "coordinates": [ 112.7348, -7.3003 ] } },
{ "type": "Feature", "properties": { "NPSN": 20531923, "NAMA SEKOL": "SDI DARUT TAQWA", "JENJANG": "SD", "STATUS": "S", "ALAMAT SEK": "Jl. Dukuh Kupang XXIII/14-A", "WILAYAH": "Selatan", "KECAMATAN": "DUKUH PAKIS", "KELURAHAN": "DUKUH KUPANG", "LATITUDE": -7.2829, "LONGITUDE": 112.7144 }, "geometry": { "type": "Point", "coordinates": [ 112.7144, -7.2829 ] } },
{ "type": "Feature", "properties": { "NPSN": 20531924, "NAMA SEKOL": "SD DARUSSALAM SURABAYA", "JENJANG": "SD", "STATUS": "S", "ALAMAT SEK": "Jl .PESAPEN BARAT V/10a SURABAYA", "WILAYAH": "Utara", "KECAMATAN": "PABEAN CANTIAN", "KELURAHAN": "TANJUNG PERAK", "LATITUDE": -7.2305, "LONGITUDE": 112.73 }, "geometry": { "type": "Point", "coordinates": [ 112.73, -7.2305 ] } },
{ "type": "Feature", "properties": { "NPSN": 20531925, "NAMA SEKOL": "SD DARUL ULUM SURABAYA", "JENJANG": "SD", "STATUS": "S", "ALAMAT SEK": "Jl. KEBONSARI TENGAH No. 66  SURABAYA", "WILAYAH": "Selatan", "KECAMATAN": "JAMBANGAN", "KELURAHAN": "KEBONSARI", "LATITUDE": -7.3284, "LONGITUDE": 112.7119 }, "geometry": { "type": "Point", "coordinates": [ 112.7119, -7.3284 ] } },
{ "type": "Feature", "properties": { "NPSN": 20531927, "NAMA SEKOL": "SD BINA KARYA SURABAYA", "JENJANG": "SD", "STATUS": "S", "ALAMAT SEK": "Jl. TAMBAK ASRI NO. 150A  SURABAYA", "WILAYAH": "Utara", "KECAMATAN": "KREMBANGAN", "KELURAHAN": "MOROKREMBANGAN", "LATITUDE": -7.2355, "LONGITUDE": 112.7121 }, "geometry": { "type": "Point", "coordinates": [ 112.7121, -7.2355 ] } },
{ "type": "Feature", "properties": { "NPSN": 20531928, "NAMA SEKOL": "SD AN-NUR SURABAYA", "JENJANG": "SD", "STATUS": "S", "ALAMAT SEK": "Jl. SIMO POMAHAN BARU BARAT MASJID 7-9 SURABAYA", "WILAYAH": "Barat", "KECAMATAN": "SUKOMANUNGGAL", "KELURAHAN": "SIMOMULYO BARU", "LATITUDE": -7.259807996, "LONGITUDE": 112.7060584 }, "geometry": { "type": "Point", "coordinates": [ 112.7060584, -7.259807996 ] } },
{ "type": "Feature", "properties": { "NPSN": 20531929, "NAMA SEKOL": "SD AN - NAJIYAH SURABAYA", "JENJANG": "SD", "STATUS": "S", "ALAMAT SEK": "Jl. SIDOSERMO IV / 7 SURABAYA", "WILAYAH": "Selatan", "KECAMATAN": "WONOCOLO", "KELURAHAN": "SIDOSERMO", "LATITUDE": -7.3069, "LONGITUDE": 112.754 }, "geometry": { "type": "Point", "coordinates": [ 112.754, -7.3069 ] } },
{ "type": "Feature", "properties": { "NPSN": 20531930, "NAMA SEKOL": "SD SEKOLAH ALAM INSAN MULIA SURABAYA", "JENJANG": "SD", "STATUS": "S", "ALAMAT SEK": "Jl. MEDOKAN SEMAMPIR INDAH NO. 99-101 SURABAYA", "WILAYAH": "Timur", "KECAMATAN": "SUKOLILO", "KELURAHAN": "MEDOKAN SEMAMPIR", "LATITUDE": -7.3078, "LONGITUDE": 112.7884 }, "geometry": { "type": "Point", "coordinates": [ 112.7884, -7.3078 ] } },
{ "type": "Feature", "properties": { "NPSN": 20531931, "NAMA SEKOL": "SD ISLAM AL - KHOIRIYYAH RUNGKUT SURABAYA", "JENJANG": "SD", "STATUS": "S", "ALAMAT SEK": "Jl. WONOREJO GANG MASJID NO. 1-2 RUNGKUT SURABAYA", "WILAYAH": "Timur", "KECAMATAN": "RUNGKUT", "KELURAHAN": "WONOREJO", "LATITUDE": -7.3111, "LONGITUDE": 112.7966 }, "geometry": { "type": "Point", "coordinates": [ 112.7966, -7.3111 ] } },
{ "type": "Feature", "properties": { "NPSN": 20531933, "NAMA SEKOL": "SD AL MUTTAQIEN SURABAYA", "JENJANG": "SD", "STATUS": "S", "ALAMAT SEK": "Jl. MEMET SASTRAWIRYA KOMP.TNI-AL KENJERAN SURABAYA No. 43-45 SURABAYA", "WILAYAH": "Utara", "KECAMATAN": "BULAK", "KELURAHAN": "SUKOLILO BARU", "LATITUDE": -7.2328675, "LONGITUDE": 112.7578739 }, "geometry": { "type": "Point", "coordinates": [ 112.7578739, -7.2328675 ] } },
{ "type": "Feature", "properties": { "NPSN": 20531934, "NAMA SEKOL": "SDI AL MUFIDAH SURABAYA", "JENJANG": "SD", "STATUS": "S", "ALAMAT SEK": "Jl. KENDANGSARI 146 SURABAYA", "WILAYAH": "Timur", "KECAMATAN": "TENGGILIS MEJOYO", "KELURAHAN": "KENDANGSARI", "LATITUDE": -7.3235, "LONGITUDE": 112.7527 }, "geometry": { "type": "Point", "coordinates": [ 112.7527, -7.3235 ] } },
{ "type": "Feature", "properties": { "NPSN": 20531935, "NAMA SEKOL": "SD AL MANAR SURABAYA", "JENJANG": "SD", "STATUS": "S", "ALAMAT SEK": "Jl. PAKAL AMD. SURABAYA", "WILAYAH": "Barat", "KECAMATAN": "PAKAL", "KELURAHAN": "PAKAL", "LATITUDE": -7.242, "LONGITUDE": 112.6157 }, "geometry": { "type": "Point", "coordinates": [ 112.6157, -7.242 ] } },
{ "type": "Feature", "properties": { "NPSN": 20531936, "NAMA SEKOL": "SD ALKHAIRIYAH II SURABAYA", "JENJANG": "SD", "STATUS": "S", "ALAMAT SEK": "Jl. AMPEL MADRASAH No. 1 SURABAYA", "WILAYAH": "Utara", "KECAMATAN": "SEMAMPIR", "KELURAHAN": "AMPEL", "LATITUDE": -7.2299, "LONGITUDE": 112.7411 }, "geometry": { "type": "Point", "coordinates": [ 112.7411, -7.2299 ] } },
{ "type": "Feature", "properties": { "NPSN": 20531937, "NAMA SEKOL": "SD AL KHAIRIYAH I SURABAYA", "JENJANG": "SD", "STATUS": "S", "ALAMAT SEK": "Jl. SULTAN ISKANDAR MUDA No. 36 SURABAYA", "WILAYAH": "Utara", "KECAMATAN": "SEMAMPIR", "KELURAHAN": "UJUNG", "LATITUDE": -7.2254, "LONGITUDE": 112.7427 }, "geometry": { "type": "Point", "coordinates": [ 112.7427, -7.2254 ] } },
{ "type": "Feature", "properties": { "NPSN": 20531938, "NAMA SEKOL": "SD AL KAUTSAR", "JENJANG": "SD", "STATUS": "S", "ALAMAT SEK": "Jl. PONDOK BENOWO INDAH OO/33-35 SURABAYA", "WILAYAH": "Barat", "KECAMATAN": "PAKAL", "KELURAHAN": "BABAT JERAWAT", "LATITUDE": -7.230550162, "LONGITUDE": 112.6265953 }, "geometry": { "type": "Point", "coordinates": [ 112.6265953, -7.230550162 ] } },
{ "type": "Feature", "properties": { "NPSN": 20531940, "NAMA SEKOL": "SD AL-ISTIQOMAH", "JENJANG": "SD", "STATUS": "S", "ALAMAT SEK": "JL. KALIMAS BARU  III Gg.LEBAR No.12  SURABAYA", "WILAYAH": "Utara", "KECAMATAN": "PABEAN CANTIAN", "KELURAHAN": "TANJUNG PERAK", "LATITUDE": -7.2164, "LONGITUDE": 112.7361 }, "geometry": { "type": "Point", "coordinates": [ 112.7361, -7.2164 ] } },
{ "type": "Feature", "properties": { "NPSN": 20531941, "NAMA SEKOL": "SDS ANA MARITIM SURABAYA", "JENJANG": "SD", "STATUS": "S", "ALAMAT SEK": "Jl. RAYA KARANG KLUMPRIK UTARA 1B SURABAYA", "WILAYAH": "Selatan", "KECAMATAN": "WIYUNG", "KELURAHAN": "BALAS KLUMPRIK", "LATITUDE": -7.3269, "LONGITUDE": 112.6883 }, "geometry": { "type": "Point", "coordinates": [ 112.6883, -7.3269 ] } },
{ "type": "Feature", "properties": { "NPSN": 20531942, "NAMA SEKOL": "SD ANGKASA SURABAYA", "JENJANG": "SD", "STATUS": "S", "ALAMAT SEK": "Jl. Kolonel Sukardi  III Surabaya", "WILAYAH": "Utara", "KECAMATAN": "BULAK", "KELURAHAN": "SUKOLILO BARU", "LATITUDE": -7.2516, "LONGITUDE": 112.7934 }, "geometry": { "type": "Point", "coordinates": [ 112.7934, -7.2516 ] } },
{ "type": "Feature", "properties": { "NPSN": 20531943, "NAMA SEKOL": "SD ANUGRAH SURABAYA", "JENJANG": "SD", "STATUS": "S", "ALAMAT SEK": "Jl. Simorejosari  A  IX / 8-12 Surabaya", "WILAYAH": "Barat", "KECAMATAN": "SUKOMANUNGGAL", "KELURAHAN": "SIMOMULYO BARU", "LATITUDE": -7.2573, "LONGITUDE": 112.7087 }, "geometry": { "type": "Point", "coordinates": [ 112.7087, -7.2573 ] } },
{ "type": "Feature", "properties": { "NPSN": 20531945, "NAMA SEKOL": "SD BENTENG SAMUDRA SURABAYA", "JENJANG": "SD", "STATUS": "S", "ALAMAT SEK": "Jl. KEDUNG COWEK VI No. 20 SURABAYA", "WILAYAH": "Utara", "KECAMATAN": "BULAK", "KELURAHAN": "KEDUNG COWEK", "LATITUDE": -7.2196, "LONGITUDE": 112.7769 }, "geometry": { "type": "Point", "coordinates": [ 112.7769, -7.2196 ] } },
{ "type": "Feature", "properties": { "NPSN": 20531946, "NAMA SEKOL": "SD BARUNAWATI SURABAYA", "JENJANG": "SD", "STATUS": "S", "ALAMAT SEK": "Jl. Perak Barat 173  Surabaya", "WILAYAH": "Utara", "KECAMATAN": "KREMBANGAN", "KELURAHAN": "PERAK BARAT", "LATITUDE": -7.221, "LONGITUDE": 112.7321 }, "geometry": { "type": "Point", "coordinates": [ 112.7321, -7.221 ] } },
{ "type": "Feature", "properties": { "NPSN": 20531947, "NAMA SEKOL": "SD BAPTIS PENGHARAPAN SURABAYA", "JENJANG": "SD", "STATUS": "S", "ALAMAT SEK": "Jl. PANDEGILING No. 213-A SURABAYA", "WILAYAH": "Pusat", "KECAMATAN": "TEGALSARI", "KELURAHAN": "DR. SOETOMO", "LATITUDE": -7.2746, "LONGITUDE": 112.7287 }, "geometry": { "type": "Point", "coordinates": [ 112.7287, -7.2746 ] } },
{ "type": "Feature", "properties": { "NPSN": 20531949, "NAMA SEKOL": "SD BAITUL AMIEN SURABAYA", "JENJANG": "SD", "STATUS": "S", "ALAMAT SEK": "Jl. KARANG EMPAT BESAR 48/50 SURABAYA", "WILAYAH": "Timur", "KECAMATAN": "TAMBAKSARI", "KELURAHAN": "PLOSO", "LATITUDE": -7.2518, "LONGITUDE": 112.7739 }, "geometry": { "type": "Point", "coordinates": [ 112.7739, -7.2518 ] } },
{ "type": "Feature", "properties": { "NPSN": 20531950, "NAMA SEKOL": "SD BAITU ILMIN SURABAYA", "JENJANG": "SD", "STATUS": "S", "ALAMAT SEK": "Jl. GIRILAYA 68 SURABAYA", "WILAYAH": "Selatan", "KECAMATAN": "SAWAHAN", "KELURAHAN": "PUTAT JAYA", "LATITUDE": -7.2763, "LONGITUDE": 112.7247 }, "geometry": { "type": "Point", "coordinates": [ 112.7247, -7.2763 ] } },
{ "type": "Feature", "properties": { "NPSN": 20531952, "NAMA SEKOL": "SDI BAHRUL ULUM SURABAYA", "JENJANG": "SD", "STATUS": "S", "ALAMAT SEK": "Jl. PANJANGJIWO Gg SDI NO. 19 SURABAYA", "WILAYAH": "Timur", "KECAMATAN": "TENGGILIS MEJOYO", "KELURAHAN": "PANJANG JIWO", "LATITUDE": -7.3077, "LONGITUDE": 112.7633 }, "geometry": { "type": "Point", "coordinates": [ 112.7633, -7.3077 ] } },
{ "type": "Feature", "properties": { "NPSN": 20531953, "NAMA SEKOL": "SD BAHRUL ULUM SURABAYA", "JENJANG": "SD", "STATUS": "S", "ALAMAT SEK": "Jl. DUKUH MENANGGAL V-B/21 SURABAYA", "WILAYAH": "Selatan", "KECAMATAN": "GAYUNGAN", "KELURAHAN": "DUKUH MENANGGAL", "LATITUDE": -7.3444, "LONGITUDE": 112.7239 }, "geometry": { "type": "Point", "coordinates": [ 112.7239, -7.3444 ] } },
{ "type": "Feature", "properties": { "NPSN": 20531954, "NAMA SEKOL": "SD BAHREISY SURABAYA", "JENJANG": "SD", "STATUS": "S", "ALAMAT SEK": "Jl. AMPEL KEMBANG 4A SURABAYA", "WILAYAH": "Utara", "KECAMATAN": "SEMAMPIR", "KELURAHAN": "AMPEL", "LATITUDE": -7.2312, "LONGITUDE": 112.7429 }, "geometry": { "type": "Point", "coordinates": [ 112.7429, -7.2312 ] } },
{ "type": "Feature", "properties": { "NPSN": 20531955, "NAMA SEKOL": "SD ATTARBIYAH SURABAYA", "JENJANG": "SD", "STATUS": "S", "ALAMAT SEK": "Jl. RAYA HANG TUAH No. 7 SURABAYA", "WILAYAH": "Utara", "KECAMATAN": "SEMAMPIR", "KELURAHAN": "UJUNG", "LATITUDE": -7.223451832, "LONGITUDE": 112.7404681 }, "geometry": { "type": "Point", "coordinates": [ 112.7404681, -7.223451832 ] } },
{ "type": "Feature", "properties": { "NPSN": 20531956, "NAMA SEKOL": "SD ASY SYAFI`IYAH", "JENJANG": "SD", "STATUS": "S", "ALAMAT SEK": "Jl. SIMOREJOSARI BVII/7-9 SURABAYA", "WILAYAH": "Barat", "KECAMATAN": "SUKOMANUNGGAL", "KELURAHAN": "SIMOMULYO BARU", "LATITUDE": -7.256422078, "LONGITUDE": 112.7069113 }, "geometry": { "type": "Point", "coordinates": [ 112.7069113, -7.256422078 ] } },
{ "type": "Feature", "properties": { "NPSN": 20531957, "NAMA SEKOL": "SD AL ISLAMIYAH SURABAYA", "JENJANG": "SD", "STATUS": "S", "ALAMAT SEK": "Jl. KETAPANG ARDIGUNO 39 A SURABAYA", "WILAYAH": "Utara", "KECAMATAN": "SEMAMPIR", "KELURAHAN": "AMPEL", "LATITUDE": -7.2255, "LONGITUDE": 112.7397 }, "geometry": { "type": "Point", "coordinates": [ 112.7397, -7.2255 ] } },
{ "type": "Feature", "properties": { "NPSN": 20531961, "NAMA SEKOL": "SDK  DON BOSCO SURABAYA", "JENJANG": "SD", "STATUS": "S", "ALAMAT SEK": "Jl. TIDAR 117 SURABAYA", "WILAYAH": "Selatan", "KECAMATAN": "SAWAHAN", "KELURAHAN": "PETEMON", "LATITUDE": -7.2568, "LONGITUDE": 112.7209 }, "geometry": { "type": "Point", "coordinates": [ 112.7209, -7.2568 ] } },
{ "type": "Feature", "properties": { "NPSN": 20532007, "NAMA SEKOL": "SD AISYAH", "JENJANG": "SD", "STATUS": "S", "ALAMAT SEK": "JL. PULO WONOKROMO 140C", "WILAYAH": "Selatan", "KECAMATAN": "WONOKROMO", "KELURAHAN": "WONOKROMO", "LATITUDE": -7.301078607, "LONGITUDE": 112.7323867 }, "geometry": { "type": "Point", "coordinates": [ 112.7323867, -7.301078607 ] } },
{ "type": "Feature", "properties": { "NPSN": 20532270, "NAMA SEKOL": "SDN TANDES KIDUL I / 110", "JENJANG": "SD", "STATUS": "N", "ALAMAT SEK": "JL TANDES KIDUL NO. 94 Surabaya", "WILAYAH": "Barat", "KECAMATAN": "TANDES", "KELURAHAN": "TANDES", "LATITUDE": -7.261482867, "LONGITUDE": 112.6870767 }, "geometry": { "type": "Point", "coordinates": [ 112.6870767, -7.261482867 ] } },
{ "type": "Feature", "properties": { "NPSN": 20532271, "NAMA SEKOL": "SDN UJUNG IX / 34", "JENJANG": "SD", "STATUS": "N", "ALAMAT SEK": "JL SAWAH PULO No. 1", "WILAYAH": "Utara", "KECAMATAN": "SEMAMPIR", "KELURAHAN": "UJUNG", "LATITUDE": -7.224930728, "LONGITUDE": 112.7448374 }, "geometry": { "type": "Point", "coordinates": [ 112.7448374, -7.224930728 ] } },
{ "type": "Feature", "properties": { "NPSN": 20532272, "NAMA SEKOL": "SDN UJUNG V / 30", "JENJANG": "SD", "STATUS": "N", "ALAMAT SEK": "JL BENTENG MIRING NO. 4", "WILAYAH": "Utara", "KECAMATAN": "SEMAMPIR", "KELURAHAN": "UJUNG", "LATITUDE": -7.223148579, "LONGITUDE": 112.7395722 }, "geometry": { "type": "Point", "coordinates": [ 112.7395722, -7.223148579 ] } },
{ "type": "Feature", "properties": { "NPSN": 20532278, "NAMA SEKOL": "SD NEGERI UJUNG XIII/38", "JENJANG": "SD", "STATUS": "N", "ALAMAT SEK": "JL RAWA BARU 57", "WILAYAH": "Utara", "KECAMATAN": "SEMAMPIR", "KELURAHAN": "UJUNG", "LATITUDE": -7.213383922, "LONGITUDE": 112.7511304 }, "geometry": { "type": "Point", "coordinates": [ 112.7511304, -7.213383922 ] } },
{ "type": "Feature", "properties": { "NPSN": 20532281, "NAMA SEKOL": "SDN TENGGILIS MEJOYO I", "JENJANG": "SD", "STATUS": "N", "ALAMAT SEK": "JL. JEMURSARI NO. 232", "WILAYAH": "Timur", "KECAMATAN": "TENGGILIS MEJOYO", "KELURAHAN": "TENGGILIS MEJOYO", "LATITUDE": -7.31583777, "LONGITUDE": 112.7546298 }, "geometry": { "type": "Point", "coordinates": [ 112.7546298, -7.31583777 ] } },
{ "type": "Feature", "properties": { "NPSN": 20532284, "NAMA SEKOL": "SDN TANJUNGSARI 97", "JENJANG": "SD", "STATUS": "N", "ALAMAT SEK": "JL. DARMO PERMAI UTARA I/9", "WILAYAH": "Barat", "KECAMATAN": "SUKOMANUNGGAL", "KELURAHAN": "TANJUNGSARI", "LATITUDE": -7.277192962, "LONGITUDE": 112.6876044 }, "geometry": { "type": "Point", "coordinates": [ 112.6876044, -7.277192962 ] } },
{ "type": "Feature", "properties": { "NPSN": 20532285, "NAMA SEKOL": "SDN TEGALSARI II/ 322", "JENJANG": "SD", "STATUS": "N", "ALAMAT SEK": "JL. KEDONDONG KIDUL I/43", "WILAYAH": "Pusat", "KECAMATAN": "TEGALSARI", "KELURAHAN": "TEGALSARI", "LATITUDE": -7.2739, "LONGITUDE": 112.738395 }, "geometry": { "type": "Point", "coordinates": [ 112.738395, -7.2739 ] } },
{ "type": "Feature", "properties": { "NPSN": 20532286, "NAMA SEKOL": "SDN TEMBOK DUKUH", "JENJANG": "SD", "STATUS": "N", "ALAMAT SEK": "Jl. Demak 45", "WILAYAH": "Pusat", "KECAMATAN": "BUBUTAN", "KELURAHAN": "TEMBOK DUKUH", "LATITUDE": -7.253715946, "LONGITUDE": 112.7201142 }, "geometry": { "type": "Point", "coordinates": [ 112.7201142, -7.253715946 ] } },
{ "type": "Feature", "properties": { "NPSN": 20532288, "NAMA SEKOL": "SDN TEMBOK DUKUH III/85", "JENJANG": "SD", "STATUS": "N", "ALAMAT SEK": "Jl. Asem Jaya Sekolahan l", "WILAYAH": "Pusat", "KECAMATAN": "BUBUTAN", "KELURAHAN": "TEMBOK DUKUH", "LATITUDE": -7.249820217, "LONGITUDE": 112.7180267 }, "geometry": { "type": "Point", "coordinates": [ 112.7180267, -7.249820217 ] } },
{ "type": "Feature", "properties": { "NPSN": 20532289, "NAMA SEKOL": "SDN TEMBOK DUKUH IV / 86", "JENJANG": "SD", "STATUS": "N", "ALAMAT SEK": "Jl. Demak 2", "WILAYAH": "Pusat", "KECAMATAN": "BUBUTAN", "KELURAHAN": "TEMBOK DUKUH", "LATITUDE": -7.254268996, "LONGITUDE": 112.7204476 }, "geometry": { "type": "Point", "coordinates": [ 112.7204476, -7.254268996 ] } },
{ "type": "Feature", "properties": { "NPSN": 20532293, "NAMA SEKOL": "SDN WONOKUSUMO IV / 43", "JENJANG": "SD", "STATUS": "N", "ALAMAT SEK": "JL WONOKUSUMO TENGAH No. 4", "WILAYAH": "Utara", "KECAMATAN": "SEMAMPIR", "KELURAHAN": "WONOKUSUMO", "LATITUDE": -7.22021091, "LONGITUDE": 112.7521793 }, "geometry": { "type": "Point", "coordinates": [ 112.7521793, -7.22021091 ] } },
{ "type": "Feature", "properties": { "NPSN": 20532295, "NAMA SEKOL": "SDN WONOKUSUMO V / 44", "JENJANG": "SD", "STATUS": "N", "ALAMAT SEK": "JL. WONOKUSUMO LOR NO. 44", "WILAYAH": "Utara", "KECAMATAN": "SEMAMPIR", "KELURAHAN": "WONOKUSUMO", "LATITUDE": -7.22122, "LONGITUDE": 112.75204 }, "geometry": { "type": "Point", "coordinates": [ 112.75204, -7.22122 ] } },
{ "type": "Feature", "properties": { "NPSN": 20532301, "NAMA SEKOL": "SDN WONOKUSUMO I / 40", "JENJANG": "SD", "STATUS": "N", "ALAMAT SEK": "JL WONOKUSUMO KULON III/1", "WILAYAH": "Utara", "KECAMATAN": "SEMAMPIR", "KELURAHAN": "WONOKUSUMO", "LATITUDE": -7.222143992, "LONGITUDE": 112.7519933 }, "geometry": { "type": "Point", "coordinates": [ 112.7519933, -7.222143992 ] } },
{ "type": "Feature", "properties": { "NPSN": 20532305, "NAMA SEKOL": "SDN WIYUNG I", "JENJANG": "SD", "STATUS": "N", "ALAMAT SEK": "JL MENGANTI WIYUNG NO.11", "WILAYAH": "Selatan", "KECAMATAN": "WIYUNG", "KELURAHAN": "WIYUNG", "LATITUDE": -7.314287925, "LONGITUDE": 112.6947836 }, "geometry": { "type": "Point", "coordinates": [ 112.6947836, -7.314287925 ] } },
{ "type": "Feature", "properties": { "NPSN": 20532308, "NAMA SEKOL": "SDN WONOKROMO I/390", "JENJANG": "SD", "STATUS": "N", "ALAMAT SEK": "JL WONOKROMO TANGKIS 19 SURABAYA", "WILAYAH": "Selatan", "KECAMATAN": "WONOKROMO", "KELURAHAN": "WONOKROMO", "LATITUDE": -7.303126754, "LONGITUDE": 112.7324475 }, "geometry": { "type": "Point", "coordinates": [ 112.7324475, -7.303126754 ] } },
{ "type": "Feature", "properties": { "NPSN": 20532310, "NAMA SEKOL": "SDN WONOKROMO III/392", "JENJANG": "SD", "STATUS": "N", "ALAMAT SEK": "JL KARANG REJO SAWAH XI/1", "WILAYAH": "Selatan", "KECAMATAN": "WONOKROMO", "KELURAHAN": "WONOKROMO", "LATITUDE": -7.306055721, "LONGITUDE": 112.729469 }, "geometry": { "type": "Point", "coordinates": [ 112.729469, -7.306055721 ] } },
{ "type": "Feature", "properties": { "NPSN": 20532316, "NAMA SEKOL": "SDN SIMOMULYO VIII/497", "JENJANG": "SD", "STATUS": "N", "ALAMAT SEK": "JL. SIMOREJO VIII/11", "WILAYAH": "Barat", "KECAMATAN": "SUKOMANUNGGAL", "KELURAHAN": "SIMOMULYO", "LATITUDE": -7.255273559, "LONGITUDE": 112.7125821 }, "geometry": { "type": "Point", "coordinates": [ 112.7125821, -7.255273559 ] } },
{ "type": "Feature", "properties": { "NPSN": 20532318, "NAMA SEKOL": "SDN SIMOMULYO V/102", "JENJANG": "SD", "STATUS": "N", "ALAMAT SEK": "JL. SIMOHILIR TIMUR XIV/25", "WILAYAH": "Barat", "KECAMATAN": "SUKOMANUNGGAL", "KELURAHAN": "SIMOMULYO BARU", "LATITUDE": -7.273523, "LONGITUDE": 112.705923 }, "geometry": { "type": "Point", "coordinates": [ 112.705923, -7.273523 ] } },
{ "type": "Feature", "properties": { "NPSN": 20532319, "NAMA SEKOL": "SDN SIWALANKERTO I", "JENJANG": "SD", "STATUS": "N", "ALAMAT SEK": "JL. JENDRAL A. YANI 247", "WILAYAH": "Selatan", "KECAMATAN": "WONOCOLO", "KELURAHAN": "SIWALANKERTO", "LATITUDE": -7.336422331, "LONGITUDE": 112.7298626 }, "geometry": { "type": "Point", "coordinates": [ 112.7298626, -7.336422331 ] } },
{ "type": "Feature", "properties": { "NPSN": 20532320, "NAMA SEKOL": "SDN SIWALANKERTO II /419", "JENJANG": "SD", "STATUS": "N", "ALAMAT SEK": "JL. SIWALANKERTO 138", "WILAYAH": "Selatan", "KECAMATAN": "WONOCOLO", "KELURAHAN": "SIWALANKERTO", "LATITUDE": -7.340191539, "LONGITUDE": 112.7367216 }, "geometry": { "type": "Point", "coordinates": [ 112.7367216, -7.340191539 ] } },
{ "type": "Feature", "properties": { "NPSN": 20532323, "NAMA SEKOL": "SDN SIMOMULYO IV/101", "JENJANG": "SD", "STATUS": "N", "ALAMAT SEK": "JL. Tangkisturi 3", "WILAYAH": "Barat", "KECAMATAN": "SUKOMANUNGGAL", "KELURAHAN": "SIMOMULYO", "LATITUDE": -7.264530419, "LONGITUDE": 112.7114185 }, "geometry": { "type": "Point", "coordinates": [ 112.7114185, -7.264530419 ] } },
{ "type": "Feature", "properties": { "NPSN": 20532326, "NAMA SEKOL": "SDN SIMOKERTO V /138", "JENJANG": "SD", "STATUS": "N", "ALAMAT SEK": "JL. KENJERAN IV/6", "WILAYAH": "Pusat", "KECAMATAN": "SIMOKERTO", "KELURAHAN": "SIMOKERTO", "LATITUDE": -7.24083, "LONGITUDE": 112.75606 }, "geometry": { "type": "Point", "coordinates": [ 112.75606, -7.24083 ] } },
{ "type": "Feature", "properties": { "NPSN": 20532327, "NAMA SEKOL": "SDN SIMOKERTO VI/139", "JENJANG": "SD", "STATUS": "N", "ALAMAT SEK": "JL. SIDOTOPO WETAN 112", "WILAYAH": "Pusat", "KECAMATAN": "SIMOKERTO", "KELURAHAN": "SIMOKERTO", "LATITUDE": -7.236467916, "LONGITUDE": 112.7577675 }, "geometry": { "type": "Point", "coordinates": [ 112.7577675, -7.236467916 ] } },
{ "type": "Feature", "properties": { "NPSN": 20532330, "NAMA SEKOL": "SD NEGERI SIMOLAWANG KIP/156", "JENJANG": "SD", "STATUS": "N", "ALAMAT SEK": "JL. SIMOLAWANG II BARAT 45-B", "WILAYAH": "Pusat", "KECAMATAN": "SIMOKERTO", "KELURAHAN": "SIMOLAWANG", "LATITUDE": -7.234822451, "LONGITUDE": 112.7514627 }, "geometry": { "type": "Point", "coordinates": [ 112.7514627, -7.234822451 ] } },
{ "type": "Feature", "properties": { "NPSN": 20532331, "NAMA SEKOL": "SDN SIMOMULYO I/98", "JENJANG": "SD", "STATUS": "N", "ALAMAT SEK": "JL. SIMO TAMBAAN 56", "WILAYAH": "Barat", "KECAMATAN": "SUKOMANUNGGAL", "KELURAHAN": "SIMOMULYO BARU", "LATITUDE": -7.270764726, "LONGITUDE": 112.7050922 }, "geometry": { "type": "Point", "coordinates": [ 112.7050922, -7.270764726 ] } },
{ "type": "Feature", "properties": { "NPSN": 20532339, "NAMA SEKOL": "SDN TANAH KALI KEDINDING I/251", "JENJANG": "SD", "STATUS": "N", "ALAMAT SEK": "JL KALILOM LOR INDAH NO.1-3", "WILAYAH": "Utara", "KECAMATAN": "KENJERAN", "KELURAHAN": "TANAH KALI KEDINDING", "LATITUDE": -7.228866394, "LONGITUDE": 112.7801437 }, "geometry": { "type": "Point", "coordinates": [ 112.7801437, -7.228866394 ] } },
{ "type": "Feature", "properties": { "NPSN": 20532350, "NAMA SEKOL": "SDN TANAH KALI KEDINDING II", "JENJANG": "SD", "STATUS": "N", "ALAMAT SEK": "JL POGOT 57", "WILAYAH": "Utara", "KECAMATAN": "KENJERAN", "KELURAHAN": "TANAH KALI KEDINDING", "LATITUDE": -7.233482183, "LONGITUDE": 112.7681727 }, "geometry": { "type": "Point", "coordinates": [ 112.7681727, -7.233482183 ] } },
{ "type": "Feature", "properties": { "NPSN": 20532352, "NAMA SEKOL": "SDN TANAH KALI KEDINDING V", "JENJANG": "SD", "STATUS": "N", "ALAMAT SEK": "JL TANAH MERAH 100", "WILAYAH": "Utara", "KECAMATAN": "KENJERAN", "KELURAHAN": "TANAH KALI KEDINDING", "LATITUDE": -7.226113502, "LONGITUDE": 112.7684918 }, "geometry": { "type": "Point", "coordinates": [ 112.7684918, -7.226113502 ] } },
{ "type": "Feature", "properties": { "NPSN": 20532354, "NAMA SEKOL": "SDN TAMBAKSARI  I", "JENJANG": "SD", "STATUS": "N", "ALAMAT SEK": "Jl. Mundu 35", "WILAYAH": "Timur", "KECAMATAN": "TAMBAKSARI", "KELURAHAN": "TAMBAKSARI", "LATITUDE": -7.251333193, "LONGITUDE": 112.7539889 }, "geometry": { "type": "Point", "coordinates": [ 112.7539889, -7.251333193 ] } },
{ "type": "Feature", "properties": { "NPSN": 20532355, "NAMA SEKOL": "SDN TAMBAK WEDI 508", "JENJANG": "SD", "STATUS": "N", "ALAMAT SEK": "JL TAMBAK WEDI LAMA NO.1", "WILAYAH": "Utara", "KECAMATAN": "KENJERAN", "KELURAHAN": "TAMBAK WEDI", "LATITUDE": -7.211422341, "LONGITUDE": 112.7777609 }, "geometry": { "type": "Point", "coordinates": [ 112.7777609, -7.211422341 ] } },
{ "type": "Feature", "properties": { "NPSN": 20532358, "NAMA SEKOL": "SDN SUKOMANUNGGAL III/107", "JENJANG": "SD", "STATUS": "N", "ALAMAT SEK": "JL. DONOWATI 41", "WILAYAH": "Barat", "KECAMATAN": "SUKOMANUNGGAL", "KELURAHAN": "SUKOMANUNGGAL", "LATITUDE": -7.268289543, "LONGITUDE": 112.6988368 }, "geometry": { "type": "Point", "coordinates": [ 112.6988368, -7.268289543 ] } },
{ "type": "Feature", "properties": { "NPSN": 20532360, "NAMA SEKOL": "SDN SUKOMANUNGGAL I/105", "JENJANG": "SD", "STATUS": "N", "ALAMAT SEK": "JL. SUKOMANUNGGAL 93 - C", "WILAYAH": "Barat", "KECAMATAN": "SUKOMANUNGGAL", "KELURAHAN": "SUKOMANUNGGAL", "LATITUDE": -7.262361562, "LONGITUDE": 112.6964557 }, "geometry": { "type": "Point", "coordinates": [ 112.6964557, -7.262361562 ] } },
{ "type": "Feature", "properties": { "NPSN": 20532362, "NAMA SEKOL": "SDN SUMBEREJO II", "JENJANG": "SD", "STATUS": "N", "ALAMAT SEK": "Jl. SUMBEREJO II", "WILAYAH": "Barat", "KECAMATAN": "PAKAL", "KELURAHAN": "SUMBER REJO", "LATITUDE": -7.226394085, "LONGITUDE": 112.606155 }, "geometry": { "type": "Point", "coordinates": [ 112.606155, -7.226394085 ] } },
{ "type": "Feature", "properties": { "NPSN": 20532363, "NAMA SEKOL": "SDN SUTOREJO I/240", "JENJANG": "SD", "STATUS": "N", "ALAMAT SEK": "JL. LABANSARI NO.1", "WILAYAH": "Timur", "KECAMATAN": "MULYOREJO", "KELURAHAN": "DUKUH SUTOREJO", "LATITUDE": -7.259469628, "LONGITUDE": 112.7911385 }, "geometry": { "type": "Point", "coordinates": [ 112.7911385, -7.259469628 ] } },
{ "type": "Feature", "properties": { "NPSN": 20532409, "NAMA SEKOL": "SDN WONOREJO I/312", "JENJANG": "SD", "STATUS": "N", "ALAMAT SEK": "JL. WONOREJO II/88", "WILAYAH": "Pusat", "KECAMATAN": "TEGALSARI", "KELURAHAN": "WONOREJO", "LATITUDE": -7.2682, "LONGITUDE": 112.7317 }, "geometry": { "type": "Point", "coordinates": [ 112.7317, -7.2682 ] } },
{ "type": "Feature", "properties": { "NPSN": 20532421, "NAMA SEKOL": "SDN WONOREJO III/314", "JENJANG": "SD", "STATUS": "N", "ALAMAT SEK": "JL. WONOREJO III No. 52 - 54 SURABAYA", "WILAYAH": "Pusat", "KECAMATAN": "TEGALSARI", "KELURAHAN": "WONOREJO", "LATITUDE": -7.269879717, "LONGITUDE": 112.7329974 }, "geometry": { "type": "Point", "coordinates": [ 112.7329974, -7.269879717 ] } },
{ "type": "Feature", "properties": { "NPSN": 20532423, "NAMA SEKOL": "SDN WONOREJO 274", "JENJANG": "SD", "STATUS": "N", "ALAMAT SEK": "JL WONOREJO RUNGKUT 1", "WILAYAH": "Timur", "KECAMATAN": "RUNGKUT", "KELURAHAN": "WONOREJO", "LATITUDE": -7.3113806, "LONGITUDE": 112.7968528 }, "geometry": { "type": "Point", "coordinates": [ 112.7968528, -7.3113806 ] } },
{ "type": "Feature", "properties": { "NPSN": 20532424, "NAMA SEKOL": "SDN WONOREJO V/ 316", "JENJANG": "SD", "STATUS": "N", "ALAMAT SEK": "JL. TEMPEL SUKOREJO I/ 55", "WILAYAH": "Pusat", "KECAMATAN": "TEGALSARI", "KELURAHAN": "WONOREJO", "LATITUDE": -7.272328857, "LONGITUDE": 112.7303582 }, "geometry": { "type": "Point", "coordinates": [ 112.7303582, -7.272328857 ] } },
{ "type": "Feature", "properties": { "NPSN": 20532425, "NAMA SEKOL": "SDN WONOREJO VI/ 317", "JENJANG": "SD", "STATUS": "N", "ALAMAT SEK": "JL. TEMPEL SUKOREJO I/ 107 A", "WILAYAH": "Pusat", "KECAMATAN": "TEGALSARI", "KELURAHAN": "WONOREJO", "LATITUDE": -7.273325778, "LONGITUDE": 112.732687 }, "geometry": { "type": "Point", "coordinates": [ 112.732687, -7.273325778 ] } },
{ "type": "Feature", "properties": { "NPSN": 20532803, "NAMA SEKOL": "SD YAPITA SURABAYA", "JENJANG": "SD", "STATUS": "S", "ALAMAT SEK": "Jl. KEPUTIH TEGAL No. 08", "WILAYAH": "Timur", "KECAMATAN": "SUKOLILO", "KELURAHAN": "KEPUTIH", "LATITUDE": -7.294115692, "LONGITUDE": 112.8016269 }, "geometry": { "type": "Point", "coordinates": [ 112.8016269, -7.294115692 ] } },
{ "type": "Feature", "properties": { "NPSN": 20532804, "NAMA SEKOL": "SD Kristen BPK - 3", "JENJANG": "SD", "STATUS": "S", "ALAMAT SEK": "Jl. MENGANTI WIYUNG 42-44 SURABAYA", "WILAYAH": "Selatan", "KECAMATAN": "WIYUNG", "KELURAHAN": "WIYUNG", "LATITUDE": -7.3132, "LONGITUDE": 112.6957 }, "geometry": { "type": "Point", "coordinates": [ 112.6957, -7.3132 ] } },
{ "type": "Feature", "properties": { "NPSN": 20532805, "NAMA SEKOL": "SD YP NASIONAL SURABAYA", "JENJANG": "SD", "STATUS": "S", "ALAMAT SEK": "Jl. TENGGUMUNG BARU No. 221 SURABAYA", "WILAYAH": "Utara", "KECAMATAN": "SEMAMPIR", "KELURAHAN": "PEGIRIAN", "LATITUDE": -7.226331233, "LONGITUDE": 112.7578052 }, "geometry": { "type": "Point", "coordinates": [ 112.7578052, -7.226331233 ] } },
{ "type": "Feature", "properties": { "NPSN": 20532809, "NAMA SEKOL": "SD YPKB IMANUEL SURABAYA", "JENJANG": "SD", "STATUS": "S", "ALAMAT SEK": "Jl. PRADAH KALI KENDAL I/ 1 SURABAYA", "WILAYAH": "Selatan", "KECAMATAN": "DUKUH PAKIS", "KELURAHAN": "PRADAH KALIKENDAL", "LATITUDE": -7.2866329, "LONGITUDE": 112.693186 }, "geometry": { "type": "Point", "coordinates": [ 112.693186, -7.2866329 ] } },
{ "type": "Feature", "properties": { "NPSN": 20532810, "NAMA SEKOL": "SD Nation Star Academy", "JENJANG": "SD", "STATUS": "S", "ALAMAT SEK": "Jl. DHARMAHUSADA INDAH BARAT VI / 1  SURABAYA", "WILAYAH": "Timur", "KECAMATAN": "GUBENG", "KELURAHAN": "MOJO", "LATITUDE": -7.2769, "LONGITUDE": 112.7718 }, "geometry": { "type": "Point", "coordinates": [ 112.7718, -7.2769 ] } },
{ "type": "Feature", "properties": { "NPSN": 20532811, "NAMA SEKOL": "SD YAMASTHO SURABAYA", "JENJANG": "SD", "STATUS": "S", "ALAMAT SEK": "Jl. RUNGKUT LOR IX / 35 SURABAYA", "WILAYAH": "Timur", "KECAMATAN": "RUNGKUT", "KELURAHAN": "KALIRUNGKUT", "LATITUDE": -7.3267, "LONGITUDE": 112.7704 }, "geometry": { "type": "Point", "coordinates": [ 112.7704, -7.3267 ] } },
{ "type": "Feature", "properties": { "NPSN": 20532812, "NAMA SEKOL": "SD YAMASSA SURABAYA", "JENJANG": "SD", "STATUS": "S", "ALAMAT SEK": "Jl. KEDUNG ASEM No. 80 SURABAYA", "WILAYAH": "Timur", "KECAMATAN": "RUNGKUT", "KELURAHAN": "KEDUNG BARUK", "LATITUDE": -7.31795927, "LONGITUDE": 112.77663 }, "geometry": { "type": "Point", "coordinates": [ 112.77663, -7.31795927 ] } },
{ "type": "Feature", "properties": { "NPSN": 20532814, "NAMA SEKOL": "SD TUNAS JAYA SURABAYA", "JENJANG": "SD", "STATUS": "S", "ALAMAT SEK": "Jl. BANYU URIP JAYA V/1 A SURABAYA", "WILAYAH": "Selatan", "KECAMATAN": "SAWAHAN", "KELURAHAN": "PUTAT JAYA", "LATITUDE": -7.28, "LONGITUDE": 112.7273 }, "geometry": { "type": "Point", "coordinates": [ 112.7273, -7.28 ] } },
{ "type": "Feature", "properties": { "NPSN": 20532815, "NAMA SEKOL": "SD VITA", "JENJANG": "SD", "STATUS": "S", "ALAMAT SEK": "Jl. ARIEF RAHMAN HAKIM 189-191 SURABAYA", "WILAYAH": "Timur", "KECAMATAN": "SUKOLILO", "KELURAHAN": "KEPUTIH", "LATITUDE": -7.2713, "LONGITUDE": 112.781 }, "geometry": { "type": "Point", "coordinates": [ 112.781, -7.2713 ] } },
{ "type": "Feature", "properties": { "NPSN": 20532816, "NAMA SEKOL": "SD WACHID HASJIM 2", "JENJANG": "SD", "STATUS": "S", "ALAMAT SEK": "MENUR II / 68", "WILAYAH": "Timur", "KECAMATAN": "SUKOLILO", "KELURAHAN": "MENUR PUMPUNGAN", "LATITUDE": -7.290965161, "LONGITUDE": 112.7645722 }, "geometry": { "type": "Point", "coordinates": [ 112.7645722, -7.290965161 ] } },
{ "type": "Feature", "properties": { "NPSN": 20532817, "NAMA SEKOL": "SD WALI IDRIS", "JENJANG": "SD", "STATUS": "S", "ALAMAT SEK": "JL. RANGKAH 6/92 SURABAYA", "WILAYAH": "Timur", "KECAMATAN": "TAMBAKSARI", "KELURAHAN": "RANGKAH", "LATITUDE": -7.2475, "LONGITUDE": 112.7677 }, "geometry": { "type": "Point", "coordinates": [ 112.7677, -7.2475 ] } },
{ "type": "Feature", "properties": { "NPSN": 20532818, "NAMA SEKOL": "SD WIDYA ADI PUTERA", "JENJANG": "SD", "STATUS": "S", "ALAMAT SEK": "Jl. KALIKEPITING JAYA II/59-61", "WILAYAH": "Timur", "KECAMATAN": "TAMBAKSARI", "KELURAHAN": "PACARKEMBANG", "LATITUDE": -7.2605, "LONGITUDE": 112.7711 }, "geometry": { "type": "Point", "coordinates": [ 112.7711, -7.2605 ] } },
{ "type": "Feature", "properties": { "NPSN": 20532821, "NAMA SEKOL": "SD WONOKUSUMO JAYA SURABAYA", "JENJANG": "SD", "STATUS": "S", "ALAMAT SEK": "Jl. WONOKUSUMO JAYA VII No. 10 SURABAYA", "WILAYAH": "Utara", "KECAMATAN": "SEMAMPIR", "KELURAHAN": "PEGIRIAN", "LATITUDE": -7.223, "LONGITUDE": 112.7539 }, "geometry": { "type": "Point", "coordinates": [ 112.7539, -7.223 ] } },
{ "type": "Feature", "properties": { "NPSN": 20532822, "NAMA SEKOL": "SD YPPI - II SURABAYA", "JENJANG": "SD", "STATUS": "S", "ALAMAT SEK": "Jl. DONOKERTO XI / 18-20 SURABAYA", "WILAYAH": "Pusat", "KECAMATAN": "SIMOKERTO", "KELURAHAN": "KAPASAN", "LATITUDE": -7.2437, "LONGITUDE": 112.7532 }, "geometry": { "type": "Point", "coordinates": [ 112.7532, -7.2437 ] } },
{ "type": "Feature", "properties": { "NPSN": 20532823, "NAMA SEKOL": "SD YPPI - IV SURABAYA", "JENJANG": "SD", "STATUS": "S", "ALAMAT SEK": "Jl. SUTOREJO UTARA I/2-6  SURABAYA", "WILAYAH": "Timur", "KECAMATAN": "MULYOREJO", "KELURAHAN": "DUKUH SUTOREJO", "LATITUDE": -7.267876085, "LONGITUDE": 112.7955477 }, "geometry": { "type": "Point", "coordinates": [ 112.7955477, -7.267876085 ] } },
{ "type": "Feature", "properties": { "NPSN": 20532825, "NAMA SEKOL": "SDN AIRLANGGA I/198", "JENJANG": "SD", "STATUS": "N", "ALAMAT SEK": "JL GUBENG AIRLANGGA I/2", "WILAYAH": "Timur", "KECAMATAN": "GUBENG", "KELURAHAN": "AIRLANGGA", "LATITUDE": -7.271567785, "LONGITUDE": 112.7557726 }, "geometry": { "type": "Point", "coordinates": [ 112.7557726, -7.271567785 ] } },
{ "type": "Feature", "properties": { "NPSN": 20532827, "NAMA SEKOL": "SDN AIRLANGGA III/200", "JENJANG": "SD", "STATUS": "N", "ALAMAT SEK": "JL KARANG MENUR IV/19", "WILAYAH": "Timur", "KECAMATAN": "GUBENG", "KELURAHAN": "AIRLANGGA", "LATITUDE": -7.27561161, "LONGITUDE": 112.7608385 }, "geometry": { "type": "Point", "coordinates": [ 112.7608385, -7.27561161 ] } },
{ "type": "Feature", "properties": { "NPSN": 20532831, "NAMA SEKOL": "SD NEGERI SULUNG", "JENJANG": "SD", "STATUS": "N", "ALAMAT SEK": "Jl. Sulung Sekolahan No l", "WILAYAH": "Pusat", "KECAMATAN": "BUBUTAN", "KELURAHAN": "ALUN-ALUN CONTONG", "LATITUDE": -7.24663, "LONGITUDE": 112.74075 }, "geometry": { "type": "Point", "coordinates": [ 112.74075, -7.24663 ] } },
{ "type": "Feature", "properties": { "NPSN": 20532839, "NAMA SEKOL": "SDI AL - FALAH SURABAYA", "JENJANG": "SD", "STATUS": "S", "ALAMAT SEK": "Jl. SEMAMPIR MASJID NO. 42 SURABAYA", "WILAYAH": "Timur", "KECAMATAN": "SUKOLILO", "KELURAHAN": "MEDOKAN SEMAMPIR", "LATITUDE": -7.305081, "LONGITUDE": 112.778445 }, "geometry": { "type": "Point", "coordinates": [ 112.778445, -7.305081 ] } },
{ "type": "Feature", "properties": { "NPSN": 20532840, "NAMA SEKOL": "SDI BAITUL MUKMIN SURABAYA", "JENJANG": "SD", "STATUS": "S", "ALAMAT SEK": "Jl. JANGKUNGAN I / 20 A SURABAYA", "WILAYAH": "Timur", "KECAMATAN": "SUKOLILO", "KELURAHAN": "NGINDEN JANGKUNGAN", "LATITUDE": -7.3053, "LONGITUDE": 112.7635 }, "geometry": { "type": "Point", "coordinates": [ 112.7635, -7.3053 ] } },
{ "type": "Feature", "properties": { "NPSN": 20532841, "NAMA SEKOL": "SDK SANTA MELANIA SURABAYA", "JENJANG": "SD", "STATUS": "S", "ALAMAT SEK": "Jl. PUMPUNGAN III / 11 A  SURABAYA", "WILAYAH": "Timur", "KECAMATAN": "SUKOLILO", "KELURAHAN": "MENUR PUMPUNGAN", "LATITUDE": -7.2957, "LONGITUDE": 112.7627 }, "geometry": { "type": "Point", "coordinates": [ 112.7627, -7.2957 ] } },
{ "type": "Feature", "properties": { "NPSN": 20532844, "NAMA SEKOL": "SD TUNAS BANGSA", "JENJANG": "SD", "STATUS": "S", "ALAMAT SEK": "JL. DARMO REJO III  NO. 54-56  SURABAYA", "WILAYAH": "Selatan", "KECAMATAN": "WONOKROMO", "KELURAHAN": "DARMO", "LATITUDE": -7.2962, "LONGITUDE": 112.7415 }, "geometry": { "type": "Point", "coordinates": [ 112.7415, -7.2962 ] } },
{ "type": "Feature", "properties": { "NPSN": 20532845, "NAMA SEKOL": "SD PROKLAMASI", "JENJANG": "SD", "STATUS": "S", "ALAMAT SEK": "JL. JAGIR SIDOMUKTI  IV/35  SURABAYA", "WILAYAH": "Selatan", "KECAMATAN": "WONOKROMO", "KELURAHAN": "JAGIR", "LATITUDE": -7.3049, "LONGITUDE": 112.7479 }, "geometry": { "type": "Point", "coordinates": [ 112.7479, -7.3049 ] } },
{ "type": "Feature", "properties": { "NPSN": 20532847, "NAMA SEKOL": "SD RIDWAN ABDULLAH SURABAYA", "JENJANG": "SD", "STATUS": "S", "ALAMAT SEK": "Jl. BUBUTAN  VI / 2 Lt 2  SURABAYA", "WILAYAH": "Pusat", "KECAMATAN": "BUBUTAN", "KELURAHAN": "ALUN-ALUN CONTONG", "LATITUDE": -7.2441, "LONGITUDE": 112.7368 }, "geometry": { "type": "Point", "coordinates": [ 112.7368, -7.2441 ] } },
{ "type": "Feature", "properties": { "NPSN": 20532848, "NAMA SEKOL": "SD ROUDLOTUL ULUM SURABAYA", "JENJANG": "SD", "STATUS": "S", "ALAMAT SEK": "Jl. DUPAK BARU III/43 SURABAYA", "WILAYAH": "Pusat", "KECAMATAN": "BUBUTAN", "KELURAHAN": "JEPARA", "LATITUDE": -7.242, "LONGITUDE": 112.7223 }, "geometry": { "type": "Point", "coordinates": [ 112.7223, -7.242 ] } },
{ "type": "Feature", "properties": { "NPSN": 20532849, "NAMA SEKOL": "SD RW X DEMAK JAYA SURABAYA", "JENJANG": "SD", "STATUS": "S", "ALAMAT SEK": "Jl. DEMAK JAYA  III / 55 SURABAYA", "WILAYAH": "Pusat", "KECAMATAN": "BUBUTAN", "KELURAHAN": "TEMBOK DUKUH", "LATITUDE": -7.2486, "LONGITUDE": 112.7187 }, "geometry": { "type": "Point", "coordinates": [ 112.7187, -7.2486 ] } },
{ "type": "Feature", "properties": { "NPSN": 20532850, "NAMA SEKOL": "SD SANTO YOSEF SURABAYA", "JENJANG": "SD", "STATUS": "S", "ALAMAT SEK": "Jl. Joyoboyo No. 19 Surabaya", "WILAYAH": "Selatan", "KECAMATAN": "WONOKROMO", "KELURAHAN": "SAWUNGGALING", "LATITUDE": -7.2989587, "LONGITUDE": 112.7354997 }, "geometry": { "type": "Point", "coordinates": [ 112.7354997, -7.2989587 ] } },
{ "type": "Feature", "properties": { "NPSN": 20532851, "NAMA SEKOL": "SD SASANA BHAKTI SURABAYA", "JENJANG": "SD", "STATUS": "S", "ALAMAT SEK": "Jl. JAGALAN 132-136 SURABAYA", "WILAYAH": "Utara", "KECAMATAN": "PABEAN CANTIAN", "KELURAHAN": "BONGKARAN", "LATITUDE": -7.2442, "LONGITUDE": 112.7432 }, "geometry": { "type": "Point", "coordinates": [ 112.7432, -7.2442 ] } },
{ "type": "Feature", "properties": { "NPSN": 20532853, "NAMA SEKOL": "SD SETIA BHAKTI SURABAYA", "JENJANG": "SD", "STATUS": "S", "ALAMAT SEK": "Jl. DUPAK RUKUN V/34  SURABAYA", "WILAYAH": "Utara", "KECAMATAN": "KREMBANGAN", "KELURAHAN": "DUPAK", "LATITUDE": -7.24611, "LONGITUDE": 112.71868 }, "geometry": { "type": "Point", "coordinates": [ 112.71868, -7.24611 ] } },
{ "type": "Feature", "properties": { "NPSN": 20532855, "NAMA SEKOL": "SD RAHMAT SURABAYA", "JENJANG": "SD", "STATUS": "S", "ALAMAT SEK": "Jl. KEMBANG KUNING No. 2 SURABAYA", "WILAYAH": "Selatan", "KECAMATAN": "SAWAHAN", "KELURAHAN": "PAKIS", "LATITUDE": -7.2821, "LONGITUDE": 112.7293 }, "geometry": { "type": "Point", "coordinates": [ 112.7293, -7.2821 ] } },
{ "type": "Feature", "properties": { "NPSN": 20532856, "NAMA SEKOL": "SD RADEN RAHMAT SURABAYA", "JENJANG": "SD", "STATUS": "S", "ALAMAT SEK": "Jl. TAMBAK LUMPANG III/02 SURABAYA", "WILAYAH": "Barat", "KECAMATAN": "SUKOMANUNGGAL", "KELURAHAN": "SUKOMANUNGGAL", "LATITUDE": -7.2699, "LONGITUDE": 112.7036 }, "geometry": { "type": "Point", "coordinates": [ 112.7036, -7.2699 ] } },
{ "type": "Feature", "properties": { "NPSN": 20532858, "NAMA SEKOL": "SD PUTRA HARAPAN BANGSA SURABAYA", "JENJANG": "SD", "STATUS": "S", "ALAMAT SEK": "Jl. WONOSARI LOR NO. 60 SURABAYA", "WILAYAH": "Utara", "KECAMATAN": "SEMAMPIR", "KELURAHAN": "WONOKUSUMO", "LATITUDE": -7.2148, "LONGITUDE": 112.7509 }, "geometry": { "type": "Point", "coordinates": [ 112.7509, -7.2148 ] } },
{ "type": "Feature", "properties": { "NPSN": 20532859, "NAMA SEKOL": "SD PUTRA INDONESIA SURABAYA", "JENJANG": "SD", "STATUS": "S", "ALAMAT SEK": "Jl. KYAI SATARI NO. 27.  SURABAYA", "WILAYAH": "Timur", "KECAMATAN": "GUNUNG ANYAR", "KELURAHAN": "RUNGKUT MENANGGAL", "LATITUDE": -7.3381, "LONGITUDE": 112.7661 }, "geometry": { "type": "Point", "coordinates": [ 112.7661, -7.3381 ] } },
{ "type": "Feature", "properties": { "NPSN": 20532860, "NAMA SEKOL": "SD PUTRA WIJAYA 1 SURABAYA", "JENJANG": "SD", "STATUS": "S", "ALAMAT SEK": "Jl. BRAWIJAYA 38 SURABAYA", "WILAYAH": "Selatan", "KECAMATAN": "WONOKROMO", "KELURAHAN": "SAWUNGGALING", "LATITUDE": -7.2971, "LONGITUDE": 112.7285 }, "geometry": { "type": "Point", "coordinates": [ 112.7285, -7.2971 ] } },
{ "type": "Feature", "properties": { "NPSN": 20532861, "NAMA SEKOL": "SD PUTRA WIJAYA IV (SD KARTIKA IV-8)", "JENJANG": "SD", "STATUS": "S", "ALAMAT SEK": "Jl. BRAWIJAYA 38 SURABAYA", "WILAYAH": "Selatan", "KECAMATAN": "WONOKROMO", "KELURAHAN": "SAWUNGGALING", "LATITUDE": -7.2956, "LONGITUDE": 112.727 }, "geometry": { "type": "Point", "coordinates": [ 112.727, -7.2956 ] } },
{ "type": "Feature", "properties": { "NPSN": 20532863, "NAMA SEKOL": "SD RADEN FATAH SURABAYA", "JENJANG": "SD", "STATUS": "S", "ALAMAT SEK": "Jl. KENDUNG  NO.01 SURABAYA", "WILAYAH": "Barat", "KECAMATAN": "BENOWO", "KELURAHAN": "SEMEMI", "LATITUDE": -7.2572, "LONGITUDE": 112.6358 }, "geometry": { "type": "Point", "coordinates": [ 112.6358, -7.2572 ] } },
{ "type": "Feature", "properties": { "NPSN": 20532866, "NAMA SEKOL": "SD SHANTI SURABAYA", "JENJANG": "SD", "STATUS": "S", "ALAMAT SEK": "Jl . PENGAMPON VI/47 SURABAYA", "WILAYAH": "Utara", "KECAMATAN": "PABEAN CANTIAN", "KELURAHAN": "BONGKARAN", "LATITUDE": -7.2407, "LONGITUDE": 112.7408 }, "geometry": { "type": "Point", "coordinates": [ 112.7408, -7.2407 ] } },
{ "type": "Feature", "properties": { "NPSN": 20532867, "NAMA SEKOL": "SD KH THOHIR BAKRI SURABAYA", "JENJANG": "SD", "STATUS": "S", "ALAMAT SEK": "Jl. GUNDIH  III / 32 SURABAYA", "WILAYAH": "Pusat", "KECAMATAN": "BUBUTAN", "KELURAHAN": "GUNDIH", "LATITUDE": -7.2481, "LONGITUDE": 112.7275 }, "geometry": { "type": "Point", "coordinates": [ 112.7275, -7.2481 ] } },
{ "type": "Feature", "properties": { "NPSN": 20532868, "NAMA SEKOL": "SD TRI BHAKTI SURABAYA", "JENJANG": "SD", "STATUS": "S", "ALAMAT SEK": "Jl. DINOYO BARU No. 25 SURABAYA", "WILAYAH": "Pusat", "KECAMATAN": "TEGALSARI", "KELURAHAN": "KEPUTRAN", "LATITUDE": -7.2845, "LONGITUDE": 112.7447 }, "geometry": { "type": "Point", "coordinates": [ 112.7447, -7.2845 ] } },
{ "type": "Feature", "properties": { "NPSN": 20532869, "NAMA SEKOL": "SD TRI GUNA BHAKTI SURABAYA", "JENJANG": "SD", "STATUS": "S", "ALAMAT SEK": "Jl. KYAI TAMBAK DERES No. 34 SURABAYA", "WILAYAH": "Utara", "KECAMATAN": "BULAK", "KELURAHAN": "BULAK", "LATITUDE": -7.232654, "LONGITUDE": 112.776931 }, "geometry": { "type": "Point", "coordinates": [ 112.776931, -7.232654 ] } },
{ "type": "Feature", "properties": { "NPSN": 20532873, "NAMA SEKOL": "SD TRI TUNGGAL V SURABAYA", "JENJANG": "SD", "STATUS": "S", "ALAMAT SEK": "Jl. BANYU URIP WETAN IV/99 SURABAYA", "WILAYAH": "Selatan", "KECAMATAN": "SAWAHAN", "KELURAHAN": "PUTAT JAYA", "LATITUDE": -7.279465127, "LONGITUDE": 112.7239531 }, "geometry": { "type": "Point", "coordinates": [ 112.7239531, -7.279465127 ] } },
{ "type": "Feature", "properties": { "NPSN": 20532874, "NAMA SEKOL": "SD TRISULA SURABAYA", "JENJANG": "SD", "STATUS": "S", "ALAMAT SEK": "Jl .JOHOR No.3A SURABAYA", "WILAYAH": "Utara", "KECAMATAN": "PABEAN CANTIAN", "KELURAHAN": "TANJUNG PERAK", "LATITUDE": -7.2235, "LONGITUDE": 112.7335 }, "geometry": { "type": "Point", "coordinates": [ 112.7335, -7.2235 ] } },
{ "type": "Feature", "properties": { "NPSN": 20532875, "NAMA SEKOL": "SD TA`MIRIYAH SURABAYA", "JENJANG": "SD", "STATUS": "S", "ALAMAT SEK": "Jl. Indrapura No. 2 Surabaya", "WILAYAH": "Utara", "KECAMATAN": "KREMBANGAN", "KELURAHAN": "KREMBANGAN SELATAN", "LATITUDE": -7.243278326, "LONGITUDE": 112.7358454 }, "geometry": { "type": "Point", "coordinates": [ 112.7358454, -7.243278326 ] } },
{ "type": "Feature", "properties": { "NPSN": 20532876, "NAMA SEKOL": "SD TAQUMA SURABAYA", "JENJANG": "SD", "STATUS": "S", "ALAMAT SEK": "Jl. JEMUR NGAWINAN 54 B SURABAYA", "WILAYAH": "Selatan", "KECAMATAN": "WONOCOLO", "KELURAHAN": "JEMUR WONOSARI", "LATITUDE": -7.327388237, "LONGITUDE": 112.7344728 }, "geometry": { "type": "Point", "coordinates": [ 112.7344728, -7.327388237 ] } },
{ "type": "Feature", "properties": { "NPSN": 20532878, "NAMA SEKOL": "SD SISWA TAMA", "JENJANG": "SD", "STATUS": "S", "ALAMAT SEK": "Jl. Kupang Krajan III No. 12 Surabaya", "WILAYAH": "Selatan", "KECAMATAN": "SAWAHAN", "KELURAHAN": "KUPANG KRAJAN", "LATITUDE": -7.2733, "LONGITUDE": 112.7254 }, "geometry": { "type": "Point", "coordinates": [ 112.7254, -7.2733 ] } },
{ "type": "Feature", "properties": { "NPSN": 20532879, "NAMA SEKOL": "SD SITI AMINAH SURABAYA", "JENJANG": "SD", "STATUS": "S", "ALAMAT SEK": "Jl. GUNUNGSARI INDAH BLOK P  SURABAYA", "WILAYAH": "Selatan", "KECAMATAN": "KARANG PILANG", "KELURAHAN": "KEDURUS", "LATITUDE": -7.3156633, "LONGITUDE": 112.7032789 }, "geometry": { "type": "Point", "coordinates": [ 112.7032789, -7.3156633 ] } },
{ "type": "Feature", "properties": { "NPSN": 20532880, "NAMA SEKOL": "SD KATOLIK SANTO VINCENTIUS 1", "JENJANG": "SD", "STATUS": "S", "ALAMAT SEK": "JL. TIDAR 113 SURABAYA", "WILAYAH": "Selatan", "KECAMATAN": "SAWAHAN", "KELURAHAN": "PETEMON", "LATITUDE": -7.2575, "LONGITUDE": 112.7225 }, "geometry": { "type": "Point", "coordinates": [ 112.7225, -7.2575 ] } },
{ "type": "Feature", "properties": { "NPSN": 20532883, "NAMA SEKOL": "SD TAMAN BELAJAR SURABAYA", "JENJANG": "SD", "STATUS": "S", "ALAMAT SEK": "Jl. KEDUNG COWEK NO.220  SURABAYA", "WILAYAH": "Utara", "KECAMATAN": "KENJERAN", "KELURAHAN": "TANAH KALI KEDINDING", "LATITUDE": -7.2312, "LONGITUDE": 112.7773 }, "geometry": { "type": "Point", "coordinates": [ 112.7773, -7.2312 ] } },
{ "type": "Feature", "properties": { "NPSN": 20532884, "NAMA SEKOL": "SD TANWIR SURABAYA", "JENJANG": "SD", "STATUS": "S", "ALAMAT SEK": "Jl. SEKOLAHAN  No. 41 SURABAYA", "WILAYAH": "Barat", "KECAMATAN": "ASEM ROWO", "KELURAHAN": "ASEM ROWO", "LATITUDE": -7.2483, "LONGITUDE": 112.7121 }, "geometry": { "type": "Point", "coordinates": [ 112.7121, -7.2483 ] } },
{ "type": "Feature", "properties": { "NPSN": 20532885, "NAMA SEKOL": "SD TANWIRUL AFKAR", "JENJANG": "SD", "STATUS": "S", "ALAMAT SEK": "JL. SUMBEREJO I SURABAYA", "WILAYAH": "Barat", "KECAMATAN": "PAKAL", "KELURAHAN": "SUMBER REJO", "LATITUDE": -7.2249, "LONGITUDE": 112.6139 }, "geometry": { "type": "Point", "coordinates": [ 112.6139, -7.2249 ] } },
{ "type": "Feature", "properties": { "NPSN": 20532886, "NAMA SEKOL": "SD TUNAS BAHARI SURABAYA", "JENJANG": "SD", "STATUS": "S", "ALAMAT SEK": "Jl. MOROKREMBANGAN I/1  SURABAYA", "WILAYAH": "Utara", "KECAMATAN": "KREMBANGAN", "KELURAHAN": "MOROKREMBANGAN", "LATITUDE": -7.2302, "LONGITUDE": 112.708 }, "geometry": { "type": "Point", "coordinates": [ 112.708, -7.2302 ] } },
{ "type": "Feature", "properties": { "NPSN": 20532893, "NAMA SEKOL": "SDN DUKUH KUPANG I / 488", "JENJANG": "SD", "STATUS": "N", "ALAMAT SEK": "JL RAYA DUKUH KUPANG BARAT 31", "WILAYAH": "Selatan", "KECAMATAN": "DUKUH PAKIS", "KELURAHAN": "DUKUH KUPANG", "LATITUDE": -7.284319115, "LONGITUDE": 112.7075721 }, "geometry": { "type": "Point", "coordinates": [ 112.7075721, -7.284319115 ] } },
{ "type": "Feature", "properties": { "NPSN": 20532894, "NAMA SEKOL": "SDN DUKUH KUPANG II-489", "JENJANG": "SD", "STATUS": "N", "ALAMAT SEK": "JL. DUKUH KUPANG XI/31", "WILAYAH": "Selatan", "KECAMATAN": "DUKUH PAKIS", "KELURAHAN": "DUKUH KUPANG", "LATITUDE": -7.279615638, "LONGITUDE": 112.7147891 }, "geometry": { "type": "Point", "coordinates": [ 112.7147891, -7.279615638 ] } },
{ "type": "Feature", "properties": { "NPSN": 20532895, "NAMA SEKOL": "SDN DUKUH KUPANG  III/490", "JENJANG": "SD", "STATUS": "N", "ALAMAT SEK": "JL. KUPANG INDAH VII/42 - 44", "WILAYAH": "Selatan", "KECAMATAN": "DUKUH PAKIS", "KELURAHAN": "DUKUH KUPANG", "LATITUDE": -7.279798065, "LONGITUDE": 112.7040692 }, "geometry": { "type": "Point", "coordinates": [ 112.7040692, -7.279798065 ] } },
{ "type": "Feature", "properties": { "NPSN": 20532897, "NAMA SEKOL": "SDN DUKUH KUPANG  V-534", "JENJANG": "SD", "STATUS": "N", "ALAMAT SEK": "JL. DUKUH KUPANG XXV", "WILAYAH": "Selatan", "KECAMATAN": "DUKUH PAKIS", "KELURAHAN": "DUKUH KUPANG", "LATITUDE": -7.282921702, "LONGITUDE": 112.7121335 }, "geometry": { "type": "Point", "coordinates": [ 112.7121335, -7.282921702 ] } },
{ "type": "Feature", "properties": { "NPSN": 20532899, "NAMA SEKOL": "SDN DR SUTOMO V/327", "JENJANG": "SD", "STATUS": "N", "ALAMAT SEK": "JL. TRUNOJOYO 84", "WILAYAH": "Pusat", "KECAMATAN": "TEGALSARI", "KELURAHAN": "DR. SOETOMO", "LATITUDE": -7.285826351, "LONGITUDE": 112.7350575 }, "geometry": { "type": "Point", "coordinates": [ 112.7350575, -7.285826351 ] } },
{ "type": "Feature", "properties": { "NPSN": 20532900, "NAMA SEKOL": "SDN DR SUTOMO IX", "JENJANG": "SD", "STATUS": "N", "ALAMAT SEK": "JL. GRUDO V/10-B", "WILAYAH": "Pusat", "KECAMATAN": "TEGALSARI", "KELURAHAN": "DR. SOETOMO", "LATITUDE": -7.27813252, "LONGITUDE": 112.7363767 }, "geometry": { "type": "Point", "coordinates": [ 112.7363767, -7.27813252 ] } },
{ "type": "Feature", "properties": { "NPSN": 20532903, "NAMA SEKOL": "SDN BULAK BANTENG I /263", "JENJANG": "SD", "STATUS": "N", "ALAMAT SEK": "JL BULAK BANTENG LOR II/25", "WILAYAH": "Utara", "KECAMATAN": "KENJERAN", "KELURAHAN": "BULAK BANTENG", "LATITUDE": -7.212469369, "LONGITUDE": 112.7622272 }, "geometry": { "type": "Point", "coordinates": [ 112.7622272, -7.212469369 ] } },
{ "type": "Feature", "properties": { "NPSN": 20532905, "NAMA SEKOL": "SDN BULAK RUKEM I No. 258", "JENJANG": "SD", "STATUS": "N", "ALAMAT SEK": "Jl. Bulak Rukem Timur II/2", "WILAYAH": "Utara", "KECAMATAN": "BULAK", "KELURAHAN": "BULAK", "LATITUDE": -7.233072356, "LONGITUDE": 112.7735089 }, "geometry": { "type": "Point", "coordinates": [ 112.7735089, -7.233072356 ] } },
{ "type": "Feature", "properties": { "NPSN": 20532913, "NAMA SEKOL": "SDN GADEL II /577", "JENJANG": "SD", "STATUS": "N", "ALAMAT SEK": "JL GADELSARI MADYA SDN", "WILAYAH": "Barat", "KECAMATAN": "TANDES", "KELURAHAN": "KARANG POH", "LATITUDE": -7.271272129, "LONGITUDE": 112.6742725 }, "geometry": { "type": "Point", "coordinates": [ 112.6742725, -7.271272129 ] } },
{ "type": "Feature", "properties": { "NPSN": 20532914, "NAMA SEKOL": "SDN GADING I", "JENJANG": "SD", "STATUS": "N", "ALAMAT SEK": "Jl. Kenjeran 293", "WILAYAH": "Timur", "KECAMATAN": "TAMBAKSARI", "KELURAHAN": "GADING", "LATITUDE": -7.245297558, "LONGITUDE": 112.7695573 }, "geometry": { "type": "Point", "coordinates": [ 112.7695573, -7.245297558 ] } },
{ "type": "Feature", "properties": { "NPSN": 20532916, "NAMA SEKOL": "SDN GADING III", "JENJANG": "SD", "STATUS": "N", "ALAMAT SEK": "Jl.Gading Karya I", "WILAYAH": "Timur", "KECAMATAN": "TAMBAKSARI", "KELURAHAN": "GADING", "LATITUDE": -7.239800883, "LONGITUDE": 112.7718882 }, "geometry": { "type": "Point", "coordinates": [ 112.7718882, -7.239800883 ] } },
{ "type": "Feature", "properties": { "NPSN": 20532917, "NAMA SEKOL": "SDN GADING IV", "JENJANG": "SD", "STATUS": "N", "ALAMAT SEK": "Jl. Gading Karya I", "WILAYAH": "Timur", "KECAMATAN": "TAMBAKSARI", "KELURAHAN": "GADING", "LATITUDE": -7.242242901, "LONGITUDE": 112.7712582 }, "geometry": { "type": "Point", "coordinates": [ 112.7712582, -7.242242901 ] } },
{ "type": "Feature", "properties": { "NPSN": 20532923, "NAMA SEKOL": "SDN DUKUH MENANGGAL I/424", "JENJANG": "SD", "STATUS": "N", "ALAMAT SEK": "JL. DUKUH MENANGGAL I/3-7", "WILAYAH": "Selatan", "KECAMATAN": "GAYUNGAN", "KELURAHAN": "DUKUH MENANGGAL", "LATITUDE": -7.344281344, "LONGITUDE": 112.7269564 }, "geometry": { "type": "Point", "coordinates": [ 112.7269564, -7.344281344 ] } },
{ "type": "Feature", "properties": { "NPSN": 20532927, "NAMA SEKOL": "SDN DUKUH PAKIS I-486", "JENJANG": "SD", "STATUS": "N", "ALAMAT SEK": "JL. DUKUH PAKIS 69", "WILAYAH": "Selatan", "KECAMATAN": "DUKUH PAKIS", "KELURAHAN": "DUKUH PAKIS", "LATITUDE": -7.293930887, "LONGITUDE": 112.711288 }, "geometry": { "type": "Point", "coordinates": [ 112.711288, -7.293930887 ] } },
{ "type": "Feature", "properties": { "NPSN": 20532929, "NAMA SEKOL": "SDN DUPAK I", "JENJANG": "SD", "STATUS": "N", "ALAMAT SEK": "JL. ALUN-ALUN BANGUNSARI BARAT NO. 2", "WILAYAH": "Utara", "KECAMATAN": "KREMBANGAN", "KELURAHAN": "DUPAK", "LATITUDE": -7.23947105, "LONGITUDE": 112.7166098 }, "geometry": { "type": "Point", "coordinates": [ 112.7166098, -7.23947105 ] } },
{ "type": "Feature", "properties": { "NPSN": 20532930, "NAMA SEKOL": "SDN GADING V", "JENJANG": "SD", "STATUS": "N", "ALAMAT SEK": "Jl. Kapas Baru IV / 1", "WILAYAH": "Timur", "KECAMATAN": "TAMBAKSARI", "KELURAHAN": "KAPASMADYA BARU", "LATITUDE": -7.240843616, "LONGITUDE": 112.7627149 }, "geometry": { "type": "Point", "coordinates": [ 112.7627149, -7.240843616 ] } },
{ "type": "Feature", "properties": { "NPSN": 20532931, "NAMA SEKOL": "SDN BUBUTAN VIII - 76", "JENJANG": "SD", "STATUS": "N", "ALAMAT SEK": "JL. KRANGGAN IV NO. 5-7", "WILAYAH": "Pusat", "KECAMATAN": "BUBUTAN", "KELURAHAN": "BUBUTAN", "LATITUDE": -7.255854046, "LONGITUDE": 112.7311302 }, "geometry": { "type": "Point", "coordinates": [ 112.7311302, -7.255854046 ] } },
{ "type": "Feature", "properties": { "NPSN": 20532932, "NAMA SEKOL": "SDN ASEMROWO", "JENJANG": "SD", "STATUS": "N", "ALAMAT SEK": "Jl. Asem Raya No. 6", "WILAYAH": "Barat", "KECAMATAN": "ASEM ROWO", "KELURAHAN": "ASEM ROWO", "LATITUDE": -7.251979423, "LONGITUDE": 112.7146143 }, "geometry": { "type": "Point", "coordinates": [ 112.7146143, -7.251979423 ] } },
{ "type": "Feature", "properties": { "NPSN": 20532934, "NAMA SEKOL": "SDN BALONGSARI I/500", "JENJANG": "SD", "STATUS": "N", "ALAMAT SEK": "JL. BALONGSARI TAMA BARAT", "WILAYAH": "Barat", "KECAMATAN": "TANDES", "KELURAHAN": "BALONGSARI", "LATITUDE": -7.262194993, "LONGITUDE": 112.6768707 }, "geometry": { "type": "Point", "coordinates": [ 112.6768707, -7.262194993 ] } },
{ "type": "Feature", "properties": { "NPSN": 20532936, "NAMA SEKOL": "SDN BANJAR SUGIHAN I/116", "JENJANG": "SD", "STATUS": "N", "ALAMAT SEK": "JL. RAYA BANJAR SUGIHAN NO. 22", "WILAYAH": "Barat", "KECAMATAN": "TANDES", "KELURAHAN": "BANJAR SUGIHAN", "LATITUDE": -7.253888928, "LONGITUDE": 112.6571118 }, "geometry": { "type": "Point", "coordinates": [ 112.6571118, -7.253888928 ] } },
{ "type": "Feature", "properties": { "NPSN": 20532938, "NAMA SEKOL": "SDN BANJARSUGIHAN V/617", "JENJANG": "SD", "STATUS": "N", "ALAMAT SEK": "JL. MANUKAN LOR IVB", "WILAYAH": "Barat", "KECAMATAN": "TANDES", "KELURAHAN": "BANJAR SUGIHAN", "LATITUDE": -7.259294515, "LONGITUDE": 112.6622495 }, "geometry": { "type": "Point", "coordinates": [ 112.6622495, -7.259294515 ] } },
{ "type": "Feature", "properties": { "NPSN": 20532940, "NAMA SEKOL": "SDN BANYU URIP II / 363", "JENJANG": "SD", "STATUS": "N", "ALAMAT SEK": "JL GIRILAYA VII / 48", "WILAYAH": "Selatan", "KECAMATAN": "SAWAHAN", "KELURAHAN": "BANYU URIP", "LATITUDE": -7.276830674, "LONGITUDE": 112.7230644 }, "geometry": { "type": "Point", "coordinates": [ 112.7230644, -7.276830674 ] } },
{ "type": "Feature", "properties": { "NPSN": 20532941, "NAMA SEKOL": "SDN BALAS KLUMPRIK I/434", "JENJANG": "SD", "STATUS": "N", "ALAMAT SEK": "JL BALAS KLUMPRIK  125", "WILAYAH": "Selatan", "KECAMATAN": "WIYUNG", "KELURAHAN": "BALAS KLUMPRIK", "LATITUDE": -7.331450248, "LONGITUDE": 112.6861519 }, "geometry": { "type": "Point", "coordinates": [ 112.6861519, -7.331450248 ] } },
{ "type": "Feature", "properties": { "NPSN": 20532943, "NAMA SEKOL": "SDN BABATAN IV/459", "JENJANG": "SD", "STATUS": "N", "ALAMAT SEK": "JL RAYA MENGANTI BABATAN NO.17", "WILAYAH": "Selatan", "KECAMATAN": "WIYUNG", "KELURAHAN": "BABATAN", "LATITUDE": -7.309840179, "LONGITUDE": 112.6763468 }, "geometry": { "type": "Point", "coordinates": [ 112.6763468, -7.309840179 ] } },
{ "type": "Feature", "properties": { "NPSN": 20532944, "NAMA SEKOL": "SDN ASEMROWO II / 63", "JENJANG": "SD", "STATUS": "N", "ALAMAT SEK": "Jl. Dupak Rukun (Pasar Loak)", "WILAYAH": "Barat", "KECAMATAN": "ASEM ROWO", "KELURAHAN": "ASEM ROWO", "LATITUDE": -7.247502551, "LONGITUDE": 112.7130652 }, "geometry": { "type": "Point", "coordinates": [ 112.7130652, -7.247502551 ] } },
{ "type": "Feature", "properties": { "NPSN": 20532948, "NAMA SEKOL": "SDN BABAT JERAWAT I", "JENJANG": "SD", "STATUS": "N", "ALAMAT SEK": "JL.RAYA BABAT JERAWAT NO. 01", "WILAYAH": "Barat", "KECAMATAN": "PAKAL", "KELURAHAN": "BABAT JERAWAT", "LATITUDE": -7.240095679, "LONGITUDE": 112.6250754 }, "geometry": { "type": "Point", "coordinates": [ 112.6250754, -7.240095679 ] } },
{ "type": "Feature", "properties": { "NPSN": 20532949, "NAMA SEKOL": "SDN BABAT JERAWAT II/ 498", "JENJANG": "SD", "STATUS": "N", "ALAMAT SEK": "JALAN DUKUH JERAWAT NO 10", "WILAYAH": "Barat", "KECAMATAN": "PAKAL", "KELURAHAN": "BABAT JERAWAT", "LATITUDE": -7.246623296, "LONGITUDE": 112.6289707 }, "geometry": { "type": "Point", "coordinates": [ 112.6289707, -7.246623296 ] } },
{ "type": "Feature", "properties": { "NPSN": 20532950, "NAMA SEKOL": "SDN BABATAN I/456", "JENJANG": "SD", "STATUS": "N", "ALAMAT SEK": "JL MENGANTI KARANGAN NO. 14 - 16", "WILAYAH": "Selatan", "KECAMATAN": "WIYUNG", "KELURAHAN": "BABATAN", "LATITUDE": -7.311830947, "LONGITUDE": 112.6840608 }, "geometry": { "type": "Point", "coordinates": [ 112.6840608, -7.311830947 ] } },
{ "type": "Feature", "properties": { "NPSN": 20532952, "NAMA SEKOL": "SDN BANYU URIP III/364", "JENJANG": "SD", "STATUS": "N", "ALAMAT SEK": "JL BANYU URIP KIDUL IV /17", "WILAYAH": "Selatan", "KECAMATAN": "SAWAHAN", "KELURAHAN": "BANYU URIP", "LATITUDE": -7.272859, "LONGITUDE": 112.7214739 }, "geometry": { "type": "Point", "coordinates": [ 112.7214739, -7.272859 ] } },
{ "type": "Feature", "properties": { "NPSN": 20532954, "NAMA SEKOL": "SDN BERINGIN 477", "JENJANG": "SD", "STATUS": "N", "ALAMAT SEK": "JL. BERINGIN SEKOLAHAN 1", "WILAYAH": "Barat", "KECAMATAN": "SAMBIKEREP", "KELURAHAN": "BERINGIN", "LATITUDE": -7.260191342, "LONGITUDE": 112.6465079 }, "geometry": { "type": "Point", "coordinates": [ 112.6465079, -7.260191342 ] } },
{ "type": "Feature", "properties": { "NPSN": 20532955, "NAMA SEKOL": "SDN BIBIS 113", "JENJANG": "SD", "STATUS": "N", "ALAMAT SEK": "Jl. Raya Bibis No. 29", "WILAYAH": "Barat", "KECAMATAN": "TANDES", "KELURAHAN": "MANUKAN WETAN", "LATITUDE": -7.258238505, "LONGITUDE": 112.6746774 }, "geometry": { "type": "Point", "coordinates": [ 112.6746774, -7.258238505 ] } },
{ "type": "Feature", "properties": { "NPSN": 20532956, "NAMA SEKOL": "SDN BUBUTAN II", "JENJANG": "SD", "STATUS": "N", "ALAMAT SEK": "Jl. Koblen Tengah No. 21", "WILAYAH": "Pusat", "KECAMATAN": "BUBUTAN", "KELURAHAN": "BUBUTAN", "LATITUDE": -7.252017981, "LONGITUDE": 112.7339308 }, "geometry": { "type": "Point", "coordinates": [ 112.7339308, -7.252017981 ] } },
{ "type": "Feature", "properties": { "NPSN": 20532957, "NAMA SEKOL": "SDN BUBUTAN III /71", "JENJANG": "SD", "STATUS": "N", "ALAMAT SEK": "Jl. Koblen Kidul 6", "WILAYAH": "Pusat", "KECAMATAN": "BUBUTAN", "KELURAHAN": "BUBUTAN", "LATITUDE": -7.254252948, "LONGITUDE": 112.7338039 }, "geometry": { "type": "Point", "coordinates": [ 112.7338039, -7.254252948 ] } },
{ "type": "Feature", "properties": { "NPSN": 20532958, "NAMA SEKOL": "SDN BUBUTAN IV", "JENJANG": "SD", "STATUS": "N", "ALAMAT SEK": "Jl. SEMARANG NO 90 SURABAYA", "WILAYAH": "Pusat", "KECAMATAN": "BUBUTAN", "KELURAHAN": "BUBUTAN", "LATITUDE": -7.251724174, "LONGITUDE": 112.7296815 }, "geometry": { "type": "Point", "coordinates": [ 112.7296815, -7.251724174 ] } },
{ "type": "Feature", "properties": { "NPSN": 20532963, "NAMA SEKOL": "SDN BENOWO III/126", "JENJANG": "SD", "STATUS": "N", "ALAMAT SEK": "JL.LAPANGAN BENOWO", "WILAYAH": "Barat", "KECAMATAN": "PAKAL", "KELURAHAN": "BENOWO", "LATITUDE": -7.23835, "LONGITUDE": 112.60991 }, "geometry": { "type": "Point", "coordinates": [ 112.60991, -7.23835 ] } },
{ "type": "Feature", "properties": { "NPSN": 20532965, "NAMA SEKOL": "SDN BANYU URIP IX /563", "JENJANG": "SD", "STATUS": "N", "ALAMAT SEK": "JL GIRILAYA 3", "WILAYAH": "Selatan", "KECAMATAN": "SAWAHAN", "KELURAHAN": "BANYU URIP", "LATITUDE": -7.27552381, "LONGITUDE": 112.7259433 }, "geometry": { "type": "Point", "coordinates": [ 112.7259433, -7.27552381 ] } },
{ "type": "Feature", "properties": { "NPSN": 20532967, "NAMA SEKOL": "SDN BANYU URIP VI /367", "JENJANG": "SD", "STATUS": "N", "ALAMAT SEK": "JLSIMO KATRUNGAN KIDUL V /2", "WILAYAH": "Selatan", "KECAMATAN": "SAWAHAN", "KELURAHAN": "BANYU URIP", "LATITUDE": -7.2704, "LONGITUDE": 112.7141 }, "geometry": { "type": "Point", "coordinates": [ 112.7141, -7.2704 ] } },
{ "type": "Feature", "properties": { "NPSN": 20532970, "NAMA SEKOL": "SDN BANYU URIP X/584", "JENJANG": "SD", "STATUS": "N", "ALAMAT SEK": "JL. SIMO KWAGEAN BUNTU KIDUL NO. 19", "WILAYAH": "Selatan", "KECAMATAN": "SAWAHAN", "KELURAHAN": "BANYU URIP", "LATITUDE": -7.270409, "LONGITUDE": 112.715573 }, "geometry": { "type": "Point", "coordinates": [ 112.715573, -7.270409 ] } },
{ "type": "Feature", "properties": { "NPSN": 20532971, "NAMA SEKOL": "SDN BENDUL MERISI 408", "JENJANG": "SD", "STATUS": "N", "ALAMAT SEK": "JL. BENDULMERISI Gg.Besar Timur 35", "WILAYAH": "Selatan", "KECAMATAN": "WONOCOLO", "KELURAHAN": "BENDUL MERISI", "LATITUDE": -7.310519489, "LONGITUDE": 112.7416516 }, "geometry": { "type": "Point", "coordinates": [ 112.7416516, -7.310519489 ] } },
{ "type": "Feature", "properties": { "NPSN": 20532972, "NAMA SEKOL": "SDN BENOWO I", "JENJANG": "SD", "STATUS": "N", "ALAMAT SEK": "JL. RAYA BENOWO 71", "WILAYAH": "Barat", "KECAMATAN": "PAKAL", "KELURAHAN": "BENOWO", "LATITUDE": -7.235668573, "LONGITUDE": 112.6092746 }, "geometry": { "type": "Point", "coordinates": [ 112.6092746, -7.235668573 ] } },
{ "type": "Feature", "properties": { "NPSN": 20532974, "NAMA SEKOL": "SD PRAJA MUKTI SURABAYA", "JENJANG": "SD", "STATUS": "S", "ALAMAT SEK": "Jl. WONOREJO IV  No.45", "WILAYAH": "Pusat", "KECAMATAN": "TEGALSARI", "KELURAHAN": "WONOREJO", "LATITUDE": -7.277, "LONGITUDE": 112.7327 }, "geometry": { "type": "Point", "coordinates": [ 112.7327, -7.277 ] } },
{ "type": "Feature", "properties": { "NPSN": 20532975, "NAMA SEKOL": "SD ISLAM MARYAM SURABAYA", "JENJANG": "SD", "STATUS": "S", "ALAMAT SEK": "Jl. MANYAR SAMBONGAN 119  SURABAYA", "WILAYAH": "Timur", "KECAMATAN": "GUBENG", "KELURAHAN": "KERTAJAYA", "LATITUDE": -7.2799, "LONGITUDE": 112.7512 }, "geometry": { "type": "Point", "coordinates": [ 112.7512, -7.2799 ] } },
{ "type": "Feature", "properties": { "NPSN": 20532976, "NAMA SEKOL": "SD  SANTA MARIA SURABAYA", "JENJANG": "SD", "STATUS": "S", "ALAMAT SEK": "Jl. TUMAPEL NO. 10 SURABAYA", "WILAYAH": "Pusat", "KECAMATAN": "TEGALSARI", "KELURAHAN": "KEPUTRAN", "LATITUDE": -7.28484, "LONGITUDE": 112.74087 }, "geometry": { "type": "Point", "coordinates": [ 112.74087, -7.28484 ] } },
{ "type": "Feature", "properties": { "NPSN": 20532977, "NAMA SEKOL": "SDK SANTA THERESIA", "JENJANG": "SD", "STATUS": "S", "ALAMAT SEK": "JL. RESIDEN SUDIRMAN 5 SURABAYA", "WILAYAH": "Timur", "KECAMATAN": "TAMBAKSARI", "KELURAHAN": "PACARKELING", "LATITUDE": -7.256199548, "LONGITUDE": 112.7543403 }, "geometry": { "type": "Point", "coordinates": [ 112.7543403, -7.256199548 ] } },
{ "type": "Feature", "properties": { "NPSN": 20532978, "NAMA SEKOL": "SD KATOLIK SANTA THERESIA II SURABAYA", "JENJANG": "SD", "STATUS": "S", "ALAMAT SEK": "Jl. KALIJUDAN 25-33 SURABAYA", "WILAYAH": "Timur", "KECAMATAN": "TAMBAKSARI", "KELURAHAN": "PACARKEMBANG", "LATITUDE": -7.2625, "LONGITUDE": 112.7741 }, "geometry": { "type": "Point", "coordinates": [ 112.7741, -7.2625 ] } },
{ "type": "Feature", "properties": { "NPSN": 20532980, "NAMA SEKOL": "SD KATOLIK SANTO YUSUP SURABAYA", "JENJANG": "SD", "STATUS": "S", "ALAMAT SEK": "JL. KEBRAON WIDYA I  SURABAYA", "WILAYAH": "Selatan", "KECAMATAN": "KARANG PILANG", "KELURAHAN": "KEBRAON", "LATITUDE": -7.3282266, "LONGITUDE": 112.6928469 }, "geometry": { "type": "Point", "coordinates": [ 112.6928469, -7.3282266 ] } },
{ "type": "Feature", "properties": { "NPSN": 20532981, "NAMA SEKOL": "SDK ST ALOYSIUS SURABAYA", "JENJANG": "SD", "STATUS": "S", "ALAMAT SEK": "Jl. Gatotan 26 Surabaya", "WILAYAH": "Utara", "KECAMATAN": "KREMBANGAN", "KELURAHAN": "KREMBANGAN SELATAN", "LATITUDE": -7.24, "LONGITUDE": 112.7355 }, "geometry": { "type": "Point", "coordinates": [ 112.7355, -7.24 ] } },
{ "type": "Feature", "properties": { "NPSN": 20532982, "NAMA SEKOL": "SDK SANTO  MIKAEL SURABAYA", "JENJANG": "SD", "STATUS": "S", "ALAMAT SEK": "Jl. TANJUNG SADARI NO. 49  SURABAYA", "WILAYAH": "Utara", "KECAMATAN": "KREMBANGAN", "KELURAHAN": "PERAK BARAT", "LATITUDE": -7.225, "LONGITUDE": 112.7233 }, "geometry": { "type": "Point", "coordinates": [ 112.7233, -7.225 ] } },
{ "type": "Feature", "properties": { "NPSN": 20532983, "NAMA SEKOL": "SD KRISTEN YBPK SURABAYA", "JENJANG": "SD", "STATUS": "S", "ALAMAT SEK": "Jl. LUNTAS NO.33 SURABAYA", "WILAYAH": "Timur", "KECAMATAN": "TAMBAKSARI", "KELURAHAN": "PACARKELING", "LATITUDE": -7.264423737, "LONGITUDE": 112.7557398 }, "geometry": { "type": "Point", "coordinates": [ 112.7557398, -7.264423737 ] } },
{ "type": "Feature", "properties": { "NPSN": 20532984, "NAMA SEKOL": "SD KATOLIK  SANTA CLARA SURABAYA", "JENJANG": "SD", "STATUS": "S", "ALAMAT SEK": "Jl. NGAGEL MADYA NO. 1  SURABAYA", "WILAYAH": "Timur", "KECAMATAN": "GUBENG", "KELURAHAN": "BARATAJAYA", "LATITUDE": -7.2878, "LONGITUDE": 112.7604 }, "geometry": { "type": "Point", "coordinates": [ 112.7604, -7.2878 ] } },
{ "type": "Feature", "properties": { "NPSN": 20532986, "NAMA SEKOL": "SD ISTIQBAL", "JENJANG": "SD", "STATUS": "S", "ALAMAT SEK": "JL. NGAGEL REJO II / 27 SURABAYA", "WILAYAH": "Selatan", "KECAMATAN": "WONOKROMO", "KELURAHAN": "NGAGEL REJO", "LATITUDE": -7.2954, "LONGITUDE": 112.7465 }, "geometry": { "type": "Point", "coordinates": [ 112.7465, -7.2954 ] } },
{ "type": "Feature", "properties": { "NPSN": 20532987, "NAMA SEKOL": "SD ISLAM TERPADU GHILMANI", "JENJANG": "SD", "STATUS": "S", "ALAMAT SEK": "Jl. KETINTANG BARAT I/27  SURABAYA", "WILAYAH": "Selatan", "KECAMATAN": "GAYUNGAN", "KELURAHAN": "KETINTANG", "LATITUDE": -7.3106, "LONGITUDE": 112.7227 }, "geometry": { "type": "Point", "coordinates": [ 112.7227, -7.3106 ] } },
{ "type": "Feature", "properties": { "NPSN": 20532989, "NAMA SEKOL": "SD ISLAM RADEN PAKU SURABAYA", "JENJANG": "SD", "STATUS": "S", "ALAMAT SEK": "Jl. KLAMPIS NGASEM 88 A SURABAYA", "WILAYAH": "Timur", "KECAMATAN": "SUKOLILO", "KELURAHAN": "KLAMPIS NGASEM", "LATITUDE": -7.2826, "LONGITUDE": 112.7756 }, "geometry": { "type": "Point", "coordinates": [ 112.7756, -7.2826 ] } },
{ "type": "Feature", "properties": { "NPSN": 20532990, "NAMA SEKOL": "SD ISLAM RADEN PATAH SURABAYA", "JENJANG": "SD", "STATUS": "S", "ALAMAT SEK": "Jl. SEMOLOWARU UTARA II NO. 16-20 SURABAYA", "WILAYAH": "Timur", "KECAMATAN": "SUKOLILO", "KELURAHAN": "SEMOLOWARU", "LATITUDE": -7.2988, "LONGITUDE": 112.7751 }, "geometry": { "type": "Point", "coordinates": [ 112.7751, -7.2988 ] } },
{ "type": "Feature", "properties": { "NPSN": 20532991, "NAMA SEKOL": "SD ISLAM SAROJA", "JENJANG": "SD", "STATUS": "S", "ALAMAT SEK": "JL. KUTISARI UTARA I/15", "WILAYAH": "Timur", "KECAMATAN": "TENGGILIS MEJOYO", "KELURAHAN": "KUTISARI", "LATITUDE": -7.3314, "LONGITUDE": 112.7472 }, "geometry": { "type": "Point", "coordinates": [ 112.7472, -7.3314 ] } },
{ "type": "Feature", "properties": { "NPSN": 20532992, "NAMA SEKOL": "SD ISLAM TARBIYATUL ATHFAL SURABAYA", "JENJANG": "SD", "STATUS": "S", "ALAMAT SEK": "Jl. MEJOYO I / 2 KALIRUNGKUT  SURABAYA", "WILAYAH": "Timur", "KECAMATAN": "RUNGKUT", "KELURAHAN": "KALIRUNGKUT", "LATITUDE": -7.3193, "LONGITUDE": 112.769 }, "geometry": { "type": "Point", "coordinates": [ 112.769, -7.3193 ] } },
{ "type": "Feature", "properties": { "NPSN": 20532993, "NAMA SEKOL": "SDIT AL USWAH SURABAYA", "JENJANG": "SD", "STATUS": "S", "ALAMAT SEK": "Jl. KEJAWAN GEBANG NO. 6 SURABAYA", "WILAYAH": "Timur", "KECAMATAN": "SUKOLILO", "KELURAHAN": "GEBANG PUTIH", "LATITUDE": -7.286942595, "LONGITUDE": 112.8011893 }, "geometry": { "type": "Point", "coordinates": [ 112.8011893, -7.286942595 ] } },
{ "type": "Feature", "properties": { "NPSN": 20532994, "NAMA SEKOL": "SD ISLAM WACHID HASYIM SURABAYA", "JENJANG": "SD", "STATUS": "S", "ALAMAT SEK": "Jl. RAYA RUNGKUT KIDUL 26 SURABAYA", "WILAYAH": "Timur", "KECAMATAN": "RUNGKUT", "KELURAHAN": "RUNGKUT KIDUL", "LATITUDE": -7.329, "LONGITUDE": 112.7686 }, "geometry": { "type": "Point", "coordinates": [ 112.7686, -7.329 ] } },
{ "type": "Feature", "properties": { "NPSN": 20532995, "NAMA SEKOL": "SDK YOHANNES GABRIEL", "JENJANG": "SD", "STATUS": "S", "ALAMAT SEK": "JL. RESIDEN SUDIRMAN NO. 1 SURABAYA", "WILAYAH": "Timur", "KECAMATAN": "TAMBAKSARI", "KELURAHAN": "TAMBAKSARI", "LATITUDE": -7.2556, "LONGITUDE": 112.7542 }, "geometry": { "type": "Point", "coordinates": [ 112.7542, -7.2556 ] } },
{ "type": "Feature", "properties": { "NPSN": 20532997, "NAMA SEKOL": "SD KARTIKA", "JENJANG": "SD", "STATUS": "S", "ALAMAT SEK": "Jl. SIMO GUNUNG KRAMAT BARAT NO. 42 SURABAYA", "WILAYAH": "Selatan", "KECAMATAN": "SAWAHAN", "KELURAHAN": "BANYU URIP", "LATITUDE": -7.2716, "LONGITUDE": 112.7151 }, "geometry": { "type": "Point", "coordinates": [ 112.7151, -7.2716 ] } },
{ "type": "Feature", "properties": { "NPSN": 20533002, "NAMA SEKOL": "SD KARYA TUNGGAL SURABAYA", "JENJANG": "SD", "STATUS": "S", "ALAMAT SEK": "Jl. TENGGUMUNG KARYA LOR GG BUNTU II/1 SURABAYA", "WILAYAH": "Utara", "KECAMATAN": "SEMAMPIR", "KELURAHAN": "WONOKUSUMO", "LATITUDE": -7.2153, "LONGITUDE": 112.7535 }, "geometry": { "type": "Point", "coordinates": [ 112.7535, -7.2153 ] } },
{ "type": "Feature", "properties": { "NPSN": 20533003, "NAMA SEKOL": "SD KATOLIK KATARINA", "JENJANG": "SD", "STATUS": "S", "ALAMAT SEK": "JL. MOJOPAHIT 38 SURABAYA", "WILAYAH": "Pusat", "KECAMATAN": "TEGALSARI", "KELURAHAN": "KEPUTRAN", "LATITUDE": -7.2816997, "LONGITUDE": 112.737403 }, "geometry": { "type": "Point", "coordinates": [ 112.737403, -7.2816997 ] } },
{ "type": "Feature", "properties": { "NPSN": 20533004, "NAMA SEKOL": "SD KATOLIK SANTA  ANGELA", "JENJANG": "SD", "STATUS": "S", "ALAMAT SEK": "Jl. KEPANJEN NO.5  SURABAYA", "WILAYAH": "Utara", "KECAMATAN": "KREMBANGAN", "KELURAHAN": "KREMBANGAN SELATAN", "LATITUDE": -7.2428, "LONGITUDE": 112.7366 }, "geometry": { "type": "Point", "coordinates": [ 112.7366, -7.2428 ] } },
{ "type": "Feature", "properties": { "NPSN": 20533005, "NAMA SEKOL": "SD KATOLIK INDRIYASANA VII SURABAYA", "JENJANG": "SD", "STATUS": "S", "ALAMAT SEK": "Jl. DUKUH KUPANG XXXI/ 46-48 SURABAYA", "WILAYAH": "Selatan", "KECAMATAN": "DUKUH PAKIS", "KELURAHAN": "DUKUH KUPANG", "LATITUDE": -7.2848, "LONGITUDE": 112.7119 }, "geometry": { "type": "Point", "coordinates": [ 112.7119, -7.2848 ] } },
{ "type": "Feature", "properties": { "NPSN": 20533006, "NAMA SEKOL": "SD KATOLIK KARITAS III", "JENJANG": "SD", "STATUS": "S", "ALAMAT SEK": "JL. SIMPANG DARMO PERMAI UTARA VII / 11 SURABAYA", "WILAYAH": "Selatan", "KECAMATAN": "DUKUH PAKIS", "KELURAHAN": "PRADAH KALIKENDAL", "LATITUDE": -7.2789, "LONGITUDE": 112.6851 }, "geometry": { "type": "Point", "coordinates": [ 112.6851, -7.2789 ] } },
{ "type": "Feature", "properties": { "NPSN": 20533007, "NAMA SEKOL": "SD KARTIKA NASIONAL PLUS", "JENJANG": "SD", "STATUS": "S", "ALAMAT SEK": "JL. RAYA PANJANG JIWO PERMAI NO. 6 SU", "WILAYAH": "Timur", "KECAMATAN": "TENGGILIS MEJOYO", "KELURAHAN": "PANJANG JIWO", "LATITUDE": -7.3307, "LONGITUDE": 112.7471 }, "geometry": { "type": "Point", "coordinates": [ 112.7471, -7.3307 ] } },
{ "type": "Feature", "properties": { "NPSN": 20533008, "NAMA SEKOL": "SD KARITAS V SURABAYA", "JENJANG": "SD", "STATUS": "S", "ALAMAT SEK": "Jl. DARMO INDAH BARAT I/C-6 SURABAYA", "WILAYAH": "Barat", "KECAMATAN": "TANDES", "KELURAHAN": "TANDES", "LATITUDE": -7.2617, "LONGITUDE": 112.6832 }, "geometry": { "type": "Point", "coordinates": [ 112.6832, -7.2617 ] } },
{ "type": "Feature", "properties": { "NPSN": 20533009, "NAMA SEKOL": "SD KATOLIK KARITAS II", "JENJANG": "SD", "STATUS": "S", "ALAMAT SEK": "JL. JELIDRO 17 SURABAYA", "WILAYAH": "Barat", "KECAMATAN": "SAMBIKEREP", "KELURAHAN": "SAMBIKEREP", "LATITUDE": -7.266937553, "LONGITUDE": 112.6619956 }, "geometry": { "type": "Point", "coordinates": [ 112.6619956, -7.266937553 ] } },
{ "type": "Feature", "properties": { "NPSN": 20533011, "NAMA SEKOL": "SD Kr. PETRA 11 SURABAYA", "JENJANG": "SD", "STATUS": "S", "ALAMAT SEK": "Jl. DUKUH KUPANG TIMUR XII/2 SURABAYA", "WILAYAH": "Selatan", "KECAMATAN": "SAWAHAN", "KELURAHAN": "PAKIS", "LATITUDE": -7.2838, "LONGITUDE": 112.7211 }, "geometry": { "type": "Point", "coordinates": [ 112.7211, -7.2838 ] } },
{ "type": "Feature", "properties": { "NPSN": 20533013, "NAMA SEKOL": "SD K. PETRA 9 SURABAYA", "JENJANG": "SD", "STATUS": "S", "ALAMAT SEK": "Jl. JEMUR ANDAYANI XVII/2 SURABAYA", "WILAYAH": "Selatan", "KECAMATAN": "WONOCOLO", "KELURAHAN": "SIWALANKERTO", "LATITUDE": -7.3176, "LONGITUDE": 112.7391 }, "geometry": { "type": "Point", "coordinates": [ 112.7391, -7.3176 ] } },
{ "type": "Feature", "properties": { "NPSN": 20533014, "NAMA SEKOL": "SDK. SANTA MARIA REGINA SURABAYA", "JENJANG": "SD", "STATUS": "S", "ALAMAT SEK": "Jl. RUNGKUT MENANGGAL TENGAH 1-3-5.  SURABAYA", "WILAYAH": "Timur", "KECAMATAN": "GUNUNG ANYAR", "KELURAHAN": "RUNGKUT MENANGGAL", "LATITUDE": -7.3361, "LONGITUDE": 112.7701 }, "geometry": { "type": "Point", "coordinates": [ 112.7701, -7.3361 ] } },
{ "type": "Feature", "properties": { "NPSN": 20533016, "NAMA SEKOL": "SD KRISTEN KALAM KUDUS SURABAYA", "JENJANG": "SD", "STATUS": "S", "ALAMAT SEK": "Simo Hilir Barat XV / 8", "WILAYAH": "Barat", "KECAMATAN": "SUKOMANUNGGAL", "KELURAHAN": "SIMOMULYO", "LATITUDE": -7.2739, "LONGITUDE": 112.7004 }, "geometry": { "type": "Point", "coordinates": [ 112.7004, -7.2739 ] } },
{ "type": "Feature", "properties": { "NPSN": 20533019, "NAMA SEKOL": "SD KEMALA BHAYANGKARI 1", "JENJANG": "SD", "STATUS": "S", "ALAMAT SEK": "Jln. Jend. Achmad Yani 30-32 Surabaya", "WILAYAH": "Selatan", "KECAMATAN": "GAYUNGAN", "KELURAHAN": "KETINTANG", "LATITUDE": -7.311266133, "LONGITUDE": 112.7338348 }, "geometry": { "type": "Point", "coordinates": [ 112.7338348, -7.311266133 ] } },
{ "type": "Feature", "properties": { "NPSN": 20533020, "NAMA SEKOL": "SD ISLAM LIL WATHON", "JENJANG": "SD", "STATUS": "S", "ALAMAT SEK": "JL. WONOKUSUMO TENGAH 53 - A SURABAYA", "WILAYAH": "Utara", "KECAMATAN": "SEMAMPIR", "KELURAHAN": "WONOKUSUMO", "LATITUDE": -7.2179, "LONGITUDE": 112.7545 }, "geometry": { "type": "Point", "coordinates": [ 112.7545, -7.2179 ] } },
{ "type": "Feature", "properties": { "NPSN": 20533021, "NAMA SEKOL": "SD FAJAR JAYA SURABAYA", "JENJANG": "SD", "STATUS": "S", "ALAMAT SEK": "Jl. GUBENG JAYA VII/9  SURABAYA", "WILAYAH": "Timur", "KECAMATAN": "GUBENG", "KELURAHAN": "GUBENG", "LATITUDE": -7.272, "LONGITUDE": 112.7532 }, "geometry": { "type": "Point", "coordinates": [ 112.7532, -7.272 ] } },
{ "type": "Feature", "properties": { "NPSN": 20533023, "NAMA SEKOL": "SD HANG TUAH 6 SURABAYA", "JENJANG": "SD", "STATUS": "S", "ALAMAT SEK": "JL. MEMET SASTROWIRYO NO.5", "WILAYAH": "Utara", "KECAMATAN": "BULAK", "KELURAHAN": "SUKOLILO BARU", "LATITUDE": -7.2433227, "LONGITUDE": 112.788005 }, "geometry": { "type": "Point", "coordinates": [ 112.788005, -7.2433227 ] } },
{ "type": "Feature", "properties": { "NPSN": 20533024, "NAMA SEKOL": "SD HANG TUAH 7 SURABAYA", "JENJANG": "SD", "STATUS": "S", "ALAMAT SEK": "Jl. GOLF I SURABAYA", "WILAYAH": "Selatan", "KECAMATAN": "DUKUH PAKIS", "KELURAHAN": "GUNUNG SARI", "LATITUDE": -7.3053, "LONGITUDE": 112.7084 }, "geometry": { "type": "Point", "coordinates": [ 112.7084, -7.3053 ] } },
{ "type": "Feature", "properties": { "NPSN": 20533025, "NAMA SEKOL": "SD HANG TUAH 8 SURABAYA", "JENJANG": "SD", "STATUS": "S", "ALAMAT SEK": "JL. NANGGALA NO. 2 SURABAYA", "WILAYAH": "Selatan", "KECAMATAN": "KARANG PILANG", "KELURAHAN": "KARANG PILANG", "LATITUDE": -7.3393, "LONGITUDE": 112.6913 }, "geometry": { "type": "Point", "coordinates": [ 112.6913, -7.3393 ] } },
{ "type": "Feature", "properties": { "NPSN": 20533027, "NAMA SEKOL": "SD HANURA BINA PUTRA SURABAYA", "JENJANG": "SD", "STATUS": "S", "ALAMAT SEK": "Jl. GENTING IV No. 44 SURABAYA", "WILAYAH": "Barat", "KECAMATAN": "ASEM ROWO", "KELURAHAN": "GENTING KALIANAK", "LATITUDE": -7.243696584, "LONGITUDE": 112.7159139 }, "geometry": { "type": "Point", "coordinates": [ 112.7159139, -7.243696584 ] } },
{ "type": "Feature", "properties": { "NPSN": 20533029, "NAMA SEKOL": "SD HARAPAN", "JENJANG": "SD", "STATUS": "S", "ALAMAT SEK": "Jl. SIMO REJOSARI A Gg 6 No.2 SURABAYA", "WILAYAH": "Barat", "KECAMATAN": "SUKOMANUNGGAL", "KELURAHAN": "SIMOMULYO BARU", "LATITUDE": -7.256, "LONGITUDE": 112.7075 }, "geometry": { "type": "Point", "coordinates": [ 112.7075, -7.256 ] } },
{ "type": "Feature", "properties": { "NPSN": 20533031, "NAMA SEKOL": "SD HANG TUAH 3", "JENJANG": "SD", "STATUS": "S", "ALAMAT SEK": "JL TELAGA III UJUNG SURABAYA", "WILAYAH": "Utara", "KECAMATAN": "SEMAMPIR", "KELURAHAN": "UJUNG", "LATITUDE": -7.205, "LONGITUDE": 112.7487 }, "geometry": { "type": "Point", "coordinates": [ 112.7487, -7.205 ] } },
{ "type": "Feature", "properties": { "NPSN": 20533032, "NAMA SEKOL": "SD HANG TUAH 12 SURABAYA", "JENJANG": "SD", "STATUS": "S", "ALAMAT SEK": "Jl. KAMPUNG SERATUS V No. 1 SURABAYA", "WILAYAH": "Utara", "KECAMATAN": "SEMAMPIR", "KELURAHAN": "UJUNG", "LATITUDE": -7.217, "LONGITUDE": 112.7416 }, "geometry": { "type": "Point", "coordinates": [ 112.7416, -7.217 ] } },
{ "type": "Feature", "properties": { "NPSN": 20533034, "NAMA SEKOL": "SD GALUH HANDAYANI SURABAYA", "JENJANG": "SD", "STATUS": "S", "ALAMAT SEK": "Jl. Manyar Sambongan 85A SURABAYA", "WILAYAH": "Timur", "KECAMATAN": "GUBENG", "KELURAHAN": "KERTAJAYA", "LATITUDE": -7.2816, "LONGITUDE": 112.7599 }, "geometry": { "type": "Point", "coordinates": [ 112.7599, -7.2816 ] } },
{ "type": "Feature", "properties": { "NPSN": 20533035, "NAMA SEKOL": "SD GHUFRON FAQIH SURABAYA", "JENJANG": "SD", "STATUS": "S", "ALAMAT SEK": "JL. SOMBO 36 - 38", "WILAYAH": "Pusat", "KECAMATAN": "SIMOKERTO", "KELURAHAN": "SIMOLAWANG", "LATITUDE": -7.2329, "LONGITUDE": 112.7472 }, "geometry": { "type": "Point", "coordinates": [ 112.7472, -7.2329 ] } },
{ "type": "Feature", "properties": { "NPSN": 20533036, "NAMA SEKOL": "SD GIKI 1 SURABAYA", "JENJANG": "SD", "STATUS": "S", "ALAMAT SEK": "Jl. DUKUH KUPANG UTARA I/2 SURABAYA", "WILAYAH": "Selatan", "KECAMATAN": "SAWAHAN", "KELURAHAN": "PUTAT JAYA", "LATITUDE": -7.2761, "LONGITUDE": 112.7113 }, "geometry": { "type": "Point", "coordinates": [ 112.7113, -7.2761 ] } },
{ "type": "Feature", "properties": { "NPSN": 20533038, "NAMA SEKOL": "SD GRACIA SURABAYA", "JENJANG": "SD", "STATUS": "S", "ALAMAT SEK": "Jl. NGAGEL MADYA I/35  SURABAYA", "WILAYAH": "Timur", "KECAMATAN": "GUBENG", "KELURAHAN": "BARATAJAYA", "LATITUDE": -7.2906, "LONGITUDE": 112.7589 }, "geometry": { "type": "Point", "coordinates": [ 112.7589, -7.2906 ] } },
{ "type": "Feature", "properties": { "NPSN": 20533039, "NAMA SEKOL": "SDS GREAT CRYSTAL SCHOOL", "JENJANG": "SD", "STATUS": "S", "ALAMAT SEK": "Jalan Raya Darmo Permai III, Puncak Permai Square", "WILAYAH": "Selatan", "KECAMATAN": "DUKUH PAKIS", "KELURAHAN": "PRADAH KALIKENDAL", "LATITUDE": -7.278538321, "LONGITUDE": 112.6942904 }, "geometry": { "type": "Point", "coordinates": [ 112.6942904, -7.278538321 ] } },
{ "type": "Feature", "properties": { "NPSN": 20533040, "NAMA SEKOL": "SD HANG TUAH I", "JENJANG": "SD", "STATUS": "S", "ALAMAT SEK": "JL. OPAK NO. 26 SURABAYA", "WILAYAH": "Selatan", "KECAMATAN": "WONOKROMO", "KELURAHAN": "DARMO", "LATITUDE": -7.2886, "LONGITUDE": 112.7343 }, "geometry": { "type": "Point", "coordinates": [ 112.7343, -7.2886 ] } },
{ "type": "Feature", "properties": { "NPSN": 20533042, "NAMA SEKOL": "SD HASYIM ASYARI", "JENJANG": "SD", "STATUS": "S", "ALAMAT SEK": "BRATANG GEDE I/26", "WILAYAH": "Selatan", "KECAMATAN": "WONOKROMO", "KELURAHAN": "NGAGEL REJO", "LATITUDE": -7.299355, "LONGITUDE": 112.750051 }, "geometry": { "type": "Point", "coordinates": [ 112.750051, -7.299355 ] } },
{ "type": "Feature", "properties": { "NPSN": 20533043, "NAMA SEKOL": "SD ISLAM AL AZHAR 11 SURABAYA", "JENJANG": "SD", "STATUS": "S", "ALAMAT SEK": "JL. ALAS MALANG NO 58", "WILAYAH": "Barat", "KECAMATAN": "SAMBIKEREP", "KELURAHAN": "BERINGIN", "LATITUDE": -7.267130043, "LONGITUDE": 112.6367562 }, "geometry": { "type": "Point", "coordinates": [ 112.6367562, -7.267130043 ] } },
{ "type": "Feature", "properties": { "NPSN": 20533044, "NAMA SEKOL": "SD ISLAM AL AZHAR KELAPA GADING SURABAYA", "JENJANG": "SD", "STATUS": "S", "ALAMAT SEK": "Jl. TAMAN BHASKARA UTARA  SURABAYA", "WILAYAH": "Timur", "KECAMATAN": "MULYOREJO", "KELURAHAN": "KALISARI", "LATITUDE": -7.268, "LONGITUDE": 112.7992 }, "geometry": { "type": "Point", "coordinates": [ 112.7992, -7.268 ] } },
{ "type": "Feature", "properties": { "NPSN": 20533047, "NAMA SEKOL": "SD ISLAM ASH-SHIDDIIQII SURABAYA", "JENJANG": "SD", "STATUS": "S", "ALAMAT SEK": "Jl. SETRO BARU UTARA  IIIA/134 SURABAYA", "WILAYAH": "Timur", "KECAMATAN": "TAMBAKSARI", "KELURAHAN": "DUKUH SETRO", "LATITUDE": -7.2337, "LONGITUDE": 112.7794 }, "geometry": { "type": "Point", "coordinates": [ 112.7794, -7.2337 ] } },
{ "type": "Feature", "properties": { "NPSN": 20533049, "NAMA SEKOL": "SD ISLAM DARUL ARQOM SURABAYA", "JENJANG": "SD", "STATUS": "S", "ALAMAT SEK": "Jl. GRIYA BABATAN INDAH 35-37 SURABAYA", "WILAYAH": "Selatan", "KECAMATAN": "WIYUNG", "KELURAHAN": "BABATAN", "LATITUDE": -7.3116, "LONGITUDE": 112.6736 }, "geometry": { "type": "Point", "coordinates": [ 112.6736, -7.3116 ] } },
{ "type": "Feature", "properties": { "NPSN": 20533050, "NAMA SEKOL": "SD ISLAM JIWA NALA SURABAYA", "JENJANG": "SD", "STATUS": "S", "ALAMAT SEK": "Jl. RAYA KEDUNG ASEM No. 47 - 49 SURABAYA", "WILAYAH": "Timur", "KECAMATAN": "RUNGKUT", "KELURAHAN": "KEDUNG BARUK", "LATITUDE": -7.3219, "LONGITUDE": 112.7754 }, "geometry": { "type": "Point", "coordinates": [ 112.7754, -7.3219 ] } },
{ "type": "Feature", "properties": { "NPSN": 20533051, "NAMA SEKOL": "SD ISKANDAR SAID SURABAYA", "JENJANG": "SD", "STATUS": "S", "ALAMAT SEK": "Jl. KENDANGSARI NO. 41 SURABAYA", "WILAYAH": "Timur", "KECAMATAN": "TENGGILIS MEJOYO", "KELURAHAN": "KENDANGSARI", "LATITUDE": -7.326197, "LONGITUDE": 112.749479 }, "geometry": { "type": "Point", "coordinates": [ 112.749479, -7.326197 ] } },
{ "type": "Feature", "properties": { "NPSN": 20533052, "NAMA SEKOL": "SEKOLAH DASAR INTAN PERMATA HATI KAMPUS BARAT SURABAYA", "JENJANG": "SD", "STATUS": "S", "ALAMAT SEK": "Jalan Pattimura no 2/Plasa Segi 8 Surabaya", "WILAYAH": "Barat", "KECAMATAN": "SUKOMANUNGGAL", "KELURAHAN": "SONOKWIJENAN", "LATITUDE": -7.2749, "LONGITUDE": 112.6919 }, "geometry": { "type": "Point", "coordinates": [ 112.6919, -7.2749 ] } },
{ "type": "Feature", "properties": { "NPSN": 20533053, "NAMA SEKOL": "SEKOLAH DASAR INTAN PERMATA HATI KAMPUS TIMUR SURABAYA", "JENJANG": "SD", "STATUS": "S", "ALAMAT SEK": "Jl. RAYA KEDUNG BARUK 112 - 114 SURABAYA", "WILAYAH": "Timur", "KECAMATAN": "RUNGKUT", "KELURAHAN": "KEDUNG BARUK", "LATITUDE": -7.2749, "LONGITUDE": 112.6919 }, "geometry": { "type": "Point", "coordinates": [ 112.6919, -7.2749 ] } },
{ "type": "Feature", "properties": { "NPSN": 20533054, "NAMA SEKOL": "SD HASYIM ASY`ARI SURABAYA", "JENJANG": "SD", "STATUS": "S", "ALAMAT SEK": "Jl. SIDOKAPASAN X / 16 SURABAYA", "WILAYAH": "Pusat", "KECAMATAN": "SIMOKERTO", "KELURAHAN": "SIDODADI", "LATITUDE": -7.2364386, "LONGITUDE": 112.750052 }, "geometry": { "type": "Point", "coordinates": [ 112.750052, -7.2364386 ] } },
{ "type": "Feature", "properties": { "NPSN": 20533055, "NAMA SEKOL": "SD HIDAYATUL MUSTAQIM", "JENJANG": "SD", "STATUS": "S", "ALAMAT SEK": "JL. LOMBOK 1-A SURABAYA", "WILAYAH": "Selatan", "KECAMATAN": "WONOKROMO", "KELURAHAN": "NGAGEL", "LATITUDE": -7.2779, "LONGITUDE": 112.7456 }, "geometry": { "type": "Point", "coordinates": [ 112.7456, -7.2779 ] } },
{ "type": "Feature", "properties": { "NPSN": 20533056, "NAMA SEKOL": "SD HIDAYATUL UMMAH", "JENJANG": "SD", "STATUS": "S", "ALAMAT SEK": "JL. MULYOREJO NO. 78 SURABAYA", "WILAYAH": "Timur", "KECAMATAN": "MULYOREJO", "KELURAHAN": "MULYOREJO", "LATITUDE": -7.2647, "LONGITUDE": 112.7803 }, "geometry": { "type": "Point", "coordinates": [ 112.7803, -7.2647 ] } },
{ "type": "Feature", "properties": { "NPSN": 20533057, "NAMA SEKOL": "SD HUSNUL HIDAYAH SURABAYA", "JENJANG": "SD", "STATUS": "S", "ALAMAT SEK": "Jl. KEMBANG JEPUN V/6 SURABAYA", "WILAYAH": "Utara", "KECAMATAN": "PABEAN CANTIAN", "KELURAHAN": "BONGKARAN", "LATITUDE": -7.2384, "LONGITUDE": 112.7393 }, "geometry": { "type": "Point", "coordinates": [ 112.7393, -7.2384 ] } },
{ "type": "Feature", "properties": { "NPSN": 20533058, "NAMA SEKOL": "SD IBNU HUSAIN SURABAYA", "JENJANG": "SD", "STATUS": "S", "ALAMAT SEK": "Jl. IRAWATI III No. 4 SURABAYA", "WILAYAH": "Utara", "KECAMATAN": "SEMAMPIR", "KELURAHAN": "SIDOTOPO", "LATITUDE": -7.2322, "LONGITUDE": 112.7514 }, "geometry": { "type": "Point", "coordinates": [ 112.7514, -7.2322 ] } },
{ "type": "Feature", "properties": { "NPSN": 20533059, "NAMA SEKOL": "SD IKAN KERAPU", "JENJANG": "SD", "STATUS": "S", "ALAMAT SEK": "JL. IKAN DORANG NO. 43 SURABAYA", "WILAYAH": "Utara", "KECAMATAN": "KREMBANGAN", "KELURAHAN": "PERAK BARAT", "LATITUDE": -7.2293, "LONGITUDE": 112.7274 }, "geometry": { "type": "Point", "coordinates": [ 112.7274, -7.2293 ] } },
{ "type": "Feature", "properties": { "NPSN": 20533061, "NAMA SEKOL": "SDK INDRIASANA IV", "JENJANG": "SD", "STATUS": "S", "ALAMAT SEK": "Jl. PETEMON KALI 114 SURABAYA", "WILAYAH": "Selatan", "KECAMATAN": "SAWAHAN", "KELURAHAN": "KUPANG KRAJAN", "LATITUDE": -7.2688, "LONGITUDE": 112.7238 }, "geometry": { "type": "Point", "coordinates": [ 112.7238, -7.2688 ] } },
{ "type": "Feature", "properties": { "NPSN": 20533062, "NAMA SEKOL": "SD KYAI IBRAHIM", "JENJANG": "SD", "STATUS": "S", "ALAMAT SEK": "JL. SIWALANKERTO III/15", "WILAYAH": "Selatan", "KECAMATAN": "WONOCOLO", "KELURAHAN": "SIWALANKERTO", "LATITUDE": -7.3369, "LONGITUDE": 112.7323 }, "geometry": { "type": "Point", "coordinates": [ 112.7323, -7.3369 ] } },
{ "type": "Feature", "properties": { "NPSN": 20533063, "NAMA SEKOL": "SD MIFTAHUL ULUM SURABAYA", "JENJANG": "SD", "STATUS": "S", "ALAMAT SEK": "Jl. RUNGKUT TENGAH III / 13 SURABAYA", "WILAYAH": "Timur", "KECAMATAN": "GUNUNG ANYAR", "KELURAHAN": "RUNGKUT TENGAH", "LATITUDE": -7.3338, "LONGITUDE": 112.7673 }, "geometry": { "type": "Point", "coordinates": [ 112.7673, -7.3338 ] } },
{ "type": "Feature", "properties": { "NPSN": 20533064, "NAMA SEKOL": "SD MUHAMMADIYAH 21 SURABAYA", "JENJANG": "SD", "STATUS": "S", "ALAMAT SEK": "Jl Bulaksari Masjid 19 SURABAYA", "WILAYAH": "Utara", "KECAMATAN": "SEMAMPIR", "KELURAHAN": "WONOKUSUMO", "LATITUDE": -7.2168, "LONGITUDE": 112.7518 }, "geometry": { "type": "Point", "coordinates": [ 112.7518, -7.2168 ] } },
{ "type": "Feature", "properties": { "NPSN": 20533065, "NAMA SEKOL": "SD MUHAMMADIYAH 22 SURABAYA", "JENJANG": "SD", "STATUS": "S", "ALAMAT SEK": "Jl. KEMLATEN BARU 43  SURABAYA", "WILAYAH": "Selatan", "KECAMATAN": "KARANG PILANG", "KELURAHAN": "KARANG PILANG", "LATITUDE": -7.331, "LONGITUDE": 112.7043 }, "geometry": { "type": "Point", "coordinates": [ 112.7043, -7.331 ] } },
{ "type": "Feature", "properties": { "NPSN": 20533066, "NAMA SEKOL": "SD MUHAMMADIYAH 24", "JENJANG": "SD", "STATUS": "S", "ALAMAT SEK": "JL KETINTANG NO 45", "WILAYAH": "Selatan", "KECAMATAN": "WONOKROMO", "KELURAHAN": "WONOKROMO", "LATITUDE": -7.308384434, "LONGITUDE": 112.7263414 }, "geometry": { "type": "Point", "coordinates": [ 112.7263414, -7.308384434 ] } },
{ "type": "Feature", "properties": { "NPSN": 20533067, "NAMA SEKOL": "SD Muhammadiyah 3 Surabaya", "JENJANG": "SD", "STATUS": "S", "ALAMAT SEK": "Jl. Tambak Segaran No. 25", "WILAYAH": "Timur", "KECAMATAN": "TAMBAKSARI", "KELURAHAN": "RANGKAH", "LATITUDE": -7.247103562, "LONGITUDE": 112.7604655 }, "geometry": { "type": "Point", "coordinates": [ 112.7604655, -7.247103562 ] } },
{ "type": "Feature", "properties": { "NPSN": 20533068, "NAMA SEKOL": "SD Muhammadiyah 4 Surabaya", "JENJANG": "SD", "STATUS": "S", "ALAMAT SEK": "Jln. Pucang Anom No. 93 Surabaya", "WILAYAH": "Timur", "KECAMATAN": "GUBENG", "KELURAHAN": "KERTAJAYA", "LATITUDE": -7.2832, "LONGITUDE": 112.7596 }, "geometry": { "type": "Point", "coordinates": [ 112.7596, -7.2832 ] } },
{ "type": "Feature", "properties": { "NPSN": 20533069, "NAMA SEKOL": "SD MUHAMMADIYAH 6 SURABAYA", "JENJANG": "SD", "STATUS": "S", "ALAMAT SEK": "Jl. Gadung 3 No. 7", "WILAYAH": "Selatan", "KECAMATAN": "WONOKROMO", "KELURAHAN": "JAGIR", "LATITUDE": -7.306919517, "LONGITUDE": 112.7391188 }, "geometry": { "type": "Point", "coordinates": [ 112.7391188, -7.306919517 ] } },
{ "type": "Feature", "properties": { "NPSN": 20533070, "NAMA SEKOL": "SD MUHAMMADIYAH 7 SURABAYA", "JENJANG": "SD", "STATUS": "S", "ALAMAT SEK": "Jl. JAGIR SIDOMUKTI VID -5  SURABAYA", "WILAYAH": "Selatan", "KECAMATAN": "WONOKROMO", "KELURAHAN": "JAGIR", "LATITUDE": -7.30424259, "LONGITUDE": 112.7490543 }, "geometry": { "type": "Point", "coordinates": [ 112.7490543, -7.30424259 ] } },
{ "type": "Feature", "properties": { "NPSN": 20533071, "NAMA SEKOL": "SD MUHAMMADIYAH 8 SURABAYA", "JENJANG": "SD", "STATUS": "S", "ALAMAT SEK": "Jl. SUTOREJO 150  SURABAYA", "WILAYAH": "Timur", "KECAMATAN": "MULYOREJO", "KELURAHAN": "DUKUH SUTOREJO", "LATITUDE": -7.260656436, "LONGITUDE": 112.7905153 }, "geometry": { "type": "Point", "coordinates": [ 112.7905153, -7.260656436 ] } },
{ "type": "Feature", "properties": { "NPSN": 20533072, "NAMA SEKOL": "SD MUHAMMADIYAH 20 SURABAYA", "JENJANG": "SD", "STATUS": "S", "ALAMAT SEK": "Jl. TEMBOK DUKUH BUTULAN NO. 7 SURABAYA", "WILAYAH": "Pusat", "KECAMATAN": "BUBUTAN", "KELURAHAN": "TEMBOK DUKUH", "LATITUDE": -7.2545, "LONGITUDE": 112.7229 }, "geometry": { "type": "Point", "coordinates": [ 112.7229, -7.2545 ] } },
{ "type": "Feature", "properties": { "NPSN": 20533073, "NAMA SEKOL": "SD MUHAMMADIYAH 2 SURABAYA", "JENJANG": "SD", "STATUS": "S", "ALAMAT SEK": "Jl. PENELEH VI-72 SURABAYA  SURABAYA", "WILAYAH": "Pusat", "KECAMATAN": "GENTENG", "KELURAHAN": "PENELEH", "LATITUDE": -7.2529, "LONGITUDE": 112.7375 }, "geometry": { "type": "Point", "coordinates": [ 112.7375, -7.2529 ] } },
{ "type": "Feature", "properties": { "NPSN": 20533075, "NAMA SEKOL": "SD MIMI SURABAYA", "JENJANG": "SD", "STATUS": "S", "ALAMAT SEK": "Bukit Telaga Golf TO 2 No. 1-2", "WILAYAH": "Barat", "KECAMATAN": "LAKARSANTRI", "KELURAHAN": "LIDAH KULON", "LATITUDE": -7.2837, "LONGITUDE": 112.691 }, "geometry": { "type": "Point", "coordinates": [ 112.691, -7.2837 ] } },
{ "type": "Feature", "properties": { "NPSN": 20533076, "NAMA SEKOL": "SD MUHAMMADIYAH 10 SURABAYA", "JENJANG": "SD", "STATUS": "S", "ALAMAT SEK": "KAMPUS I : Jl. SIDOYOSO IX/14 - 16 SURABAYA, KAMPUS II : JL. SIDOYOSO IX/30 SURABAYA", "WILAYAH": "Pusat", "KECAMATAN": "SIMOKERTO", "KELURAHAN": "SIMOKERTO", "LATITUDE": -7.2399, "LONGITUDE": 112.7498 }, "geometry": { "type": "Point", "coordinates": [ 112.7498, -7.2399 ] } },
{ "type": "Feature", "properties": { "NPSN": 20533077, "NAMA SEKOL": "SD MUHAMMADIYAH 11", "JENJANG": "SD", "STATUS": "S", "ALAMAT SEK": "JL.DUPAK BANGUNSARI 35-41 SURABAYA", "WILAYAH": "Utara", "KECAMATAN": "KREMBANGAN", "KELURAHAN": "DUPAK", "LATITUDE": -7.239275372, "LONGITUDE": 112.7198183 }, "geometry": { "type": "Point", "coordinates": [ 112.7198183, -7.239275372 ] } },
{ "type": "Feature", "properties": { "NPSN": 20533078, "NAMA SEKOL": "SD MUHAMMADIYAH 13 SURABAYA", "JENJANG": "SD", "STATUS": "S", "ALAMAT SEK": "Jl. SAMPOERNA 65 SURABAYA", "WILAYAH": "Utara", "KECAMATAN": "PABEAN CANTIAN", "KELURAHAN": "KREMBANGAN UTARA", "LATITUDE": -7.2309, "LONGITUDE": 112.7323 }, "geometry": { "type": "Point", "coordinates": [ 112.7323, -7.2309 ] } },
{ "type": "Feature", "properties": { "NPSN": 20533080, "NAMA SEKOL": "SD MUHAMMADIYAH 16 SURABAYA", "JENJANG": "SD", "STATUS": "S", "ALAMAT SEK": "Jl. BARATA JAYA V BARAT NO 2-4  SURABAYA", "WILAYAH": "Timur", "KECAMATAN": "GUBENG", "KELURAHAN": "BARATAJAYA", "LATITUDE": -7.2992, "LONGITUDE": 112.7557 }, "geometry": { "type": "Point", "coordinates": [ 112.7557, -7.2992 ] } },
{ "type": "Feature", "properties": { "NPSN": 20533081, "NAMA SEKOL": "SD MUHAMMADIYAH 17 SURABAYA", "JENJANG": "SD", "STATUS": "S", "ALAMAT SEK": "Jl. SIMOLAWANG TEMBUSAN II / 75 C SURABAYA", "WILAYAH": "Pusat", "KECAMATAN": "SIMOKERTO", "KELURAHAN": "SIMOKERTO", "LATITUDE": -7.2359, "LONGITUDE": 112.7522 }, "geometry": { "type": "Point", "coordinates": [ 112.7522, -7.2359 ] } },
{ "type": "Feature", "properties": { "NPSN": 20533082, "NAMA SEKOL": "SD MUHAMMADIYAH 19 SURABAYA", "JENJANG": "SD", "STATUS": "S", "ALAMAT SEK": "Jl. AMPEL KESUMBA 14 SURABAYA", "WILAYAH": "Utara", "KECAMATAN": "SEMAMPIR", "KELURAHAN": "AMPEL", "LATITUDE": -7.2274, "LONGITUDE": 112.7405 }, "geometry": { "type": "Point", "coordinates": [ 112.7405, -7.2274 ] } },
{ "type": "Feature", "properties": { "NPSN": 20533083, "NAMA SEKOL": "SD MUHAMMADIYAH 9 SURABAYA", "JENJANG": "SD", "STATUS": "S", "ALAMAT SEK": "Jl. SUKOLILO BARU No. 104 SURABAYA", "WILAYAH": "Utara", "KECAMATAN": "BULAK", "KELURAHAN": "SUKOLILO BARU", "LATITUDE": -7.2409, "LONGITUDE": 112.7983 }, "geometry": { "type": "Point", "coordinates": [ 112.7983, -7.2409 ] } },
{ "type": "Feature", "properties": { "NPSN": 20533084, "NAMA SEKOL": "SD MUJAHIDIN SURABAYA", "JENJANG": "SD", "STATUS": "S", "ALAMAT SEK": "Jl. TANJUNG PERAK BARAT 275 SURABAYA", "WILAYAH": "Utara", "KECAMATAN": "PABEAN CANTIAN", "KELURAHAN": "TANJUNG PERAK", "LATITUDE": -7.2135, "LONGITUDE": 112.7326 }, "geometry": { "type": "Point", "coordinates": [ 112.7326, -7.2135 ] } },
{ "type": "Feature", "properties": { "NPSN": 20533085, "NAMA SEKOL": "SD NURUL ULUM SURABAYA", "JENJANG": "SD", "STATUS": "S", "ALAMAT SEK": "Jl. GADUKAN BARU Gg. SEKOLAHAN 1A  SURABAYA", "WILAYAH": "Utara", "KECAMATAN": "KREMBANGAN", "KELURAHAN": "MOROKREMBANGAN", "LATITUDE": -7.2293, "LONGITUDE": 112.708 }, "geometry": { "type": "Point", "coordinates": [ 112.708, -7.2293 ] } },
{ "type": "Feature", "properties": { "NPSN": 20533086, "NAMA SEKOL": "SD PAKIS GELORA SURABAYA", "JENJANG": "SD", "STATUS": "S", "ALAMAT SEK": "Jl. Dr.SOETOMO 103E. SURABAYA", "WILAYAH": "Selatan", "KECAMATAN": "WONOKROMO", "KELURAHAN": "DARMO", "LATITUDE": -7.2857, "LONGITUDE": 112.7313 }, "geometry": { "type": "Point", "coordinates": [ 112.7313, -7.2857 ] } },
{ "type": "Feature", "properties": { "NPSN": 20533087, "NAMA SEKOL": "SD PAKIS JAYA SURABAYA", "JENJANG": "SD", "STATUS": "S", "ALAMAT SEK": "Jl. PAKIS III/36 SURABAYA", "WILAYAH": "Selatan", "KECAMATAN": "SAWAHAN", "KELURAHAN": "PAKIS", "LATITUDE": -7.2869, "LONGITUDE": 112.7286 }, "geometry": { "type": "Point", "coordinates": [ 112.7286, -7.2869 ] } },
{ "type": "Feature", "properties": { "NPSN": 20533088, "NAMA SEKOL": "SD PANCASILA 45 SURABAYA", "JENJANG": "SD", "STATUS": "S", "ALAMAT SEK": "Jl. Tembok Dukuh  VI/10 Surabaya", "WILAYAH": "Pusat", "KECAMATAN": "BUBUTAN", "KELURAHAN": "TEMBOK DUKUH", "LATITUDE": -7.2546, "LONGITUDE": 112.7238 }, "geometry": { "type": "Point", "coordinates": [ 112.7238, -7.2546 ] } },
{ "type": "Feature", "properties": { "NPSN": 20533090, "NAMA SEKOL": "SD PELITA BANGSA", "JENJANG": "SD", "STATUS": "S", "ALAMAT SEK": "JL. TUWOWO REJO III/22A SURABAYA", "WILAYAH": "Timur", "KECAMATAN": "TAMBAKSARI", "KELURAHAN": "KAPASMADYA BARU", "LATITUDE": -7.2441, "LONGITUDE": 112.7682 }, "geometry": { "type": "Point", "coordinates": [ 112.7682, -7.2441 ] } },
{ "type": "Feature", "properties": { "NPSN": 20533091, "NAMA SEKOL": "SD KRISTEN ELYON", "JENJANG": "SD", "STATUS": "S", "ALAMAT SEK": "SUTOREJO PRIMA UTARA PY-8", "WILAYAH": "Timur", "KECAMATAN": "MULYOREJO", "KELURAHAN": "KALISARI", "LATITUDE": -7.2639, "LONGITUDE": 112.783 }, "geometry": { "type": "Point", "coordinates": [ 112.783, -7.2639 ] } },
{ "type": "Feature", "properties": { "NPSN": 20533093, "NAMA SEKOL": "SDS NURUL ISLAM SURABAYA", "JENJANG": "SD", "STATUS": "S", "ALAMAT SEK": "Jl. PETUKANGAN II No. 9 SURABAYA", "WILAYAH": "Utara", "KECAMATAN": "SEMAMPIR", "KELURAHAN": "AMPEL", "LATITUDE": -7.228410634, "LONGITUDE": 112.7420699 }, "geometry": { "type": "Point", "coordinates": [ 112.7420699, -7.228410634 ] } },
{ "type": "Feature", "properties": { "NPSN": 20533094, "NAMA SEKOL": "SD NURUL ISLAM SURABAYA", "JENJANG": "SD", "STATUS": "S", "ALAMAT SEK": "Jl .DONOREJO NO.46 SURABAYA", "WILAYAH": "Pusat", "KECAMATAN": "SIMOKERTO", "KELURAHAN": "KAPASAN", "LATITUDE": -7.237, "LONGITUDE": 112.7657 }, "geometry": { "type": "Point", "coordinates": [ 112.7657, -7.237 ] } },
{ "type": "Feature", "properties": { "NPSN": 20533095, "NAMA SEKOL": "SD ISLAM NURUL IMAN SURABAYA", "JENJANG": "SD", "STATUS": "S", "ALAMAT SEK": "Jl .SEMEMI JAYA  IV/55 SURABAYA", "WILAYAH": "Barat", "KECAMATAN": "BENOWO", "KELURAHAN": "SEMEMI", "LATITUDE": -7.2475, "LONGITUDE": 112.6444 }, "geometry": { "type": "Point", "coordinates": [ 112.6444, -7.2475 ] } },
{ "type": "Feature", "properties": { "NPSN": 20533096, "NAMA SEKOL": "SD. MURSYIDAH", "JENJANG": "SD", "STATUS": "S", "ALAMAT SEK": "TAMBAK OSO WILANGUN V/49 SURABAYA", "WILAYAH": "Barat", "KECAMATAN": "BENOWO", "KELURAHAN": "TAMBAK OSO WILANGUN", "LATITUDE": -7.2247, "LONGITUDE": 112.6557 }, "geometry": { "type": "Point", "coordinates": [ 112.6557, -7.2247 ] } },
{ "type": "Feature", "properties": { "NPSN": 20533097, "NAMA SEKOL": "SD ISLAM MUSRA SURABAYA", "JENJANG": "SD", "STATUS": "S", "ALAMAT SEK": "Jl. PETEMON TIMUR 45 SURABAYA", "WILAYAH": "Selatan", "KECAMATAN": "SAWAHAN", "KELURAHAN": "KUPANG KRAJAN", "LATITUDE": -7.2687, "LONGITUDE": 112.7262 }, "geometry": { "type": "Point", "coordinates": [ 112.7262, -7.2687 ] } },
{ "type": "Feature", "properties": { "NPSN": 20533098, "NAMA SEKOL": "SD Mustajabah Surabaya", "JENJANG": "SD", "STATUS": "S", "ALAMAT SEK": "JL. PANDEGILING TENGAH 15", "WILAYAH": "Pusat", "KECAMATAN": "TEGALSARI", "KELURAHAN": "TEGALSARI", "LATITUDE": -7.275018262, "LONGITUDE": 112.7370538 }, "geometry": { "type": "Point", "coordinates": [ 112.7370538, -7.275018262 ] } },
{ "type": "Feature", "properties": { "NPSN": 20533099, "NAMA SEKOL": "SD NURUL ANWAR SURABAYA", "JENJANG": "SD", "STATUS": "S", "ALAMAT SEK": "Jl. GRESIK PPI V/25  SURABAYA", "WILAYAH": "Utara", "KECAMATAN": "KREMBANGAN", "KELURAHAN": "KEMAYORAN", "LATITUDE": -7.2351, "LONGITUDE": 112.7269 }, "geometry": { "type": "Point", "coordinates": [ 112.7269, -7.2351 ] } },
{ "type": "Feature", "properties": { "NPSN": 20533100, "NAMA SEKOL": "SD NURUL HIDAYAH I SURABAYA", "JENJANG": "SD", "STATUS": "S", "ALAMAT SEK": "DUPAK JAYA III/26-28 SURABAYA", "WILAYAH": "Pusat", "KECAMATAN": "BUBUTAN", "KELURAHAN": "JEPARA", "LATITUDE": -7.2438, "LONGITUDE": 112.7267 }, "geometry": { "type": "Point", "coordinates": [ 112.7267, -7.2438 ] } },
{ "type": "Feature", "properties": { "NPSN": 20533101, "NAMA SEKOL": "SD NURUL HUDA II SURABAYA", "JENJANG": "SD", "STATUS": "S", "ALAMAT SEK": "Jl. Sencaki 64 Surabaya", "WILAYAH": "Pusat", "KECAMATAN": "SIMOKERTO", "KELURAHAN": "SIMOLAWANG", "LATITUDE": -7.2325, "LONGITUDE": 112.7484 }, "geometry": { "type": "Point", "coordinates": [ 112.7484, -7.2325 ] } },
{ "type": "Feature", "properties": { "NPSN": 20533102, "NAMA SEKOL": "SD NURUL HUDA SURABAYA", "JENJANG": "SD", "STATUS": "S", "ALAMAT SEK": "Jl. GAYUNGAN PTT NO. 49 SURABAYA", "WILAYAH": "Selatan", "KECAMATAN": "GAYUNGAN", "KELURAHAN": "GAYUNGAN", "LATITUDE": -7.33567597, "LONGITUDE": 112.7273243 }, "geometry": { "type": "Point", "coordinates": [ 112.7273243, -7.33567597 ] } },
{ "type": "Feature", "properties": { "NPSN": 20533104, "NAMA SEKOL": "SDK.PENCINTA DAMAI", "JENJANG": "SD", "STATUS": "S", "ALAMAT SEK": "JL. RANDU NO.3 SURABAYA", "WILAYAH": "Utara", "KECAMATAN": "KENJERAN", "KELURAHAN": "SIDOTOPO WETAN", "LATITUDE": -7.231294, "LONGITUDE": 112.764266 }, "geometry": { "type": "Point", "coordinates": [ 112.764266, -7.231294 ] } },
{ "type": "Feature", "properties": { "NPSN": 20533106, "NAMA SEKOL": "SD KEMALA BHAYANGKARI 2 SURABAYA", "JENJANG": "SD", "STATUS": "S", "ALAMAT SEK": "Jl. SIDODADI NO. 20 - 22 SURABAYA", "WILAYAH": "Pusat", "KECAMATAN": "SIMOKERTO", "KELURAHAN": "SIDODADI", "LATITUDE": -7.237, "LONGITUDE": 112.7464 }, "geometry": { "type": "Point", "coordinates": [ 112.7464, -7.237 ] } },
{ "type": "Feature", "properties": { "NPSN": 20533107, "NAMA SEKOL": "SD KRISTEN ALETHEIA SURABAYA", "JENJANG": "SD", "STATUS": "S", "ALAMAT SEK": "Jl. TEMBOK DUKUH NO 134 SURABAYA", "WILAYAH": "Pusat", "KECAMATAN": "BUBUTAN", "KELURAHAN": "TEMBOK DUKUH", "LATITUDE": -7.254319248, "LONGITUDE": 112.7212315 }, "geometry": { "type": "Point", "coordinates": [ 112.7212315, -7.254319248 ] } },
{ "type": "Feature", "properties": { "NPSN": 20533108, "NAMA SEKOL": "SD KRISTEN  PETRA 5", "JENJANG": "SD", "STATUS": "S", "ALAMAT SEK": "Jl. GALAXI KLAMPIS UTARA 1-3 SURABAYA", "WILAYAH": "Timur", "KECAMATAN": "SUKOLILO", "KELURAHAN": "GEBANG PUTIH", "LATITUDE": -7.29057, "LONGITUDE": 112.78493 }, "geometry": { "type": "Point", "coordinates": [ 112.78493, -7.29057 ] } },
{ "type": "Feature", "properties": { "NPSN": 20533109, "NAMA SEKOL": "SD KRISTEN BETHEL SULUNG 3 SURABAYA", "JENJANG": "SD", "STATUS": "S", "ALAMAT SEK": "Jl. KUTISARI UTARA V/9 SURABAYA", "WILAYAH": "Timur", "KECAMATAN": "TENGGILIS MEJOYO", "KELURAHAN": "KUTISARI", "LATITUDE": -7.3322, "LONGITUDE": 112.7436 }, "geometry": { "type": "Point", "coordinates": [ 112.7436, -7.3322 ] } },
{ "type": "Feature", "properties": { "NPSN": 20533110, "NAMA SEKOL": "SD ELYON CHRISTIAN PRIMARY SCHOOL", "JENJANG": "SD", "STATUS": "S", "ALAMAT SEK": "Jl. Raya Sukomanunggal Jaya 33-A Surabaya", "WILAYAH": "Barat", "KECAMATAN": "SUKOMANUNGGAL", "KELURAHAN": "SUKOMANUNGGAL", "LATITUDE": -7.2708, "LONGITUDE": 112.6941 }, "geometry": { "type": "Point", "coordinates": [ 112.6941, -7.2708 ] } },
{ "type": "Feature", "properties": { "NPSN": 20533112, "NAMA SEKOL": "SD KRISTEN ALFA OMEGA SURABAYA", "JENJANG": "SD", "STATUS": "S", "ALAMAT SEK": "Jl. DARMO PERMAI UTARA 36-38 SURABAYA", "WILAYAH": "Selatan", "KECAMATAN": "DUKUH PAKIS", "KELURAHAN": "PRADAH KALIKENDAL", "LATITUDE": -7.2773, "LONGITUDE": 112.6844 }, "geometry": { "type": "Point", "coordinates": [ 112.6844, -7.2773 ] } },
{ "type": "Feature", "properties": { "NPSN": 20533113, "NAMA SEKOL": "SD KRISTEN BAPTIS SURABAYA", "JENJANG": "SD", "STATUS": "S", "ALAMAT SEK": "Jl. SIMO KWAGEAN 47 SURABAYA", "WILAYAH": "Selatan", "KECAMATAN": "SAWAHAN", "KELURAHAN": "PETEMON", "LATITUDE": -7.2666, "LONGITUDE": 112.7174 }, "geometry": { "type": "Point", "coordinates": [ 112.7174, -7.2666 ] } },
{ "type": "Feature", "properties": { "NPSN": 20533114, "NAMA SEKOL": "SD KRISTEN BETHEL SURABAYA", "JENJANG": "SD", "STATUS": "S", "ALAMAT SEK": "Jl. TAMBAK ANAKAN 9 - 11, 24  SURABAYA", "WILAYAH": "Pusat", "KECAMATAN": "SIMOKERTO", "KELURAHAN": "TAMBAKREJO", "LATITUDE": -7.247, "LONGITUDE": 112.7556 }, "geometry": { "type": "Point", "coordinates": [ 112.7556, -7.247 ] } },
{ "type": "Feature", "properties": { "NPSN": 20533115, "NAMA SEKOL": "SD KRISTEN GLORIA 2 SURABAYA", "JENJANG": "SD", "STATUS": "S", "ALAMAT SEK": "Jl. KUPANG INDAH I/3 SURABAYA", "WILAYAH": "Selatan", "KECAMATAN": "DUKUH PAKIS", "KELURAHAN": "DUKUH KUPANG", "LATITUDE": -7.2789, "LONGITUDE": 112.7064 }, "geometry": { "type": "Point", "coordinates": [ 112.7064, -7.2789 ] } },
{ "type": "Feature", "properties": { "NPSN": 20533118, "NAMA SEKOL": "SD.KH.M. NOER SURABAYA", "JENJANG": "SD", "STATUS": "S", "ALAMAT SEK": "Jl. KEDUNG MANGU MASJID NO.28  SURABAYA", "WILAYAH": "Utara", "KECAMATAN": "KENJERAN", "KELURAHAN": "SIDOTOPO WETAN", "LATITUDE": -7.2226, "LONGITUDE": 112.7659 }, "geometry": { "type": "Point", "coordinates": [ 112.7659, -7.2226 ] } },
{ "type": "Feature", "properties": { "NPSN": 20533119, "NAMA SEKOL": "SD KEMALA BHAYANGKARI 6", "JENJANG": "SD", "STATUS": "S", "ALAMAT SEK": "Jl. SIMO MULYO 1/8 SURABAYA", "WILAYAH": "Barat", "KECAMATAN": "SUKOMANUNGGAL", "KELURAHAN": "SIMOMULYO", "LATITUDE": -7.2634, "LONGITUDE": 112.7116 }, "geometry": { "type": "Point", "coordinates": [ 112.7116, -7.2634 ] } },
{ "type": "Feature", "properties": { "NPSN": 20533120, "NAMA SEKOL": "SD KEMALA BHAYANGKARI 9 SURABAYA", "JENJANG": "SD", "STATUS": "S", "ALAMAT SEK": "Jl. GRESIK 39  SURABAYA", "WILAYAH": "Utara", "KECAMATAN": "KREMBANGAN", "KELURAHAN": "MOROKREMBANGAN", "LATITUDE": -7.234924987, "LONGITUDE": 112.7256283 }, "geometry": { "type": "Point", "coordinates": [ 112.7256283, -7.234924987 ] } },
{ "type": "Feature", "properties": { "NPSN": 20533122, "NAMA SEKOL": "SD KH. MAS ALWI SURABAYA", "JENJANG": "SD", "STATUS": "S", "ALAMAT SEK": "Jl. TAMBAK DALAM BARU  I-C No. 8 SURABAYA", "WILAYAH": "Barat", "KECAMATAN": "ASEM ROWO", "KELURAHAN": "ASEM ROWO", "LATITUDE": -7.2485, "LONGITUDE": 112.7073 }, "geometry": { "type": "Point", "coordinates": [ 112.7073, -7.2485 ] } },
{ "type": "Feature", "properties": { "NPSN": 20533124, "NAMA SEKOL": "SD KHADIJAH II SURABAYA", "JENJANG": "SD", "STATUS": "S", "ALAMAT SEK": "Jl. DARMO PERMAI SELATAN V/61-63 SURABAYA", "WILAYAH": "Selatan", "KECAMATAN": "DUKUH PAKIS", "KELURAHAN": "PRADAH KALIKENDAL", "LATITUDE": -7.2807, "LONGITUDE": 112.6904 }, "geometry": { "type": "Point", "coordinates": [ 112.6904, -7.2807 ] } },
{ "type": "Feature", "properties": { "NPSN": 20533125, "NAMA SEKOL": "SD KHADIJAH 3 SURABAYA", "JENJANG": "SD", "STATUS": "S", "ALAMAT SEK": "Jl .RAYA  LONTAR CANDI LEMPUNG NO. 2-4 SURABAYA", "WILAYAH": "Barat", "KECAMATAN": "SAMBIKEREP", "KELURAHAN": "LONTAR", "LATITUDE": -7.2691, "LONGITUDE": 112.6691 }, "geometry": { "type": "Point", "coordinates": [ 112.6691, -7.2691 ] } },
{ "type": "Feature", "properties": { "NPSN": 20533126, "NAMA SEKOL": "SD KHADIJAH", "JENJANG": "SD", "STATUS": "S", "ALAMAT SEK": "Jl. Jend. A. Yani No. 2 - 4 Surabaya 60243", "WILAYAH": "Selatan", "KECAMATAN": "WONOKROMO", "KELURAHAN": "WONOKROMO", "LATITUDE": -7.3051, "LONGITUDE": 112.7359 }, "geometry": { "type": "Point", "coordinates": [ 112.7359, -7.3051 ] } },
{ "type": "Feature", "properties": { "NPSN": 20533127, "NAMA SEKOL": "SD KHM NUR SURABAYA", "JENJANG": "SD", "STATUS": "S", "ALAMAT SEK": "Jl. KARANG TEMBOK 2 SURABAYA", "WILAYAH": "Utara", "KECAMATAN": "SEMAMPIR", "KELURAHAN": "PEGIRIAN", "LATITUDE": -7.226201468, "LONGITUDE": 112.7465257 }, "geometry": { "type": "Point", "coordinates": [ 112.7465257, -7.226201468 ] } },
{ "type": "Feature", "properties": { "NPSN": 20533128, "NAMA SEKOL": "SD KRISTEN GLORIA 1 SURABAYA", "JENJANG": "SD", "STATUS": "S", "ALAMAT SEK": "Jl. PACAR  11 - 17 SURABAYA", "WILAYAH": "Pusat", "KECAMATAN": "GENTENG", "KELURAHAN": "KETABANG", "LATITUDE": -7.2568, "LONGITUDE": 112.748 }, "geometry": { "type": "Point", "coordinates": [ 112.748, -7.2568 ] } },
{ "type": "Feature", "properties": { "NPSN": 20533129, "NAMA SEKOL": "SD KRISTEN PETRA 1 SURABAYA", "JENJANG": "SD", "STATUS": "S", "ALAMAT SEK": "Jl. W.R. SUPRATMAN No. 46, SURABAYA", "WILAYAH": "Pusat", "KECAMATAN": "TEGALSARI", "KELURAHAN": "DR. SOETOMO", "LATITUDE": -7.279923972, "LONGITUDE": 112.7367656 }, "geometry": { "type": "Point", "coordinates": [ 112.7367656, -7.279923972 ] } },
{ "type": "Feature", "properties": { "NPSN": 20533130, "NAMA SEKOL": "SD MANDALA", "JENJANG": "SD", "STATUS": "S", "ALAMAT SEK": "JL. PUTROAGUNG II/6 SURABAYA", "WILAYAH": "Timur", "KECAMATAN": "TAMBAKSARI", "KELURAHAN": "RANGKAH", "LATITUDE": -7.2489, "LONGITUDE": 112.7689 }, "geometry": { "type": "Point", "coordinates": [ 112.7689, -7.2489 ] } },
{ "type": "Feature", "properties": { "NPSN": 20533131, "NAMA SEKOL": "SDS MANGUNI", "JENJANG": "SD", "STATUS": "S", "ALAMAT SEK": "JL. SATELIT INDAH III/DN-6", "WILAYAH": "Barat", "KECAMATAN": "SUKOMANUNGGAL", "KELURAHAN": "TANJUNGSARI", "LATITUDE": -7.2653, "LONGITUDE": 112.6924 }, "geometry": { "type": "Point", "coordinates": [ 112.6924, -7.2653 ] } },
{ "type": "Feature", "properties": { "NPSN": 20533134, "NAMA SEKOL": "SD MARDI SIWI SURABAYA", "JENJANG": "SD", "STATUS": "S", "ALAMAT SEK": "Jl. TAMBAKSARI I/10 SURABAYA", "WILAYAH": "Timur", "KECAMATAN": "TAMBAKSARI", "KELURAHAN": "PLOSO", "LATITUDE": -7.2506, "LONGITUDE": 112.7561 }, "geometry": { "type": "Point", "coordinates": [ 112.7561, -7.2506 ] } },
{ "type": "Feature", "properties": { "NPSN": 20533135, "NAMA SEKOL": "SD MARDI SUNU SURABAYA", "JENJANG": "SD", "STATUS": "S", "ALAMAT SEK": "Jl. PASAR KEMBANG No. 89-91 SURABAYA", "WILAYAH": "Pusat", "KECAMATAN": "TEGALSARI", "KELURAHAN": "WONOREJO", "LATITUDE": -7.2724, "LONGITUDE": 112.7278 }, "geometry": { "type": "Point", "coordinates": [ 112.7278, -7.2724 ] } },
{ "type": "Feature", "properties": { "NPSN": 20533136, "NAMA SEKOL": "SD MARGIE", "JENJANG": "SD", "STATUS": "S", "ALAMAT SEK": "JL. KUPANG INDAH IX/19 SURABAYA", "WILAYAH": "Selatan", "KECAMATAN": "DUKUH PAKIS", "KELURAHAN": "DUKUH KUPANG", "LATITUDE": -7.2803, "LONGITUDE": 112.7012 }, "geometry": { "type": "Point", "coordinates": [ 112.7012, -7.2803 ] } },
{ "type": "Feature", "properties": { "NPSN": 20533137, "NAMA SEKOL": "SD MARGORUKUN SURABAYA", "JENJANG": "SD", "STATUS": "S", "ALAMAT SEK": "Jl. MARGORUKUN  I/19 SURABAYA", "WILAYAH": "Pusat", "KECAMATAN": "BUBUTAN", "KELURAHAN": "GUNDIH", "LATITUDE": -7.2494, "LONGITUDE": 112.7269 }, "geometry": { "type": "Point", "coordinates": [ 112.7269, -7.2494 ] } },
{ "type": "Feature", "properties": { "NPSN": 20533138, "NAMA SEKOL": "SD MABADIUL ULUM SURABAYA", "JENJANG": "SD", "STATUS": "S", "ALAMAT SEK": "Jl. RODA SEKOLAHAN NO. 1 SURABAYA", "WILAYAH": "Timur", "KECAMATAN": "SUKOLILO", "KELURAHAN": "GEBANG PUTIH", "LATITUDE": -7.2793, "LONGITUDE": 112.7832 }, "geometry": { "type": "Point", "coordinates": [ 112.7832, -7.2793 ] } },
{ "type": "Feature", "properties": { "NPSN": 20533139, "NAMA SEKOL": "SD LABSCHOOL UNESA 1", "JENJANG": "SD", "STATUS": "S", "ALAMAT SEK": "Jl. KAMPUS UNESA KETINTANG SURABAYA", "WILAYAH": "Selatan", "KECAMATAN": "GAYUNGAN", "KELURAHAN": "KETINTANG", "LATITUDE": -7.3114, "LONGITUDE": 112.7261 }, "geometry": { "type": "Point", "coordinates": [ 112.7261, -7.3114 ] } },
{ "type": "Feature", "properties": { "NPSN": 20533140, "NAMA SEKOL": "SD KYAI RODLIYAH SURABAYA", "JENJANG": "SD", "STATUS": "S", "ALAMAT SEK": "Jl. SENDANG BULU SURABAYA", "WILAYAH": "Barat", "KECAMATAN": "PAKAL", "KELURAHAN": "BABAT JERAWAT", "LATITUDE": -7.2385, "LONGITUDE": 112.6373 }, "geometry": { "type": "Point", "coordinates": [ 112.6373, -7.2385 ] } },
{ "type": "Feature", "properties": { "NPSN": 20533142, "NAMA SEKOL": "SD KRISTEN PETRA 10 SURABAYA", "JENJANG": "SD", "STATUS": "S", "ALAMAT SEK": "Jl. Raya Darmo Harapan PF-2 Surabaya", "WILAYAH": "Barat", "KECAMATAN": "SUKOMANUNGGAL", "KELURAHAN": "TANJUNGSARI", "LATITUDE": -7.27166761, "LONGITUDE": 112.6870581 }, "geometry": { "type": "Point", "coordinates": [ 112.6870581, -7.27166761 ] } },
{ "type": "Feature", "properties": { "NPSN": 20533143, "NAMA SEKOL": "SD KRISTEN PETRA 7 SURABAYA", "JENJANG": "SD", "STATUS": "S", "ALAMAT SEK": "Jl. KALIANYAR 33 - 41  SURABAYA", "WILAYAH": "Pusat", "KECAMATAN": "GENTENG", "KELURAHAN": "KAPASARI", "LATITUDE": -7.2489, "LONGITUDE": 112.7481 }, "geometry": { "type": "Point", "coordinates": [ 112.7481, -7.2489 ] } },
{ "type": "Feature", "properties": { "NPSN": 20533144, "NAMA SEKOL": "SDK KRISTUS RAJA SURABAYA", "JENJANG": "SD", "STATUS": "S", "ALAMAT SEK": "Jl. WISMA PERMAI TENGAH I  SURABAYA", "WILAYAH": "Timur", "KECAMATAN": "MULYOREJO", "KELURAHAN": "MULYOREJO", "LATITUDE": -7.2669, "LONGITUDE": 112.7764 }, "geometry": { "type": "Point", "coordinates": [ 112.7764, -7.2669 ] } },
{ "type": "Feature", "properties": { "NPSN": 20533145, "NAMA SEKOL": "SD KURNIA INDAH", "JENJANG": "SD", "STATUS": "S", "ALAMAT SEK": "JL. TANAH MERAH I/24 SURABAYA", "WILAYAH": "Utara", "KECAMATAN": "KENJERAN", "KELURAHAN": "TANAH KALI KEDINDING", "LATITUDE": -7.2306, "LONGITUDE": 112.7681 }, "geometry": { "type": "Point", "coordinates": [ 112.7681, -7.2306 ] } },
{ "type": "Feature", "properties": { "NPSN": 20533146, "NAMA SEKOL": "SD KUSUMA PUTRA SURABAYA", "JENJANG": "SD", "STATUS": "S", "ALAMAT SEK": "Jl. POGOT JAYA IV/1  SURABAYA", "WILAYAH": "Utara", "KECAMATAN": "KENJERAN", "KELURAHAN": "TANAH KALI KEDINDING", "LATITUDE": -7.236196778, "LONGITUDE": 112.7649254 }, "geometry": { "type": "Point", "coordinates": [ 112.7649254, -7.236196778 ] } },
{ "type": "Feature", "properties": { "NPSN": 20533147, "NAMA SEKOL": "SD ISLAM KIYAI AMIN", "JENJANG": "SD", "STATUS": "S", "ALAMAT SEK": "JL. KYAI ABDUL KARIM NO. 2 SURABAYA", "WILAYAH": "Timur", "KECAMATAN": "GUNUNG ANYAR", "KELURAHAN": "RUNGKUT MENANGGAL", "LATITUDE": -7.3386226, "LONGITUDE": 112.7684438 }, "geometry": { "type": "Point", "coordinates": [ 112.7684438, -7.3386226 ] } },
{ "type": "Feature", "properties": { "NPSN": 20533148, "NAMA SEKOL": "SD KYAI HASYIM SURABAYA", "JENJANG": "SD", "STATUS": "S", "ALAMAT SEK": "Jl. TENGGILIS KAUMAN NO. 28 SURABAYA", "WILAYAH": "Timur", "KECAMATAN": "TENGGILIS MEJOYO", "KELURAHAN": "TENGGILIS MEJOYO", "LATITUDE": -7.318137855, "LONGITUDE": 112.7587655 }, "geometry": { "type": "Point", "coordinates": [ 112.7587655, -7.318137855 ] } },
{ "type": "Feature", "properties": { "NPSN": 20533149, "NAMA SEKOL": "SD MA`ARIF AL-FATTAH", "JENJANG": "SD", "STATUS": "S", "ALAMAT SEK": "JL. MASTRIP NO. 35 KARANGPILANG SURABAYA", "WILAYAH": "Selatan", "KECAMATAN": "KARANG PILANG", "KELURAHAN": "KARANG PILANG", "LATITUDE": -7.3405, "LONGITUDE": 112.6966 }, "geometry": { "type": "Point", "coordinates": [ 112.6966, -7.3405 ] } },
{ "type": "Feature", "properties": { "NPSN": 20533153, "NAMA SEKOL": "SDN PACARKELING X /191", "JENJANG": "SD", "STATUS": "N", "ALAMAT SEK": "Jl. Gubeng Masjid II / 12", "WILAYAH": "Timur", "KECAMATAN": "TAMBAKSARI", "KELURAHAN": "PACARKELING", "LATITUDE": -7.2675524, "LONGITUDE": 112.7534005 }, "geometry": { "type": "Point", "coordinates": [ 112.7534005, -7.2675524 ] } },
{ "type": "Feature", "properties": { "NPSN": 20533154, "NAMA SEKOL": "SDN PACARKEMBANG I/192", "JENJANG": "SD", "STATUS": "N", "ALAMAT SEK": "Jl. Bronggalan 36", "WILAYAH": "Timur", "KECAMATAN": "TAMBAKSARI", "KELURAHAN": "PACARKEMBANG", "LATITUDE": -7.256249912, "LONGITUDE": 112.7654012 }, "geometry": { "type": "Point", "coordinates": [ 112.7654012, -7.256249912 ] } },
{ "type": "Feature", "properties": { "NPSN": 20533157, "NAMA SEKOL": "SDN PACARKEMBANG IV", "JENJANG": "SD", "STATUS": "N", "ALAMAT SEK": "Jl. Kedung Tarukan Wetan I", "WILAYAH": "Timur", "KECAMATAN": "TAMBAKSARI", "KELURAHAN": "PACARKEMBANG", "LATITUDE": -7.263683425, "LONGITUDE": 112.7636125 }, "geometry": { "type": "Point", "coordinates": [ 112.7636125, -7.263683425 ] } },
{ "type": "Feature", "properties": { "NPSN": 20533162, "NAMA SEKOL": "SDN PACARKELING V", "JENJANG": "SD", "STATUS": "N", "ALAMAT SEK": "Jl. Pacar Keling 7", "WILAYAH": "Timur", "KECAMATAN": "TAMBAKSARI", "KELURAHAN": "PACARKELING", "LATITUDE": -7.258186356, "LONGITUDE": 112.7548407 }, "geometry": { "type": "Point", "coordinates": [ 112.7548407, -7.258186356 ] } },
{ "type": "Feature", "properties": { "NPSN": 20533165, "NAMA SEKOL": "SDN NGINDEN JANGKUNGAN I /247", "JENJANG": "SD", "STATUS": "N", "ALAMAT SEK": "JL.NGINDEN BARU VI NO. 30  –  32", "WILAYAH": "Timur", "KECAMATAN": "SUKOLILO", "KELURAHAN": "NGINDEN JANGKUNGAN", "LATITUDE": -7.302219386, "LONGITUDE": 112.7695181 }, "geometry": { "type": "Point", "coordinates": [ 112.7695181, -7.302219386 ] } },
{ "type": "Feature", "properties": { "NPSN": 20533167, "NAMA SEKOL": "SDN PACARKELING IX/190", "JENJANG": "SD", "STATUS": "N", "ALAMAT SEK": "Jl. Gersikan II / 14A", "WILAYAH": "Timur", "KECAMATAN": "TAMBAKSARI", "KELURAHAN": "PACARKELING", "LATITUDE": -7.257106665, "LONGITUDE": 112.76324 }, "geometry": { "type": "Point", "coordinates": [ 112.76324, -7.257106665 ] } },
{ "type": "Feature", "properties": { "NPSN": 20533168, "NAMA SEKOL": "SDN PACARKELING I/182", "JENJANG": "SD", "STATUS": "N", "ALAMAT SEK": "Jl. Tambang Boyo No. 2 A Surabaya", "WILAYAH": "Timur", "KECAMATAN": "TAMBAKSARI", "KELURAHAN": "PACARKELING", "LATITUDE": -7.258739227, "LONGITUDE": 112.7604529 }, "geometry": { "type": "Point", "coordinates": [ 112.7604529, -7.258739227 ] } },
{ "type": "Feature", "properties": { "NPSN": 20533172, "NAMA SEKOL": "SDN PAGESANGAN", "JENJANG": "SD", "STATUS": "N", "ALAMAT SEK": "JL PAGESANGAN III/10", "WILAYAH": "Selatan", "KECAMATAN": "JAMBANGAN", "KELURAHAN": "PAGESANGAN", "LATITUDE": -7.334569722, "LONGITUDE": 112.7083513 }, "geometry": { "type": "Point", "coordinates": [ 112.7083513, -7.334569722 ] } },
{ "type": "Feature", "properties": { "NPSN": 20533175, "NAMA SEKOL": "SDN PEGIRIAN I / 47", "JENJANG": "SD", "STATUS": "N", "ALAMAT SEK": "JL WONOSARI I/16", "WILAYAH": "Utara", "KECAMATAN": "SEMAMPIR", "KELURAHAN": "PEGIRIAN", "LATITUDE": -7.22398707, "LONGITUDE": 112.7503668 }, "geometry": { "type": "Point", "coordinates": [ 112.7503668, -7.22398707 ] } },
{ "type": "Feature", "properties": { "NPSN": 20533176, "NAMA SEKOL": "SDN PEGIRIAN II / 495", "JENJANG": "SD", "STATUS": "N", "ALAMAT SEK": "JL WONOKUSUMO KIDUL 27", "WILAYAH": "Utara", "KECAMATAN": "SEMAMPIR", "KELURAHAN": "PEGIRIAN", "LATITUDE": -7.225218772, "LONGITUDE": 112.7526648 }, "geometry": { "type": "Point", "coordinates": [ 112.7526648, -7.225218772 ] } },
{ "type": "Feature", "properties": { "NPSN": 20533177, "NAMA SEKOL": "SDN PENELEH I", "JENJANG": "SD", "STATUS": "N", "ALAMAT SEK": "JL. KLIMBUNGAN I no 15", "WILAYAH": "Pusat", "KECAMATAN": "GENTENG", "KELURAHAN": "PENELEH", "LATITUDE": -7.249575427, "LONGITUDE": 112.7449085 }, "geometry": { "type": "Point", "coordinates": [ 112.7449085, -7.249575427 ] } },
{ "type": "Feature", "properties": { "NPSN": 20533179, "NAMA SEKOL": "SDN PENJARINGANSARI I/271", "JENJANG": "SD", "STATUS": "N", "ALAMAT SEK": "JL. KENDALSARI SELATAN NO. 16", "WILAYAH": "Timur", "KECAMATAN": "RUNGKUT", "KELURAHAN": "PENJARINGANSARI", "LATITUDE": -7.3151321, "LONGITUDE": 112.7840764 }, "geometry": { "type": "Point", "coordinates": [ 112.7840764, -7.3151321 ] } },
{ "type": "Feature", "properties": { "NPSN": 20533180, "NAMA SEKOL": "SDN PENJARINGANSARI II/608", "JENJANG": "SD", "STATUS": "N", "ALAMAT SEK": "JL PANDUGO BARU V WPS", "WILAYAH": "Timur", "KECAMATAN": "RUNGKUT", "KELURAHAN": "PENJARINGANSARI", "LATITUDE": -7.319197, "LONGITUDE": 112.786656 }, "geometry": { "type": "Point", "coordinates": [ 112.786656, -7.319197 ] } },
{ "type": "Feature", "properties": { "NPSN": 20533181, "NAMA SEKOL": "SDN PANJANGJIWO I /265", "JENJANG": "SD", "STATUS": "N", "ALAMAT SEK": "Jl. Panjangjiwo Besar No 28", "WILAYAH": "Timur", "KECAMATAN": "TENGGILIS MEJOYO", "KELURAHAN": "PANJANG JIWO", "LATITUDE": -7.308730362, "LONGITUDE": 112.7615891 }, "geometry": { "type": "Point", "coordinates": [ 112.7615891, -7.308730362 ] } },
{ "type": "Feature", "properties": { "NPSN": 20533184, "NAMA SEKOL": "SD NEGERI PAKAL I", "JENJANG": "SD", "STATUS": "N", "ALAMAT SEK": "JL. SIDOREJO I", "WILAYAH": "Barat", "KECAMATAN": "PAKAL", "KELURAHAN": "PAKAL", "LATITUDE": -7.2411827, "LONGITUDE": 112.6134835 }, "geometry": { "type": "Point", "coordinates": [ 112.6134835, -7.2411827 ] } },
{ "type": "Feature", "properties": { "NPSN": 20533186, "NAMA SEKOL": "SDN PAKIS I /368", "JENJANG": "SD", "STATUS": "N", "ALAMAT SEK": "Jl. PAKIS TIRTOSARI VIII /14", "WILAYAH": "Selatan", "KECAMATAN": "SAWAHAN", "KELURAHAN": "PAKIS", "LATITUDE": -7.288164565, "LONGITUDE": 112.7243343 }, "geometry": { "type": "Point", "coordinates": [ 112.7243343, -7.288164565 ] } },
{ "type": "Feature", "properties": { "NPSN": 20533188, "NAMA SEKOL": "SDN PAKIS III /370", "JENJANG": "SD", "STATUS": "N", "ALAMAT SEK": "Jl. DUKUH KUPANG TIMUR XIII /36", "WILAYAH": "Selatan", "KECAMATAN": "SAWAHAN", "KELURAHAN": "PAKIS", "LATITUDE": -7.283788232, "LONGITUDE": 112.717518 }, "geometry": { "type": "Point", "coordinates": [ 112.717518, -7.283788232 ] } },
{ "type": "Feature", "properties": { "NPSN": 20533190, "NAMA SEKOL": "SDN PAKIS V/372", "JENJANG": "SD", "STATUS": "N", "ALAMAT SEK": "JL PAKIS SIDOKUMPUL", "WILAYAH": "Selatan", "KECAMATAN": "SAWAHAN", "KELURAHAN": "PAKIS", "LATITUDE": -7.283055263, "LONGITUDE": 112.7222015 }, "geometry": { "type": "Point", "coordinates": [ 112.7222015, -7.283055263 ] } },
{ "type": "Feature", "properties": { "NPSN": 20533193, "NAMA SEKOL": "SDN NGAGEL REJO V", "JENJANG": "SD", "STATUS": "N", "ALAMAT SEK": "JL. BRATANG WETAN 36", "WILAYAH": "Selatan", "KECAMATAN": "WONOKROMO", "KELURAHAN": "NGAGEL REJO", "LATITUDE": -7.296752935, "LONGITUDE": 112.7559961 }, "geometry": { "type": "Point", "coordinates": [ 112.7559961, -7.296752935 ] } },
{ "type": "Feature", "properties": { "NPSN": 20533195, "NAMA SEKOL": "SDN MEDOKAN AYU I /270", "JENJANG": "SD", "STATUS": "N", "ALAMAT SEK": "JL RAYA MEDOKAN AYU 7", "WILAYAH": "Timur", "KECAMATAN": "RUNGKUT", "KELURAHAN": "MEDOKAN AYU", "LATITUDE": -7.329470486, "LONGITUDE": 112.7948921 }, "geometry": { "type": "Point", "coordinates": [ 112.7948921, -7.329470486 ] } },
{ "type": "Feature", "properties": { "NPSN": 20533196, "NAMA SEKOL": "SDN MEDOKAN AYU II /615", "JENJANG": "SD", "STATUS": "N", "ALAMAT SEK": "Jl. KOMPLEK YKP MA.I BLOK L 23-25", "WILAYAH": "Timur", "KECAMATAN": "RUNGKUT", "KELURAHAN": "MEDOKAN AYU", "LATITUDE": -7.327996681, "LONGITUDE": 112.7912544 }, "geometry": { "type": "Point", "coordinates": [ 112.7912544, -7.327996681 ] } },
{ "type": "Feature", "properties": { "NPSN": 20533198, "NAMA SEKOL": "SDN MENANGGAL 601", "JENJANG": "SD", "STATUS": "N", "ALAMAT SEK": "JL.TAMAN WISMA MENANGGAL NO. 35", "WILAYAH": "Selatan", "KECAMATAN": "GAYUNGAN", "KELURAHAN": "MENANGGAL", "LATITUDE": -7.339600887, "LONGITUDE": 112.7177778 }, "geometry": { "type": "Point", "coordinates": [ 112.7177778, -7.339600887 ] } },
{ "type": "Feature", "properties": { "NPSN": 20533200, "NAMA SEKOL": "SDN MENUR PUMPUNGAN", "JENJANG": "SD", "STATUS": "N", "ALAMAT SEK": "JL. MANYAR KARTIKA TIMUR NO. 8", "WILAYAH": "Timur", "KECAMATAN": "SUKOLILO", "KELURAHAN": "MENUR PUMPUNGAN", "LATITUDE": -7.292721736, "LONGITUDE": 112.7697977 }, "geometry": { "type": "Point", "coordinates": [ 112.7697977, -7.292721736 ] } },
{ "type": "Feature", "properties": { "NPSN": 20533202, "NAMA SEKOL": "SDN MENUR PUMPUNGAN IV 236", "JENJANG": "SD", "STATUS": "N", "ALAMAT SEK": "JL. MANYAR REJO I / 37", "WILAYAH": "Timur", "KECAMATAN": "SUKOLILO", "KELURAHAN": "MENUR PUMPUNGAN", "LATITUDE": -7.297058111, "LONGITUDE": 112.7643886 }, "geometry": { "type": "Point", "coordinates": [ 112.7643886, -7.297058111 ] } },
{ "type": "Feature", "properties": { "NPSN": 20533206, "NAMA SEKOL": "SDN MANYAR SABRANGAN II/231", "JENJANG": "SD", "STATUS": "N", "ALAMAT SEK": "JL MANYAR TIRTOMOYO VIII NO. 1", "WILAYAH": "Timur", "KECAMATAN": "MULYOREJO", "KELURAHAN": "MANYAR SABRANGAN", "LATITUDE": -7.284548, "LONGITUDE": 112.768068 }, "geometry": { "type": "Point", "coordinates": [ 112.768068, -7.284548 ] } },
{ "type": "Feature", "properties": { "NPSN": 20533209, "NAMA SEKOL": "SDN MARGOREJO I /403", "JENJANG": "SD", "STATUS": "N", "ALAMAT SEK": "Jl. Margorejo No. 1", "WILAYAH": "Selatan", "KECAMATAN": "WONOCOLO", "KELURAHAN": "MARGOREJO", "LATITUDE": -7.31437718, "LONGITUDE": 112.7362353 }, "geometry": { "type": "Point", "coordinates": [ 112.7362353, -7.31437718 ] } },
{ "type": "Feature", "properties": { "NPSN": 20533210, "NAMA SEKOL": "SDN MARGOREJO III/405", "JENJANG": "SD", "STATUS": "N", "ALAMAT SEK": "Jl. BENDUL MERISI BESAR No. 82", "WILAYAH": "Selatan", "KECAMATAN": "WONOCOLO", "KELURAHAN": "BENDUL MERISI", "LATITUDE": -7.310511563, "LONGITUDE": 112.7436106 }, "geometry": { "type": "Point", "coordinates": [ 112.7436106, -7.310511563 ] } },
{ "type": "Feature", "properties": { "NPSN": 20533212, "NAMA SEKOL": "SDN MARGOREJO V /407", "JENJANG": "SD", "STATUS": "N", "ALAMAT SEK": "JL.MARGOREJO TANGSI III/5", "WILAYAH": "Selatan", "KECAMATAN": "WONOCOLO", "KELURAHAN": "MARGOREJO", "LATITUDE": -7.314351387, "LONGITUDE": 112.7410893 }, "geometry": { "type": "Point", "coordinates": [ 112.7410893, -7.314351387 ] } },
{ "type": "Feature", "properties": { "NPSN": 20533213, "NAMA SEKOL": "SDN MARGOREJO VI", "JENJANG": "SD", "STATUS": "N", "ALAMAT SEK": "JL.Taman Jemursari No. 4", "WILAYAH": "Selatan", "KECAMATAN": "WONOCOLO", "KELURAHAN": "JEMUR WONOSARI", "LATITUDE": -7.321119084, "LONGITUDE": 112.739469 }, "geometry": { "type": "Point", "coordinates": [ 112.739469, -7.321119084 ] } },
{ "type": "Feature", "properties": { "NPSN": 20533215, "NAMA SEKOL": "SDN MOJO I /220", "JENJANG": "SD", "STATUS": "N", "ALAMAT SEK": "JL MOJO KLANGGRU 24", "WILAYAH": "Timur", "KECAMATAN": "GUBENG", "KELURAHAN": "MOJO", "LATITUDE": -7.266029384, "LONGITUDE": 112.7675084 }, "geometry": { "type": "Point", "coordinates": [ 112.7675084, -7.266029384 ] } },
{ "type": "Feature", "properties": { "NPSN": 20533216, "NAMA SEKOL": "SDN MULYOREJO I/237", "JENJANG": "SD", "STATUS": "N", "ALAMAT SEK": "JL. MULYOREJO 184", "WILAYAH": "Timur", "KECAMATAN": "MULYOREJO", "KELURAHAN": "MULYOREJO", "LATITUDE": -7.2641, "LONGITUDE": 112.7853 }, "geometry": { "type": "Point", "coordinates": [ 112.7853, -7.2641 ] } },
{ "type": "Feature", "properties": { "NPSN": 20533218, "NAMA SEKOL": "SDN NGAGEL I/394", "JENJANG": "SD", "STATUS": "N", "ALAMAT SEK": "JL NGAGEL 211 A", "WILAYAH": "Selatan", "KECAMATAN": "WONOKROMO", "KELURAHAN": "NGAGEL", "LATITUDE": -7.298864873, "LONGITUDE": 112.741307 }, "geometry": { "type": "Point", "coordinates": [ 112.741307, -7.298864873 ] } },
{ "type": "Feature", "properties": { "NPSN": 20533220, "NAMA SEKOL": "SDN NGAGELREJO I/396", "JENJANG": "SD", "STATUS": "N", "ALAMAT SEK": "JL. NGAGEL MULYO 35", "WILAYAH": "Selatan", "KECAMATAN": "WONOKROMO", "KELURAHAN": "NGAGEL REJO", "LATITUDE": -7.296093175, "LONGITUDE": 112.7498433 }, "geometry": { "type": "Point", "coordinates": [ 112.7498433, -7.296093175 ] } },
{ "type": "Feature", "properties": { "NPSN": 20533223, "NAMA SEKOL": "SDN NGAGELREJO III/398", "JENJANG": "SD", "STATUS": "N", "ALAMAT SEK": "JL Bratang Wetan  I / 16", "WILAYAH": "Selatan", "KECAMATAN": "WONOKROMO", "KELURAHAN": "NGAGEL REJO", "LATITUDE": -7.297571219, "LONGITUDE": 112.753632 }, "geometry": { "type": "Point", "coordinates": [ 112.753632, -7.297571219 ] } },
{ "type": "Feature", "properties": { "NPSN": 20533226, "NAMA SEKOL": "SDN MOROKREMBANGAN I", "JENJANG": "SD", "STATUS": "N", "ALAMAT SEK": "JL. GRESIK 160", "WILAYAH": "Utara", "KECAMATAN": "KREMBANGAN", "KELURAHAN": "MOROKREMBANGAN", "LATITUDE": -7.231442851, "LONGITUDE": 112.7189606 }, "geometry": { "type": "Point", "coordinates": [ 112.7189606, -7.231442851 ] } },
{ "type": "Feature", "properties": { "NPSN": 20533229, "NAMA SEKOL": "SDN MOJO III / 222", "JENJANG": "SD", "STATUS": "N", "ALAMAT SEK": "JL KALIDAMI III /1", "WILAYAH": "Timur", "KECAMATAN": "GUBENG", "KELURAHAN": "MOJO", "LATITUDE": -7.275649, "LONGITUDE": 112.76383 }, "geometry": { "type": "Point", "coordinates": [ 112.76383, -7.275649 ] } },
{ "type": "Feature", "properties": { "NPSN": 20533233, "NAMA SEKOL": "SDN MOJO VI / 225", "JENJANG": "SD", "STATUS": "N", "ALAMAT SEK": "JL MOJO KLANGGRU KIDUL 145", "WILAYAH": "Timur", "KECAMATAN": "GUBENG", "KELURAHAN": "MOJO", "LATITUDE": -7.268997401, "LONGITUDE": 112.7704138 }, "geometry": { "type": "Point", "coordinates": [ 112.7704138, -7.268997401 ] } },
{ "type": "Feature", "properties": { "NPSN": 20533236, "NAMA SEKOL": "SDN MOJO VIII / 227", "JENJANG": "SD", "STATUS": "N", "ALAMAT SEK": "Jl. KARANG MENJANGAN III NO. 8  SURABAYA", "WILAYAH": "Timur", "KECAMATAN": "GUBENG", "KELURAHAN": "MOJO", "LATITUDE": -7.270759992, "LONGITUDE": 112.7628455 }, "geometry": { "type": "Point", "coordinates": [ 112.7628455, -7.270759992 ] } },
{ "type": "Feature", "properties": { "NPSN": 20533238, "NAMA SEKOL": "SDN RUNGKUT MENANGGAL I/582", "JENJANG": "SD", "STATUS": "N", "ALAMAT SEK": "JALAN RUNGKUT BARATA IX/3 SURABAYA", "WILAYAH": "Timur", "KECAMATAN": "GUNUNG ANYAR", "KELURAHAN": "RUNGKUT MENANGGAL", "LATITUDE": -7.335931, "LONGITUDE": 112.773118 }, "geometry": { "type": "Point", "coordinates": [ 112.773118, -7.335931 ] } },
{ "type": "Feature", "properties": { "NPSN": 20533242, "NAMA SEKOL": "SDN SAWUNGGALING I/382", "JENJANG": "SD", "STATUS": "N", "ALAMAT SEK": "JL CILIWUNG 75", "WILAYAH": "Selatan", "KECAMATAN": "WONOKROMO", "KELURAHAN": "SAWUNGGALING", "LATITUDE": -7.296135842, "LONGITUDE": 112.7332129 }, "geometry": { "type": "Point", "coordinates": [ 112.7332129, -7.296135842 ] } },
{ "type": "Feature", "properties": { "NPSN": 20533246, "NAMA SEKOL": "SDN SAWUNGGALING VII/388", "JENJANG": "SD", "STATUS": "N", "ALAMAT SEK": "JL. GAJAH MADA  SEKOLAHAN No. 05", "WILAYAH": "Selatan", "KECAMATAN": "WONOKROMO", "KELURAHAN": "SAWUNGGALING", "LATITUDE": -7.300548842, "LONGITUDE": 112.7210677 }, "geometry": { "type": "Point", "coordinates": [ 112.7210677, -7.300548842 ] } },
{ "type": "Feature", "properties": { "NPSN": 20533250, "NAMA SEKOL": "SDN RUNGKUT MENANGGAL II/583", "JENJANG": "SD", "STATUS": "N", "ALAMAT SEK": "JL. RUNGKUT MENANGGAL HARAPAN BLOK K/-", "WILAYAH": "Timur", "KECAMATAN": "GUNUNG ANYAR", "KELURAHAN": "RUNGKUT MENANGGAL", "LATITUDE": -7.336477586, "LONGITUDE": 112.7777688 }, "geometry": { "type": "Point", "coordinates": [ 112.7777688, -7.336477586 ] } },
{ "type": "Feature", "properties": { "NPSN": 20533252, "NAMA SEKOL": "SDN SAMBIKEREP I/479", "JENJANG": "SD", "STATUS": "N", "ALAMAT SEK": "JL. SAMBIKEREP No.41", "WILAYAH": "Barat", "KECAMATAN": "SAMBIKEREP", "KELURAHAN": "SAMBIKEREP", "LATITUDE": -7.275051265, "LONGITUDE": 112.6537871 }, "geometry": { "type": "Point", "coordinates": [ 112.6537871, -7.275051265 ] } },
{ "type": "Feature", "properties": { "NPSN": 20533253, "NAMA SEKOL": "SDN SAMBIKEREP II/480", "JENJANG": "SD", "STATUS": "N", "ALAMAT SEK": "JL. RAYA JELIDRO BARU", "WILAYAH": "Barat", "KECAMATAN": "SAMBIKEREP", "KELURAHAN": "SAMBIKEREP", "LATITUDE": -7.265960323, "LONGITUDE": 112.6563236 }, "geometry": { "type": "Point", "coordinates": [ 112.6563236, -7.265960323 ] } },
{ "type": "Feature", "properties": { "NPSN": 20533256, "NAMA SEKOL": "SDN SAWAHAN I/340", "JENJANG": "SD", "STATUS": "N", "ALAMAT SEK": "JL WIDODAREN 22", "WILAYAH": "Selatan", "KECAMATAN": "SAWAHAN", "KELURAHAN": "SAWAHAN", "LATITUDE": -7.260786979, "LONGITUDE": 112.7305766 }, "geometry": { "type": "Point", "coordinates": [ 112.7305766, -7.260786979 ] } },
{ "type": "Feature", "properties": { "NPSN": 20533258, "NAMA SEKOL": "SDN SAWUNGGALING VIII/389", "JENJANG": "SD", "STATUS": "N", "ALAMAT SEK": "JALAN GAJAH MADA BARU II", "WILAYAH": "Selatan", "KECAMATAN": "WONOKROMO", "KELURAHAN": "SAWUNGGALING", "LATITUDE": -7.301194983, "LONGITUDE": 112.7209661 }, "geometry": { "type": "Point", "coordinates": [ 112.7209661, -7.301194983 ] } },
{ "type": "Feature", "properties": { "NPSN": 20533259, "NAMA SEKOL": "SDN SEMEMI  I", "JENJANG": "SD", "STATUS": "N", "ALAMAT SEK": "Jl. Raya Kendung, Sememi, Kota Surabaya", "WILAYAH": "Barat", "KECAMATAN": "BENOWO", "KELURAHAN": "SEMEMI", "LATITUDE": -7.249244826, "LONGITUDE": 112.6353791 }, "geometry": { "type": "Point", "coordinates": [ 112.6353791, -7.249244826 ] } },
{ "type": "Feature", "properties": { "NPSN": 20533261, "NAMA SEKOL": "SDN SIDOTOPO IV", "JENJANG": "SD", "STATUS": "N", "ALAMAT SEK": "JL BOLODEWO 46", "WILAYAH": "Utara", "KECAMATAN": "SEMAMPIR", "KELURAHAN": "SIDOTOPO", "LATITUDE": -7.231607205, "LONGITUDE": 112.7492661 }, "geometry": { "type": "Point", "coordinates": [ 112.7492661, -7.231607205 ] } },
{ "type": "Feature", "properties": { "NPSN": 20533264, "NAMA SEKOL": "SDN SIDOTOPO WETAN I", "JENJANG": "SD", "STATUS": "N", "ALAMAT SEK": "JL SIDOTOPO WETAN I LUAR No. 1", "WILAYAH": "Utara", "KECAMATAN": "KENJERAN", "KELURAHAN": "SIDOTOPO WETAN", "LATITUDE": -7.233347116, "LONGITUDE": 112.7580453 }, "geometry": { "type": "Point", "coordinates": [ 112.7580453, -7.233347116 ] } },
{ "type": "Feature", "properties": { "NPSN": 20533267, "NAMA SEKOL": "SDN SIDOTOPO WETAN IV /558", "JENJANG": "SD", "STATUS": "N", "ALAMAT SEK": "JL RANDU NO. 100", "WILAYAH": "Utara", "KECAMATAN": "KENJERAN", "KELURAHAN": "SIDOTOPO WETAN", "LATITUDE": -7.2270432, "LONGITUDE": 112.7635978 }, "geometry": { "type": "Point", "coordinates": [ 112.7635978, -7.2270432 ] } },
{ "type": "Feature", "properties": { "NPSN": 20533269, "NAMA SEKOL": "SDN SIDOTOPO I", "JENJANG": "SD", "STATUS": "N", "ALAMAT SEK": "JL SIDOTOPO LOR 68", "WILAYAH": "Utara", "KECAMATAN": "SEMAMPIR", "KELURAHAN": "SIDOTOPO", "LATITUDE": -7.230325363, "LONGITUDE": 112.7526235 }, "geometry": { "type": "Point", "coordinates": [ 112.7526235, -7.230325363 ] } },
{ "type": "Feature", "properties": { "NPSN": 20533272, "NAMA SEKOL": "SDN SEMOLOWARU I/261", "JENJANG": "SD", "STATUS": "N", "ALAMAT SEK": "JL. SEMOLOWARU NO. 179", "WILAYAH": "Timur", "KECAMATAN": "SUKOLILO", "KELURAHAN": "SEMOLOWARU", "LATITUDE": -7.300416417, "LONGITUDE": 112.7795403 }, "geometry": { "type": "Point", "coordinates": [ 112.7795403, -7.300416417 ] } },
{ "type": "Feature", "properties": { "NPSN": 20533274, "NAMA SEKOL": "SDN SEMOLOWARU IV/614", "JENJANG": "SD", "STATUS": "N", "ALAMAT SEK": "JL. SEMOLOWARU TIMUR II NO. 1", "WILAYAH": "Timur", "KECAMATAN": "SUKOLILO", "KELURAHAN": "SEMOLOWARU", "LATITUDE": -7.303672883, "LONGITUDE": 112.7756935 }, "geometry": { "type": "Point", "coordinates": [ 112.7756935, -7.303672883 ] } },
{ "type": "Feature", "properties": { "NPSN": 20533275, "NAMA SEKOL": "SDN SIDODADI I/153", "JENJANG": "SD", "STATUS": "N", "ALAMAT SEK": "JL. SIDODADI 20 - 22", "WILAYAH": "Pusat", "KECAMATAN": "SIMOKERTO", "KELURAHAN": "SIDODADI", "LATITUDE": -7.237143494, "LONGITUDE": 112.7465386 }, "geometry": { "type": "Point", "coordinates": [ 112.7465386, -7.237143494 ] } },
{ "type": "Feature", "properties": { "NPSN": 20533276, "NAMA SEKOL": "SDN SIDODADI II/154", "JENJANG": "SD", "STATUS": "N", "ALAMAT SEK": "JL. SRENGGANAN 8", "WILAYAH": "Pusat", "KECAMATAN": "SIMOKERTO", "KELURAHAN": "SIDODADI", "LATITUDE": -7.236105758, "LONGITUDE": 112.7456459 }, "geometry": { "type": "Point", "coordinates": [ 112.7456459, -7.236105758 ] } },
{ "type": "Feature", "properties": { "NPSN": 20533278, "NAMA SEKOL": "SDN SIDOSERMO I /427", "JENJANG": "SD", "STATUS": "N", "ALAMAT SEK": "JL. SIDOSERMO PDK I", "WILAYAH": "Selatan", "KECAMATAN": "WONOCOLO", "KELURAHAN": "SIDOSERMO", "LATITUDE": -7.313039551, "LONGITUDE": 112.7513659 }, "geometry": { "type": "Point", "coordinates": [ 112.7513659, -7.313039551 ] } },
{ "type": "Feature", "properties": { "NPSN": 20533279, "NAMA SEKOL": "SDN SIMOKERTO I/134", "JENJANG": "SD", "STATUS": "N", "ALAMAT SEK": "JL. SIMOLAWANG BARU I/8", "WILAYAH": "Pusat", "KECAMATAN": "SIMOKERTO", "KELURAHAN": "SIMOKERTO", "LATITUDE": -7.239113921, "LONGITUDE": 112.7509159 }, "geometry": { "type": "Point", "coordinates": [ 112.7509159, -7.239113921 ] } },
{ "type": "Feature", "properties": { "NPSN": 20533282, "NAMA SEKOL": "SDN PETEMON IX /357", "JENJANG": "SD", "STATUS": "N", "ALAMAT SEK": "JL PACUAN KUDA 43a", "WILAYAH": "Selatan", "KECAMATAN": "SAWAHAN", "KELURAHAN": "PETEMON", "LATITUDE": -7.25923982, "LONGITUDE": 112.7172203 }, "geometry": { "type": "Point", "coordinates": [ 112.7172203, -7.25923982 ] } },
{ "type": "Feature", "properties": { "NPSN": 20533283, "NAMA SEKOL": "SDN PETEMON X/358", "JENJANG": "SD", "STATUS": "N", "ALAMAT SEK": "JL SIMO KWAGEAN NO. 37 SURABAYA", "WILAYAH": "Selatan", "KECAMATAN": "SAWAHAN", "KELURAHAN": "PETEMON", "LATITUDE": -7.265387459, "LONGITUDE": 112.7175263 }, "geometry": { "type": "Point", "coordinates": [ 112.7175263, -7.265387459 ] } },
{ "type": "Feature", "properties": { "NPSN": 20533285, "NAMA SEKOL": "SDN PETEMON XII /360", "JENJANG": "SD", "STATUS": "N", "ALAMAT SEK": "JL. PETEMON III/203", "WILAYAH": "Selatan", "KECAMATAN": "SAWAHAN", "KELURAHAN": "PETEMON", "LATITUDE": -7.263446666, "LONGITUDE": 112.7133466 }, "geometry": { "type": "Point", "coordinates": [ 112.7133466, -7.263446666 ] } },
{ "type": "Feature", "properties": { "NPSN": 20533286, "NAMA SEKOL": "SDN PETEMON XIII /361", "JENJANG": "SD", "STATUS": "N", "ALAMAT SEK": "JL. SIMO SIDOMULYO XI/ 7", "WILAYAH": "Selatan", "KECAMATAN": "SAWAHAN", "KELURAHAN": "PETEMON", "LATITUDE": -7.256327749, "LONGITUDE": 112.7143914 }, "geometry": { "type": "Point", "coordinates": [ 112.7143914, -7.256327749 ] } },
{ "type": "Feature", "properties": { "NPSN": 20533287, "NAMA SEKOL": "SDN PLOSO I/172", "JENJANG": "SD", "STATUS": "N", "ALAMAT SEK": "Jl. Ploso VI / 9", "WILAYAH": "Timur", "KECAMATAN": "TAMBAKSARI", "KELURAHAN": "PLOSO", "LATITUDE": -7.2518347, "LONGITUDE": 112.7637326 }, "geometry": { "type": "Point", "coordinates": [ 112.7637326, -7.2518347 ] } },
{ "type": "Feature", "properties": { "NPSN": 20533288, "NAMA SEKOL": "SDN PLOSO III NO.174", "JENJANG": "SD", "STATUS": "N", "ALAMAT SEK": "Jl. Karang Empat Besar 60 -62", "WILAYAH": "Timur", "KECAMATAN": "TAMBAKSARI", "KELURAHAN": "PLOSO", "LATITUDE": -7.2513, "LONGITUDE": 112.7709 }, "geometry": { "type": "Point", "coordinates": [ 112.7709, -7.2513 ] } },
{ "type": "Feature", "properties": { "NPSN": 20533292, "NAMA SEKOL": "SDN PETEMON", "JENJANG": "SD", "STATUS": "N", "ALAMAT SEK": "JL TIDAR 121", "WILAYAH": "Selatan", "KECAMATAN": "SAWAHAN", "KELURAHAN": "PETEMON", "LATITUDE": -7.256919789, "LONGITUDE": 112.7202326 }, "geometry": { "type": "Point", "coordinates": [ 112.7202326, -7.256919789 ] } },
{ "type": "Feature", "properties": { "NPSN": 20533294, "NAMA SEKOL": "SDN PERAK BARAT IV /  04", "JENJANG": "SD", "STATUS": "N", "ALAMAT SEK": "JL. IKAN KAKAP  NO. 3", "WILAYAH": "Utara", "KECAMATAN": "KREMBANGAN", "KELURAHAN": "PERAK BARAT", "LATITUDE": -7.230634821, "LONGITUDE": 112.7256184 }, "geometry": { "type": "Point", "coordinates": [ 112.7256184, -7.230634821 ] } },
{ "type": "Feature", "properties": { "NPSN": 20533295, "NAMA SEKOL": "SDN PERAK BARAT VI", "JENJANG": "SD", "STATUS": "N", "ALAMAT SEK": "JL. IKAN LUMBA-LUMBA No. 29", "WILAYAH": "Utara", "KECAMATAN": "KREMBANGAN", "KELURAHAN": "PERAK BARAT", "LATITUDE": -7.229700007, "LONGITUDE": 112.7233858 }, "geometry": { "type": "Point", "coordinates": [ 112.7233858, -7.229700007 ] } },
{ "type": "Feature", "properties": { "NPSN": 20533296, "NAMA SEKOL": "SDN PERAK UTARA I /58", "JENJANG": "SD", "STATUS": "N", "ALAMAT SEK": "JL TELUK ARU 39", "WILAYAH": "Utara", "KECAMATAN": "PABEAN CANTIAN", "KELURAHAN": "TANJUNG PERAK", "LATITUDE": -7.215871053, "LONGITUDE": 112.7319954 }, "geometry": { "type": "Point", "coordinates": [ 112.7319954, -7.215871053 ] } },
{ "type": "Feature", "properties": { "NPSN": 20533298, "NAMA SEKOL": "SDN PERAK UTARA III /60", "JENJANG": "SD", "STATUS": "N", "ALAMAT SEK": "JL TELUK BETUNG 64", "WILAYAH": "Utara", "KECAMATAN": "PABEAN CANTIAN", "KELURAHAN": "TANJUNG PERAK", "LATITUDE": -7.213882, "LONGITUDE": 112.729643 }, "geometry": { "type": "Point", "coordinates": [ 112.729643, -7.213882 ] } },
{ "type": "Feature", "properties": { "NPSN": 20533303, "NAMA SEKOL": "SDN WARUGUNUNG I", "JENJANG": "SD", "STATUS": "N", "ALAMAT SEK": "Jl. Mastrip Warugunung X / 22", "WILAYAH": "Selatan", "KECAMATAN": "KARANG PILANG", "KELURAHAN": "WARU GUNUNG", "LATITUDE": -7.34966, "LONGITUDE": 112.66619 }, "geometry": { "type": "Point", "coordinates": [ 112.66619, -7.34966 ] } },
{ "type": "Feature", "properties": { "NPSN": 20533304, "NAMA SEKOL": "SDN WARUGUNUNG II", "JENJANG": "SD", "STATUS": "N", "ALAMAT SEK": "Jl. Mastrip Gg Surya Warugunung", "WILAYAH": "Selatan", "KECAMATAN": "KARANG PILANG", "KELURAHAN": "WARU GUNUNG", "LATITUDE": -7.346117546, "LONGITUDE": 112.6784444 }, "geometry": { "type": "Point", "coordinates": [ 112.6784444, -7.346117546 ] } },
{ "type": "Feature", "properties": { "NPSN": 20533402, "NAMA SEKOL": "SDN PRADAH KALI KENDAL  I", "JENJANG": "SD", "STATUS": "N", "ALAMAT SEK": "JL. HR. MUHAMMAD 159", "WILAYAH": "Selatan", "KECAMATAN": "DUKUH PAKIS", "KELURAHAN": "PRADAH KALIKENDAL", "LATITUDE": -7.283426342, "LONGITUDE": 112.6878859 }, "geometry": { "type": "Point", "coordinates": [ 112.6878859, -7.283426342 ] } },
{ "type": "Feature", "properties": { "NPSN": 20533406, "NAMA SEKOL": "SDN RANGKAH VI/168", "JENJANG": "SD", "STATUS": "N", "ALAMAT SEK": "Jl. Kapas Krampung 49", "WILAYAH": "Timur", "KECAMATAN": "TAMBAKSARI", "KELURAHAN": "RANGKAH", "LATITUDE": -7.249015, "LONGITUDE": 112.760079 }, "geometry": { "type": "Point", "coordinates": [ 112.760079, -7.249015 ] } },
{ "type": "Feature", "properties": { "NPSN": 20533409, "NAMA SEKOL": "SDN ROMOKALISARI 132", "JENJANG": "SD", "STATUS": "N", "ALAMAT SEK": "Jl. Romokalisari No.11", "WILAYAH": "Barat", "KECAMATAN": "BENOWO", "KELURAHAN": "ROMOKALISARI", "LATITUDE": -7.19620154, "LONGITUDE": 112.6474675 }, "geometry": { "type": "Point", "coordinates": [ 112.6474675, -7.19620154 ] } },
{ "type": "Feature", "properties": { "NPSN": 20533410, "NAMA SEKOL": "SDN RUNGKUT KIDUL I /267", "JENJANG": "SD", "STATUS": "N", "ALAMAT SEK": "JL ZAMHURI 31 -A", "WILAYAH": "Timur", "KECAMATAN": "RUNGKUT", "KELURAHAN": "RUNGKUT KIDUL", "LATITUDE": -7.330075058, "LONGITUDE": 112.7707638 }, "geometry": { "type": "Point", "coordinates": [ 112.7707638, -7.330075058 ] } },
{ "type": "Feature", "properties": { "NPSN": 20533412, "NAMA SEKOL": "SDN RANGKAH I", "JENJANG": "SD", "STATUS": "N", "ALAMAT SEK": "Jl. Kapas Krampung 47", "WILAYAH": "Timur", "KECAMATAN": "TAMBAKSARI", "KELURAHAN": "RANGKAH", "LATITUDE": -7.2488, "LONGITUDE": 112.7594 }, "geometry": { "type": "Point", "coordinates": [ 112.7594, -7.2488 ] } },
{ "type": "Feature", "properties": { "NPSN": 20533415, "NAMA SEKOL": "SDN PRADAH KALIKENDAL III - 530", "JENJANG": "SD", "STATUS": "N", "ALAMAT SEK": "JL. Pradah Permai  IV / No. 16", "WILAYAH": "Selatan", "KECAMATAN": "DUKUH PAKIS", "KELURAHAN": "PRADAH KALIKENDAL", "LATITUDE": -7.279840761, "LONGITUDE": 112.6957726 }, "geometry": { "type": "Point", "coordinates": [ 112.6957726, -7.279840761 ] } },
{ "type": "Feature", "properties": { "NPSN": 20533416, "NAMA SEKOL": "SDN PUTAT GEDE I/94", "JENJANG": "SD", "STATUS": "N", "ALAMAT SEK": "JL. PUTAT GEDE BARAT III A/16", "WILAYAH": "Barat", "KECAMATAN": "SUKOMANUNGGAL", "KELURAHAN": "PUTAT GEDE", "LATITUDE": -7.289208197, "LONGITUDE": 112.6957544 }, "geometry": { "type": "Point", "coordinates": [ 112.6957544, -7.289208197 ] } },
{ "type": "Feature", "properties": { "NPSN": 20533418, "NAMA SEKOL": "SDN PUTAT JAYA I /377", "JENJANG": "SD", "STATUS": "N", "ALAMAT SEK": "Jl. RAYA DUKUH KUPANG NO. 1", "WILAYAH": "Selatan", "KECAMATAN": "SAWAHAN", "KELURAHAN": "PUTAT JAYA", "LATITUDE": -7.280060754, "LONGITUDE": 112.7173857 }, "geometry": { "type": "Point", "coordinates": [ 112.7173857, -7.280060754 ] } },
{ "type": "Feature", "properties": { "NPSN": 20533419, "NAMA SEKOL": "SDN PUTAT JAYA II /378", "JENJANG": "SD", "STATUS": "N", "ALAMAT SEK": "Jl. DUKUH KUPANG 37", "WILAYAH": "Selatan", "KECAMATAN": "SAWAHAN", "KELURAHAN": "PUTAT JAYA", "LATITUDE": -7.28144929, "LONGITUDE": 112.7168548 }, "geometry": { "type": "Point", "coordinates": [ 112.7168548, -7.28144929 ] } },
{ "type": "Feature", "properties": { "NPSN": 20533420, "NAMA SEKOL": "SDN PUTAT JAYA III/379", "JENJANG": "SD", "STATUS": "N", "ALAMAT SEK": "JL. SIMO GUNUNG KRAMAT BARAT  IVA/7", "WILAYAH": "Selatan", "KECAMATAN": "SAWAHAN", "KELURAHAN": "PUTAT JAYA", "LATITUDE": -7.273624128, "LONGITUDE": 112.7157006 }, "geometry": { "type": "Point", "coordinates": [ 112.7157006, -7.273624128 ] } },
{ "type": "Feature", "properties": { "NPSN": 20533421, "NAMA SEKOL": "SDN PUTAT JAYA IV /380", "JENJANG": "SD", "STATUS": "N", "ALAMAT SEK": "JL MUSTANG 10a", "WILAYAH": "Selatan", "KECAMATAN": "SAWAHAN", "KELURAHAN": "PUTAT JAYA", "LATITUDE": -7.272307116, "LONGITUDE": 112.7114815 }, "geometry": { "type": "Point", "coordinates": [ 112.7114815, -7.272307116 ] } },
{ "type": "Feature", "properties": { "NPSN": 20533422, "NAMA SEKOL": "SDN RUNGKUT KIDUL II /581", "JENJANG": "SD", "STATUS": "N", "ALAMAT SEK": "JL RUNGKUT ASRI TENGAH VIII", "WILAYAH": "Timur", "KECAMATAN": "RUNGKUT", "KELURAHAN": "RUNGKUT KIDUL", "LATITUDE": -7.328001337, "LONGITUDE": 112.7778722 }, "geometry": { "type": "Point", "coordinates": [ 112.7778722, -7.328001337 ] } },
{ "type": "Feature", "properties": { "NPSN": 20533423, "NAMA SEKOL": "SDN MANUKAN WETAN IV/616", "JENJANG": "SD", "STATUS": "N", "ALAMAT SEK": "JL. SIKATAN GG.LEBAR NO.1", "WILAYAH": "Barat", "KECAMATAN": "TANDES", "KELURAHAN": "MANUKAN WETAN", "LATITUDE": -7.261229719, "LONGITUDE": 112.6731377 }, "geometry": { "type": "Point", "coordinates": [ 112.6731377, -7.261229719 ] } },
{ "type": "Feature", "properties": { "NPSN": 20533424, "NAMA SEKOL": "SDN KALIRUNGKUT I /264", "JENJANG": "SD", "STATUS": "N", "ALAMAT SEK": "JL PUSKESMAS 8", "WILAYAH": "Timur", "KECAMATAN": "RUNGKUT", "KELURAHAN": "KALIRUNGKUT", "LATITUDE": -7.322231562, "LONGITUDE": 112.7703618 }, "geometry": { "type": "Point", "coordinates": [ 112.7703618, -7.322231562 ] } },
{ "type": "Feature", "properties": { "NPSN": 20533426, "NAMA SEKOL": "SDN KAPASARI I/ 292", "JENJANG": "SD", "STATUS": "N", "ALAMAT SEK": "JL. PECINDILAN II/43", "WILAYAH": "Pusat", "KECAMATAN": "GENTENG", "KELURAHAN": "KAPASARI", "LATITUDE": -7.247199807, "LONGITUDE": 112.7497433 }, "geometry": { "type": "Point", "coordinates": [ 112.7497433, -7.247199807 ] } },
{ "type": "Feature", "properties": { "NPSN": 20533429, "NAMA SEKOL": "SDN KAPASARI V/ 296", "JENJANG": "SD", "STATUS": "N", "ALAMAT SEK": "JL. TAMBAK DUKUH I/ 8", "WILAYAH": "Pusat", "KECAMATAN": "GENTENG", "KELURAHAN": "KAPASARI", "LATITUDE": -7.2513, "LONGITUDE": 112.7507 }, "geometry": { "type": "Point", "coordinates": [ 112.7507, -7.2513 ] } },
{ "type": "Feature", "properties": { "NPSN": 20533431, "NAMA SEKOL": "SDN KAPASARI VIII", "JENJANG": "SD", "STATUS": "N", "ALAMAT SEK": "JL. Kusumabangsa No.  124", "WILAYAH": "Pusat", "KECAMATAN": "GENTENG", "KELURAHAN": "KAPASARI", "LATITUDE": -7.250588198, "LONGITUDE": 112.7501132 }, "geometry": { "type": "Point", "coordinates": [ 112.7501132, -7.250588198 ] } },
{ "type": "Feature", "properties": { "NPSN": 20533433, "NAMA SEKOL": "SDN KAPASAN V/147", "JENJANG": "SD", "STATUS": "N", "ALAMAT SEK": "JL. DONOREJO 28", "WILAYAH": "Pusat", "KECAMATAN": "SIMOKERTO", "KELURAHAN": "KAPASAN", "LATITUDE": -7.243269481, "LONGITUDE": 112.7546811 }, "geometry": { "type": "Point", "coordinates": [ 112.7546811, -7.243269481 ] } },
{ "type": "Feature", "properties": { "NPSN": 20533438, "NAMA SEKOL": "SDN KALIRUNGKUT IV /580", "JENJANG": "SD", "STATUS": "N", "ALAMAT SEK": "JL RUNGKUT HARAPAN L - 24", "WILAYAH": "Timur", "KECAMATAN": "RUNGKUT", "KELURAHAN": "KALIRUNGKUT", "LATITUDE": -7.326168339, "LONGITUDE": 112.7782252 }, "geometry": { "type": "Point", "coordinates": [ 112.7782252, -7.326168339 ] } },
{ "type": "Feature", "properties": { "NPSN": 20533439, "NAMA SEKOL": "SDN KALISARI I/242", "JENJANG": "SD", "STATUS": "N", "ALAMAT SEK": "JL MULYOSARI UTARA X /2-4", "WILAYAH": "Timur", "KECAMATAN": "MULYOREJO", "KELURAHAN": "KALISARI", "LATITUDE": -7.261303, "LONGITUDE": 112.796477 }, "geometry": { "type": "Point", "coordinates": [ 112.796477, -7.261303 ] } },
{ "type": "Feature", "properties": { "NPSN": 20533441, "NAMA SEKOL": "SDN KANDANGAN I / 121", "JENJANG": "SD", "STATUS": "N", "ALAMAT SEK": "Jl. Raya Kandangan No. 28 - 30", "WILAYAH": "Barat", "KECAMATAN": "BENOWO", "KELURAHAN": "KANDANGAN", "LATITUDE": -7.252121323, "LONGITUDE": 112.6517944 }, "geometry": { "type": "Point", "coordinates": [ 112.6517944, -7.252121323 ] } },
{ "type": "Feature", "properties": { "NPSN": 20533442, "NAMA SEKOL": "SDN KANDANGAN II / 620", "JENJANG": "SD", "STATUS": "N", "ALAMAT SEK": "Jl. Raya Tengger Kandangan No.1", "WILAYAH": "Barat", "KECAMATAN": "BENOWO", "KELURAHAN": "KANDANGAN", "LATITUDE": -7.256546569, "LONGITUDE": 112.6584831 }, "geometry": { "type": "Point", "coordinates": [ 112.6584831, -7.256546569 ] } },
{ "type": "Feature", "properties": { "NPSN": 20533443, "NAMA SEKOL": "SDN KAPASAN III/145", "JENJANG": "SD", "STATUS": "N", "ALAMAT SEK": "JL. GEMBONG SEKOLAHAN NO. 7  SURABAYA", "WILAYAH": "Pusat", "KECAMATAN": "SIMOKERTO", "KELURAHAN": "KAPASAN", "LATITUDE": -7.241400146, "LONGITUDE": 112.7510279 }, "geometry": { "type": "Point", "coordinates": [ 112.7510279, -7.241400146 ] } },
{ "type": "Feature", "properties": { "NPSN": 20533445, "NAMA SEKOL": "SDN KARANG PILANG I", "JENJANG": "SD", "STATUS": "N", "ALAMAT SEK": "Jl. Mastrip Gg. Merpati 39", "WILAYAH": "Selatan", "KECAMATAN": "KARANG PILANG", "KELURAHAN": "KARANG PILANG", "LATITUDE": -7.3411, "LONGITUDE": 112.6939 }, "geometry": { "type": "Point", "coordinates": [ 112.6939, -7.3411 ] } },
{ "type": "Feature", "properties": { "NPSN": 20533448, "NAMA SEKOL": "SDN KEDUNGDORO IV/309", "JENJANG": "SD", "STATUS": "N", "ALAMAT SEK": "JL. PLEMAHAN VI/4", "WILAYAH": "Pusat", "KECAMATAN": "TEGALSARI", "KELURAHAN": "KEDUNGDORO", "LATITUDE": -7.2631, "LONGITUDE": 112.7359 }, "geometry": { "type": "Point", "coordinates": [ 112.7359, -7.2631 ] } },
{ "type": "Feature", "properties": { "NPSN": 20533449, "NAMA SEKOL": "SDN KEDUNGDORO V/310", "JENJANG": "SD", "STATUS": "N", "ALAMAT SEK": "JL. SURABAYAN IV/28", "WILAYAH": "Pusat", "KECAMATAN": "TEGALSARI", "KELURAHAN": "KEDUNGDORO", "LATITUDE": -7.266504834, "LONGITUDE": 112.7332715 }, "geometry": { "type": "Point", "coordinates": [ 112.7332715, -7.266504834 ] } },
{ "type": "Feature", "properties": { "NPSN": 20533462, "NAMA SEKOL": "SDN KEDUNG BARUK I /275", "JENJANG": "SD", "STATUS": "N", "ALAMAT SEK": "JL KEDUNG BARUK NO. 75", "WILAYAH": "Timur", "KECAMATAN": "RUNGKUT", "KELURAHAN": "KEDUNG BARUK", "LATITUDE": -7.312069201, "LONGITUDE": 112.7758079 }, "geometry": { "type": "Point", "coordinates": [ 112.7758079, -7.312069201 ] } },
{ "type": "Feature", "properties": { "NPSN": 20533464, "NAMA SEKOL": "SDN KEDUNG COWEK I No. 253", "JENJANG": "SD", "STATUS": "N", "ALAMAT SEK": "Jl. Mochammad Noer No. 01", "WILAYAH": "Utara", "KECAMATAN": "BULAK", "KELURAHAN": "KEDUNG COWEK", "LATITUDE": -7.211715375, "LONGITUDE": 112.779327 }, "geometry": { "type": "Point", "coordinates": [ 112.779327, -7.211715375 ] } },
{ "type": "Feature", "properties": { "NPSN": 20533465, "NAMA SEKOL": "SDN KEDUNGDORO II/307", "JENJANG": "SD", "STATUS": "N", "ALAMAT SEK": "JL.KEDUNGRUKEM V/4", "WILAYAH": "Pusat", "KECAMATAN": "TEGALSARI", "KELURAHAN": "KEDUNGDORO", "LATITUDE": -7.262419089, "LONGITUDE": 112.7341591 }, "geometry": { "type": "Point", "coordinates": [ 112.7341591, -7.262419089 ] } },
{ "type": "Feature", "properties": { "NPSN": 20533466, "NAMA SEKOL": "SDN KEDUNGDORO I/306", "JENJANG": "SD", "STATUS": "N", "ALAMAT SEK": "JL. KEDUNG KLINTER IV/48", "WILAYAH": "Pusat", "KECAMATAN": "TEGALSARI", "KELURAHAN": "KEDUNGDORO", "LATITUDE": -7.263802493, "LONGITUDE": 112.7327963 }, "geometry": { "type": "Point", "coordinates": [ 112.7327963, -7.263802493 ] } },
{ "type": "Feature", "properties": { "NPSN": 20533470, "NAMA SEKOL": "SDN KEBONSARI I / 414", "JENJANG": "SD", "STATUS": "N", "ALAMAT SEK": "JALAN KEBONSARI SEKOLAHAN NO.1", "WILAYAH": "Selatan", "KECAMATAN": "JAMBANGAN", "KELURAHAN": "KEBONSARI", "LATITUDE": -7.32866054, "LONGITUDE": 112.7134654 }, "geometry": { "type": "Point", "coordinates": [ 112.7134654, -7.32866054 ] } },
{ "type": "Feature", "properties": { "NPSN": 20533473, "NAMA SEKOL": "SDN KEBRAON I/436", "JENJANG": "SD", "STATUS": "N", "ALAMAT SEK": "Jl. Kebraon III Gg. Durian 18", "WILAYAH": "Selatan", "KECAMATAN": "KARANG PILANG", "KELURAHAN": "KEBRAON", "LATITUDE": -7.335123838, "LONGITUDE": 112.7024813 }, "geometry": { "type": "Point", "coordinates": [ 112.7024813, -7.335123838 ] } },
{ "type": "Feature", "properties": { "NPSN": 20533474, "NAMA SEKOL": "SDN KEBRAON II / 437", "JENJANG": "SD", "STATUS": "N", "ALAMAT SEK": "Jl. Kebraon II/65 a", "WILAYAH": "Selatan", "KECAMATAN": "KARANG PILANG", "KELURAHAN": "KEBRAON", "LATITUDE": -7.336185826, "LONGITUDE": 112.6988094 }, "geometry": { "type": "Point", "coordinates": [ 112.6988094, -7.336185826 ] } },
{ "type": "Feature", "properties": { "NPSN": 20533476, "NAMA SEKOL": "SDN KEDURUS I", "JENJANG": "SD", "STATUS": "N", "ALAMAT SEK": "Jl. Mastrip Kedurus III No. 4", "WILAYAH": "Selatan", "KECAMATAN": "KARANG PILANG", "KELURAHAN": "KEDURUS", "LATITUDE": -7.317529418, "LONGITUDE": 112.7092086 }, "geometry": { "type": "Point", "coordinates": [ 112.7092086, -7.317529418 ] } },
{ "type": "Feature", "properties": { "NPSN": 20533478, "NAMA SEKOL": "SDN GADING VII", "JENJANG": "SD", "STATUS": "N", "ALAMAT SEK": "Jl. Kapas Lor Wetan VI / 11", "WILAYAH": "Timur", "KECAMATAN": "TAMBAKSARI", "KELURAHAN": "KAPASMADYA BARU", "LATITUDE": -7.242278189, "LONGITUDE": 112.7653321 }, "geometry": { "type": "Point", "coordinates": [ 112.7653321, -7.242278189 ] } },
{ "type": "Feature", "properties": { "NPSN": 20533479, "NAMA SEKOL": "SDN GUNUNGSARI I", "JENJANG": "SD", "STATUS": "N", "ALAMAT SEK": "JL. KENCANASARI TIMUR XVIII / 8", "WILAYAH": "Selatan", "KECAMATAN": "DUKUH PAKIS", "KELURAHAN": "GUNUNG SARI", "LATITUDE": -7.295737366, "LONGITUDE": 112.7206546 }, "geometry": { "type": "Point", "coordinates": [ 112.7206546, -7.295737366 ] } },
{ "type": "Feature", "properties": { "NPSN": 20533480, "NAMA SEKOL": "SDN GUNUNGSARI II", "JENJANG": "SD", "STATUS": "N", "ALAMAT SEK": "Jl. Gunungsari IV Gang Sekolahan", "WILAYAH": "Selatan", "KECAMATAN": "DUKUH PAKIS", "KELURAHAN": "GUNUNG SARI", "LATITUDE": -7.305022465, "LONGITUDE": 112.7193679 }, "geometry": { "type": "Point", "coordinates": [ 112.7193679, -7.305022465 ] } },
{ "type": "Feature", "properties": { "NPSN": 20533481, "NAMA SEKOL": "SDN GUNUNGSARI III / 531", "JENJANG": "SD", "STATUS": "N", "ALAMAT SEK": "JL. Pulosari III J/35", "WILAYAH": "Selatan", "KECAMATAN": "DUKUH PAKIS", "KELURAHAN": "GUNUNG SARI", "LATITUDE": -7.301061263, "LONGITUDE": 112.7195091 }, "geometry": { "type": "Point", "coordinates": [ 112.7195091, -7.301061263 ] } },
{ "type": "Feature", "properties": { "NPSN": 20533483, "NAMA SEKOL": "SDN GUNUNGANYAR 273", "JENJANG": "SD", "STATUS": "N", "ALAMAT SEK": "JL. PERUM IKIP GUNUNGANYAR", "WILAYAH": "Timur", "KECAMATAN": "GUNUNG ANYAR", "KELURAHAN": "GUNUNG ANYAR", "LATITUDE": -7.333267372, "LONGITUDE": 112.7833727 }, "geometry": { "type": "Point", "coordinates": [ 112.7833727, -7.333267372 ] } },
{ "type": "Feature", "properties": { "NPSN": 20533484, "NAMA SEKOL": "SDN GUNUNGANYAR TAMBAK / 628", "JENJANG": "SD", "STATUS": "N", "ALAMAT SEK": "JL. WIGUNA TIMUR XII/3", "WILAYAH": "Timur", "KECAMATAN": "GUNUNG ANYAR", "KELURAHAN": "GUNUNG ANYAR TAMBAK", "LATITUDE": -7.337199234, "LONGITUDE": 112.8036287 }, "geometry": { "type": "Point", "coordinates": [ 112.8036287, -7.337199234 ] } },
{ "type": "Feature", "properties": { "NPSN": 20533488, "NAMA SEKOL": "SDN GUNDIH", "JENJANG": "SD", "STATUS": "N", "ALAMAT SEK": "Jl. Dupak 22", "WILAYAH": "Pusat", "KECAMATAN": "BUBUTAN", "KELURAHAN": "GUNDIH", "LATITUDE": -7.245062608, "LONGITUDE": 112.725808 }, "geometry": { "type": "Point", "coordinates": [ 112.725808, -7.245062608 ] } },
{ "type": "Feature", "properties": { "NPSN": 20533491, "NAMA SEKOL": "SDN GAYUNGAN I /422", "JENJANG": "SD", "STATUS": "N", "ALAMAT SEK": "JL. GAYUNGAN PASAR", "WILAYAH": "Selatan", "KECAMATAN": "GAYUNGAN", "KELURAHAN": "GAYUNGAN", "LATITUDE": -7.3352, "LONGITUDE": 112.72902 }, "geometry": { "type": "Point", "coordinates": [ 112.72902, -7.3352 ] } },
{ "type": "Feature", "properties": { "NPSN": 20533492, "NAMA SEKOL": "SDN GAYUNGAN II/423", "JENJANG": "SD", "STATUS": "N", "ALAMAT SEK": "JL. GAYUNGSARI VII/17-21", "WILAYAH": "Selatan", "KECAMATAN": "GAYUNGAN", "KELURAHAN": "GAYUNGAN", "LATITUDE": -7.332569739, "LONGITUDE": 112.7227055 }, "geometry": { "type": "Point", "coordinates": [ 112.7227055, -7.332569739 ] } },
{ "type": "Feature", "properties": { "NPSN": 20533494, "NAMA SEKOL": "SDN Greges 129", "JENJANG": "SD", "STATUS": "N", "ALAMAT SEK": "Jl. Tambak Pokak", "WILAYAH": "Barat", "KECAMATAN": "ASEM ROWO", "KELURAHAN": "TAMBAK SARIOSO", "LATITUDE": -7.231485173, "LONGITUDE": 112.6955042 }, "geometry": { "type": "Point", "coordinates": [ 112.6955042, -7.231485173 ] } },
{ "type": "Feature", "properties": { "NPSN": 20533495, "NAMA SEKOL": "SDN GUBENG I / 204", "JENJANG": "SD", "STATUS": "N", "ALAMAT SEK": "Jl. Gubeng Jaya V/2  Surabaya", "WILAYAH": "Timur", "KECAMATAN": "GUBENG", "KELURAHAN": "GUBENG", "LATITUDE": -7.272394917, "LONGITUDE": 112.7541554 }, "geometry": { "type": "Point", "coordinates": [ 112.7541554, -7.272394917 ] } },
{ "type": "Feature", "properties": { "NPSN": 20533497, "NAMA SEKOL": "SDN GUBENG III/206", "JENJANG": "SD", "STATUS": "N", "ALAMAT SEK": "JL GUBENG KLINGSINGAN 64", "WILAYAH": "Timur", "KECAMATAN": "GUBENG", "KELURAHAN": "GUBENG", "LATITUDE": -7.269415, "LONGITUDE": 112.7535117 }, "geometry": { "type": "Point", "coordinates": [ 112.7535117, -7.269415 ] } },
{ "type": "Feature", "properties": { "NPSN": 20533499, "NAMA SEKOL": "SDN JAJARTUNGGAL I / 450", "JENJANG": "SD", "STATUS": "N", "ALAMAT SEK": "JL. JARSONGO KALI", "WILAYAH": "Selatan", "KECAMATAN": "WIYUNG", "KELURAHAN": "JAJAR TUNGGAL", "LATITUDE": -7.307021228, "LONGITUDE": 112.7109463 }, "geometry": { "type": "Point", "coordinates": [ 112.7109463, -7.307021228 ] } },
{ "type": "Feature", "properties": { "NPSN": 20533500, "NAMA SEKOL": "SDN KALIASIN I/280", "JENJANG": "SD", "STATUS": "N", "ALAMAT SEK": "Jl. GUBERNUR SURYO No. 26 SURABAYA", "WILAYAH": "Pusat", "KECAMATAN": "GENTENG", "KELURAHAN": "EMBONG KALIASIN", "LATITUDE": -7.264117192, "LONGITUDE": 112.7435813 }, "geometry": { "type": "Point", "coordinates": [ 112.7435813, -7.264117192 ] } },
{ "type": "Feature", "properties": { "NPSN": 20533504, "NAMA SEKOL": "SDN KALIASIN V / 284", "JENJANG": "SD", "STATUS": "N", "ALAMAT SEK": "JL. KEPUTRAN KEJAMBON II / 67", "WILAYAH": "Pusat", "KECAMATAN": "GENTENG", "KELURAHAN": "EMBONG KALIASIN", "LATITUDE": -7.275679456, "LONGITUDE": 112.7399233 }, "geometry": { "type": "Point", "coordinates": [ 112.7399233, -7.275679456 ] } },
{ "type": "Feature", "properties": { "NPSN": 20533506, "NAMA SEKOL": "SDN KALIASIN VII/ 286", "JENJANG": "SD", "STATUS": "N", "ALAMAT SEK": "JL. Embong Blimbing No. 40", "WILAYAH": "Pusat", "KECAMATAN": "GENTENG", "KELURAHAN": "EMBONG KALIASIN", "LATITUDE": -7.271469682, "LONGITUDE": 112.7394596 }, "geometry": { "type": "Point", "coordinates": [ 112.7394596, -7.271469682 ] } },
{ "type": "Feature", "properties": { "NPSN": 20533510, "NAMA SEKOL": "SDN JERUK I /469", "JENJANG": "SD", "STATUS": "N", "ALAMAT SEK": "JL RAYA MENGANTI JERUK  NO. 125 SURABAYA", "WILAYAH": "Barat", "KECAMATAN": "LAKARSANTRI", "KELURAHAN": "JERUK", "LATITUDE": -7.305887699, "LONGITUDE": 112.6441795 }, "geometry": { "type": "Point", "coordinates": [ 112.6441795, -7.305887699 ] } },
{ "type": "Feature", "properties": { "NPSN": 20533511, "NAMA SEKOL": "SDN JAJAR TUNGGAL III/452", "JENJANG": "SD", "STATUS": "N", "ALAMAT SEK": "JL. MENGANTI KRAMAT NO. 17", "WILAYAH": "Selatan", "KECAMATAN": "WIYUNG", "KELURAHAN": "JAJAR TUNGGAL", "LATITUDE": -7.313955, "LONGITUDE": 112.700337 }, "geometry": { "type": "Point", "coordinates": [ 112.700337, -7.313955 ] } },
{ "type": "Feature", "properties": { "NPSN": 20533513, "NAMA SEKOL": "SDN JEMUR WONOSARI I /417", "JENJANG": "SD", "STATUS": "N", "ALAMAT SEK": "JL. JEMURSARI UTARA II/10", "WILAYAH": "Selatan", "KECAMATAN": "WONOCOLO", "KELURAHAN": "JEMUR WONOSARI", "LATITUDE": -7.324109622, "LONGITUDE": 112.7379542 }, "geometry": { "type": "Point", "coordinates": [ 112.7379542, -7.324109622 ] } },
{ "type": "Feature", "properties": { "NPSN": 20533516, "NAMA SEKOL": "SDN JEPARA I 90", "JENJANG": "SD", "STATUS": "N", "ALAMAT SEK": "Jl. Purwodadi Raya No 84", "WILAYAH": "Pusat", "KECAMATAN": "BUBUTAN", "KELURAHAN": "JEPARA", "LATITUDE": -7.237776026, "LONGITUDE": 112.7222696 }, "geometry": { "type": "Point", "coordinates": [ 112.7222696, -7.237776026 ] } },
{ "type": "Feature", "properties": { "NPSN": 20533519, "NAMA SEKOL": "SDN KALIJUDAN I/239", "JENJANG": "SD", "STATUS": "N", "ALAMAT SEK": "JL KALIJUDAN no. 132-134", "WILAYAH": "Timur", "KECAMATAN": "MULYOREJO", "KELURAHAN": "KALIJUDAN", "LATITUDE": -7.25706458, "LONGITUDE": 112.7790915 }, "geometry": { "type": "Point", "coordinates": [ 112.7790915, -7.25706458 ] } },
{ "type": "Feature", "properties": { "NPSN": 20533521, "NAMA SEKOL": "SDN KREMBANGAN SELATAN X", "JENJANG": "SD", "STATUS": "N", "ALAMAT SEK": "JL. PESAPEN SELATAN 70-A", "WILAYAH": "Utara", "KECAMATAN": "KREMBANGAN", "KELURAHAN": "KREMBANGAN SELATAN", "LATITUDE": -7.233406985, "LONGITUDE": 112.7315578 }, "geometry": { "type": "Point", "coordinates": [ 112.7315578, -7.233406985 ] } },
{ "type": "Feature", "properties": { "NPSN": 20533522, "NAMA SEKOL": "SDN KREMBANGAN UTARA I/56", "JENJANG": "SD", "STATUS": "N", "ALAMAT SEK": "JL DAPUAN BARU 80 SURABAYA", "WILAYAH": "Utara", "KECAMATAN": "PABEAN CANTIAN", "KELURAHAN": "KREMBANGAN UTARA", "LATITUDE": -7.228702899, "LONGITUDE": 112.7327247 }, "geometry": { "type": "Point", "coordinates": [ 112.7327247, -7.228702899 ] } },
{ "type": "Feature", "properties": { "NPSN": 20533523, "NAMA SEKOL": "SDN KREMBANGAN UTARA II/57", "JENJANG": "SD", "STATUS": "N", "ALAMAT SEK": "JL KEBALEN TIMUR 84 A", "WILAYAH": "Utara", "KECAMATAN": "PABEAN CANTIAN", "KELURAHAN": "KREMBANGAN UTARA", "LATITUDE": -7.22676, "LONGITUDE": 112.73601 }, "geometry": { "type": "Point", "coordinates": [ 112.73601, -7.22676 ] } },
{ "type": "Feature", "properties": { "NPSN": 20533525, "NAMA SEKOL": "SDN KUPANG KRAJAN / 604", "JENJANG": "SD", "STATUS": "N", "ALAMAT SEK": "Jl. BANYU URIP LOR III D", "WILAYAH": "Selatan", "KECAMATAN": "SAWAHAN", "KELURAHAN": "KUPANG KRAJAN", "LATITUDE": -7.268709262, "LONGITUDE": 112.7193227 }, "geometry": { "type": "Point", "coordinates": [ 112.7193227, -7.268709262 ] } },
{ "type": "Feature", "properties": { "NPSN": 20533526, "NAMA SEKOL": "SDN KUTISARI II / 269", "JENJANG": "SD", "STATUS": "N", "ALAMAT SEK": "Jl. Taman Kutisari  No. 10", "WILAYAH": "Timur", "KECAMATAN": "TENGGILIS MEJOYO", "KELURAHAN": "KUTISARI", "LATITUDE": -7.330690187, "LONGITUDE": 112.7440903 }, "geometry": { "type": "Point", "coordinates": [ 112.7440903, -7.330690187 ] } },
{ "type": "Feature", "properties": { "NPSN": 20533530, "NAMA SEKOL": "SDN KREMBANGAN SELATAN VII", "JENJANG": "SD", "STATUS": "N", "ALAMAT SEK": "JL. KEPANJEN 15", "WILAYAH": "Utara", "KECAMATAN": "KREMBANGAN", "KELURAHAN": "KREMBANGAN SELATAN", "LATITUDE": -7.24056997, "LONGITUDE": 112.7356844 }, "geometry": { "type": "Point", "coordinates": [ 112.7356844, -7.24056997 ] } },
{ "type": "Feature", "properties": { "NPSN": 20533532, "NAMA SEKOL": "SDN KLAMPIS NGASEM V /230", "JENJANG": "SD", "STATUS": "N", "ALAMAT SEK": "JL. MANYAR TIRTOYOSO SELATAN I /1", "WILAYAH": "Timur", "KECAMATAN": "SUKOLILO", "KELURAHAN": "KLAMPIS NGASEM", "LATITUDE": -7.285238935, "LONGITUDE": 112.7736792 }, "geometry": { "type": "Point", "coordinates": [ 112.7736792, -7.285238935 ] } },
{ "type": "Feature", "properties": { "NPSN": 20533534, "NAMA SEKOL": "SDN KOMPLEK KENJERAN II/506", "JENJANG": "SD", "STATUS": "N", "ALAMAT SEK": "Jl. Wiratno 2", "WILAYAH": "Utara", "KECAMATAN": "BULAK", "KELURAHAN": "SUKOLILO BARU", "LATITUDE": -7.247582877, "LONGITUDE": 112.7931126 }, "geometry": { "type": "Point", "coordinates": [ 112.7931126, -7.247582877 ] } },
{ "type": "Feature", "properties": { "NPSN": 20533535, "NAMA SEKOL": "SDN KREMBANGAN SELATAN I", "JENJANG": "SD", "STATUS": "N", "ALAMAT SEK": "JL. INDRAPURA 34", "WILAYAH": "Utara", "KECAMATAN": "KREMBANGAN", "KELURAHAN": "KREMBANGAN SELATAN", "LATITUDE": -7.235938527, "LONGITUDE": 112.7310952 }, "geometry": { "type": "Point", "coordinates": [ 112.7310952, -7.235938527 ] } },
{ "type": "Feature", "properties": { "NPSN": 20533537, "NAMA SEKOL": "SDN KREMBANGAN SELATAN III", "JENJANG": "SD", "STATUS": "N", "ALAMAT SEK": "JL. BUBUTAN 145 - 147", "WILAYAH": "Utara", "KECAMATAN": "KREMBANGAN", "KELURAHAN": "KREMBANGAN SELATAN", "LATITUDE": -7.244210393, "LONGITUDE": 112.7365837 }, "geometry": { "type": "Point", "coordinates": [ 112.7365837, -7.244210393 ] } },
{ "type": "Feature", "properties": { "NPSN": 20533538, "NAMA SEKOL": "SDN KREMBANGAN SELATAN IX NO. 20", "JENJANG": "SD", "STATUS": "N", "ALAMAT SEK": "JL. PESAPEN KALI 47", "WILAYAH": "Utara", "KECAMATAN": "KREMBANGAN", "KELURAHAN": "KREMBANGAN SELATAN", "LATITUDE": -7.232904195, "LONGITUDE": 112.7319239 }, "geometry": { "type": "Point", "coordinates": [ 112.7319239, -7.232904195 ] } },
{ "type": "Feature", "properties": { "NPSN": 20533540, "NAMA SEKOL": "SDN LAKARSANTRI I /472", "JENJANG": "SD", "STATUS": "N", "ALAMAT SEK": "JL LAKARSANTRI 112", "WILAYAH": "Barat", "KECAMATAN": "LAKARSANTRI", "KELURAHAN": "LAKARSANTRI", "LATITUDE": -7.303316101, "LONGITUDE": 112.6308217 }, "geometry": { "type": "Point", "coordinates": [ 112.6308217, -7.303316101 ] } },
{ "type": "Feature", "properties": { "NPSN": 20533541, "NAMA SEKOL": "SDN LAKARSANTRI III /474", "JENJANG": "SD", "STATUS": "N", "ALAMAT SEK": "JL LAKARSANTRI - MADE No. 27", "WILAYAH": "Barat", "KECAMATAN": "LAKARSANTRI", "KELURAHAN": "LAKARSANTRI", "LATITUDE": -7.299802203, "LONGITUDE": 112.6330809 }, "geometry": { "type": "Point", "coordinates": [ 112.6330809, -7.299802203 ] } },
{ "type": "Feature", "properties": { "NPSN": 20533542, "NAMA SEKOL": "SDN MANUKAN KULON II/499", "JENJANG": "SD", "STATUS": "N", "ALAMAT SEK": "JL. MANUKAN KARYA  No.1", "WILAYAH": "Barat", "KECAMATAN": "TANDES", "KELURAHAN": "MANUKAN KULON", "LATITUDE": -7.261815756, "LONGITUDE": 112.6664044 }, "geometry": { "type": "Point", "coordinates": [ 112.6664044, -7.261815756 ] } },
{ "type": "Feature", "properties": { "NPSN": 20533544, "NAMA SEKOL": "SDN MANUKAN KULON", "JENJANG": "SD", "STATUS": "N", "ALAMAT SEK": "JL. MANUKAN REJO BLOK 2A", "WILAYAH": "Barat", "KECAMATAN": "TANDES", "KELURAHAN": "MANUKAN KULON", "LATITUDE": -7.263365972, "LONGITUDE": 112.6649585 }, "geometry": { "type": "Point", "coordinates": [ 112.6649585, -7.263365972 ] } },
{ "type": "Feature", "properties": { "NPSN": 20533546, "NAMA SEKOL": "SDN MANUKAN KULON VI", "JENJANG": "SD", "STATUS": "N", "ALAMAT SEK": "JL. Wonorejo No. 43", "WILAYAH": "Barat", "KECAMATAN": "TANDES", "KELURAHAN": "MANUKAN KULON", "LATITUDE": -7.268817079, "LONGITUDE": 112.6633887 }, "geometry": { "type": "Point", "coordinates": [ 112.6633887, -7.268817079 ] } },
{ "type": "Feature", "properties": { "NPSN": 20533548, "NAMA SEKOL": "SDN MANUKAN WETAN I /114", "JENJANG": "SD", "STATUS": "N", "ALAMAT SEK": "JL. SIKATAN III/41", "WILAYAH": "Barat", "KECAMATAN": "TANDES", "KELURAHAN": "MANUKAN WETAN", "LATITUDE": -7.258765703, "LONGITUDE": 112.6722793 }, "geometry": { "type": "Point", "coordinates": [ 112.6722793, -7.258765703 ] } },
{ "type": "Feature", "properties": { "NPSN": 20533552, "NAMA SEKOL": "SDN MADE I / 475", "JENJANG": "SD", "STATUS": "N", "ALAMAT SEK": "JL. RAYA MADE NO. 31-33 SURABAYA", "WILAYAH": "Barat", "KECAMATAN": "SAMBIKEREP", "KELURAHAN": "MADE", "LATITUDE": -7.276964371, "LONGITUDE": 112.6364906 }, "geometry": { "type": "Point", "coordinates": [ 112.6364906, -7.276964371 ] } },
{ "type": "Feature", "properties": { "NPSN": 20533553, "NAMA SEKOL": "SDN LIDAH KULON I/464", "JENJANG": "SD", "STATUS": "N", "ALAMAT SEK": "JL. RAYA LIDAH KULON", "WILAYAH": "Barat", "KECAMATAN": "LAKARSANTRI", "KELURAHAN": "LIDAH KULON", "LATITUDE": -7.305930122, "LONGITUDE": 112.6528483 }, "geometry": { "type": "Point", "coordinates": [ 112.6528483, -7.305930122 ] } },
{ "type": "Feature", "properties": { "NPSN": 20533557, "NAMA SEKOL": "SDN LIDAH KULON IV / 467", "JENJANG": "SD", "STATUS": "N", "ALAMAT SEK": "JL LONTAR LIDAH KULON V NO.1", "WILAYAH": "Barat", "KECAMATAN": "LAKARSANTRI", "KELURAHAN": "LIDAH KULON", "LATITUDE": -7.3014173, "LONGITUDE": 112.6620526 }, "geometry": { "type": "Point", "coordinates": [ 112.6620526, -7.3014173 ] } },
{ "type": "Feature", "properties": { "NPSN": 20533560, "NAMA SEKOL": "SDN LIDAH WETAN IV /566", "JENJANG": "SD", "STATUS": "N", "ALAMAT SEK": "JL RAYA LIDAH WETAN NO.07 SURABAYA", "WILAYAH": "Barat", "KECAMATAN": "LAKARSANTRI", "KELURAHAN": "LIDAH WETAN", "LATITUDE": -7.308304031, "LONGITUDE": 112.672755 }, "geometry": { "type": "Point", "coordinates": [ 112.672755, -7.308304031 ] } },
{ "type": "Feature", "properties": { "NPSN": 20533561, "NAMA SEKOL": "SDN LONTAR 481", "JENJANG": "SD", "STATUS": "N", "ALAMAT SEK": "JL. KUWUKAN IV/42", "WILAYAH": "Barat", "KECAMATAN": "SAMBIKEREP", "KELURAHAN": "LONTAR", "LATITUDE": -7.2741456, "LONGITUDE": 112.6625616 }, "geometry": { "type": "Point", "coordinates": [ 112.6625616, -7.2741456 ] } },
{ "type": "Feature", "properties": { "NPSN": 20533563, "NAMA SEKOL": "SDN KLAMPIS NGASEM III /512", "JENJANG": "SD", "STATUS": "N", "ALAMAT SEK": "JL MANYAR KERTOARJO III /107", "WILAYAH": "Timur", "KECAMATAN": "SUKOLILO", "KELURAHAN": "KLAMPIS NGASEM", "LATITUDE": -7.281030332, "LONGITUDE": 112.7713606 }, "geometry": { "type": "Point", "coordinates": [ 112.7713606, -7.281030332 ] } },
{ "type": "Feature", "properties": { "NPSN": 20533565, "NAMA SEKOL": "SDN KENDANGSARI IV/279", "JENJANG": "SD", "STATUS": "N", "ALAMAT SEK": "JL RUNGKUT MEJOYO SELATAN X 36", "WILAYAH": "Timur", "KECAMATAN": "RUNGKUT", "KELURAHAN": "KALIRUNGKUT", "LATITUDE": -7.323498351, "LONGITUDE": 112.7650386 }, "geometry": { "type": "Point", "coordinates": [ 112.7650386, -7.323498351 ] } },
{ "type": "Feature", "properties": { "NPSN": 20533568, "NAMA SEKOL": "SDN KEPUTIH 245", "JENJANG": "SD", "STATUS": "N", "ALAMAT SEK": "JL. ARIF RAHMAN HAKIM 1 SURABAYA", "WILAYAH": "Timur", "KECAMATAN": "SUKOLILO", "KELURAHAN": "KEPUTIH", "LATITUDE": -7.289513098, "LONGITUDE": 112.7848499 }, "geometry": { "type": "Point", "coordinates": [ 112.7848499, -7.289513098 ] } },
{ "type": "Feature", "properties": { "NPSN": 20533569, "NAMA SEKOL": "SDN KEPUTRAN I/332", "JENJANG": "SD", "STATUS": "N", "ALAMAT SEK": "JL. DINOYO SEKOLAHAN I/17", "WILAYAH": "Pusat", "KECAMATAN": "TEGALSARI", "KELURAHAN": "KEPUTRAN", "LATITUDE": -7.285720545, "LONGITUDE": 112.7429912 }, "geometry": { "type": "Point", "coordinates": [ 112.7429912, -7.285720545 ] } },
{ "type": "Feature", "properties": { "NPSN": 20533572, "NAMA SEKOL": "SDN KEPUTRAN VI/337", "JENJANG": "SD", "STATUS": "N", "ALAMAT SEK": "Jl. TANGGULANGIN No. 8 SURABAYA", "WILAYAH": "Pusat", "KECAMATAN": "TEGALSARI", "KELURAHAN": "KEPUTRAN", "LATITUDE": -7.2882, "LONGITUDE": 112.7408 }, "geometry": { "type": "Point", "coordinates": [ 112.7408, -7.2882 ] } },
{ "type": "Feature", "properties": { "NPSN": 20533574, "NAMA SEKOL": "SDN KENDANGSARI III /278", "JENJANG": "SD", "STATUS": "N", "ALAMAT SEK": "JL RAYA TENGGILIS MEJOYO 3", "WILAYAH": "Timur", "KECAMATAN": "RUNGKUT", "KELURAHAN": "KALIRUNGKUT", "LATITUDE": -7.318529854, "LONGITUDE": 112.7636297 }, "geometry": { "type": "Point", "coordinates": [ 112.7636297, -7.318529854 ] } },
{ "type": "Feature", "properties": { "NPSN": 20533575, "NAMA SEKOL": "SDN KENDANGSARI II/277", "JENJANG": "SD", "STATUS": "N", "ALAMAT SEK": "Jl. Tenggilis Barat V Blok F", "WILAYAH": "Timur", "KECAMATAN": "TENGGILIS MEJOYO", "KELURAHAN": "KENDANGSARI", "LATITUDE": -7.32274088, "LONGITUDE": 112.750871 }, "geometry": { "type": "Point", "coordinates": [ 112.750871, -7.32274088 ] } },
{ "type": "Feature", "properties": { "NPSN": 20533576, "NAMA SEKOL": "SD NEGERI KENDANGSARI I/276", "JENJANG": "SD", "STATUS": "N", "ALAMAT SEK": "Jl. Kendangsari Blok S No.26", "WILAYAH": "Timur", "KECAMATAN": "TENGGILIS MEJOYO", "KELURAHAN": "KENDANGSARI", "LATITUDE": -7.321358515, "LONGITUDE": 112.752251 }, "geometry": { "type": "Point", "coordinates": [ 112.752251, -7.321358515 ] } },
{ "type": "Feature", "properties": { "NPSN": 20533577, "NAMA SEKOL": "SDN KEDURUS III / 430", "JENJANG": "SD", "STATUS": "N", "ALAMAT SEK": "Jl. Bogangin I / 48 Surabaya", "WILAYAH": "Selatan", "KECAMATAN": "KARANG PILANG", "KELURAHAN": "KEDURUS", "LATITUDE": -7.32338835, "LONGITUDE": 112.7070545 }, "geometry": { "type": "Point", "coordinates": [ 112.7070545, -7.32338835 ] } },
{ "type": "Feature", "properties": { "NPSN": 20533581, "NAMA SEKOL": "SDN KEJAWAN PUTIH I / 243", "JENJANG": "SD", "STATUS": "N", "ALAMAT SEK": "JL KEJAWAN PUTIH TAMBAK 48  a", "WILAYAH": "Timur", "KECAMATAN": "MULYOREJO", "KELURAHAN": "KEJAWAN PUTIH TAMBAK", "LATITUDE": -7.277286562, "LONGITUDE": 112.8020912 }, "geometry": { "type": "Point", "coordinates": [ 112.8020912, -7.277286562 ] } },
{ "type": "Feature", "properties": { "NPSN": 20533583, "NAMA SEKOL": "SDN KEMAYORAN I", "JENJANG": "SD", "STATUS": "N", "ALAMAT SEK": "JL. KEMAYORAN BARU 88", "WILAYAH": "Utara", "KECAMATAN": "KREMBANGAN", "KELURAHAN": "KEMAYORAN", "LATITUDE": -7.240204, "LONGITUDE": 112.72798 }, "geometry": { "type": "Point", "coordinates": [ 112.72798, -7.240204 ] } },
{ "type": "Feature", "properties": { "NPSN": 20533586, "NAMA SEKOL": "SDN KERTAJAYA IV/210", "JENJANG": "SD", "STATUS": "N", "ALAMAT SEK": "JL PUCANG WINDU 1", "WILAYAH": "Timur", "KECAMATAN": "GUBENG", "KELURAHAN": "KERTAJAYA", "LATITUDE": -7.283574257, "LONGITUDE": 112.7519492 }, "geometry": { "type": "Point", "coordinates": [ 112.7519492, -7.283574257 ] } },
{ "type": "Feature", "properties": { "NPSN": 20533587, "NAMA SEKOL": "SDN KETABANG", "JENJANG": "SD", "STATUS": "N", "ALAMAT SEK": "JL. SERUNI No.6 SURABAYA", "WILAYAH": "Pusat", "KECAMATAN": "GENTENG", "KELURAHAN": "KETABANG", "LATITUDE": -7.254039507, "LONGITUDE": 112.7463052 }, "geometry": { "type": "Point", "coordinates": [ 112.7463052, -7.254039507 ] } },
{ "type": "Feature", "properties": { "NPSN": 20533590, "NAMA SEKOL": "SDN KETINTANG I/409", "JENJANG": "SD", "STATUS": "N", "ALAMAT SEK": "JL. KETINTANG MADYA 146", "WILAYAH": "Selatan", "KECAMATAN": "GAYUNGAN", "KELURAHAN": "KETINTANG", "LATITUDE": -7.30929441, "LONGITUDE": 112.7249047 }, "geometry": { "type": "Point", "coordinates": [ 112.7249047, -7.30929441 ] } },
{ "type": "Feature", "properties": { "NPSN": 20533591, "NAMA SEKOL": "SDN KETINTANG II/410", "JENJANG": "SD", "STATUS": "N", "ALAMAT SEK": "JL. PROF. SUPOMO SH  NO. 1", "WILAYAH": "Selatan", "KECAMATAN": "GAYUNGAN", "KELURAHAN": "KETINTANG", "LATITUDE": -7.312897104, "LONGITUDE": 112.722546 }, "geometry": { "type": "Point", "coordinates": [ 112.722546, -7.312897104 ] } },
{ "type": "Feature", "properties": { "NPSN": 20533593, "NAMA SEKOL": "SDN KETINTANG IV/421", "JENJANG": "SD", "STATUS": "N", "ALAMAT SEK": "JL. GAYUNG KEBONSARI III", "WILAYAH": "Selatan", "KECAMATAN": "GAYUNGAN", "KELURAHAN": "KETINTANG", "LATITUDE": -7.327161346, "LONGITUDE": 112.7209302 }, "geometry": { "type": "Point", "coordinates": [ 112.7209302, -7.327161346 ] } },
{ "type": "Feature", "properties": { "NPSN": 20533594, "NAMA SEKOL": "SDN KLAMPIS NGASEM I/246", "JENJANG": "SD", "STATUS": "N", "ALAMAT SEK": "Jl. ARIF RAHMAN HAKIM NO. 99 -C", "WILAYAH": "Timur", "KECAMATAN": "SUKOLILO", "KELURAHAN": "KLAMPIS NGASEM", "LATITUDE": -7.288795796, "LONGITUDE": 112.7785376 }, "geometry": { "type": "Point", "coordinates": [ 112.7785376, -7.288795796 ] } },
{ "type": "Feature", "properties": { "NPSN": 20533595, "NAMA SEKOL": "SDN KLAMPIS NGASEM II/511", "JENJANG": "SD", "STATUS": "N", "ALAMAT SEK": "JL. KLAMPIS ANOM XI /1", "WILAYAH": "Timur", "KECAMATAN": "SUKOLILO", "KELURAHAN": "KLAMPIS NGASEM", "LATITUDE": -7.293698093, "LONGITUDE": 112.7791972 }, "geometry": { "type": "Point", "coordinates": [ 112.7791972, -7.293698093 ] } },
{ "type": "Feature", "properties": { "NPSN": 20533597, "NAMA SEKOL": "SDN KETABANG 1/288", "JENJANG": "SD", "STATUS": "N", "ALAMAT SEK": "JL. AMBENGAN 29 SURABAYA", "WILAYAH": "Pusat", "KECAMATAN": "GENTENG", "KELURAHAN": "KETABANG", "LATITUDE": -7.255719096, "LONGITUDE": 112.7476155 }, "geometry": { "type": "Point", "coordinates": [ 112.7476155, -7.255719096 ] } },
{ "type": "Feature", "properties": { "NPSN": 20533599, "NAMA SEKOL": "SDN KERTAJAYA V/211", "JENJANG": "SD", "STATUS": "N", "ALAMAT SEK": "JL GUBENG KERTAJAYA IVD/33", "WILAYAH": "Timur", "KECAMATAN": "GUBENG", "KELURAHAN": "KERTAJAYA", "LATITUDE": -7.280374082, "LONGITUDE": 112.7539408 }, "geometry": { "type": "Point", "coordinates": [ 112.7539408, -7.280374082 ] } },
{ "type": "Feature", "properties": { "NPSN": 20533605, "NAMA SEKOL": "SDN KERTAJAYA", "JENJANG": "SD", "STATUS": "N", "ALAMAT SEK": "JL. PUCANG JAJAR NO. 4 - 6 SURABAYA", "WILAYAH": "Timur", "KECAMATAN": "GUBENG", "KELURAHAN": "KERTAJAYA", "LATITUDE": -7.28336154, "LONGITUDE": 112.7599356 }, "geometry": { "type": "Point", "coordinates": [ 112.7599356, -7.28336154 ] } },
{ "type": "Feature", "properties": { "NPSN": 20539072, "NAMA SEKOL": "SD DARUL FALAH SURABAYA", "JENJANG": "SD", "STATUS": "S", "ALAMAT SEK": "KALILOM LOR I/25", "WILAYAH": "Utara", "KECAMATAN": "KENJERAN", "KELURAHAN": "TANAH KALI KEDINDING", "LATITUDE": -7.229273121, "LONGITUDE": 112.7732433 }, "geometry": { "type": "Point", "coordinates": [ 112.7732433, -7.229273121 ] } },
{ "type": "Feature", "properties": { "NPSN": 20539074, "NAMA SEKOL": "SD ISLAM MUFIDAH SURABAYA", "JENJANG": "SD", "STATUS": "S", "ALAMAT SEK": "JL. KALIMAS UDIK 1C/1", "WILAYAH": "Utara", "KECAMATAN": "PABEAN CANTIAN", "KELURAHAN": "NYAMPLUNGAN", "LATITUDE": -7.23266, "LONGITUDE": 112.74065 }, "geometry": { "type": "Point", "coordinates": [ 112.74065, -7.23266 ] } },
{ "type": "Feature", "properties": { "NPSN": 20539077, "NAMA SEKOL": "SD LUQMAN AL HAKIM", "JENJANG": "SD", "STATUS": "S", "ALAMAT SEK": "JL. KEJAWAN PUTIH TBK VI/1 SURABAYA", "WILAYAH": "Timur", "KECAMATAN": "MULYOREJO", "KELURAHAN": "KEJAWAN PUTIH TAMBAK", "LATITUDE": -7.2767, "LONGITUDE": 112.8015 }, "geometry": { "type": "Point", "coordinates": [ 112.8015, -7.2767 ] } },
{ "type": "Feature", "properties": { "NPSN": 20539078, "NAMA SEKOL": "SD MA`ARIF HASANUDIN SURABAYA", "JENJANG": "SD", "STATUS": "S", "ALAMAT SEK": "JL. BALAS KLUMPRIK NO. 133", "WILAYAH": "Selatan", "KECAMATAN": "WIYUNG", "KELURAHAN": "BALAS KLUMPRIK", "LATITUDE": -7.3333, "LONGITUDE": 112.6935 }, "geometry": { "type": "Point", "coordinates": [ 112.6935, -7.3333 ] } },
{ "type": "Feature", "properties": { "NPSN": 20539080, "NAMA SEKOL": "SD MUHAMMADIYAH 18 SURABAYA", "JENJANG": "SD", "STATUS": "S", "ALAMAT SEK": "Jl. Mulyorejo Tengah No 5 Surabaya", "WILAYAH": "Timur", "KECAMATAN": "MULYOREJO", "KELURAHAN": "MULYOREJO", "LATITUDE": -7.265135181, "LONGITUDE": 112.7794424 }, "geometry": { "type": "Point", "coordinates": [ 112.7794424, -7.265135181 ] } },
{ "type": "Feature", "properties": { "NPSN": 20539086, "NAMA SEKOL": "SD KRISTEN PIRNGADI SURABAYA", "JENJANG": "SD", "STATUS": "S", "ALAMAT SEK": "JL. PIRNGADI 4-14 SURABAYA", "WILAYAH": "Pusat", "KECAMATAN": "BUBUTAN", "KELURAHAN": "BUBUTAN", "LATITUDE": -7.2524, "LONGITUDE": 112.7341 }, "geometry": { "type": "Point", "coordinates": [ 112.7341, -7.2524 ] } },
{ "type": "Feature", "properties": { "NPSN": 20539089, "NAMA SEKOL": "SD KATOLIK STELLA MARIS SURABAYA", "JENJANG": "SD", "STATUS": "S", "ALAMAT SEK": "JL. Tembaan 18-22", "WILAYAH": "Pusat", "KECAMATAN": "BUBUTAN", "KELURAHAN": "BUBUTAN", "LATITUDE": -7.2466, "LONGITUDE": 112.7368 }, "geometry": { "type": "Point", "coordinates": [ 112.7368, -7.2466 ] } },
{ "type": "Feature", "properties": { "NPSN": 20539091, "NAMA SEKOL": "SDN BANJARSUGIHAN II/117", "JENJANG": "SD", "STATUS": "N", "ALAMAT SEK": "JL. BANJARSUGIHAN II/1", "WILAYAH": "Barat", "KECAMATAN": "TANDES", "KELURAHAN": "BANJAR SUGIHAN", "LATITUDE": -7.255202855, "LONGITUDE": 112.659958 }, "geometry": { "type": "Point", "coordinates": [ 112.659958, -7.255202855 ] } },
{ "type": "Feature", "properties": { "NPSN": 20539092, "NAMA SEKOL": "SDN BARATA JAYA", "JENJANG": "SD", "STATUS": "N", "ALAMAT SEK": "Jl. BARATA JAYA VIII", "WILAYAH": "Timur", "KECAMATAN": "GUBENG", "KELURAHAN": "BARATAJAYA", "LATITUDE": -7.30070581, "LONGITUDE": 112.7577066 }, "geometry": { "type": "Point", "coordinates": [ 112.7577066, -7.30070581 ] } },
{ "type": "Feature", "properties": { "NPSN": 20539095, "NAMA SEKOL": "SDN DR. SUTOMO I/323", "JENJANG": "SD", "STATUS": "N", "ALAMAT SEK": "JL. KUPANG SEGUNTING III/ 12A", "WILAYAH": "Pusat", "KECAMATAN": "TEGALSARI", "KELURAHAN": "DR. SOETOMO", "LATITUDE": -7.276634791, "LONGITUDE": 112.7331755 }, "geometry": { "type": "Point", "coordinates": [ 112.7331755, -7.276634791 ] } },
{ "type": "Feature", "properties": { "NPSN": 20539097, "NAMA SEKOL": "SDN JAGIR I/393", "JENJANG": "SD", "STATUS": "N", "ALAMAT SEK": "JL. JAGIR SIDORESMO VI/ 51", "WILAYAH": "Selatan", "KECAMATAN": "WONOKROMO", "KELURAHAN": "JAGIR", "LATITUDE": -7.3044, "LONGITUDE": 112.7526 }, "geometry": { "type": "Point", "coordinates": [ 112.7526, -7.3044 ] } },
{ "type": "Feature", "properties": { "NPSN": 20539098, "NAMA SEKOL": "SDN JAMBANGAN I", "JENJANG": "SD", "STATUS": "N", "ALAMAT SEK": "JL JAMBANGAN III/24", "WILAYAH": "Selatan", "KECAMATAN": "JAMBANGAN", "KELURAHAN": "JAMBANGAN", "LATITUDE": -7.317766375, "LONGITUDE": 112.712897 }, "geometry": { "type": "Point", "coordinates": [ 112.712897, -7.317766375 ] } },
{ "type": "Feature", "properties": { "NPSN": 20539100, "NAMA SEKOL": "SDN KARAH  I", "JENJANG": "SD", "STATUS": "N", "ALAMAT SEK": "JL KARAH 9", "WILAYAH": "Selatan", "KECAMATAN": "JAMBANGAN", "KELURAHAN": "KARAH", "LATITUDE": -7.309645515, "LONGITUDE": 112.7199953 }, "geometry": { "type": "Point", "coordinates": [ 112.7199953, -7.309645515 ] } },
{ "type": "Feature", "properties": { "NPSN": 20539102, "NAMA SEKOL": "SDN KARAH III", "JENJANG": "SD", "STATUS": "N", "ALAMAT SEK": "JL KETINTANG SELATAN III", "WILAYAH": "Selatan", "KECAMATAN": "JAMBANGAN", "KELURAHAN": "KARAH", "LATITUDE": -7.317915108, "LONGITUDE": 112.7239902 }, "geometry": { "type": "Point", "coordinates": [ 112.7239902, -7.317915108 ] } },
{ "type": "Feature", "properties": { "NPSN": 20539106, "NAMA SEKOL": "SDN KENJERAN 248", "JENJANG": "SD", "STATUS": "N", "ALAMAT SEK": "Jl. Pantai Kenjeran No.1", "WILAYAH": "Utara", "KECAMATAN": "BULAK", "KELURAHAN": "KENJERAN", "LATITUDE": -7.24049, "LONGITUDE": 112.79545 }, "geometry": { "type": "Point", "coordinates": [ 112.79545, -7.24049 ] } },
{ "type": "Feature", "properties": { "NPSN": 20539107, "NAMA SEKOL": "SDN KERTAJAYA I/207", "JENJANG": "SD", "STATUS": "N", "ALAMAT SEK": "JL KERTAJAYA X-A/8", "WILAYAH": "Timur", "KECAMATAN": "GUBENG", "KELURAHAN": "KERTAJAYA", "LATITUDE": -7.279704945, "LONGITUDE": 112.7596405 }, "geometry": { "type": "Point", "coordinates": [ 112.7596405, -7.279704945 ] } },
{ "type": "Feature", "properties": { "NPSN": 20539108, "NAMA SEKOL": "SDN KLAKAHREJO  I / 578", "JENJANG": "SD", "STATUS": "N", "ALAMAT SEK": "Jl. Klakahrejo Sekolahan II/06", "WILAYAH": "Barat", "KECAMATAN": "BENOWO", "KELURAHAN": "KANDANGAN", "LATITUDE": -7.250168939, "LONGITUDE": 112.6484592 }, "geometry": { "type": "Point", "coordinates": [ 112.6484592, -7.250168939 ] } },
{ "type": "Feature", "properties": { "NPSN": 20539112, "NAMA SEKOL": "SDN KUTISARI I", "JENJANG": "SD", "STATUS": "N", "ALAMAT SEK": "Jl. Kutisari Selatan No. 22", "WILAYAH": "Timur", "KECAMATAN": "TENGGILIS MEJOYO", "KELURAHAN": "KUTISARI", "LATITUDE": -7.335391592, "LONGITUDE": 112.7473748 }, "geometry": { "type": "Point", "coordinates": [ 112.7473748, -7.335391592 ] } },
{ "type": "Feature", "properties": { "NPSN": 20539113, "NAMA SEKOL": "SDN MEDOKAN SEMAMPIR I", "JENJANG": "SD", "STATUS": "N", "ALAMAT SEK": "JL. SEMAMPIR Gg. KELURAHAN 124", "WILAYAH": "Timur", "KECAMATAN": "SUKOLILO", "KELURAHAN": "MEDOKAN SEMAMPIR", "LATITUDE": -7.304981155, "LONGITUDE": 112.7820852 }, "geometry": { "type": "Point", "coordinates": [ 112.7820852, -7.304981155 ] } },
{ "type": "Feature", "properties": { "NPSN": 20539114, "NAMA SEKOL": "SDN PAKIS VIII", "JENJANG": "SD", "STATUS": "N", "ALAMAT SEK": "JL BINTANG DI PONGGO KAV 874", "WILAYAH": "Selatan", "KECAMATAN": "SAWAHAN", "KELURAHAN": "PAKIS", "LATITUDE": -7.288349, "LONGITUDE": 112.719695 }, "geometry": { "type": "Point", "coordinates": [ 112.719695, -7.288349 ] } },
{ "type": "Feature", "properties": { "NPSN": 20539118, "NAMA SEKOL": "SDN PLOSO V/176", "JENJANG": "SD", "STATUS": "N", "ALAMAT SEK": "Jl. Karang Empat 133", "WILAYAH": "Timur", "KECAMATAN": "TAMBAKSARI", "KELURAHAN": "PLOSO", "LATITUDE": -7.251603361, "LONGITUDE": 112.7743984 }, "geometry": { "type": "Point", "coordinates": [ 112.7743984, -7.251603361 ] } },
{ "type": "Feature", "properties": { "NPSN": 20539121, "NAMA SEKOL": "SDN SUKOLILO 250", "JENJANG": "SD", "STATUS": "N", "ALAMAT SEK": "Jl. Kenjeran Pantai 31-33", "WILAYAH": "Utara", "KECAMATAN": "BULAK", "KELURAHAN": "SUKOLILO BARU", "LATITUDE": -7.240519415, "LONGITUDE": 112.7962473 }, "geometry": { "type": "Point", "coordinates": [ 112.7962473, -7.240519415 ] } },
{ "type": "Feature", "properties": { "NPSN": 20539125, "NAMA SEKOL": "SDN TAMBAKSARI III / 159", "JENJANG": "SD", "STATUS": "N", "ALAMAT SEK": "Jl. Salak No. 5", "WILAYAH": "Timur", "KECAMATAN": "TAMBAKSARI", "KELURAHAN": "TAMBAKSARI", "LATITUDE": -7.250744832, "LONGITUDE": 112.7546301 }, "geometry": { "type": "Point", "coordinates": [ 112.7546301, -7.250744832 ] } },
{ "type": "Feature", "properties": { "NPSN": 20539127, "NAMA SEKOL": "SDN TEGALSARI I / 321", "JENJANG": "SD", "STATUS": "N", "ALAMAT SEK": "JL. KAMPUNG MALANG WETAN I/10", "WILAYAH": "Pusat", "KECAMATAN": "TEGALSARI", "KELURAHAN": "TEGALSARI", "LATITUDE": -7.274152342, "LONGITUDE": 112.7360143 }, "geometry": { "type": "Point", "coordinates": [ 112.7360143, -7.274152342 ] } },
{ "type": "Feature", "properties": { "NPSN": 20539129, "NAMA SEKOL": "SDN WONOKUSUMO VI / 45", "JENJANG": "SD", "STATUS": "N", "ALAMAT SEK": "WONOSARI LOR BARU 21", "WILAYAH": "Utara", "KECAMATAN": "SEMAMPIR", "KELURAHAN": "WONOKUSUMO", "LATITUDE": -7.217237295, "LONGITUDE": 112.7542802 }, "geometry": { "type": "Point", "coordinates": [ 112.7542802, -7.217237295 ] } },
{ "type": "Feature", "properties": { "NPSN": 20539137, "NAMA SEKOL": "SD ISLAM TERPADU AL-FATHIMIYYAH", "JENJANG": "SD", "STATUS": "S", "ALAMAT SEK": "JL. LAPANGAN BENOWO NO.10", "WILAYAH": "Barat", "KECAMATAN": "PAKAL", "KELURAHAN": "BENOWO", "LATITUDE": -7.2376, "LONGITUDE": 112.6088 }, "geometry": { "type": "Point", "coordinates": [ 112.6088, -7.2376 ] } },
{ "type": "Feature", "properties": { "NPSN": 20539144, "NAMA SEKOL": "SDS Baitul Makmur Surabaya", "JENJANG": "SD", "STATUS": "S", "ALAMAT SEK": "JL. KEMAYORAN BARU 2 No. 16", "WILAYAH": "Utara", "KECAMATAN": "KREMBANGAN", "KELURAHAN": "KREMBANGAN SELATAN", "LATITUDE": -7.2438, "LONGITUDE": 112.7325 }, "geometry": { "type": "Point", "coordinates": [ 112.7325, -7.2438 ] } },
{ "type": "Feature", "properties": { "NPSN": 20539150, "NAMA SEKOL": "SDS Dapena Surabaya", "JENJANG": "SD", "STATUS": "S", "ALAMAT SEK": "JL. DINOYO NO. 33", "WILAYAH": "Pusat", "KECAMATAN": "TEGALSARI", "KELURAHAN": "KEPUTRAN", "LATITUDE": -7.2802, "LONGITUDE": 112.7444 }, "geometry": { "type": "Point", "coordinates": [ 112.7444, -7.2802 ] } },
{ "type": "Feature", "properties": { "NPSN": 20539151, "NAMA SEKOL": "SD DIPONEGORO SURABAYA", "JENJANG": "SD", "STATUS": "S", "ALAMAT SEK": "Jl. KEDUNG SROKO V/15 SURABAYA", "WILAYAH": "Timur", "KECAMATAN": "TAMBAKSARI", "KELURAHAN": "PACARKEMBANG", "LATITUDE": -7.2629, "LONGITUDE": 112.758 }, "geometry": { "type": "Point", "coordinates": [ 112.758, -7.2629 ] } },
{ "type": "Feature", "properties": { "NPSN": 20539156, "NAMA SEKOL": "SD Halimah", "JENJANG": "SD", "STATUS": "S", "ALAMAT SEK": "JL. KAWATAN VI/17-22", "WILAYAH": "Pusat", "KECAMATAN": "BUBUTAN", "KELURAHAN": "ALUN-ALUN CONTONG", "LATITUDE": -7.247904, "LONGITUDE": 112.737492 }, "geometry": { "type": "Point", "coordinates": [ 112.737492, -7.247904 ] } },
{ "type": "Feature", "properties": { "NPSN": 20539170, "NAMA SEKOL": "SDS K. Abdullah Ubaid I Surabaya", "JENJANG": "SD", "STATUS": "S", "ALAMAT SEK": "JL. Tembok Dukuh No. 22-24", "WILAYAH": "Pusat", "KECAMATAN": "BUBUTAN", "KELURAHAN": "TEMBOK DUKUH", "LATITUDE": -7.2555, "LONGITUDE": 112.7255 }, "geometry": { "type": "Point", "coordinates": [ 112.7255, -7.2555 ] } },
{ "type": "Feature", "properties": { "NPSN": 20539171, "NAMA SEKOL": "SDS K. Abdullah Ubaid II Surabaya", "JENJANG": "SD", "STATUS": "S", "ALAMAT SEK": "JL. TEMBOK DUKUH NO. 22-24", "WILAYAH": "Pusat", "KECAMATAN": "BUBUTAN", "KELURAHAN": "TEMBOK DUKUH", "LATITUDE": -7.255511799, "LONGITUDE": 112.725449 }, "geometry": { "type": "Point", "coordinates": [ 112.725449, -7.255511799 ] } },
{ "type": "Feature", "properties": { "NPSN": 20539172, "NAMA SEKOL": "SDS K.Abdullah Ubaid III Surabaya", "JENJANG": "SD", "STATUS": "S", "ALAMAT SEK": "JL. MARGODADI III/76", "WILAYAH": "Pusat", "KECAMATAN": "BUBUTAN", "KELURAHAN": "GUNDIH", "LATITUDE": -7.2504, "LONGITUDE": 112.7244 }, "geometry": { "type": "Point", "coordinates": [ 112.7244, -7.2504 ] } },
{ "type": "Feature", "properties": { "NPSN": 20539175, "NAMA SEKOL": "SDS Karya Putra Surabaya", "JENJANG": "SD", "STATUS": "S", "ALAMAT SEK": "JL. Kalianak Timur Belakang No. 42  Surabaya", "WILAYAH": "Utara", "KECAMATAN": "KREMBANGAN", "KELURAHAN": "MOROKREMBANGAN", "LATITUDE": -7.2314, "LONGITUDE": 112.7113 }, "geometry": { "type": "Point", "coordinates": [ 112.7113, -7.2314 ] } },
{ "type": "Feature", "properties": { "NPSN": 20539181, "NAMA SEKOL": "SD MARDI PUTERA", "JENJANG": "SD", "STATUS": "S", "ALAMAT SEK": "Jl. PACARKEMBANG IV/2-4-6 SURABAYA", "WILAYAH": "Timur", "KECAMATAN": "TAMBAKSARI", "KELURAHAN": "PACARKEMBANG", "LATITUDE": -7.2585, "LONGITUDE": 112.7631 }, "geometry": { "type": "Point", "coordinates": [ 112.7631, -7.2585 ] } },
{ "type": "Feature", "properties": { "NPSN": 20539184, "NAMA SEKOL": "SD MUHAMMADIYAH 12 Surabaya", "JENJANG": "SD", "STATUS": "S", "ALAMAT SEK": "Jl. Dupak Jaya V No. 21 - 29 Surabaya", "WILAYAH": "Pusat", "KECAMATAN": "BUBUTAN", "KELURAHAN": "JEPARA", "LATITUDE": -7.2433, "LONGITUDE": 112.727 }, "geometry": { "type": "Point", "coordinates": [ 112.727, -7.2433 ] } },
{ "type": "Feature", "properties": { "NPSN": 20539185, "NAMA SEKOL": "SDS Muhammadiyah 14 Surabaya", "JENJANG": "SD", "STATUS": "S", "ALAMAT SEK": "JL. MANUKAN KULON I", "WILAYAH": "Barat", "KECAMATAN": "TANDES", "KELURAHAN": "MANUKAN KULON", "LATITUDE": -7.2573, "LONGITUDE": 112.6684 }, "geometry": { "type": "Point", "coordinates": [ 112.6684, -7.2573 ] } },
{ "type": "Feature", "properties": { "NPSN": 20539196, "NAMA SEKOL": "SDS Raden Patah Surabaya", "JENJANG": "SD", "STATUS": "S", "ALAMAT SEK": "Jl. Balongsari Tama Selatan No. 1", "WILAYAH": "Barat", "KECAMATAN": "TANDES", "KELURAHAN": "BALONGSARI", "LATITUDE": -7.265, "LONGITUDE": 112.6777 }, "geometry": { "type": "Point", "coordinates": [ 112.6777, -7.265 ] } },
{ "type": "Feature", "properties": { "NPSN": 20539200, "NAMA SEKOL": "SD SERBAGUNA Surabaya", "JENJANG": "SD", "STATUS": "S", "ALAMAT SEK": "JL. KEDONDONG KIDUL I / 71", "WILAYAH": "Pusat", "KECAMATAN": "TEGALSARI", "KELURAHAN": "TEGALSARI", "LATITUDE": -7.2736, "LONGITUDE": 112.7367 }, "geometry": { "type": "Point", "coordinates": [ 112.7367, -7.2736 ] } },
{ "type": "Feature", "properties": { "NPSN": 20539207, "NAMA SEKOL": "SD TUNAS BHAKTI 26 SURABAYA", "JENJANG": "SD", "STATUS": "S", "ALAMAT SEK": "Jl. Banyu Urip Wetan IV/ 52", "WILAYAH": "Selatan", "KECAMATAN": "SAWAHAN", "KELURAHAN": "BANYU URIP", "LATITUDE": -7.2785505, "LONGITUDE": 112.7257059 }, "geometry": { "type": "Point", "coordinates": [ 112.7257059, -7.2785505 ] } },
{ "type": "Feature", "properties": { "NPSN": 20539212, "NAMA SEKOL": "SD KATOLIK SANTO XAVERIUS SURABAYA", "JENJANG": "SD", "STATUS": "S", "ALAMAT SEK": "JALAN KEPANJEN  No. 12,  SURABAYA", "WILAYAH": "Utara", "KECAMATAN": "KREMBANGAN", "KELURAHAN": "KREMBANGAN SELATAN", "LATITUDE": -7.2411, "LONGITUDE": 112.7367 }, "geometry": { "type": "Point", "coordinates": [ 112.7367, -7.2411 ] } },
{ "type": "Feature", "properties": { "NPSN": 20541280, "NAMA SEKOL": "SD HIDAYATUR ROHMAN", "JENJANG": "SD", "STATUS": "S", "ALAMAT SEK": "TAMBAK PRING TIMUR IA/13", "WILAYAH": "Barat", "KECAMATAN": "ASEM ROWO", "KELURAHAN": "ASEM ROWO", "LATITUDE": -7.250093419, "LONGITUDE": 112.7056589 }, "geometry": { "type": "Point", "coordinates": [ 112.7056589, -7.250093419 ] } },
{ "type": "Feature", "properties": { "NPSN": 20541284, "NAMA SEKOL": "SDN BANGKINGAN II/442", "JENJANG": "SD", "STATUS": "N", "ALAMAT SEK": "JL. RAYA BANGKINGAN", "WILAYAH": "Barat", "KECAMATAN": "LAKARSANTRI", "KELURAHAN": "BANGKINGAN", "LATITUDE": -7.325868, "LONGITUDE": 112.657912 }, "geometry": { "type": "Point", "coordinates": [ 112.657912, -7.325868 ] } },
{ "type": "Feature", "properties": { "NPSN": 20541287, "NAMA SEKOL": "SDN KANDANGAN III / 621", "JENJANG": "SD", "STATUS": "N", "ALAMAT SEK": "Jl. Wisma Tengger  XXI No. 01", "WILAYAH": "Barat", "KECAMATAN": "BENOWO", "KELURAHAN": "KANDANGAN", "LATITUDE": -7.261986404, "LONGITUDE": 112.657038 }, "geometry": { "type": "Point", "coordinates": [ 112.657038, -7.261986404 ] } },
{ "type": "Feature", "properties": { "NPSN": 20541288, "NAMA SEKOL": "SDN LAKARSANTRI II /473", "JENJANG": "SD", "STATUS": "N", "ALAMAT SEK": "JL LAKARSANTRI NO. 34 SURABAYA", "WILAYAH": "Barat", "KECAMATAN": "LAKARSANTRI", "KELURAHAN": "LAKARSANTRI", "LATITUDE": -7.303719098, "LONGITUDE": 112.6334726 }, "geometry": { "type": "Point", "coordinates": [ 112.6334726, -7.303719098 ] } },
{ "type": "Feature", "properties": { "NPSN": 20541289, "NAMA SEKOL": "SDN LIDAH WETAN II /462", "JENJANG": "SD", "STATUS": "N", "ALAMAT SEK": "JL LIDAH WETAN No. 27A", "WILAYAH": "Barat", "KECAMATAN": "LAKARSANTRI", "KELURAHAN": "LIDAH WETAN", "LATITUDE": -7.308043018, "LONGITUDE": 112.6651512 }, "geometry": { "type": "Point", "coordinates": [ 112.6651512, -7.308043018 ] } },
{ "type": "Feature", "properties": { "NPSN": 20541290, "NAMA SEKOL": "SDN SUMURWELUT I /438", "JENJANG": "SD", "STATUS": "N", "ALAMAT SEK": "JL RAYA SUMUR WELUT", "WILAYAH": "Barat", "KECAMATAN": "LAKARSANTRI", "KELURAHAN": "SUMURWELUT", "LATITUDE": -7.324769932, "LONGITUDE": 112.6674117 }, "geometry": { "type": "Point", "coordinates": [ 112.6674117, -7.324769932 ] } },
{ "type": "Feature", "properties": { "NPSN": 20541291, "NAMA SEKOL": "SDN SUMUR WELUT III /440", "JENJANG": "SD", "STATUS": "N", "ALAMAT SEK": "Jalan Raya Sumurwelut No. 2", "WILAYAH": "Barat", "KECAMATAN": "LAKARSANTRI", "KELURAHAN": "SUMURWELUT", "LATITUDE": -7.32514843, "LONGITUDE": 112.6719781 }, "geometry": { "type": "Point", "coordinates": [ 112.6719781, -7.32514843 ] } },
{ "type": "Feature", "properties": { "NPSN": 20541294, "NAMA SEKOL": "SD SANTA LORENT", "JENJANG": "SD", "STATUS": "S", "ALAMAT SEK": "Kalijudan Madya 2 / 7", "WILAYAH": "Timur", "KECAMATAN": "MULYOREJO", "KELURAHAN": "KALIJUDAN", "LATITUDE": -7.261350051, "LONGITUDE": 112.7750252 }, "geometry": { "type": "Point", "coordinates": [ 112.7750252, -7.261350051 ] } },
{ "type": "Feature", "properties": { "NPSN": 20541296, "NAMA SEKOL": "SD Xin Zhong", "JENJANG": "SD", "STATUS": "S", "ALAMAT SEK": "Jl. Kalisari Selatan No. 5, Pakuwon City Surabaya", "WILAYAH": "Timur", "KECAMATAN": "MULYOREJO", "KELURAHAN": "KALISARI", "LATITUDE": -7.267, "LONGITUDE": 112.7973 }, "geometry": { "type": "Point", "coordinates": [ 112.7973, -7.267 ] } },
{ "type": "Feature", "properties": { "NPSN": 20541297, "NAMA SEKOL": "SDS Mawar Sharon Christian School", "JENJANG": "SD", "STATUS": "S", "ALAMAT SEK": "Jl. Cempaka No. 10 - 12", "WILAYAH": "Pusat", "KECAMATAN": "TEGALSARI", "KELURAHAN": "TEGALSARI", "LATITUDE": -7.2694, "LONGITUDE": 112.7388 }, "geometry": { "type": "Point", "coordinates": [ 112.7388, -7.2694 ] } },
{ "type": "Feature", "properties": { "NPSN": 20541298, "NAMA SEKOL": "SDS ST. MARY ELEMENTARY SCHOOL", "JENJANG": "SD", "STATUS": "S", "ALAMAT SEK": "JL. LIDAH KULON 29-A SURABAYA", "WILAYAH": "Barat", "KECAMATAN": "LAKARSANTRI", "KELURAHAN": "LIDAH KULON", "LATITUDE": -7.3063, "LONGITUDE": 112.658 }, "geometry": { "type": "Point", "coordinates": [ 112.658, -7.3063 ] } },
{ "type": "Feature", "properties": { "NPSN": 20541300, "NAMA SEKOL": "SD USWATUN HASANAH WACHID HASYIM", "JENJANG": "SD", "STATUS": "S", "ALAMAT SEK": "JL. TUBAN RAYA NO. 73-75", "WILAYAH": "Pusat", "KECAMATAN": "BUBUTAN", "KELURAHAN": "JEPARA", "LATITUDE": -7.2448274, "LONGITUDE": 112.7328762 }, "geometry": { "type": "Point", "coordinates": [ 112.7328762, -7.2448274 ] } },
{ "type": "Feature", "properties": { "NPSN": 20549495, "NAMA SEKOL": "SD ISLAM TERPADU AT-TAQWA", "JENJANG": "SD", "STATUS": "S", "ALAMAT SEK": "JL. MENGANTI LIDAH WETAN NO 6", "WILAYAH": "Barat", "KECAMATAN": "LAKARSANTRI", "KELURAHAN": "LIDAH WETAN", "LATITUDE": -7.307042697, "LONGITUDE": 112.6648918 }, "geometry": { "type": "Point", "coordinates": [ 112.6648918, -7.307042697 ] } },
{ "type": "Feature", "properties": { "NPSN": 20549496, "NAMA SEKOL": "SD SANTO CAROLUS", "JENJANG": "SD", "STATUS": "S", "ALAMAT SEK": "Jalan Jemur Andayani XXI", "WILAYAH": "Selatan", "KECAMATAN": "WONOCOLO", "KELURAHAN": "SIWALANKERTO", "LATITUDE": -7.3307, "LONGITUDE": 112.7365 }, "geometry": { "type": "Point", "coordinates": [ 112.7365, -7.3307 ] } },
{ "type": "Feature", "properties": { "NPSN": 20549723, "NAMA SEKOL": "SD MANDALA II", "JENJANG": "SD", "STATUS": "S", "ALAMAT SEK": "Jl. Ploso Timur X A / 1", "WILAYAH": "Timur", "KECAMATAN": "TAMBAKSARI", "KELURAHAN": "PLOSO", "LATITUDE": -7.2543, "LONGITUDE": 112.7777 }, "geometry": { "type": "Point", "coordinates": [ 112.7777, -7.2543 ] } },
{ "type": "Feature", "properties": { "NPSN": 20552641, "NAMA SEKOL": "SD Al Azhar Syifa Budi Surabaya", "JENJANG": "SD", "STATUS": "S", "ALAMAT SEK": "Jl. Sidosermo PDK II Kav. 230A", "WILAYAH": "Selatan", "KECAMATAN": "WONOCOLO", "KELURAHAN": "SIDOSERMO", "LATITUDE": -7.3117, "LONGITUDE": 112.7527 }, "geometry": { "type": "Point", "coordinates": [ 112.7527, -7.3117 ] } },
{ "type": "Feature", "properties": { "NPSN": 20553954, "NAMA SEKOL": "SD NEGERI SAWAHAN IV/343", "JENJANG": "SD", "STATUS": "N", "ALAMAT SEK": "JL.KEDUNG ANYAR VII/58", "WILAYAH": "Selatan", "KECAMATAN": "SAWAHAN", "KELURAHAN": "SAWAHAN", "LATITUDE": -7.264979009, "LONGITUDE": 112.7245036 }, "geometry": { "type": "Point", "coordinates": [ 112.7245036, -7.264979009 ] } },
{ "type": "Feature", "properties": { "NPSN": 20553981, "NAMA SEKOL": "SD MUHAMMADIYAH 15", "JENJANG": "SD", "STATUS": "S", "ALAMAT SEK": "JL. MASTRIP NO 174 SURABAYA", "WILAYAH": "Selatan", "KECAMATAN": "WIYUNG", "KELURAHAN": "JAJAR TUNGGAL", "LATITUDE": -7.3122, "LONGITUDE": 112.7096 }, "geometry": { "type": "Point", "coordinates": [ 112.7096, -7.3122 ] } },
{ "type": "Feature", "properties": { "NPSN": 20554619, "NAMA SEKOL": "Sekolah Dasar SIS Surabaya", "JENJANG": "SD", "STATUS": "S", "ALAMAT SEK": "Jl. HR. Muhammad No. 371", "WILAYAH": "Barat", "KECAMATAN": "SUKOMANUNGGAL", "KELURAHAN": "SONOKWIJENAN", "LATITUDE": -7.283508, "LONGITUDE": 112.692195 }, "geometry": { "type": "Point", "coordinates": [ 112.692195, -7.283508 ] } },
{ "type": "Feature", "properties": { "NPSN": 20554761, "NAMA SEKOL": "SD BUNGA BANGSA", "JENJANG": "SD", "STATUS": "S", "ALAMAT SEK": "JL. MARINA EMAS BARAT I/69 SURABAYA", "WILAYAH": "Timur", "KECAMATAN": "SUKOLILO", "KELURAHAN": "KEPUTIH", "LATITUDE": -7.2923, "LONGITUDE": 112.8052 }, "geometry": { "type": "Point", "coordinates": [ 112.8052, -7.2923 ] } },
{ "type": "Feature", "properties": { "NPSN": 20555040, "NAMA SEKOL": "SDN PERAK BARAT", "JENJANG": "SD", "STATUS": "N", "ALAMAT SEK": "JL. TANJUNG TORAWITAN 2", "WILAYAH": "Utara", "KECAMATAN": "KREMBANGAN", "KELURAHAN": "PERAK BARAT", "LATITUDE": -7.223963, "LONGITUDE": 112.731229 }, "geometry": { "type": "Point", "coordinates": [ 112.731229, -7.223963 ] } },
{ "type": "Feature", "properties": { "NPSN": 20555077, "NAMA SEKOL": "SD AL AHMADI", "JENJANG": "SD", "STATUS": "S", "ALAMAT SEK": "JL. SIMOREJO Gg VI NO 3 SURBAYA", "WILAYAH": "Barat", "KECAMATAN": "SUKOMANUNGGAL", "KELURAHAN": "SIMOMULYO", "LATITUDE": -7.2546, "LONGITUDE": 112.7116 }, "geometry": { "type": "Point", "coordinates": [ 112.7116, -7.2546 ] } },
{ "type": "Feature", "properties": { "NPSN": 20557426, "NAMA SEKOL": "SD DARUL ILMI", "JENJANG": "SD", "STATUS": "S", "ALAMAT SEK": "Jl. Jambangan Kebon Agung 46 Surabaya", "WILAYAH": "Selatan", "KECAMATAN": "JAMBANGAN", "KELURAHAN": "JAMBANGAN", "LATITUDE": -7.3206, "LONGITUDE": 112.7138 }, "geometry": { "type": "Point", "coordinates": [ 112.7138, -7.3206 ] } },
{ "type": "Feature", "properties": { "NPSN": 20557429, "NAMA SEKOL": "SD MUJAHIDIN 2", "JENJANG": "SD", "STATUS": "S", "ALAMAT SEK": "JL. GRIYA CITRA ASRI RM 18/19 SURABAYA", "WILAYAH": "Barat", "KECAMATAN": "BENOWO", "KELURAHAN": "SEMEMI", "LATITUDE": -7.2579, "LONGITUDE": 112.6464 }, "geometry": { "type": "Point", "coordinates": [ 112.6464, -7.2579 ] } },
{ "type": "Feature", "properties": { "NPSN": 20558613, "NAMA SEKOL": "SD KRISTEN GLORIA 3", "JENJANG": "SD", "STATUS": "S", "ALAMAT SEK": "JL. KALISARI SELATAN 1 KAV. 1 NO. 3-5 PAKUWON CITY - SURABAYA", "WILAYAH": "Timur", "KECAMATAN": "MULYOREJO", "KELURAHAN": "KALISARI", "LATITUDE": -7.2728069, "LONGITUDE": 112.8088083 }, "geometry": { "type": "Point", "coordinates": [ 112.8088083, -7.2728069 ] } },
{ "type": "Feature", "properties": { "NPSN": 20561304, "NAMA SEKOL": "SDN SONOKWIJENAN II/96", "JENJANG": "SD", "STATUS": "N", "ALAMAT SEK": "Jl. Sono Indah IV/12-14", "WILAYAH": "Barat", "KECAMATAN": "SUKOMANUNGGAL", "KELURAHAN": "SONOKWIJENAN", "LATITUDE": -7.277651241, "LONGITUDE": 112.699378 }, "geometry": { "type": "Point", "coordinates": [ 112.699378, -7.277651241 ] } },
{ "type": "Feature", "properties": { "NPSN": 20563536, "NAMA SEKOL": "SD KRISTEN MASA DEPAN CERAH", "JENJANG": "SD", "STATUS": "S", "ALAMAT SEK": "Raya Bukit Darmo Golf No.34", "WILAYAH": "Barat", "KECAMATAN": "SUKOMANUNGGAL", "KELURAHAN": "PUTAT GEDE", "LATITUDE": -7.2906, "LONGITUDE": 112.6963 }, "geometry": { "type": "Point", "coordinates": [ 112.6963, -7.2906 ] } },
{ "type": "Feature", "properties": { "NPSN": 20563669, "NAMA SEKOL": "SD ISLAM BAITUL FATTAH", "JENJANG": "SD", "STATUS": "S", "ALAMAT SEK": "Jl. Manukan Tama No.1", "WILAYAH": "Barat", "KECAMATAN": "TANDES", "KELURAHAN": "MANUKAN KULON", "LATITUDE": -7.2643, "LONGITUDE": 112.6675 }, "geometry": { "type": "Point", "coordinates": [ 112.6675, -7.2643 ] } },
{ "type": "Feature", "properties": { "NPSN": 20563931, "NAMA SEKOL": "SD ANUGERAH PEKERTI", "JENJANG": "SD", "STATUS": "S", "ALAMAT SEK": "JL. DINOYO NO.127 SURABAYA", "WILAYAH": "Pusat", "KECAMATAN": "TEGALSARI", "KELURAHAN": "KEPUTRAN", "LATITUDE": -7.2839, "LONGITUDE": 112.7423 }, "geometry": { "type": "Point", "coordinates": [ 112.7423, -7.2839 ] } },
{ "type": "Feature", "properties": { "NPSN": 20563932, "NAMA SEKOL": "SDS MUHAMMADIYAH 26 SURABAYA", "JENJANG": "SD", "STATUS": "S", "ALAMAT SEK": "JL. KH. AHMAD DAHLAN No. 2 SURABAYA", "WILAYAH": "Timur", "KECAMATAN": "SUKOLILO", "KELURAHAN": "KEPUTIH", "LATITUDE": -7.284, "LONGITUDE": 112.8018 }, "geometry": { "type": "Point", "coordinates": [ 112.8018, -7.284 ] } },
{ "type": "Feature", "properties": { "NPSN": 20563937, "NAMA SEKOL": "SD Kr  MUTIARA KASIH", "JENJANG": "SD", "STATUS": "S", "ALAMAT SEK": "JL. RAYA KARANG ASEM 74 SURABAYA", "WILAYAH": "Timur", "KECAMATAN": "TAMBAKSARI", "KELURAHAN": "PLOSO", "LATITUDE": -7.252069093, "LONGITUDE": 112.7674426 }, "geometry": { "type": "Point", "coordinates": [ 112.7674426, -7.252069093 ] } },
{ "type": "Feature", "properties": { "NPSN": 20564059, "NAMA SEKOL": "SDN KALISARI II/513", "JENJANG": "SD", "STATUS": "N", "ALAMAT SEK": "JL TAMAN BHASKARA NO. 1", "WILAYAH": "Timur", "KECAMATAN": "MULYOREJO", "KELURAHAN": "KALISARI", "LATITUDE": -7.268733207, "LONGITUDE": 112.7994338 }, "geometry": { "type": "Point", "coordinates": [ 112.7994338, -7.268733207 ] } },
{ "type": "Feature", "properties": { "NPSN": 20565534, "NAMA SEKOL": "SD KHADIJAH PANDEGILING", "JENJANG": "SD", "STATUS": "S", "ALAMAT SEK": "JL. PANDEGILING 217 SURABAYA", "WILAYAH": "Pusat", "KECAMATAN": "TEGALSARI", "KELURAHAN": "DR. SOETOMO", "LATITUDE": -7.274786381, "LONGITUDE": 112.7292279 }, "geometry": { "type": "Point", "coordinates": [ 112.7292279, -7.274786381 ] } },
{ "type": "Feature", "properties": { "NPSN": 20565536, "NAMA SEKOL": "SD KATOLIK PERMATA BUNDA", "JENJANG": "SD", "STATUS": "S", "ALAMAT SEK": "JL. SLAMET NO. 43 SURABAYA", "WILAYAH": "Pusat", "KECAMATAN": "GENTENG", "KELURAHAN": "KETABANG", "LATITUDE": -7.258, "LONGITUDE": 112.7498 }, "geometry": { "type": "Point", "coordinates": [ 112.7498, -7.258 ] } },
{ "type": "Feature", "properties": { "NPSN": 20567360, "NAMA SEKOL": "SDN LIDAH KULON III/466", "JENJANG": "SD", "STATUS": "N", "ALAMAT SEK": "JALAN PERUMAHAN PURI LIDAH KULON INDAH NO. 1", "WILAYAH": "Barat", "KECAMATAN": "LAKARSANTRI", "KELURAHAN": "LIDAH KULON", "LATITUDE": -7.299000449, "LONGITUDE": 112.6534244 }, "geometry": { "type": "Point", "coordinates": [ 112.6534244, -7.299000449 ] } },
{ "type": "Feature", "properties": { "NPSN": 20568264, "NAMA SEKOL": "Sekolah Dasar Godwins", "JENJANG": "SD", "STATUS": "S", "ALAMAT SEK": "RAYA TENGGILIS 27 - 29 SURABAYA", "WILAYAH": "Timur", "KECAMATAN": "TENGGILIS MEJOYO", "KELURAHAN": "KENDANGSARI", "LATITUDE": -7.3264105, "LONGITUDE": 112.7381587 }, "geometry": { "type": "Point", "coordinates": [ 112.7381587, -7.3264105 ] } },
{ "type": "Feature", "properties": { "NPSN": 20569020, "NAMA SEKOL": "SD BRIGHT KIDDIE 3", "JENJANG": "SD", "STATUS": "S", "ALAMAT SEK": "Jl. I Gusti Ngurah Rai A1-1 Surabaya", "WILAYAH": "Timur", "KECAMATAN": "GUNUNG ANYAR", "KELURAHAN": "GUNUNG ANYAR", "LATITUDE": -7.3324, "LONGITUDE": 112.7858 }, "geometry": { "type": "Point", "coordinates": [ 112.7858, -7.3324 ] } },
{ "type": "Feature", "properties": { "NPSN": 20570688, "NAMA SEKOL": "SD JUNIOR ACTIVITIES CENTRE", "JENJANG": "SD", "STATUS": "S", "ALAMAT SEK": "JL. PUNCAK PERMAI UTARA III/ 9-11 SURABAYA", "WILAYAH": "Barat", "KECAMATAN": "TANDES", "KELURAHAN": "KARANG POH", "LATITUDE": -7.2759, "LONGITUDE": 112.6843 }, "geometry": { "type": "Point", "coordinates": [ 112.6843, -7.2759 ] } },
{ "type": "Feature", "properties": { "NPSN": 20570827, "NAMA SEKOL": "SD KRISTEN ANAK BANGSA", "JENJANG": "SD", "STATUS": "S", "ALAMAT SEK": "JL. MANYAR KARTIKA TIMUR NO. 6, SURABAYA", "WILAYAH": "Timur", "KECAMATAN": "SUKOLILO", "KELURAHAN": "MENUR PUMPUNGAN", "LATITUDE": -7.2992, "LONGITUDE": 112.7616 }, "geometry": { "type": "Point", "coordinates": [ 112.7616, -7.2992 ] } },
{ "type": "Feature", "properties": { "NPSN": 20571670, "NAMA SEKOL": "SD MENTARI KASIH SURABAYA", "JENJANG": "SD", "STATUS": "S", "ALAMAT SEK": "JL. MEDOKAN ASRI 74-80 SURABAYA", "WILAYAH": "Timur", "KECAMATAN": "RUNGKUT", "KELURAHAN": "MEDOKAN AYU", "LATITUDE": -7.3195, "LONGITUDE": 112.8012 }, "geometry": { "type": "Point", "coordinates": [ 112.8012, -7.3195 ] } },
{ "type": "Feature", "properties": { "NPSN": 20572027, "NAMA SEKOL": "SDIT PERMATA", "JENJANG": "SD", "STATUS": "S", "ALAMAT SEK": "JL.CACAT VETERAN NO.41", "WILAYAH": "Barat", "KECAMATAN": "PAKAL", "KELURAHAN": "PAKAL", "LATITUDE": -7.241975628, "LONGITUDE": 112.6226771 }, "geometry": { "type": "Point", "coordinates": [ 112.6226771, -7.241975628 ] } },
{ "type": "Feature", "properties": { "NPSN": 20573303, "NAMA SEKOL": "SD ISLAM AL AZHAR 35 SURABAYA", "JENJANG": "SD", "STATUS": "S", "ALAMAT SEK": "JL. FLORENCE J-4 NO. 31 KOMPLEK PAKUWON CITY SURABAYA", "WILAYAH": "Timur", "KECAMATAN": "MULYOREJO", "KELURAHAN": "KALISARI", "LATITUDE": -7.2643, "LONGITUDE": 112.7991 }, "geometry": { "type": "Point", "coordinates": [ 112.7991, -7.2643 ] } },
{ "type": "Feature", "properties": { "NPSN": 20574727, "NAMA SEKOL": "SD KREATIF AN NUR", "JENJANG": "SD", "STATUS": "S", "ALAMAT SEK": "JL RAYA SEMOLOWARU 96 - 98", "WILAYAH": "Timur", "KECAMATAN": "SUKOLILO", "KELURAHAN": "SEMOLOWARU", "LATITUDE": -7.300795342, "LONGITUDE": 112.7762416 }, "geometry": { "type": "Point", "coordinates": [ 112.7762416, -7.300795342 ] } },
{ "type": "Feature", "properties": { "NPSN": 20575426, "NAMA SEKOL": "SD ISLAM AL MUBAROK", "JENJANG": "SD", "STATUS": "S", "ALAMAT SEK": "JL. GUNUNGANYAR SAWAH NO. 19", "WILAYAH": "Timur", "KECAMATAN": "GUNUNG ANYAR", "KELURAHAN": "GUNUNG ANYAR", "LATITUDE": -7.326, "LONGITUDE": 112.7969 }, "geometry": { "type": "Point", "coordinates": [ 112.7969, -7.326 ] } },
{ "type": "Feature", "properties": { "NPSN": 20575436, "NAMA SEKOL": "SDI TANBIGHUL GHOFILIN", "JENJANG": "SD", "STATUS": "S", "ALAMAT SEK": "Tambak Asri Gading IV no 56", "WILAYAH": "Utara", "KECAMATAN": "KREMBANGAN", "KELURAHAN": "MOROKREMBANGAN", "LATITUDE": -7.2327, "LONGITUDE": 112.7113 }, "geometry": { "type": "Point", "coordinates": [ 112.7113, -7.2327 ] } },
{ "type": "Feature", "properties": { "NPSN": 20576874, "NAMA SEKOL": "SD LITTLE SUN SCHOOL", "JENJANG": "SD", "STATUS": "S", "ALAMAT SEK": "Jl. Manyar Kartika No.48, Surabaya", "WILAYAH": "Timur", "KECAMATAN": "SUKOLILO", "KELURAHAN": "MENUR PUMPUNGAN", "LATITUDE": -7.2651, "LONGITUDE": 112.7423 }, "geometry": { "type": "Point", "coordinates": [ 112.7423, -7.2651 ] } },
{ "type": "Feature", "properties": { "NPSN": 20577830, "NAMA SEKOL": "MI AL FITHRAH", "JENJANG": "MI", "STATUS": "S", "ALAMAT SEK": "Jl. Kedinding Lor No. 99", "WILAYAH": "Utara", "KECAMATAN": "KENJERAN", "KELURAHAN": "TANAH KALI KEDINDING", "LATITUDE": -7.2216568, "LONGITUDE": 112.7696634 }, "geometry": { "type": "Point", "coordinates": [ 112.7696634, -7.2216568 ] } },
{ "type": "Feature", "properties": { "NPSN": 20584013, "NAMA SEKOL": "SD SURABAYA GRAMMAR SCHOOL", "JENJANG": "SD", "STATUS": "S", "ALAMAT SEK": "JL. WISATA BUKIT MAS II H 1-5 SURABAYA", "WILAYAH": "Barat", "KECAMATAN": "LAKARSANTRI", "KELURAHAN": "LIDAH WETAN", "LATITUDE": -7.3019, "LONGITUDE": 112.6595 }, "geometry": { "type": "Point", "coordinates": [ 112.6595, -7.3019 ] } },
{ "type": "Feature", "properties": { "NPSN": 20584018, "NAMA SEKOL": "SD SURABAYA CAMBRIDGE SCHOOL", "JENJANG": "SD", "STATUS": "S", "ALAMAT SEK": "Alam Sambi Tirta Barat III/2 Blok C3-B No. 1", "WILAYAH": "Barat", "KECAMATAN": "SAMBIKEREP", "KELURAHAN": "SAMBIKEREP", "LATITUDE": -7.2792, "LONGITUDE": 112.6566 }, "geometry": { "type": "Point", "coordinates": [ 112.6566, -7.2792 ] } },
{ "type": "Feature", "properties": { "NPSN": 20584020, "NAMA SEKOL": "SD IVY SCHOOL SURABAYA", "JENJANG": "SD", "STATUS": "S", "ALAMAT SEK": "Royal Residence B5 - Kav 111", "WILAYAH": "Barat", "KECAMATAN": "LAKARSANTRI", "KELURAHAN": "SUMURWELUT", "LATITUDE": -7.3176, "LONGITUDE": 112.6754 }, "geometry": { "type": "Point", "coordinates": [ 112.6754, -7.3176 ] } },
{ "type": "Feature", "properties": { "NPSN": 20584021, "NAMA SEKOL": "Sekolah Dasar Kristen Cita Hati West Campus", "JENJANG": "SD", "STATUS": "S", "ALAMAT SEK": "JL. BUKIT BALI B3 NO. 6", "WILAYAH": "Barat", "KECAMATAN": "LAKARSANTRI", "KELURAHAN": "LAKARSANTRI", "LATITUDE": -7.2796, "LONGITUDE": 112.8083 }, "geometry": { "type": "Point", "coordinates": [ 112.8083, -7.2796 ] } },
{ "type": "Feature", "properties": { "NPSN": 20584023, "NAMA SEKOL": "SD ISLAM TERPADU DAARUL MUTTAQIEN", "JENJANG": "SD", "STATUS": "S", "ALAMAT SEK": "Jln. Manukan Tama No. 201-203", "WILAYAH": "Barat", "KECAMATAN": "TANDES", "KELURAHAN": "MANUKAN KULON", "LATITUDE": -7.2571, "LONGITUDE": 112.6878 }, "geometry": { "type": "Point", "coordinates": [ 112.6878, -7.2571 ] } },
{ "type": "Feature", "properties": { "NPSN": 60720869, "NAMA SEKOL": "MIS MAMBAUL ULUM", "JENJANG": "MI", "STATUS": "S", "ALAMAT SEK": "Tambak Langon Gg. Masjid no.2 Surabaya", "WILAYAH": "Barat", "KECAMATAN": "ASEM ROWO", "KELURAHAN": "TAMBAK SARIOSO", "LATITUDE": -7.2260914, "LONGITUDE": 112.6645502 }, "geometry": { "type": "Point", "coordinates": [ 112.6645502, -7.2260914 ] } },
{ "type": "Feature", "properties": { "NPSN": 60720870, "NAMA SEKOL": "MIS MIFTAHUL ULUM", "JENJANG": "MI", "STATUS": "S", "ALAMAT SEK": "Greges Barat V No. 2", "WILAYAH": "Barat", "KECAMATAN": "ASEM ROWO", "KELURAHAN": "TAMBAK SARIOSO", "LATITUDE": -7.2287165, "LONGITUDE": 112.6834229 }, "geometry": { "type": "Point", "coordinates": [ 112.6834229, -7.2287165 ] } },
{ "type": "Feature", "properties": { "NPSN": 60720871, "NAMA SEKOL": "MIS TARBIYATUS SHIBYAN", "JENJANG": "MI", "STATUS": "S", "ALAMAT SEK": "Jl. TAMBAK PRING UTAMA GANG II.B NO. 01", "WILAYAH": "Barat", "KECAMATAN": "ASEM ROWO", "KELURAHAN": "ASEM ROWO", "LATITUDE": -7.24961216, "LONGITUDE": 112.7075377 }, "geometry": { "type": "Point", "coordinates": [ 112.7075377, -7.24961216 ] } },
{ "type": "Feature", "properties": { "NPSN": 60720872, "NAMA SEKOL": "MI PANGERAN DIPONEGORO SURABAYA", "JENJANG": "MI", "STATUS": "S", "ALAMAT SEK": "TAMBAK MAYOR MADYA II/56", "WILAYAH": "Barat", "KECAMATAN": "ASEM ROWO", "KELURAHAN": "ASEM ROWO", "LATITUDE": -7.253476, "LONGITUDE": 112.701401 }, "geometry": { "type": "Point", "coordinates": [ 112.701401, -7.253476 ] } },
{ "type": "Feature", "properties": { "NPSN": 60720873, "NAMA SEKOL": "MI TAMAN JAYA SURABAYA", "JENJANG": "MI", "STATUS": "S", "ALAMAT SEK": "GREGES TIMUR NO. 2-4-6", "WILAYAH": "Barat", "KECAMATAN": "ASEM ROWO", "KELURAHAN": "TAMBAK SARIOSO", "LATITUDE": -7.229, "LONGITUDE": 112.6875 }, "geometry": { "type": "Point", "coordinates": [ 112.6875, -7.229 ] } },
{ "type": "Feature", "properties": { "NPSN": 60720874, "NAMA SEKOL": "MIS BAITUR ROHMAN", "JENJANG": "MI", "STATUS": "S", "ALAMAT SEK": "Jl. Tambak Mayor Baru 201", "WILAYAH": "Barat", "KECAMATAN": "ASEM ROWO", "KELURAHAN": "ASEM ROWO", "LATITUDE": -7.2517041, "LONGITUDE": 112.7023768 }, "geometry": { "type": "Point", "coordinates": [ 112.7023768, -7.2517041 ] } },
{ "type": "Feature", "properties": { "NPSN": 60720875, "NAMA SEKOL": "MIS H. ACHMAD ALI", "JENJANG": "MI", "STATUS": "S", "ALAMAT SEK": "JL. SEMEMI NO.09 RW.IV", "WILAYAH": "Barat", "KECAMATAN": "BENOWO", "KELURAHAN": "SEMEMI", "LATITUDE": -7.237682572, "LONGITUDE": 112.6371915 }, "geometry": { "type": "Point", "coordinates": [ 112.6371915, -7.237682572 ] } },
{ "type": "Feature", "properties": { "NPSN": 60720876, "NAMA SEKOL": "MIS SULTAN AGUNG", "JENJANG": "MI", "STATUS": "S", "ALAMAT SEK": "Romo Kalisari II/44", "WILAYAH": "Barat", "KECAMATAN": "BENOWO", "KELURAHAN": "ROMOKALISARI", "LATITUDE": -7.197731, "LONGITUDE": 112.646312 }, "geometry": { "type": "Point", "coordinates": [ 112.646312, -7.197731 ] } },
{ "type": "Feature", "properties": { "NPSN": 60720877, "NAMA SEKOL": "MIS AL FATICH", "JENJANG": "MI", "STATUS": "S", "ALAMAT SEK": "Tambak Osowilangun No. 98", "WILAYAH": "Barat", "KECAMATAN": "BENOWO", "KELURAHAN": "TAMBAK OSO WILANGUN", "LATITUDE": -7.209594333, "LONGITUDE": 112.6526867 }, "geometry": { "type": "Point", "coordinates": [ 112.6526867, -7.209594333 ] } },
{ "type": "Feature", "properties": { "NPSN": 60720878, "NAMA SEKOL": "MI MIFTAHUR RAHMAN", "JENJANG": "MI", "STATUS": "S", "ALAMAT SEK": "Jl. UKA X No.17  Sememi - Benowo", "WILAYAH": "Barat", "KECAMATAN": "BENOWO", "KELURAHAN": "SEMEMI", "LATITUDE": -7.24967, "LONGITUDE": 112.63672 }, "geometry": { "type": "Point", "coordinates": [ 112.63672, -7.24967 ] } },
{ "type": "Feature", "properties": { "NPSN": 60720879, "NAMA SEKOL": "MI DARUSSALAM", "JENJANG": "MI", "STATUS": "S", "ALAMAT SEK": "Jl. Jepara I/16 Surabaya", "WILAYAH": "Pusat", "KECAMATAN": "BUBUTAN", "KELURAHAN": "JEPARA", "LATITUDE": -7.24033177, "LONGITUDE": 112.7245502 }, "geometry": { "type": "Point", "coordinates": [ 112.7245502, -7.24033177 ] } },
{ "type": "Feature", "properties": { "NPSN": 60720880, "NAMA SEKOL": "MI. AL IKHSAN", "JENJANG": "MI", "STATUS": "S", "ALAMAT SEK": "DUPAK MASIGIT IX BUNTU NO. 15 SURABAYA", "WILAYAH": "Pusat", "KECAMATAN": "BUBUTAN", "KELURAHAN": "JEPARA", "LATITUDE": -7.24217, "LONGITUDE": 112.718 }, "geometry": { "type": "Point", "coordinates": [ 112.718, -7.24217 ] } },
{ "type": "Feature", "properties": { "NPSN": 60720881, "NAMA SEKOL": "MIS AL MUSTOFA", "JENJANG": "MI", "STATUS": "S", "ALAMAT SEK": "Jl. Tambak Deres 4 No. 6-10", "WILAYAH": "Utara", "KECAMATAN": "BULAK", "KELURAHAN": "KENJERAN", "LATITUDE": -7.239287, "LONGITUDE": 112.795497 }, "geometry": { "type": "Point", "coordinates": [ 112.795497, -7.239287 ] } },
{ "type": "Feature", "properties": { "NPSN": 60720882, "NAMA SEKOL": "MI RIBATH DARUT TAUHID", "JENJANG": "MI", "STATUS": "S", "ALAMAT SEK": "JL. NAMBANGAN PERAK NO. 89", "WILAYAH": "Utara", "KECAMATAN": "BULAK", "KELURAHAN": "KEDUNG COWEK", "LATITUDE": -7.220294, "LONGITUDE": 112.787176 }, "geometry": { "type": "Point", "coordinates": [ 112.787176, -7.220294 ] } },
{ "type": "Feature", "properties": { "NPSN": 60720883, "NAMA SEKOL": "MIS KY TAMBAK DERES", "JENJANG": "MI", "STATUS": "S", "ALAMAT SEK": "Jl. Bogorami III 29 Surabaya", "WILAYAH": "Utara", "KECAMATAN": "BULAK", "KELURAHAN": "BULAK", "LATITUDE": -7.231963, "LONGITUDE": 112.780908 }, "geometry": { "type": "Point", "coordinates": [ 112.780908, -7.231963 ] } },
{ "type": "Feature", "properties": { "NPSN": 60720884, "NAMA SEKOL": "MIS KH ROMLY TAMIM", "JENJANG": "MI", "STATUS": "S", "ALAMAT SEK": "Jl. Kenjeran Pantai No. 1", "WILAYAH": "Utara", "KECAMATAN": "BULAK", "KELURAHAN": "KENJERAN", "LATITUDE": -7.240820181, "LONGITUDE": 112.7952814 }, "geometry": { "type": "Point", "coordinates": [ 112.7952814, -7.240820181 ] } },
{ "type": "Feature", "properties": { "NPSN": 60720885, "NAMA SEKOL": "MIS AL MUTHMAINNAH", "JENJANG": "MI", "STATUS": "S", "ALAMAT SEK": "Cumpat Gang TPI No. 1", "WILAYAH": "Utara", "KECAMATAN": "BULAK", "KELURAHAN": "KEDUNG COWEK", "LATITUDE": -7.2242758, "LONGITUDE": 112.785029 }, "geometry": { "type": "Point", "coordinates": [ 112.785029, -7.2242758 ] } },
{ "type": "Feature", "properties": { "NPSN": 60720886, "NAMA SEKOL": "MIS NURUL YAQIN", "JENJANG": "MI", "STATUS": "S", "ALAMAT SEK": "Kedung Cowek VI/38", "WILAYAH": "Utara", "KECAMATAN": "BULAK", "KELURAHAN": "KEDUNG COWEK", "LATITUDE": -7.219712, "LONGITUDE": 112.776398 }, "geometry": { "type": "Point", "coordinates": [ 112.776398, -7.219712 ] } },
{ "type": "Feature", "properties": { "NPSN": 60720887, "NAMA SEKOL": "MI USWATUN HASANAH", "JENJANG": "MI", "STATUS": "S", "ALAMAT SEK": "JL. DUKUH BULAK BANTENG SUROPATI 5/36", "WILAYAH": "Utara", "KECAMATAN": "KENJERAN", "KELURAHAN": "BULAK BANTENG", "LATITUDE": -7.21508, "LONGITUDE": 112.768254 }, "geometry": { "type": "Point", "coordinates": [ 112.768254, -7.21508 ] } },
{ "type": "Feature", "properties": { "NPSN": 60720888, "NAMA SEKOL": "MI BADRUSSALAM", "JENJANG": "MI", "STATUS": "S", "ALAMAT SEK": "Jl. HR. Muhammad 161", "WILAYAH": "Selatan", "KECAMATAN": "DUKUH PAKIS", "KELURAHAN": "PRADAH KALIKENDAL", "LATITUDE": -7.28373, "LONGITUDE": 112.68789 }, "geometry": { "type": "Point", "coordinates": [ 112.68789, -7.28373 ] } },
{ "type": "Feature", "properties": { "NPSN": 60720889, "NAMA SEKOL": "MI ITTAQU", "JENJANG": "MI", "STATUS": "S", "ALAMAT SEK": "JL. MENANGGAL 4 MORIS 7 SURABAYA", "WILAYAH": "Selatan", "KECAMATAN": "GAYUNGAN", "KELURAHAN": "MENANGGAL", "LATITUDE": -7.339608197, "LONGITUDE": 112.7242871 }, "geometry": { "type": "Point", "coordinates": [ 112.7242871, -7.339608197 ] } },
{ "type": "Feature", "properties": { "NPSN": 60720890, "NAMA SEKOL": "MIS HIDAYATUL WATHON", "JENJANG": "MI", "STATUS": "S", "ALAMAT SEK": "Jl. Jagalan VIII-D/9 Surabaya", "WILAYAH": "Pusat", "KECAMATAN": "GENTENG", "KELURAHAN": "PENELEH", "LATITUDE": -7.249274, "LONGITUDE": 112.745434 }, "geometry": { "type": "Point", "coordinates": [ 112.745434, -7.249274 ] } },
{ "type": "Feature", "properties": { "NPSN": 60720891, "NAMA SEKOL": "MIS SUNAN GIRI", "JENJANG": "MI", "STATUS": "S", "ALAMAT SEK": "Jl. Kalidami 3/24", "WILAYAH": "Timur", "KECAMATAN": "GUBENG", "KELURAHAN": "MOJO", "LATITUDE": -7.276016, "LONGITUDE": 112.764227 }, "geometry": { "type": "Point", "coordinates": [ 112.764227, -7.276016 ] } },
{ "type": "Feature", "properties": { "NPSN": 60720892, "NAMA SEKOL": "MIS MUHAMMADIYAH 5", "JENJANG": "MI", "STATUS": "S", "ALAMAT SEK": "Jalan Jojoran I Nomor 77", "WILAYAH": "Timur", "KECAMATAN": "GUBENG", "KELURAHAN": "MOJO", "LATITUDE": -7.272336, "LONGITUDE": 112.765973 }, "geometry": { "type": "Point", "coordinates": [ 112.765973, -7.272336 ] } },
{ "type": "Feature", "properties": { "NPSN": 60720893, "NAMA SEKOL": "MIS BAITURRAHMAN", "JENJANG": "MI", "STATUS": "S", "ALAMAT SEK": "JL. JUWINGAN 1 B", "WILAYAH": "Timur", "KECAMATAN": "GUBENG", "KELURAHAN": "KERTAJAYA", "LATITUDE": -7.274156478, "LONGITUDE": 112.752506 }, "geometry": { "type": "Point", "coordinates": [ 112.752506, -7.274156478 ] } },
{ "type": "Feature", "properties": { "NPSN": 60720894, "NAMA SEKOL": "MIS AL JIHAD", "JENJANG": "MI", "STATUS": "S", "ALAMAT SEK": "Jl. Kalibokor II No.35.A", "WILAYAH": "Timur", "KECAMATAN": "GUBENG", "KELURAHAN": "PUCANG SEWU", "LATITUDE": -7.285139057, "LONGITUDE": 112.7495291 }, "geometry": { "type": "Point", "coordinates": [ 112.7495291, -7.285139057 ] } },
{ "type": "Feature", "properties": { "NPSN": 60720895, "NAMA SEKOL": "MIS AL HUDA", "JENJANG": "MI", "STATUS": "S", "ALAMAT SEK": "Jl. Pucang Sewu 7/34", "WILAYAH": "Timur", "KECAMATAN": "GUBENG", "KELURAHAN": "PUCANG SEWU", "LATITUDE": -7.285674644, "LONGITUDE": 112.7512675 }, "geometry": { "type": "Point", "coordinates": [ 112.7512675, -7.285674644 ] } },
{ "type": "Feature", "properties": { "NPSN": 60720896, "NAMA SEKOL": "MIN 2 Kota Surabaya", "JENJANG": "MI", "STATUS": "N", "ALAMAT SEK": "Jl. Jambangan No. 147", "WILAYAH": "Selatan", "KECAMATAN": "JAMBANGAN", "KELURAHAN": "JAMBANGAN", "LATITUDE": -7.321581372, "LONGITUDE": 112.7116313 }, "geometry": { "type": "Point", "coordinates": [ 112.7116313, -7.321581372 ] } },
{ "type": "Feature", "properties": { "NPSN": 60720897, "NAMA SEKOL": "MIS DARUSSALAM", "JENJANG": "MI", "STATUS": "S", "ALAMAT SEK": "Jl. Pegesangan No. 12", "WILAYAH": "Selatan", "KECAMATAN": "JAMBANGAN", "KELURAHAN": "PAGESANGAN", "LATITUDE": -7.3363, "LONGITUDE": 112.7057 }, "geometry": { "type": "Point", "coordinates": [ 112.7057, -7.3363 ] } },
{ "type": "Feature", "properties": { "NPSN": 60720898, "NAMA SEKOL": "MIS HASANUDDIN", "JENJANG": "MI", "STATUS": "S", "ALAMAT SEK": "Jl. Karah Masjid No. 6-8", "WILAYAH": "Selatan", "KECAMATAN": "JAMBANGAN", "KELURAHAN": "KARAH", "LATITUDE": -7.30973, "LONGITUDE": 112.7168097 }, "geometry": { "type": "Point", "coordinates": [ 112.7168097, -7.30973 ] } },
{ "type": "Feature", "properties": { "NPSN": 60720899, "NAMA SEKOL": "MIS MIFTAHUL ULUM", "JENJANG": "MI", "STATUS": "S", "ALAMAT SEK": "Jl. Mastrip Warugunung No. 13", "WILAYAH": "Selatan", "KECAMATAN": "KARANG PILANG", "KELURAHAN": "WARU GUNUNG", "LATITUDE": -7.350633044, "LONGITUDE": 112.6664378 }, "geometry": { "type": "Point", "coordinates": [ 112.6664378, -7.350633044 ] } },
{ "type": "Feature", "properties": { "NPSN": 60720900, "NAMA SEKOL": "MIS AL HIDAYAH", "JENJANG": "MI", "STATUS": "S", "ALAMAT SEK": "Jl. Kebraon II No. 15", "WILAYAH": "Selatan", "KECAMATAN": "KARANG PILANG", "KELURAHAN": "KEBRAON", "LATITUDE": -7.33608, "LONGITUDE": 112.70168 }, "geometry": { "type": "Point", "coordinates": [ 112.70168, -7.33608 ] } },
{ "type": "Feature", "properties": { "NPSN": 60720901, "NAMA SEKOL": "MIS BAITURRAHMAN", "JENJANG": "MI", "STATUS": "S", "ALAMAT SEK": "Jl. Kedurus III Masjid No. 1 RT: 6  RW : 2 Surabaya", "WILAYAH": "Selatan", "KECAMATAN": "KARANG PILANG", "KELURAHAN": "KEDURUS", "LATITUDE": -7.318418866, "LONGITUDE": 112.7091882 }, "geometry": { "type": "Point", "coordinates": [ 112.7091882, -7.318418866 ] } },
{ "type": "Feature", "properties": { "NPSN": 60720902, "NAMA SEKOL": "MIS NURUL HIDAYAH", "JENJANG": "MI", "STATUS": "S", "ALAMAT SEK": "Pogot I No. 15-19", "WILAYAH": "Utara", "KECAMATAN": "KENJERAN", "KELURAHAN": "TANAH KALI KEDINDING", "LATITUDE": -7.23502052, "LONGITUDE": 112.7647981 }, "geometry": { "type": "Point", "coordinates": [ 112.7647981, -7.23502052 ] } },
{ "type": "Feature", "properties": { "NPSN": 60720903, "NAMA SEKOL": "MI ROUDLOTUL ULUM", "JENJANG": "MI", "STATUS": "S", "ALAMAT SEK": "BULAK BANTENG BARU KAMBOJA 2 NO 44", "WILAYAH": "Utara", "KECAMATAN": "KENJERAN", "KELURAHAN": "SIDOTOPO WETAN", "LATITUDE": -7.215986123, "LONGITUDE": 112.7629063 }, "geometry": { "type": "Point", "coordinates": [ 112.7629063, -7.215986123 ] } },
{ "type": "Feature", "properties": { "NPSN": 60720904, "NAMA SEKOL": "MIS MUHAMMADIYAH 25", "JENJANG": "MI", "STATUS": "S", "ALAMAT SEK": "Jl Sidotopo Wetan 1D/18", "WILAYAH": "Utara", "KECAMATAN": "KENJERAN", "KELURAHAN": "SIDOTOPO WETAN", "LATITUDE": -7.2339688, "LONGITUDE": 112.7589028 }, "geometry": { "type": "Point", "coordinates": [ 112.7589028, -7.2339688 ] } },
{ "type": "Feature", "properties": { "NPSN": 60720905, "NAMA SEKOL": "MIS MUSLIMAT NU", "JENJANG": "MI", "STATUS": "S", "ALAMAT SEK": "Bulak Banteng Wetan 8/28", "WILAYAH": "Utara", "KECAMATAN": "KENJERAN", "KELURAHAN": "SIDOTOPO WETAN", "LATITUDE": -7.2198047, "LONGITUDE": 112.7604241 }, "geometry": { "type": "Point", "coordinates": [ 112.7604241, -7.2198047 ] } },
{ "type": "Feature", "properties": { "NPSN": 60720906, "NAMA SEKOL": "MI DARUT TAUHID", "JENJANG": "MI", "STATUS": "S", "ALAMAT SEK": "Jl. Dukuh Bulak Banteng Sekolahan IIA/23", "WILAYAH": "Utara", "KECAMATAN": "KENJERAN", "KELURAHAN": "BULAK BANTENG", "LATITUDE": -7.2170317, "LONGITUDE": 112.7596788 }, "geometry": { "type": "Point", "coordinates": [ 112.7596788, -7.2170317 ] } },
{ "type": "Feature", "properties": { "NPSN": 60720907, "NAMA SEKOL": "MIS ICHYAUL ULUM", "JENJANG": "MI", "STATUS": "S", "ALAMAT SEK": "BULAK BANTENG LOR BHINNEKA 8 NO.52", "WILAYAH": "Utara", "KECAMATAN": "KENJERAN", "KELURAHAN": "BULAK BANTENG", "LATITUDE": -7.213873771, "LONGITUDE": 112.7692123 }, "geometry": { "type": "Point", "coordinates": [ 112.7692123, -7.213873771 ] } },
{ "type": "Feature", "properties": { "NPSN": 60720908, "NAMA SEKOL": "MIS DARUSSALAM", "JENJANG": "MI", "STATUS": "S", "ALAMAT SEK": "Bulak Banteng Kidul 4/7", "WILAYAH": "Utara", "KECAMATAN": "KENJERAN", "KELURAHAN": "SIDOTOPO WETAN", "LATITUDE": -7.221457243, "LONGITUDE": 112.7595014 }, "geometry": { "type": "Point", "coordinates": [ 112.7595014, -7.221457243 ] } },
{ "type": "Feature", "properties": { "NPSN": 60720909, "NAMA SEKOL": "MIS DARUT TA`LIM", "JENJANG": "MI", "STATUS": "S", "ALAMAT SEK": "BULAK BANTENG LOR BHINEKA F1", "WILAYAH": "Utara", "KECAMATAN": "KENJERAN", "KELURAHAN": "BULAK BANTENG", "LATITUDE": -7.2161312, "LONGITUDE": 112.7509655 }, "geometry": { "type": "Point", "coordinates": [ 112.7509655, -7.2161312 ] } },
{ "type": "Feature", "properties": { "NPSN": 60720910, "NAMA SEKOL": "MIS YATABU", "JENJANG": "MI", "STATUS": "S", "ALAMAT SEK": "Kedinding Tangah Baru IV/16-18", "WILAYAH": "Utara", "KECAMATAN": "KENJERAN", "KELURAHAN": "TANAH KALI KEDINDING", "LATITUDE": -7.226431119, "LONGITUDE": 112.7711681 }, "geometry": { "type": "Point", "coordinates": [ 112.7711681, -7.226431119 ] } },
{ "type": "Feature", "properties": { "NPSN": 60720911, "NAMA SEKOL": "MI MUHAJIRIN", "JENJANG": "MI", "STATUS": "S", "ALAMAT SEK": "Jl. Pogot 5 / 26 Surabaya", "WILAYAH": "Utara", "KECAMATAN": "KENJERAN", "KELURAHAN": "TANAH KALI KEDINDING", "LATITUDE": -7.2347512, "LONGITUDE": 112.7661633 }, "geometry": { "type": "Point", "coordinates": [ 112.7661633, -7.2347512 ] } },
{ "type": "Feature", "properties": { "NPSN": 60720912, "NAMA SEKOL": "MI DARUSSALAM", "JENJANG": "MI", "STATUS": "S", "ALAMAT SEK": "JL. DUKUH BULAK BANTENG PERINTIS UTAMA III/24", "WILAYAH": "Utara", "KECAMATAN": "KENJERAN", "KELURAHAN": "BULAK BANTENG", "LATITUDE": -7.216776894, "LONGITUDE": 112.7682503 }, "geometry": { "type": "Point", "coordinates": [ 112.7682503, -7.216776894 ] } },
{ "type": "Feature", "properties": { "NPSN": 60720913, "NAMA SEKOL": "MI Mahir Ar Riyadl", "JENJANG": "MI", "STATUS": "S", "ALAMAT SEK": "Jl. Bulak Banteng Baru Gg. Gading / 30", "WILAYAH": "Utara", "KECAMATAN": "KENJERAN", "KELURAHAN": "SIDOTOPO WETAN", "LATITUDE": -7.214322, "LONGITUDE": 112.762285 }, "geometry": { "type": "Point", "coordinates": [ 112.762285, -7.214322 ] } },
{ "type": "Feature", "properties": { "NPSN": 60720914, "NAMA SEKOL": "MI Al Fahmi", "JENJANG": "MI", "STATUS": "S", "ALAMAT SEK": "Tambakwedi Langgar Gg. Kutilang No. 20 Kenjeran Surabaya", "WILAYAH": "Utara", "KECAMATAN": "KENJERAN", "KELURAHAN": "TAMBAK WEDI", "LATITUDE": -7.210243, "LONGITUDE": 112.773764 }, "geometry": { "type": "Point", "coordinates": [ 112.773764, -7.210243 ] } },
{ "type": "Feature", "properties": { "NPSN": 60720915, "NAMA SEKOL": "MI Fathul Bashar", "JENJANG": "MI", "STATUS": "S", "ALAMAT SEK": "JL. DUKUH BULAK BANTENG GG. PATRIOT III A / 15 SURABAYA", "WILAYAH": "Utara", "KECAMATAN": "KENJERAN", "KELURAHAN": "BULAK BANTENG", "LATITUDE": -7.218968844, "LONGITUDE": 112.7677722 }, "geometry": { "type": "Point", "coordinates": [ 112.7677722, -7.218968844 ] } },
{ "type": "Feature", "properties": { "NPSN": 60720916, "NAMA SEKOL": "MI. MUTIARA BUNDA", "JENJANG": "MI", "STATUS": "S", "ALAMAT SEK": "JL. TAMBAK WEDI BARU XI/53 SURABAYA", "WILAYAH": "Utara", "KECAMATAN": "KENJERAN", "KELURAHAN": "TAMBAK WEDI", "LATITUDE": -7.216338153, "LONGITUDE": 112.7732156 }, "geometry": { "type": "Point", "coordinates": [ 112.7732156, -7.216338153 ] } },
{ "type": "Feature", "properties": { "NPSN": 60720917, "NAMA SEKOL": "MI DEWI SARTIKA", "JENJANG": "MI", "STATUS": "S", "ALAMAT SEK": "TAMBAK WEDI BARU IX/1", "WILAYAH": "Utara", "KECAMATAN": "KENJERAN", "KELURAHAN": "TAMBAK WEDI", "LATITUDE": -7.217956538, "LONGITUDE": 112.7734665 }, "geometry": { "type": "Point", "coordinates": [ 112.7734665, -7.217956538 ] } },
{ "type": "Feature", "properties": { "NPSN": 60720918, "NAMA SEKOL": "MI Kurnia Ilmu", "JENJANG": "MI", "STATUS": "S", "ALAMAT SEK": "Tambak Wedi Tengah Timur II-A", "WILAYAH": "Utara", "KECAMATAN": "KENJERAN", "KELURAHAN": "TAMBAK WEDI", "LATITUDE": -7.213475, "LONGITUDE": 112.775157 }, "geometry": { "type": "Point", "coordinates": [ 112.775157, -7.213475 ] } },
{ "type": "Feature", "properties": { "NPSN": 60720919, "NAMA SEKOL": "MIS SABILAL MUTTAQIN", "JENJANG": "MI", "STATUS": "S", "ALAMAT SEK": "Jl. Alun - Alun Bangunsari Selatan 21", "WILAYAH": "Utara", "KECAMATAN": "KREMBANGAN", "KELURAHAN": "DUPAK", "LATITUDE": -7.239650624, "LONGITUDE": 112.7172322 }, "geometry": { "type": "Point", "coordinates": [ 112.7172322, -7.239650624 ] } },
{ "type": "Feature", "properties": { "NPSN": 60720920, "NAMA SEKOL": "MIS NURUL HIDAYAH", "JENJANG": "MI", "STATUS": "S", "ALAMAT SEK": "Jl. Ikan Gurami V/16", "WILAYAH": "Utara", "KECAMATAN": "KREMBANGAN", "KELURAHAN": "PERAK BARAT", "LATITUDE": -7.225295734, "LONGITUDE": 112.7298363 }, "geometry": { "type": "Point", "coordinates": [ 112.7298363, -7.225295734 ] } },
{ "type": "Feature", "properties": { "NPSN": 60720921, "NAMA SEKOL": "MIS NURUL HUDA", "JENJANG": "MI", "STATUS": "S", "ALAMAT SEK": "Jl. Krembangan Bhakti 50", "WILAYAH": "Utara", "KECAMATAN": "KREMBANGAN", "KELURAHAN": "KEMAYORAN", "LATITUDE": -7.235134561, "LONGITUDE": 112.7289444 }, "geometry": { "type": "Point", "coordinates": [ 112.7289444, -7.235134561 ] } },
{ "type": "Feature", "properties": { "NPSN": 60720922, "NAMA SEKOL": "MIS AL HIDAYAH", "JENJANG": "MI", "STATUS": "S", "ALAMAT SEK": "Tambak Asri XXV 26", "WILAYAH": "Utara", "KECAMATAN": "KREMBANGAN", "KELURAHAN": "MOROKREMBANGAN", "LATITUDE": -7.23720713, "LONGITUDE": 112.7143376 }, "geometry": { "type": "Point", "coordinates": [ 112.7143376, -7.23720713 ] } },
{ "type": "Feature", "properties": { "NPSN": 60720923, "NAMA SEKOL": "MIS SALAFIYAH", "JENJANG": "MI", "STATUS": "S", "ALAMAT SEK": "Jl. Kalianak Timur Gg. Masjid No. 3C", "WILAYAH": "Utara", "KECAMATAN": "KREMBANGAN", "KELURAHAN": "MOROKREMBANGAN", "LATITUDE": -7.231741, "LONGITUDE": 112.711298 }, "geometry": { "type": "Point", "coordinates": [ 112.711298, -7.231741 ] } },
{ "type": "Feature", "properties": { "NPSN": 60720924, "NAMA SEKOL": "MIS BINA BANGSA", "JENJANG": "MI", "STATUS": "S", "ALAMAT SEK": "Krembangan Jaya V No 29 Surabaya", "WILAYAH": "Utara", "KECAMATAN": "KREMBANGAN", "KELURAHAN": "KEMAYORAN", "LATITUDE": -7.238132942, "LONGITUDE": 112.7272922 }, "geometry": { "type": "Point", "coordinates": [ 112.7272922, -7.238132942 ] } },
{ "type": "Feature", "properties": { "NPSN": 60720925, "NAMA SEKOL": "MI SABILAS SALAMAH SURABAYA", "JENJANG": "MI", "STATUS": "S", "ALAMAT SEK": "JL. DUPAK BANGUN REJO 49 dan 55", "WILAYAH": "Utara", "KECAMATAN": "KREMBANGAN", "KELURAHAN": "DUPAK", "LATITUDE": -7.2378207, "LONGITUDE": 112.7146201 }, "geometry": { "type": "Point", "coordinates": [ 112.7146201, -7.2378207 ] } },
{ "type": "Feature", "properties": { "NPSN": 60720926, "NAMA SEKOL": "MIS KH. ABU MANSUR", "JENJANG": "MI", "STATUS": "S", "ALAMAT SEK": "Jl. Raya Lidah Wetan 29 Surabaya", "WILAYAH": "Barat", "KECAMATAN": "LAKARSANTRI", "KELURAHAN": "LIDAH WETAN", "LATITUDE": -7.307373, "LONGITUDE": 112.666178 }, "geometry": { "type": "Point", "coordinates": [ 112.666178, -7.307373 ] } },
{ "type": "Feature", "properties": { "NPSN": 60720927, "NAMA SEKOL": "MIS AT-TAUFIQ", "JENJANG": "MI", "STATUS": "S", "ALAMAT SEK": "JL.CITRA RAYA NO. 25", "WILAYAH": "Barat", "KECAMATAN": "LAKARSANTRI", "KELURAHAN": "LAKARSANTRI", "LATITUDE": -7.300875046, "LONGITUDE": 112.6340222 }, "geometry": { "type": "Point", "coordinates": [ 112.6340222, -7.300875046 ] } },
{ "type": "Feature", "properties": { "NPSN": 60720928, "NAMA SEKOL": "MIS NURUL HUDA", "JENJANG": "MI", "STATUS": "S", "ALAMAT SEK": "Bangkingan  no 16", "WILAYAH": "Barat", "KECAMATAN": "LAKARSANTRI", "KELURAHAN": "BANGKINGAN", "LATITUDE": -7.323499283, "LONGITUDE": 112.6594778 }, "geometry": { "type": "Point", "coordinates": [ 112.6594778, -7.323499283 ] } },
{ "type": "Feature", "properties": { "NPSN": 60720929, "NAMA SEKOL": "MIS ISLAMIYAH", "JENJANG": "MI", "STATUS": "S", "ALAMAT SEK": "Kelurahan Jeruk", "WILAYAH": "Barat", "KECAMATAN": "LAKARSANTRI", "KELURAHAN": "JERUK", "LATITUDE": -7.304792532, "LONGITUDE": 112.6424831 }, "geometry": { "type": "Point", "coordinates": [ 112.6424831, -7.304792532 ] } },
{ "type": "Feature", "properties": { "NPSN": 60720930, "NAMA SEKOL": "MIS AL AZIEZ", "JENJANG": "MI", "STATUS": "S", "ALAMAT SEK": "Semut 4/15-17", "WILAYAH": "Utara", "KECAMATAN": "PABEAN CANTIAN", "KELURAHAN": "BONGKARAN", "LATITUDE": -7.24621968, "LONGITUDE": 112.744297 }, "geometry": { "type": "Point", "coordinates": [ 112.744297, -7.24621968 ] } },
{ "type": "Feature", "properties": { "NPSN": 60720931, "NAMA SEKOL": "MIS NURUL QOMAR", "JENJANG": "MI", "STATUS": "S", "ALAMAT SEK": "Jl. Dapuan Baru No.35", "WILAYAH": "Utara", "KECAMATAN": "PABEAN CANTIAN", "KELURAHAN": "KREMBANGAN UTARA", "LATITUDE": -7.228838131, "LONGITUDE": 112.7327209 }, "geometry": { "type": "Point", "coordinates": [ 112.7327209, -7.228838131 ] } },
{ "type": "Feature", "properties": { "NPSN": 60720932, "NAMA SEKOL": "MIS MIFTAHUL ULUM", "JENJANG": "MI", "STATUS": "S", "ALAMAT SEK": "Panggung 9/42", "WILAYAH": "Utara", "KECAMATAN": "PABEAN CANTIAN", "KELURAHAN": "NYAMPLUNGAN", "LATITUDE": -7.235149762, "LONGITUDE": 112.7397981 }, "geometry": { "type": "Point", "coordinates": [ 112.7397981, -7.235149762 ] } },
{ "type": "Feature", "properties": { "NPSN": 60720933, "NAMA SEKOL": "MIS AL-AMIN", "JENJANG": "MI", "STATUS": "S", "ALAMAT SEK": "Jl. Kalimas Baru III/15", "WILAYAH": "Utara", "KECAMATAN": "PABEAN CANTIAN", "KELURAHAN": "TANJUNG PERAK", "LATITUDE": -7.2378821, "LONGITUDE": 112.659559 }, "geometry": { "type": "Point", "coordinates": [ 112.659559, -7.2378821 ] } },
{ "type": "Feature", "properties": { "NPSN": 60720934, "NAMA SEKOL": "MIS K.H.A. SIDIQ", "JENJANG": "MI", "STATUS": "S", "ALAMAT SEK": "Sukodono", "WILAYAH": "Barat", "KECAMATAN": "PAKAL", "KELURAHAN": "SUMBER REJO", "LATITUDE": -7.214491549, "LONGITUDE": 112.6078756 }, "geometry": { "type": "Point", "coordinates": [ 112.6078756, -7.214491549 ] } },
{ "type": "Feature", "properties": { "NPSN": 60720935, "NAMA SEKOL": "MIS MIFTAHUL ULUM", "JENJANG": "MI", "STATUS": "S", "ALAMAT SEK": "Jawar", "WILAYAH": "Barat", "KECAMATAN": "PAKAL", "KELURAHAN": "SUMBER REJO", "LATITUDE": -7.22416, "LONGITUDE": 112.61613 }, "geometry": { "type": "Point", "coordinates": [ 112.61613, -7.22416 ] } },
{ "type": "Feature", "properties": { "NPSN": 60720936, "NAMA SEKOL": "MIS AL HIDAYAH", "JENJANG": "MI", "STATUS": "S", "ALAMAT SEK": "Bandarsari Babat Jerawat", "WILAYAH": "Barat", "KECAMATAN": "PAKAL", "KELURAHAN": "BABAT JERAWAT", "LATITUDE": -7.2406026, "LONGITUDE": 112.626951 }, "geometry": { "type": "Point", "coordinates": [ 112.626951, -7.2406026 ] } },
{ "type": "Feature", "properties": { "NPSN": 60720937, "NAMA SEKOL": "MI HAJI HASYIM", "JENJANG": "MI", "STATUS": "S", "ALAMAT SEK": "DUKUH JERAWAT", "WILAYAH": "Barat", "KECAMATAN": "PAKAL", "KELURAHAN": "BABAT JERAWAT", "LATITUDE": -7.248203, "LONGITUDE": 112.629219 }, "geometry": { "type": "Point", "coordinates": [ 112.629219, -7.248203 ] } },
{ "type": "Feature", "properties": { "NPSN": 60720938, "NAMA SEKOL": "MIS IMAM SYAFI`I", "JENJANG": "MI", "STATUS": "S", "ALAMAT SEK": "Babat", "WILAYAH": "Barat", "KECAMATAN": "PAKAL", "KELURAHAN": "BABAT JERAWAT", "LATITUDE": -7.2350576, "LONGITUDE": 112.6284475 }, "geometry": { "type": "Point", "coordinates": [ 112.6284475, -7.2350576 ] } },
{ "type": "Feature", "properties": { "NPSN": 60720939, "NAMA SEKOL": "MIS HASYIM ASY`ARI", "JENJANG": "MI", "STATUS": "S", "ALAMAT SEK": "KAUMAN", "WILAYAH": "Barat", "KECAMATAN": "PAKAL", "KELURAHAN": "SUMBER REJO", "LATITUDE": -7.2294653, "LONGITUDE": 112.5974272 }, "geometry": { "type": "Point", "coordinates": [ 112.5974272, -7.2294653 ] } },
{ "type": "Feature", "properties": { "NPSN": 60720940, "NAMA SEKOL": "MIS AL BUKHORI", "JENJANG": "MI", "STATUS": "S", "ALAMAT SEK": "Jl. Penjaringansari No. 5", "WILAYAH": "Timur", "KECAMATAN": "RUNGKUT", "KELURAHAN": "PENJARINGANSARI", "LATITUDE": -7.322247733, "LONGITUDE": 112.7793863 }, "geometry": { "type": "Point", "coordinates": [ 112.7793863, -7.322247733 ] } },
{ "type": "Feature", "properties": { "NPSN": 60720941, "NAMA SEKOL": "MIN 1 Kota Surabaya", "JENJANG": "MI", "STATUS": "N", "ALAMAT SEK": "Jalan Medokan Ayu", "WILAYAH": "Timur", "KECAMATAN": "RUNGKUT", "KELURAHAN": "MEDOKAN AYU", "LATITUDE": -7.324665306, "LONGITUDE": 112.796773 }, "geometry": { "type": "Point", "coordinates": [ 112.796773, -7.324665306 ] } },
{ "type": "Feature", "properties": { "NPSN": 60720942, "NAMA SEKOL": "MIS NYAI H. ASHFIYAH", "JENJANG": "MI", "STATUS": "S", "ALAMAT SEK": "Jl. Raya Lontar No. 136-138", "WILAYAH": "Barat", "KECAMATAN": "SAMBIKEREP", "KELURAHAN": "LONTAR", "LATITUDE": -7.283849, "LONGITUDE": 112.668616 }, "geometry": { "type": "Point", "coordinates": [ 112.668616, -7.283849 ] } },
{ "type": "Feature", "properties": { "NPSN": 60720943, "NAMA SEKOL": "MIS NURUL HIDAYAH", "JENJANG": "MI", "STATUS": "S", "ALAMAT SEK": "Jl. Made Selatan", "WILAYAH": "Barat", "KECAMATAN": "SAMBIKEREP", "KELURAHAN": "MADE", "LATITUDE": -7.279548, "LONGITUDE": 112.63062 }, "geometry": { "type": "Point", "coordinates": [ 112.63062, -7.279548 ] } },
{ "type": "Feature", "properties": { "NPSN": 60720944, "NAMA SEKOL": "MIS RADEN RAHMAT", "JENJANG": "MI", "STATUS": "S", "ALAMAT SEK": "Jl. Alas Malang No 01", "WILAYAH": "Barat", "KECAMATAN": "SAMBIKEREP", "KELURAHAN": "BERINGIN", "LATITUDE": -7.260526022, "LONGITUDE": 112.6448201 }, "geometry": { "type": "Point", "coordinates": [ 112.6448201, -7.260526022 ] } },
{ "type": "Feature", "properties": { "NPSN": 60720945, "NAMA SEKOL": "MIS NURUL HUDA", "JENJANG": "MI", "STATUS": "S", "ALAMAT SEK": "Jl. SAMBISARI I/5", "WILAYAH": "Barat", "KECAMATAN": "SAMBIKEREP", "KELURAHAN": "LONTAR", "LATITUDE": -7.2770605, "LONGITUDE": 112.6769856 }, "geometry": { "type": "Point", "coordinates": [ 112.6769856, -7.2770605 ] } },
{ "type": "Feature", "properties": { "NPSN": 60720946, "NAMA SEKOL": "MIS H. HASAN AL HASYIM", "JENJANG": "MI", "STATUS": "S", "ALAMAT SEK": "Jl. Sambikerep V / 31", "WILAYAH": "Barat", "KECAMATAN": "SAMBIKEREP", "KELURAHAN": "SAMBIKEREP", "LATITUDE": -7.27656, "LONGITUDE": 112.65328 }, "geometry": { "type": "Point", "coordinates": [ 112.65328, -7.27656 ] } },
{ "type": "Feature", "properties": { "NPSN": 60720947, "NAMA SEKOL": "MIS AN NAHDHIYAH", "JENJANG": "MI", "STATUS": "S", "ALAMAT SEK": "Jl Raya Lontar NO. 199", "WILAYAH": "Barat", "KECAMATAN": "SAMBIKEREP", "KELURAHAN": "LONTAR", "LATITUDE": -7.283340405, "LONGITUDE": 112.6658475 }, "geometry": { "type": "Point", "coordinates": [ 112.6658475, -7.283340405 ] } },
{ "type": "Feature", "properties": { "NPSN": 60720948, "NAMA SEKOL": "MIS MAMBAUL ULUM", "JENJANG": "MI", "STATUS": "S", "ALAMAT SEK": "Jl. Wonokusumo Kidul No. 44 Surabaya", "WILAYAH": "Utara", "KECAMATAN": "SEMAMPIR", "KELURAHAN": "PEGIRIAN", "LATITUDE": -7.2262759, "LONGITUDE": 112.7519613 }, "geometry": { "type": "Point", "coordinates": [ 112.7519613, -7.2262759 ] } },
{ "type": "Feature", "properties": { "NPSN": 60720949, "NAMA SEKOL": "MI ISLAMIYAH", "JENJANG": "MI", "STATUS": "S", "ALAMAT SEK": "Wonokusumo Wetan I/29", "WILAYAH": "Utara", "KECAMATAN": "SEMAMPIR", "KELURAHAN": "WONOKUSUMO", "LATITUDE": -7.223217399, "LONGITUDE": 112.7536474 }, "geometry": { "type": "Point", "coordinates": [ 112.7536474, -7.223217399 ] } },
{ "type": "Feature", "properties": { "NPSN": 60720950, "NAMA SEKOL": "MIS SABILIL MUHTADIN", "JENJANG": "MI", "STATUS": "S", "ALAMAT SEK": "SIDOTOPO SEKOLAHAN I / 35 C", "WILAYAH": "Utara", "KECAMATAN": "SEMAMPIR", "KELURAHAN": "SIDOTOPO", "LATITUDE": -7.229299768, "LONGITUDE": 112.7538991 }, "geometry": { "type": "Point", "coordinates": [ 112.7538991, -7.229299768 ] } },
{ "type": "Feature", "properties": { "NPSN": 60720951, "NAMA SEKOL": "MIS TASWIRU  AFKAR 1", "JENJANG": "MI", "STATUS": "S", "ALAMAT SEK": "Jl. Pegirian 238", "WILAYAH": "Utara", "KECAMATAN": "SEMAMPIR", "KELURAHAN": "SIDOTOPO", "LATITUDE": -7.230067349, "LONGITUDE": 112.7458987 }, "geometry": { "type": "Point", "coordinates": [ 112.7458987, -7.230067349 ] } },
{ "type": "Feature", "properties": { "NPSN": 60720952, "NAMA SEKOL": "MI TASWIRUL AFKAR II", "JENJANG": "MI", "STATUS": "S", "ALAMAT SEK": "JL. PEGIRIAN 238", "WILAYAH": "Utara", "KECAMATAN": "SEMAMPIR", "KELURAHAN": "SIDOTOPO", "LATITUDE": -7.23004859, "LONGITUDE": 112.745876 }, "geometry": { "type": "Point", "coordinates": [ 112.745876, -7.23004859 ] } },
{ "type": "Feature", "properties": { "NPSN": 60720953, "NAMA SEKOL": "MIS IHYAUSSALAFIYAH", "JENJANG": "MI", "STATUS": "S", "ALAMAT SEK": "Jl. Bolodewo 78 - 80", "WILAYAH": "Utara", "KECAMATAN": "SEMAMPIR", "KELURAHAN": "SIDOTOPO", "LATITUDE": -7.229897901, "LONGITUDE": 112.7493306 }, "geometry": { "type": "Point", "coordinates": [ 112.7493306, -7.229897901 ] } },
{ "type": "Feature", "properties": { "NPSN": 60720954, "NAMA SEKOL": "MI KHM. NUR", "JENJANG": "MI", "STATUS": "S", "ALAMAT SEK": "Jl. Karang Tembok 2", "WILAYAH": "Utara", "KECAMATAN": "SEMAMPIR", "KELURAHAN": "PEGIRIAN", "LATITUDE": -7.2261194, "LONGITUDE": 112.7465035 }, "geometry": { "type": "Point", "coordinates": [ 112.7465035, -7.2261194 ] } },
{ "type": "Feature", "properties": { "NPSN": 60720955, "NAMA SEKOL": "MIS AL AMIN", "JENJANG": "MI", "STATUS": "S", "ALAMAT SEK": "JL. SAWAH PULO UTARA LAPANGAN NO. 1", "WILAYAH": "Utara", "KECAMATAN": "SEMAMPIR", "KELURAHAN": "UJUNG", "LATITUDE": -7.222646826, "LONGITUDE": 112.7447758 }, "geometry": { "type": "Point", "coordinates": [ 112.7447758, -7.222646826 ] } },
{ "type": "Feature", "properties": { "NPSN": 60720956, "NAMA SEKOL": "MIS DARUL BAROKAH", "JENJANG": "MI", "STATUS": "S", "ALAMAT SEK": "Jatipurwo  IV 14", "WILAYAH": "Utara", "KECAMATAN": "SEMAMPIR", "KELURAHAN": "UJUNG", "LATITUDE": -7.222327958, "LONGITUDE": 112.749119 }, "geometry": { "type": "Point", "coordinates": [ 112.749119, -7.222327958 ] } },
{ "type": "Feature", "properties": { "NPSN": 60720957, "NAMA SEKOL": "MIS AL MASYITHOH", "JENJANG": "MI", "STATUS": "S", "ALAMAT SEK": "Bulak Rukem 1/17", "WILAYAH": "Utara", "KECAMATAN": "SEMAMPIR", "KELURAHAN": "WONOKUSUMO", "LATITUDE": -7.2149279, "LONGITUDE": 112.7748002 }, "geometry": { "type": "Point", "coordinates": [ 112.7748002, -7.2149279 ] } },
{ "type": "Feature", "properties": { "NPSN": 60720958, "NAMA SEKOL": "MIS DARUL ULUM", "JENJANG": "MI", "STATUS": "S", "ALAMAT SEK": "Wonokusumo Tengah 36", "WILAYAH": "Utara", "KECAMATAN": "SEMAMPIR", "KELURAHAN": "WONOKUSUMO", "LATITUDE": -7.221136549, "LONGITUDE": 112.7523757 }, "geometry": { "type": "Point", "coordinates": [ 112.7523757, -7.221136549 ] } },
{ "type": "Feature", "properties": { "NPSN": 60720959, "NAMA SEKOL": "MIS COKROAMINOTO", "JENJANG": "MI", "STATUS": "S", "ALAMAT SEK": "Jl. Petukangan Tengah 37", "WILAYAH": "Utara", "KECAMATAN": "SEMAMPIR", "KELURAHAN": "AMPEL", "LATITUDE": -7.2290368, "LONGITUDE": 112.7427577 }, "geometry": { "type": "Point", "coordinates": [ 112.7427577, -7.2290368 ] } },
{ "type": "Feature", "properties": { "NPSN": 60720960, "NAMA SEKOL": "MIS IBNU HUSAIN", "JENJANG": "MI", "STATUS": "S", "ALAMAT SEK": "Jl. Pragoto 39-43", "WILAYAH": "Utara", "KECAMATAN": "SEMAMPIR", "KELURAHAN": "SIDOTOPO", "LATITUDE": -7.231317027, "LONGITUDE": 112.7498716 }, "geometry": { "type": "Point", "coordinates": [ 112.7498716, -7.231317027 ] } },
{ "type": "Feature", "properties": { "NPSN": 60720961, "NAMA SEKOL": "MIS TARBIYATUSH SHIBYAN I", "JENJANG": "MI", "STATUS": "S", "ALAMAT SEK": "Tenggumung Wetan Merpati II / 1", "WILAYAH": "Utara", "KECAMATAN": "SEMAMPIR", "KELURAHAN": "WONOKUSUMO", "LATITUDE": -7.22097, "LONGITUDE": 112.75625 }, "geometry": { "type": "Point", "coordinates": [ 112.75625, -7.22097 ] } },
{ "type": "Feature", "properties": { "NPSN": 60720963, "NAMA SEKOL": "MI. MIFTAHUL ULUM", "JENJANG": "MI", "STATUS": "S", "ALAMAT SEK": "Nyamplungan X/3-A", "WILAYAH": "Utara", "KECAMATAN": "SEMAMPIR", "KELURAHAN": "AMPEL", "LATITUDE": -7.22786453, "LONGITUDE": 112.7451852 }, "geometry": { "type": "Point", "coordinates": [ 112.7451852, -7.22786453 ] } },
{ "type": "Feature", "properties": { "NPSN": 60720964, "NAMA SEKOL": "MIS NAHDLATUL ATHFAL", "JENJANG": "MI", "STATUS": "S", "ALAMAT SEK": "Bulak Jaya III No. 39", "WILAYAH": "Utara", "KECAMATAN": "SEMAMPIR", "KELURAHAN": "WONOKUSUMO", "LATITUDE": -7.213744554, "LONGITUDE": 112.7558912 }, "geometry": { "type": "Point", "coordinates": [ 112.7558912, -7.213744554 ] } },
{ "type": "Feature", "properties": { "NPSN": 60720965, "NAMA SEKOL": "MIS KHM. KHOLIL I", "JENJANG": "MI", "STATUS": "S", "ALAMAT SEK": "Wonokusumo Bhakti 1-4", "WILAYAH": "Utara", "KECAMATAN": "SEMAMPIR", "KELURAHAN": "WONOKUSUMO", "LATITUDE": -7.2237132, "LONGITUDE": 112.7517805 }, "geometry": { "type": "Point", "coordinates": [ 112.7517805, -7.2237132 ] } },
{ "type": "Feature", "properties": { "NPSN": 60720967, "NAMA SEKOL": "MIS DA`WATUL KHOIROT", "JENJANG": "MI", "STATUS": "S", "ALAMAT SEK": "Sidotopo Jaya VIII/21-A", "WILAYAH": "Utara", "KECAMATAN": "SEMAMPIR", "KELURAHAN": "SIDOTOPO", "LATITUDE": -7.22896, "LONGITUDE": 112.753726 }, "geometry": { "type": "Point", "coordinates": [ 112.753726, -7.22896 ] } },
{ "type": "Feature", "properties": { "NPSN": 60720968, "NAMA SEKOL": "MIS DARUL RAHMAN", "JENJANG": "MI", "STATUS": "S", "ALAMAT SEK": "Jl. Bulak Jaya IX no. 27", "WILAYAH": "Utara", "KECAMATAN": "SEMAMPIR", "KELURAHAN": "WONOKUSUMO", "LATITUDE": -7.21474061, "LONGITUDE": 112.7571407 }, "geometry": { "type": "Point", "coordinates": [ 112.7571407, -7.21474061 ] } },
{ "type": "Feature", "properties": { "NPSN": 60720969, "NAMA SEKOL": "MIS RAUDLOTUL MUTA&apos;ALLIMIN", "JENJANG": "MI", "STATUS": "S", "ALAMAT SEK": "Karang Tembok 1-21", "WILAYAH": "Utara", "KECAMATAN": "SEMAMPIR", "KELURAHAN": "PEGIRIAN", "LATITUDE": -7.224813567, "LONGITUDE": 112.7453259 }, "geometry": { "type": "Point", "coordinates": [ 112.7453259, -7.224813567 ] } },
{ "type": "Feature", "properties": { "NPSN": 60720970, "NAMA SEKOL": "MIS MAKARIMUL AKHLAQ", "JENJANG": "MI", "STATUS": "S", "ALAMAT SEK": "Jl. Wonokusumo Damai No.3 Surabaya", "WILAYAH": "Utara", "KECAMATAN": "SEMAMPIR", "KELURAHAN": "PEGIRIAN", "LATITUDE": -7.224267, "LONGITUDE": 112.753855 }, "geometry": { "type": "Point", "coordinates": [ 112.753855, -7.224267 ] } },
{ "type": "Feature", "properties": { "NPSN": 60720971, "NAMA SEKOL": "MI SUNAN GIRI", "JENJANG": "MI", "STATUS": "S", "ALAMAT SEK": "JL. WONOSARI LOR I / 29", "WILAYAH": "Utara", "KECAMATAN": "SEMAMPIR", "KELURAHAN": "WONOKUSUMO", "LATITUDE": -7.219231849, "LONGITUDE": 112.7523497 }, "geometry": { "type": "Point", "coordinates": [ 112.7523497, -7.219231849 ] } },
{ "type": "Feature", "properties": { "NPSN": 60720972, "NAMA SEKOL": "MI DARUT TAUHID", "JENJANG": "MI", "STATUS": "S", "ALAMAT SEK": "Jl.Tenggumung Wetan Gg.Masjid No.17 Surabaya", "WILAYAH": "Utara", "KECAMATAN": "SEMAMPIR", "KELURAHAN": "WONOKUSUMO", "LATITUDE": -7.219334149, "LONGITUDE": 112.7589627 }, "geometry": { "type": "Point", "coordinates": [ 112.7589627, -7.219334149 ] } },
{ "type": "Feature", "properties": { "NPSN": 60720973, "NAMA SEKOL": "MI AL CHUSNANIYAH", "JENJANG": "MI", "STATUS": "S", "ALAMAT SEK": "Jl. Nyamplungan No. 141 Surabaya", "WILAYAH": "Utara", "KECAMATAN": "SEMAMPIR", "KELURAHAN": "AMPEL", "LATITUDE": -7.230391834, "LONGITUDE": 112.7450449 }, "geometry": { "type": "Point", "coordinates": [ 112.7450449, -7.230391834 ] } },
{ "type": "Feature", "properties": { "NPSN": 60720974, "NAMA SEKOL": "MIS DARUSSALAM", "JENJANG": "MI", "STATUS": "S", "ALAMAT SEK": "Tambak Madu II/No. 55 - 59", "WILAYAH": "Pusat", "KECAMATAN": "SIMOKERTO", "KELURAHAN": "TAMBAKREJO", "LATITUDE": -7.246720199, "LONGITUDE": 112.759891 }, "geometry": { "type": "Point", "coordinates": [ 112.759891, -7.246720199 ] } },
{ "type": "Feature", "properties": { "NPSN": 60720975, "NAMA SEKOL": "MIS NURUL HUDA I", "JENJANG": "MI", "STATUS": "S", "ALAMAT SEK": "Jl. Sidoyoso II No. 1 Surabaya", "WILAYAH": "Pusat", "KECAMATAN": "SIMOKERTO", "KELURAHAN": "SIMOKERTO", "LATITUDE": -7.239862773, "LONGITUDE": 112.7591632 }, "geometry": { "type": "Point", "coordinates": [ 112.7591632, -7.239862773 ] } },
{ "type": "Feature", "properties": { "NPSN": 60720976, "NAMA SEKOL": "MIS DARUL HIJRAH", "JENJANG": "MI", "STATUS": "S", "ALAMAT SEK": "Srengganan I No. 1-A", "WILAYAH": "Pusat", "KECAMATAN": "SIMOKERTO", "KELURAHAN": "SIDODADI", "LATITUDE": -7.23532, "LONGITUDE": 112.74375 }, "geometry": { "type": "Point", "coordinates": [ 112.74375, -7.23532 ] } },
{ "type": "Feature", "properties": { "NPSN": 60720977, "NAMA SEKOL": "MI MIFTAHUL ULUM", "JENJANG": "MI", "STATUS": "S", "ALAMAT SEK": "JL. SIDONIPAH VII/1-C", "WILAYAH": "Pusat", "KECAMATAN": "SIMOKERTO", "KELURAHAN": "SIMOLAWANG", "LATITUDE": -7.233894192, "LONGITUDE": 112.7496874 }, "geometry": { "type": "Point", "coordinates": [ 112.7496874, -7.233894192 ] } },
{ "type": "Feature", "properties": { "NPSN": 60720978, "NAMA SEKOL": "MIS ADIPURA", "JENJANG": "MI", "STATUS": "S", "ALAMAT SEK": "Kompleks Rusun Sombo", "WILAYAH": "Pusat", "KECAMATAN": "SIMOKERTO", "KELURAHAN": "SIMOLAWANG", "LATITUDE": -7.233829, "LONGITUDE": 112.747573 }, "geometry": { "type": "Point", "coordinates": [ 112.747573, -7.233829 ] } },
{ "type": "Feature", "properties": { "NPSN": 60720979, "NAMA SEKOL": "MIS MUHYIDDIN", "JENJANG": "MI", "STATUS": "S", "ALAMAT SEK": "Jl. Gebang Kidul 64-66", "WILAYAH": "Timur", "KECAMATAN": "SUKOLILO", "KELURAHAN": "GEBANG PUTIH", "LATITUDE": -7.28274393, "LONGITUDE": 112.7882554 }, "geometry": { "type": "Point", "coordinates": [ 112.7882554, -7.28274393 ] } },
{ "type": "Feature", "properties": { "NPSN": 60720980, "NAMA SEKOL": "MIS AL KARIMAH", "JENJANG": "MI", "STATUS": "S", "ALAMAT SEK": "Simo Jawar VII/54", "WILAYAH": "Barat", "KECAMATAN": "SUKOMANUNGGAL", "KELURAHAN": "SIMOMULYO BARU", "LATITUDE": -7.270043698, "LONGITUDE": 112.7003428 }, "geometry": { "type": "Point", "coordinates": [ 112.7003428, -7.270043698 ] } },
{ "type": "Feature", "properties": { "NPSN": 60720981, "NAMA SEKOL": "MIS NOOR MUSHOLLA", "JENJANG": "MI", "STATUS": "S", "ALAMAT SEK": "Bogen Masjid No. 1", "WILAYAH": "Timur", "KECAMATAN": "TAMBAKSARI", "KELURAHAN": "PLOSO", "LATITUDE": -7.2504076, "LONGITUDE": 112.7604021 }, "geometry": { "type": "Point", "coordinates": [ 112.7604021, -7.2504076 ] } },
{ "type": "Feature", "properties": { "NPSN": 60720982, "NAMA SEKOL": "MIS PUTRA BHAKTI", "JENJANG": "MI", "STATUS": "S", "ALAMAT SEK": "Jl. Ploso 3/15", "WILAYAH": "Timur", "KECAMATAN": "TAMBAKSARI", "KELURAHAN": "PLOSO", "LATITUDE": -7.2534518, "LONGITUDE": 112.7598447 }, "geometry": { "type": "Point", "coordinates": [ 112.7598447, -7.2534518 ] } },
{ "type": "Feature", "properties": { "NPSN": 60720983, "NAMA SEKOL": "MIS TAHSINUL AKHLAQ BAHRUL ULUM", "JENJANG": "MI", "STATUS": "S", "ALAMAT SEK": "Rangkah Masjid Gg Buntu I No.8 A", "WILAYAH": "Timur", "KECAMATAN": "TAMBAKSARI", "KELURAHAN": "RANGKAH", "LATITUDE": -7.245716748, "LONGITUDE": 112.7618366 }, "geometry": { "type": "Point", "coordinates": [ 112.7618366, -7.245716748 ] } },
{ "type": "Feature", "properties": { "NPSN": 60720984, "NAMA SEKOL": "MIS NURUL ISLAM", "JENJANG": "MI", "STATUS": "S", "ALAMAT SEK": "KAPAS BARU V/60", "WILAYAH": "Timur", "KECAMATAN": "TAMBAKSARI", "KELURAHAN": "KAPASMADYA BARU", "LATITUDE": -7.238247028, "LONGITUDE": 112.7638708 }, "geometry": { "type": "Point", "coordinates": [ 112.7638708, -7.238247028 ] } },
{ "type": "Feature", "properties": { "NPSN": 60720985, "NAMA SEKOL": "MI DARUL HIJROH", "JENJANG": "MI", "STATUS": "S", "ALAMAT SEK": "JL.KEDUNG TARUKAN NO. 100 SURABAYA", "WILAYAH": "Timur", "KECAMATAN": "TAMBAKSARI", "KELURAHAN": "PACARKEMBANG", "LATITUDE": -7.261918819, "LONGITUDE": 112.7617425 }, "geometry": { "type": "Point", "coordinates": [ 112.7617425, -7.261918819 ] } },
{ "type": "Feature", "properties": { "NPSN": 60720986, "NAMA SEKOL": "MIS HASANAH", "JENJANG": "MI", "STATUS": "S", "ALAMAT SEK": "Kapas Madya 1E / 64", "WILAYAH": "Timur", "KECAMATAN": "TAMBAKSARI", "KELURAHAN": "KAPASMADYA BARU", "LATITUDE": -7.2400589, "LONGITUDE": 112.7675477 }, "geometry": { "type": "Point", "coordinates": [ 112.7675477, -7.2400589 ] } },
{ "type": "Feature", "properties": { "NPSN": 60720987, "NAMA SEKOL": "MIS AL HIKMAH", "JENJANG": "MI", "STATUS": "S", "ALAMAT SEK": "Kapas Madya Barat IX/40", "WILAYAH": "Timur", "KECAMATAN": "TAMBAKSARI", "KELURAHAN": "KAPASMADYA BARU", "LATITUDE": -7.235952487, "LONGITUDE": 112.7669854 }, "geometry": { "type": "Point", "coordinates": [ 112.7669854, -7.235952487 ] } },
{ "type": "Feature", "properties": { "NPSN": 60720988, "NAMA SEKOL": "MIS AL AZHAR", "JENJANG": "MI", "STATUS": "S", "ALAMAT SEK": "Dukuh Setro VIII No. 72", "WILAYAH": "Timur", "KECAMATAN": "TAMBAKSARI", "KELURAHAN": "DUKUH SETRO", "LATITUDE": -7.2368203, "LONGITUDE": 112.7760338 }, "geometry": { "type": "Point", "coordinates": [ 112.7760338, -7.2368203 ] } },
{ "type": "Feature", "properties": { "NPSN": 60720989, "NAMA SEKOL": "MI AT TIBYAN", "JENJANG": "MI", "STATUS": "S", "ALAMAT SEK": "JL. KAPAS GADING MADYA I NO. 21-23 SURABAYA", "WILAYAH": "Timur", "KECAMATAN": "TAMBAKSARI", "KELURAHAN": "DUKUH SETRO", "LATITUDE": -7.2390477, "LONGITUDE": 112.7696681 }, "geometry": { "type": "Point", "coordinates": [ 112.7696681, -7.2390477 ] } },
{ "type": "Feature", "properties": { "NPSN": 60720990, "NAMA SEKOL": "MIS AL-FATTAH", "JENJANG": "MI", "STATUS": "S", "ALAMAT SEK": "JL. KAPAS MADYA V/27 SURABAYA", "WILAYAH": "Timur", "KECAMATAN": "TAMBAKSARI", "KELURAHAN": "KAPASMADYA BARU", "LATITUDE": -7.240843244, "LONGITUDE": 112.7648973 }, "geometry": { "type": "Point", "coordinates": [ 112.7648973, -7.240843244 ] } },
{ "type": "Feature", "properties": { "NPSN": 60720991, "NAMA SEKOL": "MIS.AL  AMIN", "JENJANG": "MI", "STATUS": "S", "ALAMAT SEK": "Jl. Raya Banjarsugihan No. 87", "WILAYAH": "Barat", "KECAMATAN": "TANDES", "KELURAHAN": "BANJAR SUGIHAN", "LATITUDE": -7.253339901, "LONGITUDE": 112.6567431 }, "geometry": { "type": "Point", "coordinates": [ 112.6567431, -7.253339901 ] } },
{ "type": "Feature", "properties": { "NPSN": 60720992, "NAMA SEKOL": "MIS DARUL ULUM", "JENJANG": "MI", "STATUS": "S", "ALAMAT SEK": "Jl. Raya Manukan Kulon 98-100", "WILAYAH": "Barat", "KECAMATAN": "TANDES", "KELURAHAN": "MANUKAN KULON", "LATITUDE": -7.2557959, "LONGITUDE": 112.664895 }, "geometry": { "type": "Point", "coordinates": [ 112.664895, -7.2557959 ] } },
{ "type": "Feature", "properties": { "NPSN": 60720993, "NAMA SEKOL": "MI MUHAMMADIYAH 23", "JENJANG": "MI", "STATUS": "S", "ALAMAT SEK": "Jl. Buntaran No. 156", "WILAYAH": "Barat", "KECAMATAN": "TANDES", "KELURAHAN": "MANUKAN WETAN", "LATITUDE": -7.250526, "LONGITUDE": 112.673574 }, "geometry": { "type": "Point", "coordinates": [ 112.673574, -7.250526 ] } },
{ "type": "Feature", "properties": { "NPSN": 60720994, "NAMA SEKOL": "MIS TRI SHAKTI", "JENJANG": "MI", "STATUS": "S", "ALAMAT SEK": "Jl. Raya Tandes No. 3", "WILAYAH": "Barat", "KECAMATAN": "TANDES", "KELURAHAN": "TANDES", "LATITUDE": -7.25973221, "LONGITUDE": 112.6887377 }, "geometry": { "type": "Point", "coordinates": [ 112.6887377, -7.25973221 ] } },
{ "type": "Feature", "properties": { "NPSN": 60720995, "NAMA SEKOL": "MIS NURUL ULUM", "JENJANG": "MI", "STATUS": "S", "ALAMAT SEK": "Buntaran I/37 B", "WILAYAH": "Barat", "KECAMATAN": "TANDES", "KELURAHAN": "MANUKAN WETAN", "LATITUDE": -7.249294651, "LONGITUDE": 112.6733722 }, "geometry": { "type": "Point", "coordinates": [ 112.6733722, -7.249294651 ] } },
{ "type": "Feature", "properties": { "NPSN": 60720996, "NAMA SEKOL": "MIS ROUDLOTUL JANNAH", "JENJANG": "MI", "STATUS": "S", "ALAMAT SEK": "Jl. Wonorejo II/33", "WILAYAH": "Barat", "KECAMATAN": "TANDES", "KELURAHAN": "MANUKAN KULON", "LATITUDE": -7.268698014, "LONGITUDE": 112.6640615 }, "geometry": { "type": "Point", "coordinates": [ 112.6640615, -7.268698014 ] } },
{ "type": "Feature", "properties": { "NPSN": 60720997, "NAMA SEKOL": "MIS AL CHOIRIYAH", "JENJANG": "MI", "STATUS": "S", "ALAMAT SEK": "Tubanan Lama No.40", "WILAYAH": "Barat", "KECAMATAN": "TANDES", "KELURAHAN": "KARANG POH", "LATITUDE": -7.2710837, "LONGITUDE": 112.6787307 }, "geometry": { "type": "Point", "coordinates": [ 112.6787307, -7.2710837 ] } },
{ "type": "Feature", "properties": { "NPSN": 60720998, "NAMA SEKOL": "MIS WACHID HASJIM", "JENJANG": "MI", "STATUS": "S", "ALAMAT SEK": "Jl. Balongsari Tama Blok 3B/22", "WILAYAH": "Barat", "KECAMATAN": "TANDES", "KELURAHAN": "BALONGSARI", "LATITUDE": -7.260566922, "LONGITUDE": 112.6795588 }, "geometry": { "type": "Point", "coordinates": [ 112.6795588, -7.260566922 ] } },
{ "type": "Feature", "properties": { "NPSN": 60720999, "NAMA SEKOL": "MIS MIFTAHUL HUDA", "JENJANG": "MI", "STATUS": "S", "ALAMAT SEK": "Jl. Gadel Barat I No. 22  SURABAYA", "WILAYAH": "Barat", "KECAMATAN": "TANDES", "KELURAHAN": "KARANG POH", "LATITUDE": -7.269512, "LONGITUDE": 112.67589 }, "geometry": { "type": "Point", "coordinates": [ 112.67589, -7.269512 ] } },
{ "type": "Feature", "properties": { "NPSN": 60721000, "NAMA SEKOL": "MIS MABADIE KHOIRI UMMAH", "JENJANG": "MI", "STATUS": "S", "ALAMAT SEK": "Jl. Keputran V 25", "WILAYAH": "Pusat", "KECAMATAN": "TEGALSARI", "KELURAHAN": "KEPUTRAN", "LATITUDE": -7.275599, "LONGITUDE": 112.742444 }, "geometry": { "type": "Point", "coordinates": [ 112.742444, -7.275599 ] } },
{ "type": "Feature", "properties": { "NPSN": 60721001, "NAMA SEKOL": "MIS MIFTAHUL ULUM", "JENJANG": "MI", "STATUS": "S", "ALAMAT SEK": "Kupang Praupan Pasar I/9", "WILAYAH": "Pusat", "KECAMATAN": "TEGALSARI", "KELURAHAN": "DR. SOETOMO", "LATITUDE": -7.274217, "LONGITUDE": 112.727605 }, "geometry": { "type": "Point", "coordinates": [ 112.727605, -7.274217 ] } },
{ "type": "Feature", "properties": { "NPSN": 60721002, "NAMA SEKOL": "MIS BAHRUL ULUM", "JENJANG": "MI", "STATUS": "S", "ALAMAT SEK": "Jl. Wiyung Gg II No. 10", "WILAYAH": "Selatan", "KECAMATAN": "WIYUNG", "KELURAHAN": "WIYUNG", "LATITUDE": -7.312793, "LONGITUDE": 112.693786 }, "geometry": { "type": "Point", "coordinates": [ 112.693786, -7.312793 ] } },
{ "type": "Feature", "properties": { "NPSN": 60721003, "NAMA SEKOL": "MI AL KARIM", "JENJANG": "MI", "STATUS": "S", "ALAMAT SEK": "JL. BENDUL MERISI Gg. BESAR SELATAN NO.75 SURABAYA", "WILAYAH": "Selatan", "KECAMATAN": "WONOCOLO", "KELURAHAN": "BENDUL MERISI", "LATITUDE": -7.3125958, "LONGITUDE": 112.7400063 }, "geometry": { "type": "Point", "coordinates": [ 112.7400063, -7.3125958 ] } },
{ "type": "Feature", "properties": { "NPSN": 60721004, "NAMA SEKOL": "MIS AL HIDAYAH MARGOREJO", "JENJANG": "MI", "STATUS": "S", "ALAMAT SEK": "Margorejo Masjid No 3E", "WILAYAH": "Selatan", "KECAMATAN": "WONOCOLO", "KELURAHAN": "MARGOREJO", "LATITUDE": -7.314629687, "LONGITUDE": 112.7381883 }, "geometry": { "type": "Point", "coordinates": [ 112.7381883, -7.314629687 ] } },
{ "type": "Feature", "properties": { "NPSN": 60721005, "NAMA SEKOL": "MI AT-TAUHID", "JENJANG": "MI", "STATUS": "S", "ALAMAT SEK": "JL. SIDORESMO DALAM 2/37", "WILAYAH": "Selatan", "KECAMATAN": "WONOKROMO", "KELURAHAN": "JAGIR", "LATITUDE": -7.3051407, "LONGITUDE": 112.7330573 }, "geometry": { "type": "Point", "coordinates": [ 112.7330573, -7.3051407 ] } },
{ "type": "Feature", "properties": { "NPSN": 60721006, "NAMA SEKOL": "MI PERSMIN SURABAYA", "JENJANG": "MI", "STATUS": "S", "ALAMAT SEK": "Jl. Pulo Wonokromo Wetan I/53", "WILAYAH": "Selatan", "KECAMATAN": "WONOKROMO", "KELURAHAN": "JAGIR", "LATITUDE": -7.3027518, "LONGITUDE": 112.7401769 }, "geometry": { "type": "Point", "coordinates": [ 112.7401769, -7.3027518 ] } },
{ "type": "Feature", "properties": { "NPSN": 60721007, "NAMA SEKOL": "MIS YAPISTHON", "JENJANG": "MI", "STATUS": "S", "ALAMAT SEK": "Jl. Pulo Wonokromo 67", "WILAYAH": "Selatan", "KECAMATAN": "WONOKROMO", "KELURAHAN": "WONOKROMO", "LATITUDE": -7.301328, "LONGITUDE": 112.735544 }, "geometry": { "type": "Point", "coordinates": [ 112.735544, -7.301328 ] } },
{ "type": "Feature", "properties": { "NPSN": 60721008, "NAMA SEKOL": "MIS RADEN RAHMAT", "JENJANG": "MI", "STATUS": "S", "ALAMAT SEK": "Jl. Karangrejo IX/01", "WILAYAH": "Selatan", "KECAMATAN": "WONOKROMO", "KELURAHAN": "WONOKROMO", "LATITUDE": -7.305310259, "LONGITUDE": 112.7273546 }, "geometry": { "type": "Point", "coordinates": [ 112.7273546, -7.305310259 ] } },
{ "type": "Feature", "properties": { "NPSN": 60721009, "NAMA SEKOL": "MIS BAITURRAHMAN", "JENJANG": "MI", "STATUS": "S", "ALAMAT SEK": "Jagir Sidoresmo III/2-4", "WILAYAH": "Selatan", "KECAMATAN": "WONOKROMO", "KELURAHAN": "JAGIR", "LATITUDE": -7.304302749, "LONGITUDE": 112.7523108 }, "geometry": { "type": "Point", "coordinates": [ 112.7523108, -7.304302749 ] } },
{ "type": "Feature", "properties": { "NPSN": 60721010, "NAMA SEKOL": "MIS AL - IKHLASH", "JENJANG": "MI", "STATUS": "S", "ALAMAT SEK": "JL. GADUNG RAYA NO. 59 SURABAYA", "WILAYAH": "Selatan", "KECAMATAN": "WONOKROMO", "KELURAHAN": "JAGIR", "LATITUDE": -7.307924, "LONGITUDE": 112.741106 }, "geometry": { "type": "Point", "coordinates": [ 112.741106, -7.307924 ] } },
{ "type": "Feature", "properties": { "NPSN": 60726992, "NAMA SEKOL": "MI UNGGULAN AS SA&apos;ADAH", "JENJANG": "MI", "STATUS": "S", "ALAMAT SEK": "JL. SEMEMI JAYA IV/NO. 05 SURABAYA", "WILAYAH": "Barat", "KECAMATAN": "BENOWO", "KELURAHAN": "SEMEMI", "LATITUDE": -7.2489244, "LONGITUDE": 112.6417707 }, "geometry": { "type": "Point", "coordinates": [ 112.6417707, -7.2489244 ] } },
{ "type": "Feature", "properties": { "NPSN": 60726994, "NAMA SEKOL": "MIS AL GHOZALI 1", "JENJANG": "MI", "STATUS": "S", "ALAMAT SEK": "Hangtuah VI/53", "WILAYAH": "Utara", "KECAMATAN": "SEMAMPIR", "KELURAHAN": "UJUNG", "LATITUDE": -7.223253009, "LONGITUDE": 112.7434198 }, "geometry": { "type": "Point", "coordinates": [ 112.7434198, -7.223253009 ] } },
{ "type": "Feature", "properties": { "NPSN": 60726996, "NAMA SEKOL": "MIS AL KAUTSAR", "JENJANG": "MI", "STATUS": "S", "ALAMAT SEK": "Jl Wonokusumo Jaya VI/11", "WILAYAH": "Utara", "KECAMATAN": "SEMAMPIR", "KELURAHAN": "PEGIRIAN", "LATITUDE": -7.22571, "LONGITUDE": 112.75448 }, "geometry": { "type": "Point", "coordinates": [ 112.75448, -7.22571 ] } },
{ "type": "Feature", "properties": { "NPSN": 60726997, "NAMA SEKOL": "MI KHOIRUL RIDWAN", "JENJANG": "MI", "STATUS": "S", "ALAMAT SEK": "JL. BULAK RUKEM Gg. II NO. 09 SUARABAYA", "WILAYAH": "Utara", "KECAMATAN": "SEMAMPIR", "KELURAHAN": "WONOKUSUMO", "LATITUDE": -7.215700554, "LONGITUDE": 112.7587528 }, "geometry": { "type": "Point", "coordinates": [ 112.7587528, -7.215700554 ] } },
{ "type": "Feature", "properties": { "NPSN": 60726998, "NAMA SEKOL": "MIS DARUSSA`ADAH", "JENJANG": "MI", "STATUS": "S", "ALAMAT SEK": "Sidotopo Kidul 47-D", "WILAYAH": "Pusat", "KECAMATAN": "SIMOKERTO", "KELURAHAN": "SIMOLAWANG", "LATITUDE": -7.2337604, "LONGITUDE": 112.7522313 }, "geometry": { "type": "Point", "coordinates": [ 112.7522313, -7.2337604 ] } },
{ "type": "Feature", "properties": { "NPSN": 60726999, "NAMA SEKOL": "MIS NURUL IMAN", "JENJANG": "MI", "STATUS": "S", "ALAMAT SEK": "Jl.Tubanan Baru Blok N", "WILAYAH": "Barat", "KECAMATAN": "TANDES", "KELURAHAN": "KARANG POH", "LATITUDE": -7.267736405, "LONGITUDE": 112.6846548 }, "geometry": { "type": "Point", "coordinates": [ 112.6846548, -7.267736405 ] } },
{ "type": "Feature", "properties": { "NPSN": 60727000, "NAMA SEKOL": "MIS BAHAGIA", "JENJANG": "MI", "STATUS": "S", "ALAMAT SEK": "Jl. Gunungsari I No. 1", "WILAYAH": "Selatan", "KECAMATAN": "WONOKROMO", "KELURAHAN": "SAWUNGGALING", "LATITUDE": null, "LONGITUDE": null }, "geometry": null },
{ "type": "Feature", "properties": { "NPSN": 69725646, "NAMA SEKOL": "SDS METTA", "JENJANG": "SD", "STATUS": "S", "ALAMAT SEK": "Jl. Puncak Sambisari I, No. 35", "WILAYAH": "Barat", "KECAMATAN": "SAMBIKEREP", "KELURAHAN": "LONTAR", "LATITUDE": -7.2753, "LONGITUDE": 112.6847 }, "geometry": { "type": "Point", "coordinates": [ 112.6847, -7.2753 ] } },
{ "type": "Feature", "properties": { "NPSN": 69754236, "NAMA SEKOL": "SD KRISTEN LOGOS", "JENJANG": "SD", "STATUS": "S", "ALAMAT SEK": "ANDHIKA PLASA BLOK C/10-11,JL. SIMPANG DUKUH NO 38-40", "WILAYAH": "Pusat", "KECAMATAN": "GENTENG", "KELURAHAN": "GENTENG", "LATITUDE": -7.2594, "LONGITUDE": 112.7398 }, "geometry": { "type": "Point", "coordinates": [ 112.7398, -7.2594 ] } },
{ "type": "Feature", "properties": { "NPSN": 69758342, "NAMA SEKOL": "SDS IT UTSMAN BIN AFFAN", "JENJANG": "SD", "STATUS": "S", "ALAMAT SEK": "Jl. Lakarsantri Selatan No.33", "WILAYAH": "Barat", "KECAMATAN": "LAKARSANTRI", "KELURAHAN": "LAKARSANTRI", "LATITUDE": -7.3065, "LONGITUDE": 112.6359 }, "geometry": { "type": "Point", "coordinates": [ 112.6359, -7.3065 ] } },
{ "type": "Feature", "properties": { "NPSN": 69772545, "NAMA SEKOL": "SD AL-UTSMANY", "JENJANG": "SD", "STATUS": "S", "ALAMAT SEK": "JATIPURWO 1/8-E", "WILAYAH": "Utara", "KECAMATAN": "SEMAMPIR", "KELURAHAN": "UJUNG", "LATITUDE": -7.2067, "LONGITUDE": 112.7432 }, "geometry": { "type": "Point", "coordinates": [ 112.7432, -7.2067 ] } },
{ "type": "Feature", "properties": { "NPSN": 69772974, "NAMA SEKOL": "SDS I DARUSSALAM", "JENJANG": "SD", "STATUS": "S", "ALAMAT SEK": "JL.NGINDEN II/18A", "WILAYAH": "Timur", "KECAMATAN": "SUKOLILO", "KELURAHAN": "NGINDEN JANGKUNGAN", "LATITUDE": -7.3015, "LONGITUDE": 112.763 }, "geometry": { "type": "Point", "coordinates": [ 112.763, -7.3015 ] } },
{ "type": "Feature", "properties": { "NPSN": 69786249, "NAMA SEKOL": "SDS KRISTEN FILADELFIA SCHOOL", "JENJANG": "SD", "STATUS": "S", "ALAMAT SEK": "JL.BABATAN PANTAI UTARA II A-C", "WILAYAH": "Timur", "KECAMATAN": "MULYOREJO", "KELURAHAN": "KALIJUDAN", "LATITUDE": -7.2574, "LONGITUDE": 112.7735 }, "geometry": { "type": "Point", "coordinates": [ 112.7735, -7.2574 ] } },
{ "type": "Feature", "properties": { "NPSN": 69786250, "NAMA SEKOL": "SDS KRISTEN AGAPE", "JENJANG": "SD", "STATUS": "S", "ALAMAT SEK": "JL. Bratang Gede, No. 112, Surabaya", "WILAYAH": "Selatan", "KECAMATAN": "WONOKROMO", "KELURAHAN": "NGAGEL REJO", "LATITUDE": -7.3024, "LONGITUDE": 112.7333 }, "geometry": { "type": "Point", "coordinates": [ 112.7333, -7.3024 ] } },
{ "type": "Feature", "properties": { "NPSN": 69830408, "NAMA SEKOL": "SD ALAZHAR BEHJI", "JENJANG": "SD", "STATUS": "S", "ALAMAT SEK": "JL.PESAREHAN BEJI NO. 1", "WILAYAH": "Barat", "KECAMATAN": "PAKAL", "KELURAHAN": "PAKAL", "LATITUDE": -7.238124, "LONGITUDE": 112.6319 }, "geometry": { "type": "Point", "coordinates": [ 112.6319, -7.238124 ] } },
{ "type": "Feature", "properties": { "NPSN": 69849910, "NAMA SEKOL": "SD SURABAYA INTERCULTURAL SCHOOL", "JENJANG": "SD", "STATUS": "S", "ALAMAT SEK": "JL. SEKOLAH INTERNASIONAL, CITRA RAYA", "WILAYAH": "Barat", "KECAMATAN": "LAKARSANTRI", "KELURAHAN": "JERUK", "LATITUDE": -7.290216, "LONGITUDE": 112.649189 }, "geometry": { "type": "Point", "coordinates": [ 112.649189, -7.290216 ] } },
{ "type": "Feature", "properties": { "NPSN": 69861188, "NAMA SEKOL": "SDTK PELANGI KRISTUS", "JENJANG": "SD", "STATUS": "S", "ALAMAT SEK": "JL. JEMUR ANDAYANI XXII/4", "WILAYAH": "Selatan", "KECAMATAN": "WONOCOLO", "KELURAHAN": "SIWALANKERTO", "LATITUDE": -7.331196335, "LONGITUDE": 112.7352854 }, "geometry": { "type": "Point", "coordinates": [ 112.7352854, -7.331196335 ] } },
{ "type": "Feature", "properties": { "NPSN": 69873969, "NAMA SEKOL": "SD SURABAYA EUROPEAN SCHOOL", "JENJANG": "SD", "STATUS": "S", "ALAMAT SEK": "Pakuwon Golf& Family Club, Vila Bukit Regensi, Pakuwon Indah", "WILAYAH": "Barat", "KECAMATAN": "SAMBIKEREP", "KELURAHAN": "LONTAR", "LATITUDE": -7.2942, "LONGITUDE": 112.666 }, "geometry": { "type": "Point", "coordinates": [ 112.666, -7.2942 ] } },
{ "type": "Feature", "properties": { "NPSN": 69881917, "NAMA SEKOL": "MIS SAFINDA", "JENJANG": "MI", "STATUS": "S", "ALAMAT SEK": "Rungkut Tengah III/33", "WILAYAH": "Timur", "KECAMATAN": "GUNUNG ANYAR", "KELURAHAN": "RUNGKUT TENGAH", "LATITUDE": -7.334037469, "LONGITUDE": 112.7671324 }, "geometry": { "type": "Point", "coordinates": [ 112.7671324, -7.334037469 ] } },
{ "type": "Feature", "properties": { "NPSN": 69881918, "NAMA SEKOL": "MIS AT TAQWA", "JENJANG": "MI", "STATUS": "S", "ALAMAT SEK": "Jl. Penjaringan No. 17 (Komplek Masjid At Taqwa)", "WILAYAH": "Timur", "KECAMATAN": "RUNGKUT", "KELURAHAN": "PENJARINGANSARI", "LATITUDE": -7.3178539, "LONGITUDE": 112.7760593 }, "geometry": { "type": "Point", "coordinates": [ 112.7760593, -7.3178539 ] } },
{ "type": "Feature", "properties": { "NPSN": 69882344, "NAMA SEKOL": "SD SPINS INTERACTIONAL SCHOOL SURABAYA", "JENJANG": "SD", "STATUS": "S", "ALAMAT SEK": "Karangan PDAM No. 24", "WILAYAH": "Selatan", "KECAMATAN": "WIYUNG", "KELURAHAN": "WIYUNG", "LATITUDE": -7.304746, "LONGITUDE": 112.696842 }, "geometry": { "type": "Point", "coordinates": [ 112.696842, -7.304746 ] } },
{ "type": "Feature", "properties": { "NPSN": 69883216, "NAMA SEKOL": "SD ISLAM AL MIZAN", "JENJANG": "SD", "STATUS": "S", "ALAMAT SEK": "JL RAYA CANDI LONTAR 106 SURABAYA", "WILAYAH": "Barat", "KECAMATAN": "SAMBIKEREP", "KELURAHAN": "LONTAR", "LATITUDE": -7.2698, "LONGITUDE": 112.6711 }, "geometry": { "type": "Point", "coordinates": [ 112.6711, -7.2698 ] } },
{ "type": "Feature", "properties": { "NPSN": 69883432, "NAMA SEKOL": "SD SURABAYA TAIPEI SCHOOL", "JENJANG": "SD", "STATUS": "S", "ALAMAT SEK": "Jalan Diamond Hill DR1/15A", "WILAYAH": "Barat", "KECAMATAN": "SAMBIKEREP", "KELURAHAN": "MADE", "LATITUDE": -7.282392, "LONGITUDE": 112.6285 }, "geometry": { "type": "Point", "coordinates": [ 112.6285, -7.282392 ] } },
{ "type": "Feature", "properties": { "NPSN": 69886350, "NAMA SEKOL": "MIS DARUL ULUM", "JENJANG": "MI", "STATUS": "S", "ALAMAT SEK": null, "WILAYAH": "Barat", "KECAMATAN": "ASEM ROWO", "KELURAHAN": "ASEM ROWO", "LATITUDE": -7.25160909, "LONGITUDE": 112.7008287 }, "geometry": { "type": "Point", "coordinates": [ 112.7008287, -7.25160909 ] } },
{ "type": "Feature", "properties": { "NPSN": 69886351, "NAMA SEKOL": "MI IBNU HASYIM", "JENJANG": "MI", "STATUS": "S", "ALAMAT SEK": "Tambak Pring Utama II A/ 19", "WILAYAH": "Barat", "KECAMATAN": "ASEM ROWO", "KELURAHAN": "ASEM ROWO", "LATITUDE": -7.2492117, "LONGITUDE": 112.7062587 }, "geometry": { "type": "Point", "coordinates": [ 112.7062587, -7.2492117 ] } },
{ "type": "Feature", "properties": { "NPSN": 69886352, "NAMA SEKOL": "MIS EL RAHMAH PLUS QIRAATI", "JENJANG": "MI", "STATUS": "S", "ALAMAT SEK": "Jl. Pagesangan 4 No. 23 Jambangan Surabaya", "WILAYAH": "Selatan", "KECAMATAN": "JAMBANGAN", "KELURAHAN": "PAGESANGAN", "LATITUDE": -7.3379717, "LONGITUDE": 112.7083871 }, "geometry": { "type": "Point", "coordinates": [ 112.7083871, -7.3379717 ] } },
{ "type": "Feature", "properties": { "NPSN": 69886353, "NAMA SEKOL": "MI AL AKBAR", "JENJANG": "MI", "STATUS": "S", "ALAMAT SEK": "Jl. Ngagel 152 Surabaya", "WILAYAH": "Selatan", "KECAMATAN": "WONOKROMO", "KELURAHAN": "NGAGEL", "LATITUDE": -7.292411752, "LONGITUDE": 112.7424114 }, "geometry": { "type": "Point", "coordinates": [ 112.7424114, -7.292411752 ] } },
{ "type": "Feature", "properties": { "NPSN": 69888333, "NAMA SEKOL": "SD KRISTEN ANAK PANAH", "JENJANG": "SD", "STATUS": "S", "ALAMAT SEK": "KENJERAN 440", "WILAYAH": "Timur", "KECAMATAN": "TAMBAKSARI", "KELURAHAN": "GADING", "LATITUDE": -7.245273, "LONGITUDE": 112.769565 }, "geometry": { "type": "Point", "coordinates": [ 112.769565, -7.245273 ] } },
{ "type": "Feature", "properties": { "NPSN": 69888705, "NAMA SEKOL": "SD GROWING KID", "JENJANG": "SD", "STATUS": "S", "ALAMAT SEK": "JALAN GATOTAN 22 - 24", "WILAYAH": "Utara", "KECAMATAN": "KREMBANGAN", "KELURAHAN": "KREMBANGAN SELATAN", "LATITUDE": -7.24, "LONGITUDE": 112.7357 }, "geometry": { "type": "Point", "coordinates": [ 112.7357, -7.24 ] } },
{ "type": "Feature", "properties": { "NPSN": 69888864, "NAMA SEKOL": "SD TEOLOGI KRISTEN KARUNIA HIDUP", "JENJANG": "SD", "STATUS": "S", "ALAMAT SEK": "Pakis Gunung II no. 9A", "WILAYAH": "Selatan", "KECAMATAN": "SAWAHAN", "KELURAHAN": "PAKIS", "LATITUDE": -7.288738081, "LONGITUDE": 112.7263837 }, "geometry": { "type": "Point", "coordinates": [ 112.7263837, -7.288738081 ] } },
{ "type": "Feature", "properties": { "NPSN": 69894705, "NAMA SEKOL": "MI MIFTAHUL ABIDIN", "JENJANG": "MI", "STATUS": "S", "ALAMAT SEK": "Jatipurwo 2/29", "WILAYAH": "Utara", "KECAMATAN": "SEMAMPIR", "KELURAHAN": "UJUNG", "LATITUDE": -7.2195773, "LONGITUDE": 112.7434461 }, "geometry": { "type": "Point", "coordinates": [ 112.7434461, -7.2195773 ] } },
{ "type": "Feature", "properties": { "NPSN": 69896277, "NAMA SEKOL": "SDIT AR-RAYYAN", "JENJANG": "SD", "STATUS": "S", "ALAMAT SEK": "Jl. Benteng no. 20", "WILAYAH": "Utara", "KECAMATAN": "SEMAMPIR", "KELURAHAN": "UJUNG", "LATITUDE": -7.224267394, "LONGITUDE": 112.7391519 }, "geometry": { "type": "Point", "coordinates": [ 112.7391519, -7.224267394 ] } },
{ "type": "Feature", "properties": { "NPSN": 69896629, "NAMA SEKOL": "SD SINAR MULIA INDONESIA", "JENJANG": "SD", "STATUS": "S", "ALAMAT SEK": "Jln Rungkut Mejoyo Selatan III/2  (P-1)", "WILAYAH": "Timur", "KECAMATAN": "RUNGKUT", "KELURAHAN": "KALIRUNGKUT", "LATITUDE": -7.3223, "LONGITUDE": 112.7625 }, "geometry": { "type": "Point", "coordinates": [ 112.7625, -7.3223 ] } },
{ "type": "Feature", "properties": { "NPSN": 69906070, "NAMA SEKOL": "SDN SEMEMI  II", "JENJANG": "SD", "STATUS": "N", "ALAMAT SEK": "Jl. Bandarejo", "WILAYAH": "Barat", "KECAMATAN": "BENOWO", "KELURAHAN": "SEMEMI", "LATITUDE": -7.252628647, "LONGITUDE": 112.6451156 }, "geometry": { "type": "Point", "coordinates": [ 112.6451156, -7.252628647 ] } },
{ "type": "Feature", "properties": { "NPSN": 69912800, "NAMA SEKOL": "SDI AL MUAWANAH", "JENJANG": "SD", "STATUS": "S", "ALAMAT SEK": "Jl. Sememi Jaya VIII-B/20", "WILAYAH": "Barat", "KECAMATAN": "BENOWO", "KELURAHAN": "SEMEMI", "LATITUDE": -7.2495488, "LONGITUDE": 112.6389324 }, "geometry": { "type": "Point", "coordinates": [ 112.6389324, -7.2495488 ] } },
{ "type": "Feature", "properties": { "NPSN": 69915565, "NAMA SEKOL": "SDTK HAPPY FAMILY SCHOOL", "JENJANG": "SD", "STATUS": "S", "ALAMAT SEK": "Embong Sawo No 2 Kavling 3-7", "WILAYAH": "Pusat", "KECAMATAN": "GENTENG", "KELURAHAN": "EMBONG KALIASIN", "LATITUDE": -7.2674229, "LONGITUDE": 112.7431648 }, "geometry": { "type": "Point", "coordinates": [ 112.7431648, -7.2674229 ] } },
{ "type": "Feature", "properties": { "NPSN": 69915576, "NAMA SEKOL": "SDTK PELITA PERMAI", "JENJANG": "SD", "STATUS": "S", "ALAMAT SEK": "Jl. Dukuh Kuwukan No.11 Lontar", "WILAYAH": "Barat", "KECAMATAN": "SAMBIKEREP", "KELURAHAN": "LONTAR", "LATITUDE": -7.271830213, "LONGITUDE": 112.6642695 }, "geometry": { "type": "Point", "coordinates": [ 112.6642695, -7.271830213 ] } },
{ "type": "Feature", "properties": { "NPSN": 69924580, "NAMA SEKOL": "SDTK MORNING STAR ACADEMY", "JENJANG": "SD", "STATUS": "S", "ALAMAT SEK": "Lenmarc Mall lt 1 unit 1-10,16, Jl. Mayjen Yono Suwoyo No.9, Kota SBY, Jawa Timur 60226", "WILAYAH": "Selatan", "KECAMATAN": "DUKUH PAKIS", "KELURAHAN": "DUKUH PAKIS", "LATITUDE": -7.2856, "LONGITUDE": 112.6809 }, "geometry": { "type": "Point", "coordinates": [ 112.6809, -7.2856 ] } },
{ "type": "Feature", "properties": { "NPSN": 69927720, "NAMA SEKOL": "MIS MUHAMMADIYAH 27 SURABAYA", "JENJANG": "MI", "STATUS": "S", "ALAMAT SEK": "WONOREJO INDAH TIMUR KAV. 21 WONOREJO RUNGKUT", "WILAYAH": "Timur", "KECAMATAN": "RUNGKUT", "KELURAHAN": "WONOREJO", "LATITUDE": -7.312038, "LONGITUDE": 112.799236 }, "geometry": { "type": "Point", "coordinates": [ 112.799236, -7.312038 ] } },
{ "type": "Feature", "properties": { "NPSN": 69927723, "NAMA SEKOL": "MIS AL - ICHSAN", "JENJANG": "MI", "STATUS": "S", "ALAMAT SEK": "Jl. Dukuh Bulak Banteng Lor Bhinieka III/160", "WILAYAH": "Utara", "KECAMATAN": "KENJERAN", "KELURAHAN": "BULAK BANTENG", "LATITUDE": -7.2123923, "LONGITUDE": 112.7692213 }, "geometry": { "type": "Point", "coordinates": [ 112.7692213, -7.2123923 ] } },
{ "type": "Feature", "properties": { "NPSN": 69927727, "NAMA SEKOL": "MI Masjid AL Akbar Surabaya", "JENJANG": "MI", "STATUS": "S", "ALAMAT SEK": "Jl. Masjid Al Akbar Timur No. 1 Surabaya", "WILAYAH": "Selatan", "KECAMATAN": "JAMBANGAN", "KELURAHAN": "PAGESANGAN", "LATITUDE": -7.3366141, "LONGITUDE": 112.7129919 }, "geometry": { "type": "Point", "coordinates": [ 112.7129919, -7.3366141 ] } },
{ "type": "Feature", "properties": { "NPSN": 69927728, "NAMA SEKOL": "MI PLUS MUTIARA ISLAM", "JENJANG": "MI", "STATUS": "S", "ALAMAT SEK": "Jl. Raya Kendangsari Industri No 23-24", "WILAYAH": "Timur", "KECAMATAN": "TENGGILIS MEJOYO", "KELURAHAN": "KENDANGSARI", "LATITUDE": -7.328535356, "LONGITUDE": 112.7482885 }, "geometry": { "type": "Point", "coordinates": [ 112.7482885, -7.328535356 ] } },
{ "type": "Feature", "properties": { "NPSN": 69928458, "NAMA SEKOL": "SD CIKAL", "JENJANG": "SD", "STATUS": "S", "ALAMAT SEK": "Jl. Raya Lontar No. 103", "WILAYAH": "Barat", "KECAMATAN": "SAMBIKEREP", "KELURAHAN": "LONTAR", "LATITUDE": -7.2821465, "LONGITUDE": 112.6639045 }, "geometry": { "type": "Point", "coordinates": [ 112.6639045, -7.2821465 ] } },
{ "type": "Feature", "properties": { "NPSN": 69932071, "NAMA SEKOL": "SD LUVETA", "JENJANG": "SD", "STATUS": "S", "ALAMAT SEK": "Rungkut Mapan Utara DA 11-12", "WILAYAH": "Timur", "KECAMATAN": "GUNUNG ANYAR", "KELURAHAN": "RUNGKUT TENGAH", "LATITUDE": -7.3332575, "LONGITUDE": 112.7637626 }, "geometry": { "type": "Point", "coordinates": [ 112.7637626, -7.3332575 ] } },
{ "type": "Feature", "properties": { "NPSN": 69945042, "NAMA SEKOL": "SD SURABAYA MONTESSORI SCHOOL", "JENJANG": "SD", "STATUS": "S", "ALAMAT SEK": "Jl.Manyar Kartika Timur D", "WILAYAH": "Timur", "KECAMATAN": "SUKOLILO", "KELURAHAN": "MENUR PUMPUNGAN", "LATITUDE": -7.2930607, "LONGITUDE": 112.7663331 }, "geometry": { "type": "Point", "coordinates": [ 112.7663331, -7.2930607 ] } },
{ "type": "Feature", "properties": { "NPSN": 69949232, "NAMA SEKOL": "SDN SIDOTOPO WETAN V", "JENJANG": "SD", "STATUS": "N", "ALAMAT SEK": "JALAN PLATUK DONOMULYO  NO. 74", "WILAYAH": "Utara", "KECAMATAN": "KENJERAN", "KELURAHAN": "SIDOTOPO WETAN", "LATITUDE": -7.227342259, "LONGITUDE": 112.7671218 }, "geometry": { "type": "Point", "coordinates": [ 112.7671218, -7.227342259 ] } },
{ "type": "Feature", "properties": { "NPSN": 69956235, "NAMA SEKOL": "MI Muhammadiyah 28 Surabaya", "JENJANG": "MI", "STATUS": "S", "ALAMAT SEK": "Jl. Bangkingan Tlogo Tanjung", "WILAYAH": "Barat", "KECAMATAN": "LAKARSANTRI", "KELURAHAN": "BANGKINGAN", "LATITUDE": -7.3237288, "LONGITUDE": 112.6521771 }, "geometry": { "type": "Point", "coordinates": [ 112.6521771, -7.3237288 ] } },
{ "type": "Feature", "properties": { "NPSN": 69961490, "NAMA SEKOL": "SD GRACIA FEI XIANG", "JENJANG": "SD", "STATUS": "S", "ALAMAT SEK": "JL PATTIMURA NO 3", "WILAYAH": "Barat", "KECAMATAN": "SUKOMANUNGGAL", "KELURAHAN": "SONOKWIJENAN", "LATITUDE": -7.2755667, "LONGITUDE": 112.6954003 }, "geometry": { "type": "Point", "coordinates": [ 112.6954003, -7.2755667 ] } },
{ "type": "Feature", "properties": { "NPSN": 69963424, "NAMA SEKOL": "MI PENGAWAS", "JENJANG": "MI", "STATUS": "S", "ALAMAT SEK": "Jl. Wonorejo No. 6", "WILAYAH": "Timur", "KECAMATAN": "RUNGKUT", "KELURAHAN": "WONOREJO", "LATITUDE": -7.311131809, "LONGITUDE": 112.7944594 }, "geometry": { "type": "Point", "coordinates": [ 112.7944594, -7.311131809 ] } },
{ "type": "Feature", "properties": { "NPSN": 69966904, "NAMA SEKOL": "SDN LONTAR II", "JENJANG": "SD", "STATUS": "N", "ALAMAT SEK": "Lempung perdana IV", "WILAYAH": "Barat", "KECAMATAN": "SAMBIKEREP", "KELURAHAN": "LONTAR", "LATITUDE": -7.265696397, "LONGITUDE": 112.6723604 }, "geometry": { "type": "Point", "coordinates": [ 112.6723604, -7.265696397 ] } },
{ "type": "Feature", "properties": { "NPSN": 69976762, "NAMA SEKOL": "SD GRACIA MIRA VIDYA LOKA", "JENJANG": "SD", "STATUS": "S", "ALAMAT SEK": "Jl. Tidar 55 - 57 Surabaya", "WILAYAH": "Selatan", "KECAMATAN": "SAWAHAN", "KELURAHAN": "SAWAHAN", "LATITUDE": -7.2576, "LONGITUDE": 112.7291 }, "geometry": { "type": "Point", "coordinates": [ 112.7291, -7.2576 ] } },
{ "type": "Feature", "properties": { "NPSN": 69976787, "NAMA SEKOL": "SD LABSCHOOL UNESA 2", "JENJANG": "SD", "STATUS": "S", "ALAMAT SEK": "JL. KAMPUS UNESA - SURABAYA", "WILAYAH": "Barat", "KECAMATAN": "LAKARSANTRI", "KELURAHAN": "LIDAH WETAN", "LATITUDE": -7.2996702, "LONGITUDE": 112.6620557 }, "geometry": { "type": "Point", "coordinates": [ 112.6620557, -7.2996702 ] } },
{ "type": "Feature", "properties": { "NPSN": 69978297, "NAMA SEKOL": "SD KHADIJAH WONOREJO", "JENJANG": "SD", "STATUS": "S", "ALAMAT SEK": "Jl. Wonorejo Selatan IX No 2 Surabaya", "WILAYAH": "Pusat", "KECAMATAN": "TEGALSARI", "KELURAHAN": "WONOREJO", "LATITUDE": -7.313977845, "LONGITUDE": 112.8007192 }, "geometry": { "type": "Point", "coordinates": [ 112.8007192, -7.313977845 ] } },
{ "type": "Feature", "properties": { "NPSN": 69979692, "NAMA SEKOL": "SDTK AMBASSADOR", "JENJANG": "SD", "STATUS": "S", "ALAMAT SEK": "Rungkut Megah Raya Blok Q1-3, Jl. Raya Kalirungkut", "WILAYAH": "Timur", "KECAMATAN": "TENGGILIS MEJOYO", "KELURAHAN": "PANJANG JIWO", "LATITUDE": -7.30966, "LONGITUDE": 112.77203 }, "geometry": { "type": "Point", "coordinates": [ 112.77203, -7.30966 ] } },
{ "type": "Feature", "properties": { "NPSN": 69980612, "NAMA SEKOL": "SD IT AR-RAHMAH", "JENJANG": "SD", "STATUS": "S", "ALAMAT SEK": "JL.KEDINDING LOR GANG MANGGIS NO.9", "WILAYAH": "Utara", "KECAMATAN": "KENJERAN", "KELURAHAN": "TANAH KALI KEDINDING", "LATITUDE": -7.22326469, "LONGITUDE": 112.7827165 }, "geometry": { "type": "Point", "coordinates": [ 112.7827165, -7.22326469 ] } },
{ "type": "Feature", "properties": { "NPSN": 69982638, "NAMA SEKOL": "SD BETHANY CHRISTIAN SCHOOL", "JENJANG": "SD", "STATUS": "S", "ALAMAT SEK": "JALAN NGINDEN INTAN TIMUR I/29", "WILAYAH": "Timur", "KECAMATAN": "SUKOLILO", "KELURAHAN": "NGINDEN JANGKUNGAN", "LATITUDE": -7.3077646, "LONGITUDE": 112.7704863 }, "geometry": { "type": "Point", "coordinates": [ 112.7704863, -7.3077646 ] } },
{ "type": "Feature", "properties": { "NPSN": 69984653, "NAMA SEKOL": "SD JUARA", "JENJANG": "SD", "STATUS": "S", "ALAMAT SEK": "JL. Tambak Medokan  Ayu XIV No. 07", "WILAYAH": "Timur", "KECAMATAN": "RUNGKUT", "KELURAHAN": "MEDOKAN AYU", "LATITUDE": -7.325058, "LONGITUDE": 112.8070029 }, "geometry": { "type": "Point", "coordinates": [ 112.8070029, -7.325058 ] } },
{ "type": "Feature", "properties": { "NPSN": 69985994, "NAMA SEKOL": "SD NURUL FAIZAH", "JENJANG": "SD", "STATUS": "S", "ALAMAT SEK": "Jl. Medayu Utara XVII No.45 Medokan Ayu", "WILAYAH": "Timur", "KECAMATAN": "RUNGKUT", "KELURAHAN": "MEDOKAN AYU", "LATITUDE": -7.322099706, "LONGITUDE": 112.8006014 }, "geometry": { "type": "Point", "coordinates": [ 112.8006014, -7.322099706 ] } },
{ "type": "Feature", "properties": { "NPSN": 69987983, "NAMA SEKOL": "SDN ROMOKALISARI II", "JENJANG": "SD", "STATUS": "N", "ALAMAT SEK": "Jl.Tambak Osowilangun", "WILAYAH": "Barat", "KECAMATAN": "BENOWO", "KELURAHAN": "ROMOKALISARI", "LATITUDE": -7.198020886, "LONGITUDE": 112.6630272 }, "geometry": { "type": "Point", "coordinates": [ 112.6630272, -7.198020886 ] } },
{ "type": "Feature", "properties": { "NPSN": 69988760, "NAMA SEKOL": "SD WACHID HASYIM SURABAYA (SD PLUS)", "JENJANG": "SD", "STATUS": "S", "ALAMAT SEK": "Jl. Sidotopo Wetan Baru No.7", "WILAYAH": "Utara", "KECAMATAN": "KENJERAN", "KELURAHAN": "SIDOTOPO WETAN", "LATITUDE": -7.23245463, "LONGITUDE": 112.7591917 }, "geometry": { "type": "Point", "coordinates": [ 112.7591917, -7.23245463 ] } },
{ "type": "Feature", "properties": { "NPSN": 69989220, "NAMA SEKOL": "SD UNGGULAN AL HIKMAH", "JENJANG": "SD", "STATUS": "S", "ALAMAT SEK": "JL. REJOSARI PESANTREN III NO.17", "WILAYAH": "Barat", "KECAMATAN": "PAKAL", "KELURAHAN": "BENOWO", "LATITUDE": -7.243380356, "LONGITUDE": 112.6089842 }, "geometry": { "type": "Point", "coordinates": [ 112.6089842, -7.243380356 ] } },
{ "type": "Feature", "properties": { "NPSN": 69990961, "NAMA SEKOL": "SD KRISTEN TUNAS HARAPAN BANGSA", "JENJANG": "SD", "STATUS": "S", "ALAMAT SEK": "Jl. Ambengan 2", "WILAYAH": "Pusat", "KECAMATAN": "GENTENG", "KELURAHAN": "KETABANG", "LATITUDE": -7.255954, "LONGITUDE": 112.748391 }, "geometry": { "type": "Point", "coordinates": [ 112.748391, -7.255954 ] } },
{ "type": "Feature", "properties": { "NPSN": 69991625, "NAMA SEKOL": "SD ISLAM TERPADU AT TAQWA 2", "JENJANG": "SD", "STATUS": "S", "ALAMAT SEK": "Jalan Raya Bangkingan No. 34", "WILAYAH": "Barat", "KECAMATAN": "LAKARSANTRI", "KELURAHAN": "BANGKINGAN", "LATITUDE": -7.323494562, "LONGITUDE": 112.6605722 }, "geometry": { "type": "Point", "coordinates": [ 112.6605722, -7.323494562 ] } },
{ "type": "Feature", "properties": { "NPSN": 69995957, "NAMA SEKOL": "SEKOLAH DASAR ISLAM CHENG HOO", "JENJANG": "SD", "STATUS": "S", "ALAMAT SEK": "Jl. Gading No. 2", "WILAYAH": "Pusat", "KECAMATAN": "GENTENG", "KELURAHAN": "KETABANG", "LATITUDE": -7.251819032, "LONGITUDE": 112.7469249 }, "geometry": { "type": "Point", "coordinates": [ 112.7469249, -7.251819032 ] } },
{ "type": "Feature", "properties": { "NPSN": 70000866, "NAMA SEKOL": "SAMPOERNA ACADEMY", "JENJANG": "SD", "STATUS": "S", "ALAMAT SEK": "Jl. Lontar Pakuwon Indah PK 01 - 10", "WILAYAH": "Selatan", "KECAMATAN": "WIYUNG", "KELURAHAN": "BABATAN", "LATITUDE": -7.285797935, "LONGITUDE": 112.6751372 }, "geometry": { "type": "Point", "coordinates": [ 112.6751372, -7.285797935 ] } },
{ "type": "Feature", "properties": { "NPSN": 70000960, "NAMA SEKOL": "SD MUHAMMADIYAH 29 FIVE DAYS SCHOOL", "JENJANG": "SD", "STATUS": "S", "ALAMAT SEK": "SIMO KALANGAN BARAT TOL TEROWONGAN NO.32", "WILAYAH": "Barat", "KECAMATAN": "SUKOMANUNGGAL", "KELURAHAN": "SIMOMULYO", "LATITUDE": -7.26852, "LONGITUDE": 112.70776 }, "geometry": { "type": "Point", "coordinates": [ 112.70776, -7.26852 ] } },
{ "type": "Feature", "properties": { "NPSN": 70002859, "NAMA SEKOL": "SD UNGGULAN ALMULTAZAM", "JENJANG": "SD", "STATUS": "S", "ALAMAT SEK": "Jl.kandangan jaya 1 no 59", "WILAYAH": "Barat", "KECAMATAN": "BENOWO", "KELURAHAN": "KANDANGAN", "LATITUDE": -7.249052586, "LONGITUDE": 112.6512229 }, "geometry": { "type": "Point", "coordinates": [ 112.6512229, -7.249052586 ] } },
{ "type": "Feature", "properties": { "NPSN": 70002885, "NAMA SEKOL": "SD AL USWAH 2", "JENJANG": "SD", "STATUS": "S", "ALAMAT SEK": "Jl. Rungkut Barata Raya No.1A", "WILAYAH": "Timur", "KECAMATAN": "GUNUNG ANYAR", "KELURAHAN": "RUNGKUT MENANGGAL", "LATITUDE": -7.338530778, "LONGITUDE": 112.7722799 }, "geometry": { "type": "Point", "coordinates": [ 112.7722799, -7.338530778 ] } },
{ "type": "Feature", "properties": { "NPSN": 70002939, "NAMA SEKOL": "SD ISLAM HIMMATUN AYAT", "JENJANG": "SD", "STATUS": "S", "ALAMAT SEK": "jl. wonorejo IV/96 Tegal sari surabaya", "WILAYAH": "Pusat", "KECAMATAN": "TEGALSARI", "KELURAHAN": "WONOREJO", "LATITUDE": -7.27077357, "LONGITUDE": 112.7309146 }, "geometry": { "type": "Point", "coordinates": [ 112.7309146, -7.27077357 ] } },
{ "type": "Feature", "properties": { "NPSN": 70012032, "NAMA SEKOL": "SAMPOERNA (SAMPOERNA ACADEMY) SURABAYA", "JENJANG": "SD", "STATUS": "S", "ALAMAT SEK": "Jalan Banjar Sugihan (Kawasan Grand Pakuwon Nomor Kaveling JMU-02 & JMU-03", "WILAYAH": "Barat", "KECAMATAN": "TANDES", "KELURAHAN": "BANJAR SUGIHAN", "LATITUDE": -7.250420015, "LONGITUDE": 112.6632899 }, "geometry": { "type": "Point", "coordinates": [ 112.6632899, -7.250420015 ] } },
{ "type": "Feature", "properties": { "NPSN": 70029659, "NAMA SEKOL": "SD KRISTEN GLORIA 4", "JENJANG": "SD", "STATUS": "S", "ALAMAT SEK": "JALAN. BANJAR NUSA INDAHKAVLING. DA02-01PERUMAHAN GRAND PAKUWON", "WILAYAH": "Barat", "KECAMATAN": "TANDES", "KELURAHAN": "BANJAR SUGIHAN", "LATITUDE": -7.249282773, "LONGITUDE": 112.6557748 }, "geometry": { "type": "Point", "coordinates": [ 112.6557748, -7.249282773 ] } },
{ "type": "Feature", "properties": { "NPSN": 70031231, "NAMA SEKOL": "SD SURABAYA GRAMMAR SCHOOL II", "JENJANG": "SD", "STATUS": "S", "ALAMAT SEK": "Jl. Banjar Mutiara Asri no. 1C (Lama: Jl. Banjar Nusa Indah V) Surabaya", "WILAYAH": "Barat", "KECAMATAN": "TANDES", "KELURAHAN": "BANJAR SUGIHAN", "LATITUDE": -7.249858359, "LONGITUDE": 112.6570655 }, "geometry": { "type": "Point", "coordinates": [ 112.6570655, -7.249858359 ] } },
{ "type": "Feature", "properties": { "NPSN": 70034342, "NAMA SEKOL": "MI TARBIYATUS SHIBYAN 1", "JENJANG": "MI", "STATUS": "S", "ALAMAT SEK": "Jl. Asemrowo Gg. Mulya No. 12", "WILAYAH": "Barat", "KECAMATAN": "ASEM ROWO", "KELURAHAN": "ASEM ROWO", "LATITUDE": -7.252595664, "LONGITUDE": 112.7145906 }, "geometry": { "type": "Point", "coordinates": [ 112.7145906, -7.252595664 ] } },
{ "type": "Feature", "properties": { "NPSN": 70034344, "NAMA SEKOL": "MI AL - WASHILIN", "JENJANG": "MI", "STATUS": "S", "ALAMAT SEK": "Bulak Rukem Gg 3 No 32", "WILAYAH": "Utara", "KECAMATAN": "SEMAMPIR", "KELURAHAN": "WONOKUSUMO", "LATITUDE": -7.214932956, "LONGITUDE": 112.758434 }, "geometry": { "type": "Point", "coordinates": [ 112.758434, -7.214932956 ] } },
{ "type": "Feature", "properties": { "NPSN": 70035160, "NAMA SEKOL": "SD CHUNG CHUNG CHRISTIAN SCHOOL", "JENJANG": "SD", "STATUS": "S", "ALAMAT SEK": "JALAN RAYA GUNUNG ANYAR SAWAH, DESA/KELURAHAN GUNUNG ANYAR, KECAMATAN GUNUNG ANYAR, KOTA SURABAYA, PROVINSI JAWA TIMUR KODE POS: 60294", "WILAYAH": "Timur", "KECAMATAN": "GUNUNG ANYAR", "KELURAHAN": "GUNUNG ANYAR", "LATITUDE": -7.335412645, "LONGITUDE": 112.790626 }, "geometry": { "type": "Point", "coordinates": [ 112.790626, -7.335412645 ] } },
{ "type": "Feature", "properties": { "NPSN": 70036446, "NAMA SEKOL": "SD IT DARUL QURAN", "JENJANG": "SD", "STATUS": "S", "ALAMAT SEK": "JL. TENGGILIS MEJOYO KC 9 KECAMATAN RUNGKUT", "WILAYAH": "Timur", "KECAMATAN": "TENGGILIS MEJOYO", "KELURAHAN": "TENGGILIS MEJOYO", "LATITUDE": -7.31475307, "LONGITUDE": 112.7646637 }, "geometry": { "type": "Point", "coordinates": [ 112.7646637, -7.31475307 ] } },
{ "type": "Feature", "properties": { "NPSN": 70037238, "NAMA SEKOL": "SD MEWY SCHOOL OF SURABAYA", "JENJANG": "SD", "STATUS": "S", "ALAMAT SEK": "JL. EMBONG PLOSO 16, KECAMATAN GENTENG, KELURAHAN EMBONG KALIASIN, SURABAYA", "WILAYAH": "Pusat", "KECAMATAN": "GENTENG", "KELURAHAN": "EMBONG KALIASIN", "LATITUDE": -7.307578808, "LONGITUDE": 112.7518355 }, "geometry": { "type": "Point", "coordinates": [ 112.7518355, -7.307578808 ] } },
{ "type": "Feature", "properties": { "NPSN": 70038928, "NAMA SEKOL": "SD XIN ZHONG SURABAYA BARAT", "JENJANG": "SD", "STATUS": "S", "ALAMAT SEK": "JALAN RAYA SATELIT INDAH BLOK MM-3 SURABAYA", "WILAYAH": "Barat", "KECAMATAN": "SUKOMANUNGGAL", "KELURAHAN": "TANJUNGSARI", "LATITUDE": -7.265215763, "LONGITUDE": 112.6939675 }, "geometry": { "type": "Point", "coordinates": [ 112.6939675, -7.265215763 ] } },
{ "type": "Feature", "properties": { "NPSN": 70042917, "NAMA SEKOL": "MI AN NUR", "JENJANG": "MI", "STATUS": "S", "ALAMAT SEK": "Bulak Banteng Wetan 18/11", "WILAYAH": "Utara", "KECAMATAN": "KENJERAN", "KELURAHAN": "SIDOTOPO WETAN", "LATITUDE": -7.218293, "LONGITUDE": 112.762989 }, "geometry": { "type": "Point", "coordinates": [ 112.762989, -7.218293 ] } },
{ "type": "Feature", "properties": { "NPSN": 70043206, "NAMA SEKOL": "MIS AL INAYAH", "JENJANG": "MI", "STATUS": "S", "ALAMAT SEK": "jl. Sidotopo Wetan Mulya 15", "WILAYAH": "Utara", "KECAMATAN": "KENJERAN", "KELURAHAN": "SIDOTOPO WETAN", "LATITUDE": -7.2311, "LONGITUDE": 112.76312 }, "geometry": { "type": "Point", "coordinates": [ 112.76312, -7.2311 ] } },
{ "type": "Feature", "properties": { "NPSN": 70043358, "NAMA SEKOL": "SD KHAYMING", "JENJANG": "SD", "STATUS": "S", "ALAMAT SEK": "JL. LAKARSANTRI 16 MADE", "WILAYAH": "Barat", "KECAMATAN": "LAKARSANTRI", "KELURAHAN": "LAKARSANTRI", "LATITUDE": -7.296053188, "LONGITUDE": 112.635037 }, "geometry": { "type": "Point", "coordinates": [ 112.635037, -7.296053188 ] } },
{ "type": "Feature", "properties": { "NPSN": 70045216, "NAMA SEKOL": "MI UNGGULAN LUKMAN AL HAKIM", "JENJANG": "MI", "STATUS": "S", "ALAMAT SEK": "JALAN LIDAH WEYAN I/ 58 D", "WILAYAH": "Barat", "KECAMATAN": "LAKARSANTRI", "KELURAHAN": "LIDAH WETAN", "LATITUDE": -7.3050387, "LONGITUDE": 112.6605009 }, "geometry": { "type": "Point", "coordinates": [ 112.6605009, -7.3050387 ] } },
{ "type": "Feature", "properties": { "NPSN": 70049506, "NAMA SEKOL": "SD ISLAM DARUL ARQOM II SURABAYA", "JENJANG": "SD", "STATUS": "S", "ALAMAT SEK": "JL. SUMURWELUT N. 36 KEL. SUMURWELUT LAKARSANTRI", "WILAYAH": "Barat", "KECAMATAN": "LAKARSANTRI", "KELURAHAN": "SUMURWELUT", "LATITUDE": -7.328631792, "LONGITUDE": 112.664801 }, "geometry": { "type": "Point", "coordinates": [ 112.664801, -7.328631792 ] } },
{ "type": "Feature", "properties": { "NPSN": 70051701, "NAMA SEKOL": "SD PIAGET LIFE ACADEMY", "JENJANG": "SD", "STATUS": "S", "ALAMAT SEK": "JL. DARMO PERMAI II NO. 2", "WILAYAH": "Barat", "KECAMATAN": "SUKOMANUNGGAL", "KELURAHAN": "TANJUNGSARI", "LATITUDE": -7.273887197, "LONGITUDE": 112.6921803 }, "geometry": { "type": "Point", "coordinates": [ 112.6921803, -7.273887197 ] } },
{ "type": "Feature", "properties": { "NPSN": 70054154, "NAMA SEKOL": "SD KHAIRUNNAS", "JENJANG": "SD", "STATUS": "S", "ALAMAT SEK": "JL BENDUL MERISI TENGAH 1 NO 87", "WILAYAH": "Selatan", "KECAMATAN": "WONOCOLO", "KELURAHAN": "BENDUL MERISI", "LATITUDE": -7.308687468, "LONGITUDE": 112.7476045 }, "geometry": { "type": "Point", "coordinates": [ 112.7476045, -7.308687468 ] } },
{ "type": "Feature", "properties": { "NPSN": 70055751, "NAMA SEKOL": "SD AL ARAF ISLAMIC SCHOOL", "JENJANG": "SD", "STATUS": "S", "ALAMAT SEK": "JALANGUNUNG ANYAR TAMBAK KAV 14-15 , DESA/KELURAHAN GUNUNG ANYAR TAMBAK, KEC. GUNUNG ANYAR, KOTA SURABAYA, PROVINSI JAWA TIMUR, KODE POS: 60294", "WILAYAH": "Timur", "KECAMATAN": "GUNUNG ANYAR", "KELURAHAN": "GUNUNG ANYAR TAMBAK", "LATITUDE": -7.34264062, "LONGITUDE": 112.8057486 }, "geometry": { "type": "Point", "coordinates": [ 112.8057486, -7.34264062 ] } },
{ "type": "Feature", "properties": { "NPSN": 70059130, "NAMA SEKOL": "SD BINA NUSANTARA SURABAYA", "JENJANG": "SD", "STATUS": "S", "ALAMAT SEK": "JL. CITRA UTAMA LIDAH KULON NO. 20\n (D/H. JL. RAYA MENGANTI, LIDAH KULON) SURABAYA", "WILAYAH": "Barat", "KECAMATAN": "LAKARSANTRI", "KELURAHAN": "LIDAH KULON", "LATITUDE": -7.310716, "LONGITUDE": 112.657822 }, "geometry": { "type": "Point", "coordinates": [ 112.657822, -7.310716 ] } }
]
}
