{
"type": "FeatureCollection",
"name": "smp-mts",
"crs": { "type": "name", "properties": { "name": "urn:ogc:def:crs:OGC:1.3:CRS84" } },
"features": [
{ "type": "Feature", "properties": { "NPSN": 20532516, "NAMA SEKOL": "SMP MA`ARIF NU HASANUDIN SURABAYA", "JENJANG": "SMP", "STATUS": "S", "ALAMAT SEK": "Jl. BALAS KLUMPRIK 133 SURABAYA", "WILAYAH": "Selatan", "KECAMATAN": "WIYUNG", "KELURAHAN": "BALAS KLUMPRIK", "LATITUDE": -7.331, "LONGITUDE": 112.6889 }, "geometry": { "type": "Point", "coordinates": [ 112.6889, -7.331 ] } },
{ "type": "Feature", "properties": { "NPSN": 20532728, "NAMA SEKOL": "SMP KATOLIK INDRIYASANA VII", "JENJANG": "SMP", "STATUS": "S", "ALAMAT SEK": "Jl. DUKUH KUPANG XXXI / 48 SURABAYA", "WILAYAH": "Selatan", "KECAMATAN": "DUKUH PAKIS", "KELURAHAN": "DUKUH KUPANG", "LATITUDE": -7.2832, "LONGITUDE": 112.7132 }, "geometry": { "type": "Point", "coordinates": [ 112.7132, -7.2832 ] } },
{ "type": "Feature", "properties": { "NPSN": 69947083, "NAMA SEKOL": "SMP NEGERI 56 SURABAYA", "JENJANG": "SMP", "STATUS": "N", "ALAMAT SEK": "Jl. DUKUH KUPANG BARAT No 31", "WILAYAH": "Selatan", "KECAMATAN": "DUKUH PAKIS", "KELURAHAN": "DUKUH KUPANG", "LATITUDE": -7.284136661, "LONGITUDE": 112.7076203 }, "geometry": { "type": "Point", "coordinates": [ 112.7076203, -7.284136661 ] } },
{ "type": "Feature", "properties": { "NPSN": 20571471, "NAMA SEKOL": "SMP NEGERI 47 SURABAYA", "JENJANG": "SMP", "STATUS": "N", "ALAMAT SEK": "JL. LEMPUNG PERDANA V NO.1-3 LONTAR SAMBI KEREP SURABAYA  60216", "WILAYAH": "Barat", "KECAMATAN": "SAMBIKEREP", "KELURAHAN": "LONTAR", "LATITUDE": -7.26524967, "LONGITUDE": 112.672819 }, "geometry": { "type": "Point", "coordinates": [ 112.672819, -7.26524967 ] } },
{ "type": "Feature", "properties": { "NPSN": 70054430, "NAMA SEKOL": "SMP KHADIJAH WONOREJO", "JENJANG": "SMP", "STATUS": "S", "ALAMAT SEK": "JALAN WONOREJO SELATAN IX/2", "WILAYAH": "Pusat", "KECAMATAN": "TEGALSARI", "KELURAHAN": "WONOREJO", "LATITUDE": -7.314044747, "LONGITUDE": 112.8013473 }, "geometry": { "type": "Point", "coordinates": [ 112.8013473, -7.314044747 ] } },
{ "type": "Feature", "properties": { "NPSN": 20532585, "NAMA SEKOL": "SMP TUNAS BANGSA", "JENJANG": "SMP", "STATUS": "S", "ALAMAT SEK": "JL. DARMOREJO III/54-56", "WILAYAH": "Selatan", "KECAMATAN": "WONOKROMO", "KELURAHAN": "DARMO", "LATITUDE": -7.2962, "LONGITUDE": 112.7415 }, "geometry": { "type": "Point", "coordinates": [ 112.7415, -7.2962 ] } },
{ "type": "Feature", "properties": { "NPSN": 69921555, "NAMA SEKOL": "SMP BELL", "JENJANG": "SMP", "STATUS": "S", "ALAMAT SEK": "Jl. Babatan Pratama I No 3-5 SURABAYA", "WILAYAH": "Selatan", "KECAMATAN": "WIYUNG", "KELURAHAN": "BABATAN", "LATITUDE": -7.3121899, "LONGITUDE": 112.6852219 }, "geometry": { "type": "Point", "coordinates": [ 112.6852219, -7.3121899 ] } },
{ "type": "Feature", "properties": { "NPSN": 20532554, "NAMA SEKOL": "SMP NEGERI 16 SURABAYA", "JENJANG": "SMP", "STATUS": "N", "ALAMAT SEK": "Jl. MASTRIP BOGANGIN I SURABAYA", "WILAYAH": "Selatan", "KECAMATAN": "KARANG PILANG", "KELURAHAN": "KEDURUS", "LATITUDE": -7.3241226, "LONGITUDE": 112.706544 }, "geometry": { "type": "Point", "coordinates": [ 112.706544, -7.3241226 ] } },
{ "type": "Feature", "properties": { "NPSN": 20583868, "NAMA SEKOL": "MTSS DARUT TAUHID", "JENJANG": "MTS", "STATUS": "S", "ALAMAT SEK": "Jl. Dukuh Bulak Banteng Sekolahan 2A / 23 Surabaya", "WILAYAH": "Utara", "KECAMATAN": "KENJERAN", "KELURAHAN": "BULAK BANTENG", "LATITUDE": -7.221281596, "LONGITUDE": 112.7640432 }, "geometry": { "type": "Point", "coordinates": [ 112.7640432, -7.221281596 ] } },
{ "type": "Feature", "properties": { "NPSN": 69992188, "NAMA SEKOL": "SMP AL FALAH SURABAYA", "JENJANG": "SMP", "STATUS": "S", "ALAMAT SEK": "Jl Darmokali No. 62", "WILAYAH": "Selatan", "KECAMATAN": "WONOKROMO", "KELURAHAN": "DARMO", "LATITUDE": -7.298642, "LONGITUDE": 112.7317141 }, "geometry": { "type": "Point", "coordinates": [ 112.7317141, -7.298642 ] } },
{ "type": "Feature", "properties": { "NPSN": 20532497, "NAMA SEKOL": "SMP MABADIE KHOIRI UMMAH", "JENJANG": "SMP", "STATUS": "S", "ALAMAT SEK": "JL. KEPUTRAN V/31 SURABAYA", "WILAYAH": "Pusat", "KECAMATAN": "TEGALSARI", "KELURAHAN": "KEPUTRAN", "LATITUDE": -7.2756, "LONGITUDE": 112.7432 }, "geometry": { "type": "Point", "coordinates": [ 112.7432, -7.2756 ] } },
{ "type": "Feature", "properties": { "NPSN": 20532701, "NAMA SEKOL": "SMP AL - WACHID SURABAYA", "JENJANG": "SMP", "STATUS": "S", "ALAMAT SEK": "Jl  RAYA RUNGKUT KIDUL 99 SURABAYA", "WILAYAH": "Timur", "KECAMATAN": "RUNGKUT", "KELURAHAN": "RUNGKUT KIDUL", "LATITUDE": -7.329, "LONGITUDE": 112.7685 }, "geometry": { "type": "Point", "coordinates": [ 112.7685, -7.329 ] } },
{ "type": "Feature", "properties": { "NPSN": 20532549, "NAMA SEKOL": "SMP NEGERI 21 SURABAYA", "JENJANG": "SMP", "STATUS": "N", "ALAMAT SEK": "Jl. JAMBANGAN IV SURABAYA", "WILAYAH": "Selatan", "KECAMATAN": "JAMBANGAN", "KELURAHAN": "JAMBANGAN", "LATITUDE": -7.319187918, "LONGITUDE": 112.713609 }, "geometry": { "type": "Point", "coordinates": [ 112.713609, -7.319187918 ] } },
{ "type": "Feature", "properties": { "NPSN": 20532616, "NAMA SEKOL": "SMP YAPITA SURABAYA", "JENJANG": "SMP", "STATUS": "S", "ALAMAT SEK": "Jl. ARIEF RAHMAN HAKIM 19 SURABAYA", "WILAYAH": "Timur", "KECAMATAN": "SUKOLILO", "KELURAHAN": "KEPUTIH", "LATITUDE": -7.2896, "LONGITUDE": 112.7971 }, "geometry": { "type": "Point", "coordinates": [ 112.7971, -7.2896 ] } },
{ "type": "Feature", "properties": { "NPSN": 70044983, "NAMA SEKOL": "MTS AL HAFIZH", "JENJANG": "MTS", "STATUS": "S", "ALAMAT SEK": "JL. KALILOM LOR INDAH GG ANGGREK NO. 148", "WILAYAH": "Utara", "KECAMATAN": "KENJERAN", "KELURAHAN": "TANAH KALI KEDINDING", "LATITUDE": -7.228150581, "LONGITUDE": 112.7838218 }, "geometry": { "type": "Point", "coordinates": [ 112.7838218, -7.228150581 ] } },
{ "type": "Feature", "properties": { "NPSN": 20532579, "NAMA SEKOL": "SMP NEGERI 37 SURABAYA", "JENJANG": "SMP", "STATUS": "N", "ALAMAT SEK": "Jl. KALI ANYAR 18 - 20 SURABAYA", "WILAYAH": "Pusat", "KECAMATAN": "GENTENG", "KELURAHAN": "KAPASARI", "LATITUDE": -7.248581211, "LONGITUDE": 112.7496233 }, "geometry": { "type": "Point", "coordinates": [ 112.7496233, -7.248581211 ] } },
{ "type": "Feature", "properties": { "NPSN": 20532468, "NAMA SEKOL": "SMP PGRI 29 SURABAYA", "JENJANG": "SMP", "STATUS": "S", "ALAMAT SEK": "Jl. PENELEH IX NO. 23 SURABAYA", "WILAYAH": "Pusat", "KECAMATAN": "GENTENG", "KELURAHAN": "PENELEH", "LATITUDE": -7.2521, "LONGITUDE": 112.742 }, "geometry": { "type": "Point", "coordinates": [ 112.742, -7.2521 ] } },
{ "type": "Feature", "properties": { "NPSN": 69960378, "NAMA SEKOL": "SMP IT UTSMAN BIN AFFAN", "JENJANG": "SMP", "STATUS": "S", "ALAMAT SEK": "Jl. Lakarsantri Selatan No.35", "WILAYAH": "Barat", "KECAMATAN": "LAKARSANTRI", "KELURAHAN": "LAKARSANTRI", "LATITUDE": -7.3066, "LONGITUDE": 112.636 }, "geometry": { "type": "Point", "coordinates": [ 112.636, -7.3066 ] } },
{ "type": "Feature", "properties": { "NPSN": 60727483, "NAMA SEKOL": "MTs. PLUS HIMMATUN AYAT", "JENJANG": "MTS", "STATUS": "S", "ALAMAT SEK": "Jl. Petemon IV No. 123", "WILAYAH": "Selatan", "KECAMATAN": "SAWAHAN", "KELURAHAN": "PETEMON", "LATITUDE": -7.265826983, "LONGITUDE": 112.7179538 }, "geometry": { "type": "Point", "coordinates": [ 112.7179538, -7.265826983 ] } },
{ "type": "Feature", "properties": { "NPSN": 20532636, "NAMA SEKOL": "SMP ANTARTIKA SURABAYA", "JENJANG": "SMP", "STATUS": "S", "ALAMAT SEK": "Jl. BANYU URIP KIDUL II/37 SURABAYA", "WILAYAH": "Selatan", "KECAMATAN": "SAWAHAN", "KELURAHAN": "BANYU URIP", "LATITUDE": -7.274411, "LONGITUDE": 112.723924 }, "geometry": { "type": "Point", "coordinates": [ 112.723924, -7.274411 ] } },
{ "type": "Feature", "properties": { "NPSN": 20532747, "NAMA SEKOL": "SMP KRISTEN PIRNGADI SURABAYA", "JENJANG": "SMP", "STATUS": "S", "ALAMAT SEK": "Jl .PIRNGADI NO.12-14  SURABAYA", "WILAYAH": "Pusat", "KECAMATAN": "BUBUTAN", "KELURAHAN": "BUBUTAN", "LATITUDE": -7.2523, "LONGITUDE": 112.7337 }, "geometry": { "type": "Point", "coordinates": [ 112.7337, -7.2523 ] } },
{ "type": "Feature", "properties": { "NPSN": 20532638, "NAMA SEKOL": "SMP AN- NAJIYAH SURABAYA", "JENJANG": "SMP", "STATUS": "S", "ALAMAT SEK": "Jl. SIDOSERMO IV / 7 SURABAYA", "WILAYAH": "Selatan", "KECAMATAN": "WONOCOLO", "KELURAHAN": "SIDOSERMO", "LATITUDE": -7.3036, "LONGITUDE": 112.7047 }, "geometry": { "type": "Point", "coordinates": [ 112.7047, -7.3036 ] } },
{ "type": "Feature", "properties": { "NPSN": 20532463, "NAMA SEKOL": "SMP PGRI 6 SURABAYA", "JENJANG": "SMP", "STATUS": "S", "ALAMAT SEK": "Jl. BULAK RUKEM III/ 7 - 9 SURABAYA", "WILAYAH": "Utara", "KECAMATAN": "SEMAMPIR", "KELURAHAN": "WONOKUSUMO", "LATITUDE": -7.215799439, "LONGITUDE": 112.7580243 }, "geometry": { "type": "Point", "coordinates": [ 112.7580243, -7.215799439 ] } },
{ "type": "Feature", "properties": { "NPSN": 20541308, "NAMA SEKOL": "SMP CIPUTRA", "JENJANG": "SMP", "STATUS": "S", "ALAMAT SEK": "PURI WIDYA KENCANA, Citraland", "WILAYAH": "Barat", "KECAMATAN": "LAKARSANTRI", "KELURAHAN": "LIDAH KULON", "LATITUDE": -7.2929, "LONGITUDE": 112.6515 }, "geometry": { "type": "Point", "coordinates": [ 112.6515, -7.2929 ] } },
{ "type": "Feature", "properties": { "NPSN": 20571343, "NAMA SEKOL": "SMP AL FALAH KETINTANG", "JENJANG": "SMP", "STATUS": "S", "ALAMAT SEK": "JALAN KETINTANG MADYA 81", "WILAYAH": "Selatan", "KECAMATAN": "GAYUNGAN", "KELURAHAN": "KETINTANG", "LATITUDE": -7.3131, "LONGITUDE": 112.7238 }, "geometry": { "type": "Point", "coordinates": [ 112.7238, -7.3131 ] } },
{ "type": "Feature", "properties": { "NPSN": 20554592, "NAMA SEKOL": "SMP TERBUKA 8 SURABAYA", "JENJANG": "SMP", "STATUS": "N", "ALAMAT SEK": "JL. BUNGURAN 15-17 SURABAYA", "WILAYAH": "Utara", "KECAMATAN": "PABEAN CANTIAN", "KELURAHAN": "BONGKARAN", "LATITUDE": -7.242614412, "LONGITUDE": 112.7462496 }, "geometry": { "type": "Point", "coordinates": [ 112.7462496, -7.242614412 ] } },
{ "type": "Feature", "properties": { "NPSN": 69947129, "NAMA SEKOL": "SMP NEGERI 57 SURABAYA", "JENJANG": "SMP", "STATUS": "N", "ALAMAT SEK": "Jl. Siwalankerto Permai - Kecamatan Wonocolo", "WILAYAH": "Selatan", "KECAMATAN": "WONOCOLO", "KELURAHAN": "SIWALANKERTO", "LATITUDE": -7.344444356, "LONGITUDE": 112.7388373 }, "geometry": { "type": "Point", "coordinates": [ 112.7388373, -7.344444356 ] } },
{ "type": "Feature", "properties": { "NPSN": 20583871, "NAMA SEKOL": "MTsN 2 KOTA SURABAYA", "JENJANG": "MTS", "STATUS": "N", "ALAMAT SEK": "Jl. Citra Raya 27 Surabaya", "WILAYAH": "Barat", "KECAMATAN": "LAKARSANTRI", "KELURAHAN": "LAKARSANTRI", "LATITUDE": -7.30013647, "LONGITUDE": 112.6343572 }, "geometry": { "type": "Point", "coordinates": [ 112.6343572, -7.30013647 ] } },
{ "type": "Feature", "properties": { "NPSN": 60727482, "NAMA SEKOL": "MTs GIRILAYA", "JENJANG": "MTS", "STATUS": "S", "ALAMAT SEK": "Jl. Dukuh Jelidro Kavling No.5", "WILAYAH": "Barat", "KECAMATAN": "SAMBIKEREP", "KELURAHAN": "SAMBIKEREP", "LATITUDE": -7.268663707, "LONGITUDE": 112.6597383 }, "geometry": { "type": "Point", "coordinates": [ 112.6597383, -7.268663707 ] } },
{ "type": "Feature", "properties": { "NPSN": 20532597, "NAMA SEKOL": "SMP TENGGILIS JAYA SURABAYA", "JENJANG": "SMP", "STATUS": "S", "ALAMAT SEK": "Jl. TENGGILIS MEJOYO Blok KD.1 SURABAYA", "WILAYAH": "Timur", "KECAMATAN": "RUNGKUT", "KELURAHAN": "KALIRUNGKUT", "LATITUDE": -7.3173, "LONGITUDE": 112.7632 }, "geometry": { "type": "Point", "coordinates": [ 112.7632, -7.3173 ] } },
{ "type": "Feature", "properties": { "NPSN": 70057643, "NAMA SEKOL": "KHAYMING", "JENJANG": "SMP", "STATUS": "S", "ALAMAT SEK": "JL LAKARSANTRI NO 16 MADE SURABAYA", "WILAYAH": "Barat", "KECAMATAN": "LAKARSANTRI", "KELURAHAN": "LAKARSANTRI", "LATITUDE": -7.288658414, "LONGITUDE": 112.6512172 }, "geometry": { "type": "Point", "coordinates": [ 112.6512172, -7.288658414 ] } },
{ "type": "Feature", "properties": { "NPSN": 20532485, "NAMA SEKOL": "SMP SASANA BHAKTI SURABAYA", "JENJANG": "SMP", "STATUS": "S", "ALAMAT SEK": "Jl .JAGALAN 132-136 SURABAYA", "WILAYAH": "Utara", "KECAMATAN": "PABEAN CANTIAN", "KELURAHAN": "BONGKARAN", "LATITUDE": -7.2474, "LONGITUDE": 112.7429 }, "geometry": { "type": "Point", "coordinates": [ 112.7429, -7.2474 ] } },
{ "type": "Feature", "properties": { "NPSN": 20552708, "NAMA SEKOL": "SMP UNGGULAN BINA INSANI", "JENJANG": "SMP", "STATUS": "S", "ALAMAT SEK": "SAWENTAR NO 9 SURABAYA", "WILAYAH": "Timur", "KECAMATAN": "TAMBAKSARI", "KELURAHAN": "PACARKELING", "LATITUDE": -7.2574, "LONGITUDE": 112.7571 }, "geometry": { "type": "Point", "coordinates": [ 112.7571, -7.2574 ] } },
{ "type": "Feature", "properties": { "NPSN": 20532490, "NAMA SEKOL": "SMP ROMLY TAMIM SURABAYA", "JENJANG": "SMP", "STATUS": "S", "ALAMAT SEK": "Jl. KENJERAN PANTAI No. 1 SURABAYA", "WILAYAH": "Utara", "KECAMATAN": "BULAK", "KELURAHAN": "KENJERAN", "LATITUDE": -7.2403, "LONGITUDE": 112.7957 }, "geometry": { "type": "Point", "coordinates": [ 112.7957, -7.2403 ] } },
{ "type": "Feature", "properties": { "NPSN": 20532778, "NAMA SEKOL": "SMP IHYAUSSALAFIYAH SURABAYA", "JENJANG": "SMP", "STATUS": "S", "ALAMAT SEK": "Jl. BOLODEWO 78 - 80 SURABAYA", "WILAYAH": "Utara", "KECAMATAN": "SEMAMPIR", "KELURAHAN": "SIDOTOPO", "LATITUDE": -7.2291, "LONGITUDE": 112.7481 }, "geometry": { "type": "Point", "coordinates": [ 112.7481, -7.2291 ] } },
{ "type": "Feature", "properties": { "NPSN": 20532746, "NAMA SEKOL": "SMP KRISTEN PETRA 1", "JENJANG": "SMP", "STATUS": "S", "ALAMAT SEK": "Jl. H.R. Muhammad Kav. 808 Surabaya", "WILAYAH": "Selatan", "KECAMATAN": "DUKUH PAKIS", "KELURAHAN": "PRADAH KALIKENDAL", "LATITUDE": -7.2817, "LONGITUDE": 112.6848 }, "geometry": { "type": "Point", "coordinates": [ 112.6848, -7.2817 ] } },
{ "type": "Feature", "properties": { "NPSN": 20532753, "NAMA SEKOL": "SMP KRISTEN GLORIA 1 SURABAYA", "JENJANG": "SMP", "STATUS": "S", "ALAMAT SEK": "Jl. KUPANG INDAH I/ 3 SURABAYA", "WILAYAH": "Selatan", "KECAMATAN": "DUKUH PAKIS", "KELURAHAN": "DUKUH KUPANG", "LATITUDE": -7.2789, "LONGITUDE": 112.706 }, "geometry": { "type": "Point", "coordinates": [ 112.706, -7.2789 ] } },
{ "type": "Feature", "properties": { "NPSN": 69876165, "NAMA SEKOL": "SMP SURABAYA EUROPEAN SCHOOL", "JENJANG": "SMP", "STATUS": "S", "ALAMAT SEK": "Pakuwon Golf& Family Club, Vila Bukit Regensi, Pakuwon Indah", "WILAYAH": "Barat", "KECAMATAN": "SAMBIKEREP", "KELURAHAN": "LONTAR", "LATITUDE": -7.2942, "LONGITUDE": 112.666 }, "geometry": { "type": "Point", "coordinates": [ 112.666, -7.2942 ] } },
{ "type": "Feature", "properties": { "NPSN": 20583880, "NAMA SEKOL": "MTs NURUL KHOIR", "JENJANG": "MTS", "STATUS": "S", "ALAMAT SEK": "JL. WONOREJO RUNGKUT Gg. MASJID NO. 1-2 SURABAYA", "WILAYAH": "Timur", "KECAMATAN": "RUNGKUT", "KELURAHAN": "WONOREJO", "LATITUDE": -7.310866085, "LONGITUDE": 112.7965306 }, "geometry": { "type": "Point", "coordinates": [ 112.7965306, -7.310866085 ] } },
{ "type": "Feature", "properties": { "NPSN": 20532661, "NAMA SEKOL": "SMP BINA PUTRA SURABAYA", "JENJANG": "SMP", "STATUS": "S", "ALAMAT SEK": "Jl. LAPANGAN BENOWO PAKAL SURABAYA", "WILAYAH": "Barat", "KECAMATAN": "PAKAL", "KELURAHAN": "BENOWO", "LATITUDE": -7.237172386, "LONGITUDE": 112.6107427 }, "geometry": { "type": "Point", "coordinates": [ 112.6107427, -7.237172386 ] } },
{ "type": "Feature", "properties": { "NPSN": 69892340, "NAMA SEKOL": "SMP ISLAM TERPADU AT-TAQWA", "JENJANG": "SMP", "STATUS": "S", "ALAMAT SEK": "JL. RAYA BANGKINGAN NO. 34 LAKARSANTRI SURABAYA", "WILAYAH": "Barat", "KECAMATAN": "LAKARSANTRI", "KELURAHAN": "BANGKINGAN", "LATITUDE": -7.299361, "LONGITUDE": 112.641215 }, "geometry": { "type": "Point", "coordinates": [ 112.641215, -7.299361 ] } },
{ "type": "Feature", "properties": { "NPSN": 69983126, "NAMA SEKOL": "MTS ALIF LAAM MIIM", "JENJANG": "MTS", "STATUS": "S", "ALAMAT SEK": "Jl. Kebonsari Baru Selatan No.1 Surabaya", "WILAYAH": "Selatan", "KECAMATAN": "JAMBANGAN", "KELURAHAN": "KEBONSARI", "LATITUDE": -7.32966504, "LONGITUDE": 112.7166876 }, "geometry": { "type": "Point", "coordinates": [ 112.7166876, -7.32966504 ] } },
{ "type": "Feature", "properties": { "NPSN": 70042435, "NAMA SEKOL": "MTSS KURNIA ILMU", "JENJANG": "MTS", "STATUS": "S", "ALAMAT SEK": "Jl. Tambak Wedi Tengah Timur II-A NO.17", "WILAYAH": "Utara", "KECAMATAN": "KENJERAN", "KELURAHAN": "TAMBAK WEDI", "LATITUDE": -7.213290646, "LONGITUDE": 112.7754708 }, "geometry": { "type": "Point", "coordinates": [ 112.7754708, -7.213290646 ] } },
{ "type": "Feature", "properties": { "NPSN": 20532510, "NAMA SEKOL": "SMP MANGUNI SURABAYA", "JENJANG": "SMP", "STATUS": "S", "ALAMAT SEK": "Jl. SATELIT INDAH III/DN-6 SURABAYA", "WILAYAH": "Barat", "KECAMATAN": "SUKOMANUNGGAL", "KELURAHAN": "TANJUNGSARI", "LATITUDE": -7.2653, "LONGITUDE": 112.6923 }, "geometry": { "type": "Point", "coordinates": [ 112.6923, -7.2653 ] } },
{ "type": "Feature", "properties": { "NPSN": 20532502, "NAMA SEKOL": "SMP MUHAMMADIYAH 14 SURABAYA", "JENJANG": "SMP", "STATUS": "S", "ALAMAT SEK": "Jl. MANUKAN KULON NO.1 SURABAYA", "WILAYAH": "Barat", "KECAMATAN": "TANDES", "KELURAHAN": "MANUKAN KULON", "LATITUDE": -7.2573, "LONGITUDE": 112.6684 }, "geometry": { "type": "Point", "coordinates": [ 112.6684, -7.2573 ] } },
{ "type": "Feature", "properties": { "NPSN": 20532566, "NAMA SEKOL": "SMP NEGERI 8 SURABAYA", "JENJANG": "SMP", "STATUS": "N", "ALAMAT SEK": "Jl. BUNGURAN 15-17 SURABAYA", "WILAYAH": "Utara", "KECAMATAN": "PABEAN CANTIAN", "KELURAHAN": "BONGKARAN", "LATITUDE": -7.242614412, "LONGITUDE": 112.7462496 }, "geometry": { "type": "Point", "coordinates": [ 112.7462496, -7.242614412 ] } },
{ "type": "Feature", "properties": { "NPSN": 20532605, "NAMA SEKOL": "SMP WACHID HASYIM 7 SURABAYA", "JENJANG": "SMP", "STATUS": "S", "ALAMAT SEK": "Jl. RAYA BENOWO 47 SURABAYA", "WILAYAH": "Barat", "KECAMATAN": "PAKAL", "KELURAHAN": "BENOWO", "LATITUDE": -7.236, "LONGITUDE": 112.6077 }, "geometry": { "type": "Point", "coordinates": [ 112.6077, -7.236 ] } },
{ "type": "Feature", "properties": { "NPSN": 20552182, "NAMA SEKOL": "SMP TERBUKA 14 SURABAYA", "JENJANG": "SMP", "STATUS": "N", "ALAMAT SEK": "JL. JURANG KUPING SURABAYA", "WILAYAH": "Barat", "KECAMATAN": "PAKAL", "KELURAHAN": "BENOWO", "LATITUDE": -7.237488041, "LONGITUDE": 112.6088213 }, "geometry": { "type": "Point", "coordinates": [ 112.6088213, -7.237488041 ] } },
{ "type": "Feature", "properties": { "NPSN": 70055278, "NAMA SEKOL": "SMP WACHID HASYIM 7 BENOWO", "JENJANG": "SMP", "STATUS": "S", "ALAMAT SEK": "JL. BENOWO SAWAH RT. 004  RW. 001 KELURAHAN BENOWO KECAMATAN PAKAL KOTA SURABAYA", "WILAYAH": "Barat", "KECAMATAN": "PAKAL", "KELURAHAN": "BENOWO", "LATITUDE": -7.233505737, "LONGITUDE": 112.6102426 }, "geometry": { "type": "Point", "coordinates": [ 112.6102426, -7.233505737 ] } },
{ "type": "Feature", "properties": { "NPSN": 20571470, "NAMA SEKOL": "SMP UNGGULAN BAITUL FATTAH", "JENJANG": "SMP", "STATUS": "S", "ALAMAT SEK": "JL RAYA MANUKAN TAMA NO. 1", "WILAYAH": "Barat", "KECAMATAN": "TANDES", "KELURAHAN": "MANUKAN KULON", "LATITUDE": -7.2641, "LONGITUDE": 112.6676 }, "geometry": { "type": "Point", "coordinates": [ 112.6676, -7.2641 ] } },
{ "type": "Feature", "properties": { "NPSN": 69947494, "NAMA SEKOL": "SMP NEGERI 58 SURABAYA", "JENJANG": "SMP", "STATUS": "N", "ALAMAT SEK": "Jl. Platuk Donomulyo   74", "WILAYAH": "Utara", "KECAMATAN": "KENJERAN", "KELURAHAN": "SIDOTOPO WETAN", "LATITUDE": -7.227533603, "LONGITUDE": 112.7673023 }, "geometry": { "type": "Point", "coordinates": [ 112.7673023, -7.227533603 ] } },
{ "type": "Feature", "properties": { "NPSN": 20532458, "NAMA SEKOL": "SMP PGRI 7 SURABAYA", "JENJANG": "SMP", "STATUS": "S", "ALAMAT SEK": "Jl. Kebalen Wetan VI/4", "WILAYAH": "Utara", "KECAMATAN": "PABEAN CANTIAN", "KELURAHAN": "KREMBANGAN UTARA", "LATITUDE": -7.2268, "LONGITUDE": 112.7358 }, "geometry": { "type": "Point", "coordinates": [ 112.7358, -7.2268 ] } },
{ "type": "Feature", "properties": { "NPSN": 20532572, "NAMA SEKOL": "SMP NEGERI 40 SURABAYA", "JENJANG": "SMP", "STATUS": "N", "ALAMAT SEK": "Jl. BANGKINGAN VIII/ 8 SURABAYA", "WILAYAH": "Barat", "KECAMATAN": "LAKARSANTRI", "KELURAHAN": "BANGKINGAN", "LATITUDE": -7.317977874, "LONGITUDE": 112.6487124 }, "geometry": { "type": "Point", "coordinates": [ 112.6487124, -7.317977874 ] } },
{ "type": "Feature", "properties": { "NPSN": 69947052, "NAMA SEKOL": "SMP NEGERI 59 SURABAYA", "JENJANG": "SMP", "STATUS": "N", "ALAMAT SEK": "JL. KLUMPRIK PDAM 59 SURABAYA", "WILAYAH": "Selatan", "KECAMATAN": "WIYUNG", "KELURAHAN": "BALAS KLUMPRIK", "LATITUDE": -7.322383106, "LONGITUDE": 112.6852021 }, "geometry": { "type": "Point", "coordinates": [ 112.6852021, -7.322383106 ] } },
{ "type": "Feature", "properties": { "NPSN": 20583887, "NAMA SEKOL": "MTs RADEN RAHMAT", "JENJANG": "MTS", "STATUS": "S", "ALAMAT SEK": "TAMBAK LUMPANG III/2", "WILAYAH": "Barat", "KECAMATAN": "SUKOMANUNGGAL", "KELURAHAN": "SUKOMANUNGGAL", "LATITUDE": -7.251455874, "LONGITUDE": 112.698578 }, "geometry": { "type": "Point", "coordinates": [ 112.698578, -7.251455874 ] } },
{ "type": "Feature", "properties": { "NPSN": 20532633, "NAMA SEKOL": "SMP BAITURRAHMAN SURABAYA", "JENJANG": "SMP", "STATUS": "S", "ALAMAT SEK": "Jl. JUWINGAN I-B  SURABAYA", "WILAYAH": "Timur", "KECAMATAN": "GUBENG", "KELURAHAN": "KERTAJAYA", "LATITUDE": -7.279, "LONGITUDE": 112.7507 }, "geometry": { "type": "Point", "coordinates": [ 112.7507, -7.279 ] } },
{ "type": "Feature", "properties": { "NPSN": 70034612, "NAMA SEKOL": "MTS IBNU HASYIM", "JENJANG": "MTS", "STATUS": "S", "ALAMAT SEK": "Tambak Pring Utama IIA/19", "WILAYAH": "Barat", "KECAMATAN": "ASEM ROWO", "KELURAHAN": "ASEM ROWO", "LATITUDE": -7.2488966, "LONGITUDE": 112.7080264 }, "geometry": { "type": "Point", "coordinates": [ 112.7080264, -7.2488966 ] } },
{ "type": "Feature", "properties": { "NPSN": 20532625, "NAMA SEKOL": "SMP NEGERI 10 SURABAYA", "JENJANG": "SMP", "STATUS": "N", "ALAMAT SEK": "Jl. Kupang Panjaan V/2 Surabaya", "WILAYAH": "Pusat", "KECAMATAN": "TEGALSARI", "KELURAHAN": "DR. SOETOMO", "LATITUDE": -7.277818583, "LONGITUDE": 112.7324295 }, "geometry": { "type": "Point", "coordinates": [ 112.7324295, -7.277818583 ] } },
{ "type": "Feature", "properties": { "NPSN": 69983082, "NAMA SEKOL": "MTSS ABU SYAMSUDDIN", "JENJANG": "MTS", "STATUS": "S", "ALAMAT SEK": "Jl. Sidotopo Kidul No. 63", "WILAYAH": "Utara", "KECAMATAN": "SEMAMPIR", "KELURAHAN": "SIDOTOPO", "LATITUDE": -7.230969, "LONGITUDE": 112.7510936 }, "geometry": { "type": "Point", "coordinates": [ 112.7510936, -7.230969 ] } },
{ "type": "Feature", "properties": { "NPSN": 69895187, "NAMA SEKOL": "MTS MAKARIMUL AKHLAQ", "JENJANG": "MTS", "STATUS": "S", "ALAMAT SEK": "Jl. Wonokusumo Damai 3", "WILAYAH": "Utara", "KECAMATAN": "SEMAMPIR", "KELURAHAN": "WONOKUSUMO", "LATITUDE": -7.224651111, "LONGITUDE": 7536483.0 }, "geometry": { "type": "Point", "coordinates": [ 7536483.0, -7.224651111 ] } },
{ "type": "Feature", "properties": { "NPSN": 20532568, "NAMA SEKOL": "SMP NEGERI 9 SURABAYA", "JENJANG": "SMP", "STATUS": "N", "ALAMAT SEK": "Jl .TAMAN POTROAGUNG NO. 1 SURABAYA", "WILAYAH": "Timur", "KECAMATAN": "TAMBAKSARI", "KELURAHAN": "RANGKAH", "LATITUDE": -7.249958941, "LONGITUDE": 112.7653573 }, "geometry": { "type": "Point", "coordinates": [ 112.7653573, -7.249958941 ] } },
{ "type": "Feature", "properties": { "NPSN": 20584025, "NAMA SEKOL": "SMP ELYON CHRISTIAN SECONDARY SCHOOL", "JENJANG": "SMP", "STATUS": "S", "ALAMAT SEK": "Raya Darmo Permai II / 2a", "WILAYAH": "Barat", "KECAMATAN": "SUKOMANUNGGAL", "KELURAHAN": "TANJUNGSARI", "LATITUDE": -7.2852, "LONGITUDE": 112.7754 }, "geometry": { "type": "Point", "coordinates": [ 112.7754, -7.2852 ] } },
{ "type": "Feature", "properties": { "NPSN": 70054656, "NAMA SEKOL": "SMP ISLAM CHENG HOO", "JENJANG": "SMP", "STATUS": "S", "ALAMAT SEK": "JL. GADING NO 2 SURABAYA", "WILAYAH": "Pusat", "KECAMATAN": "GENTENG", "KELURAHAN": "KETABANG", "LATITUDE": -7.252359734, "LONGITUDE": 112.7469919 }, "geometry": { "type": "Point", "coordinates": [ 112.7469919, -7.252359734 ] } },
{ "type": "Feature", "properties": { "NPSN": 20532726, "NAMA SEKOL": "SMP KARTINI SURABAYA", "JENJANG": "SMP", "STATUS": "S", "ALAMAT SEK": "Jl. SIMO GUNUNG BARAT  Tol.I/61 SURABAYA", "WILAYAH": "Barat", "KECAMATAN": "SUKOMANUNGGAL", "KELURAHAN": "SIMOMULYO BARU", "LATITUDE": -7.2698, "LONGITUDE": 112.7059 }, "geometry": { "type": "Point", "coordinates": [ 112.7059, -7.2698 ] } },
{ "type": "Feature", "properties": { "NPSN": 69994659, "NAMA SEKOL": "MTS SAFINDA", "JENJANG": "MTS", "STATUS": "S", "ALAMAT SEK": "Jl. RUNGKUT TENGAH III/33 SURABAYA", "WILAYAH": "Timur", "KECAMATAN": "GUNUNG ANYAR", "KELURAHAN": "RUNGKUT TENGAH", "LATITUDE": -7.333930016, "LONGITUDE": 112.7670577 }, "geometry": { "type": "Point", "coordinates": [ 112.7670577, -7.333930016 ] } },
{ "type": "Feature", "properties": { "NPSN": 69960744, "NAMA SEKOL": "SMP ISLAM TERPADU AR RAYYAN", "JENJANG": "SMP", "STATUS": "S", "ALAMAT SEK": "Jl. Pegirian No. 234, Surabaya", "WILAYAH": "Pusat", "KECAMATAN": "SIMOKERTO", "KELURAHAN": "SIMOLAWANG", "LATITUDE": -7.2305, "LONGITUDE": 112.7458 }, "geometry": { "type": "Point", "coordinates": [ 112.7458, -7.2305 ] } },
{ "type": "Feature", "properties": { "NPSN": 20532592, "NAMA SEKOL": "SMP WACHID HASYIM 4 SURABAYA", "JENJANG": "SMP", "STATUS": "S", "ALAMAT SEK": "Jl. KAWATAN VI/17-22 SURABAYA", "WILAYAH": "Pusat", "KECAMATAN": "BUBUTAN", "KELURAHAN": "ALUN-ALUN CONTONG", "LATITUDE": -7.25, "LONGITUDE": 112.7374 }, "geometry": { "type": "Point", "coordinates": [ 112.7374, -7.25 ] } },
{ "type": "Feature", "properties": { "NPSN": 20532494, "NAMA SEKOL": "SMP SANTO YOSEF SURABAYA", "JENJANG": "SMP", "STATUS": "S", "ALAMAT SEK": "Jl. JOYOBOYO 19  SURABAYA", "WILAYAH": "Selatan", "KECAMATAN": "WONOKROMO", "KELURAHAN": "SAWUNGGALING", "LATITUDE": -7.2988, "LONGITUDE": 112.7353 }, "geometry": { "type": "Point", "coordinates": [ 112.7353, -7.2988 ] } },
{ "type": "Feature", "properties": { "NPSN": 20532571, "NAMA SEKOL": "SMP NEGERI 41 SURABAYA", "JENJANG": "SMP", "STATUS": "N", "ALAMAT SEK": "Jl. GEMBONG SEKOLAHAN NO.5 SURABAYA", "WILAYAH": "Pusat", "KECAMATAN": "SIMOKERTO", "KELURAHAN": "KAPASAN", "LATITUDE": -7.241772776, "LONGITUDE": 112.7509279 }, "geometry": { "type": "Point", "coordinates": [ 112.7509279, -7.241772776 ] } },
{ "type": "Feature", "properties": { "NPSN": 20532760, "NAMA SEKOL": "SMP GIRI SURYA SURABAYA", "JENJANG": "SMP", "STATUS": "S", "ALAMAT SEK": "JL .RAYA BERINGIN NO.9 SURABAYA", "WILAYAH": "Barat", "KECAMATAN": "SAMBIKEREP", "KELURAHAN": "BERINGIN", "LATITUDE": -7.2599, "LONGITUDE": 112.6478 }, "geometry": { "type": "Point", "coordinates": [ 112.6478, -7.2599 ] } },
{ "type": "Feature", "properties": { "NPSN": 20532781, "NAMA SEKOL": "SMP Kr  ALETHEIA SURABAYA", "JENJANG": "SMP", "STATUS": "S", "ALAMAT SEK": "Jl. TEMBOK DUKUH  No.134 SURABAYA", "WILAYAH": "Pusat", "KECAMATAN": "BUBUTAN", "KELURAHAN": "TEMBOK DUKUH", "LATITUDE": -7.2547, "LONGITUDE": 112.7212 }, "geometry": { "type": "Point", "coordinates": [ 112.7212, -7.2547 ] } },
{ "type": "Feature", "properties": { "NPSN": 20583861, "NAMA SEKOL": "MTSN 4 KOTA SURABAYA", "JENJANG": "MTS", "STATUS": "N", "ALAMAT SEK": "Jl. Kendung I no.25", "WILAYAH": "Barat", "KECAMATAN": "BENOWO", "KELURAHAN": "SEMEMI", "LATITUDE": -7.2571577, "LONGITUDE": 112.6366383 }, "geometry": { "type": "Point", "coordinates": [ 112.6366383, -7.2571577 ] } },
{ "type": "Feature", "properties": { "NPSN": 20532631, "NAMA SEKOL": "SMP ATTARBIYAH SURABAYA", "JENJANG": "SMP", "STATUS": "S", "ALAMAT SEK": "Jl. RAYA HANG TUAH No. 7 SURABAYA", "WILAYAH": "Utara", "KECAMATAN": "SEMAMPIR", "KELURAHAN": "UJUNG", "LATITUDE": -7.2179, "LONGITUDE": 112.7378 }, "geometry": { "type": "Point", "coordinates": [ 112.7378, -7.2179 ] } },
{ "type": "Feature", "properties": { "NPSN": 70010315, "NAMA SEKOL": "MTS MUHAMMADIYAH 19", "JENJANG": "MTS", "STATUS": "S", "ALAMAT SEK": "JL. PANTAI KENJERAN NO. 20", "WILAYAH": "Utara", "KECAMATAN": "BULAK", "KELURAHAN": "KENJERAN", "LATITUDE": -7.239156623, "LONGITUDE": 112.7953192 }, "geometry": { "type": "Point", "coordinates": [ 112.7953192, -7.239156623 ] } },
{ "type": "Feature", "properties": { "NPSN": 20532793, "NAMA SEKOL": "SMP IPIEMS SURABAYA", "JENJANG": "SMP", "STATUS": "S", "ALAMAT SEK": "Jl. RAYA MENUR No. 125  SURABAYA", "WILAYAH": "Timur", "KECAMATAN": "MULYOREJO", "KELURAHAN": "MANYAR SABRANGAN", "LATITUDE": -7.2859, "LONGITUDE": 112.7631 }, "geometry": { "type": "Point", "coordinates": [ 112.7631, -7.2859 ] } },
{ "type": "Feature", "properties": { "NPSN": 20532715, "NAMA SEKOL": "SMP KEMALA BHAYANGKARI 6 SURABAYA", "JENJANG": "SMP", "STATUS": "S", "ALAMAT SEK": "Jl. GRESIK 39 SURABAYA", "WILAYAH": "Utara", "KECAMATAN": "KREMBANGAN", "KELURAHAN": "MOROKREMBANGAN", "LATITUDE": -7.234873687, "LONGITUDE": 112.7257835 }, "geometry": { "type": "Point", "coordinates": [ 112.7257835, -7.234873687 ] } },
{ "type": "Feature", "properties": { "NPSN": 20532543, "NAMA SEKOL": "SMP NEGERI 26 SURABAYA", "JENJANG": "SMP", "STATUS": "N", "ALAMAT SEK": "Jl. RAYA BANJARSUGIHAN NO.21 SURABAYA", "WILAYAH": "Barat", "KECAMATAN": "TANDES", "KELURAHAN": "BANJAR SUGIHAN", "LATITUDE": -7.253431735, "LONGITUDE": 112.6615517 }, "geometry": { "type": "Point", "coordinates": [ 112.6615517, -7.253431735 ] } },
{ "type": "Feature", "properties": { "NPSN": 20554182, "NAMA SEKOL": "SMP SEKOLAH ALAM INSAN MULIA", "JENJANG": "SMP", "STATUS": "S", "ALAMAT SEK": "JL. MEDOKAN SEMAMPIR INDAH 99-101", "WILAYAH": "Timur", "KECAMATAN": "SUKOLILO", "KELURAHAN": "MEDOKAN SEMAMPIR", "LATITUDE": -7.3078, "LONGITUDE": 112.7887 }, "geometry": { "type": "Point", "coordinates": [ 112.7887, -7.3078 ] } },
{ "type": "Feature", "properties": { "NPSN": 20570805, "NAMA SEKOL": "SMP TERBUKA 19 SURABAYA", "JENJANG": "SMP", "STATUS": "N", "ALAMAT SEK": "JL. ARIEF RACHMAN HAKIM 103 B SURABAYA", "WILAYAH": "Timur", "KECAMATAN": "SUKOLILO", "KELURAHAN": "KLAMPIS NGASEM", "LATITUDE": -7.288209594, "LONGITUDE": 112.7804014 }, "geometry": { "type": "Point", "coordinates": [ 112.7804014, -7.288209594 ] } },
{ "type": "Feature", "properties": { "NPSN": 70027271, "NAMA SEKOL": "MTS DARUL RAHMAN", "JENJANG": "MTS", "STATUS": "S", "ALAMAT SEK": "Bulak Jaya IX/30", "WILAYAH": "Utara", "KECAMATAN": "SEMAMPIR", "KELURAHAN": "WONOKUSUMO", "LATITUDE": -7.214602239, "LONGITUDE": 112.7571836 }, "geometry": { "type": "Point", "coordinates": [ 112.7571836, -7.214602239 ] } },
{ "type": "Feature", "properties": { "NPSN": 20532722, "NAMA SEKOL": "SMP KHM NUR SURABAYA", "JENJANG": "SMP", "STATUS": "S", "ALAMAT SEK": "Jalan Karang Tembok No. 2 Surabaya", "WILAYAH": "Utara", "KECAMATAN": "SEMAMPIR", "KELURAHAN": "PEGIRIAN", "LATITUDE": -7.226197169, "LONGITUDE": 112.7465238 }, "geometry": { "type": "Point", "coordinates": [ 112.7465238, -7.226197169 ] } },
{ "type": "Feature", "properties": { "NPSN": 20574728, "NAMA SEKOL": "SMP TERBUKA 16 SURABAYA", "JENJANG": "SMP", "STATUS": "N", "ALAMAT SEK": "JL. MASTRIP BOGANGIN I SURABAYA", "WILAYAH": "Selatan", "KECAMATAN": "KARANG PILANG", "KELURAHAN": "KEDURUS", "LATITUDE": -7.3241167, "LONGITUDE": 112.7065685 }, "geometry": { "type": "Point", "coordinates": [ 112.7065685, -7.3241167 ] } },
{ "type": "Feature", "properties": { "NPSN": 20532530, "NAMA SEKOL": "SMP MUHAMMADIYAH 5 SURABAYA", "JENJANG": "SMP", "STATUS": "S", "ALAMAT SEK": "Jl. PUCANG TAMAN I/2  SURABAYA", "WILAYAH": "Timur", "KECAMATAN": "GUBENG", "KELURAHAN": "KERTAJAYA", "LATITUDE": -7.283154498, "LONGITUDE": 112.7590925 }, "geometry": { "type": "Point", "coordinates": [ 112.7590925, -7.283154498 ] } },
{ "type": "Feature", "properties": { "NPSN": 20575759, "NAMA SEKOL": "SMP TERBUKA 11 SURABAYA", "JENJANG": "SMP", "STATUS": "N", "ALAMAT SEK": "Jl. Sawah Pulo No. 18 Surabaya", "WILAYAH": "Utara", "KECAMATAN": "SEMAMPIR", "KELURAHAN": "UJUNG", "LATITUDE": -7.223373736, "LONGITUDE": 112.7440965 }, "geometry": { "type": "Point", "coordinates": [ 112.7440965, -7.223373736 ] } },
{ "type": "Feature", "properties": { "NPSN": 20566151, "NAMA SEKOL": "SMP UNGGULAN AMANATUL UMMAH", "JENJANG": "SMP", "STATUS": "S", "ALAMAT SEK": "Jl.Siwalankerto Utara No. 56 Wonocolo Surabaya", "WILAYAH": "Selatan", "KECAMATAN": "WONOCOLO", "KELURAHAN": "SIWALANKERTO", "LATITUDE": -7.3348, "LONGITUDE": 112.7331 }, "geometry": { "type": "Point", "coordinates": [ 112.7331, -7.3348 ] } },
{ "type": "Feature", "properties": { "NPSN": 20532652, "NAMA SEKOL": "SMP DHANISWARA SURABAYA", "JENJANG": "SMP", "STATUS": "S", "ALAMAT SEK": "Jl. KALIDAMI 16  SURABAYA", "WILAYAH": "Timur", "KECAMATAN": "GUBENG", "KELURAHAN": "MOJO", "LATITUDE": -7.2675, "LONGITUDE": 112.7652 }, "geometry": { "type": "Point", "coordinates": [ 112.7652, -7.2675 ] } },
{ "type": "Feature", "properties": { "NPSN": 20571616, "NAMA SEKOL": "SMP NEGERI 48 SURABAYA", "JENJANG": "SMP", "STATUS": "N", "ALAMAT SEK": "JL. BRATANG WETAN NO.36 SURABAYA", "WILAYAH": "Selatan", "KECAMATAN": "WONOKROMO", "KELURAHAN": "NGAGEL REJO", "LATITUDE": -7.296768306, "LONGITUDE": 112.7560973 }, "geometry": { "type": "Point", "coordinates": [ 112.7560973, -7.296768306 ] } },
{ "type": "Feature", "properties": { "NPSN": 20532723, "NAMA SEKOL": "SMP KEMALA BHAYANGKARI 1 SURABAYA", "JENJANG": "SMP", "STATUS": "S", "ALAMAT SEK": "Jl. A.YANI 30-32 SURABAYA", "WILAYAH": "Selatan", "KECAMATAN": "GAYUNGAN", "KELURAHAN": "KETINTANG", "LATITUDE": -7.3305, "LONGITUDE": 112.7308 }, "geometry": { "type": "Point", "coordinates": [ 112.7308, -7.3305 ] } },
{ "type": "Feature", "properties": { "NPSN": 69971570, "NAMA SEKOL": "SMP KRISTEN ANAK PANAH", "JENJANG": "SMP", "STATUS": "S", "ALAMAT SEK": "Jl. Kenjeran No.440, Gading, Tambaksari", "WILAYAH": "Timur", "KECAMATAN": "TAMBAKSARI", "KELURAHAN": "GADING", "LATITUDE": -7.2489185, "LONGITUDE": 112.7772344 }, "geometry": { "type": "Point", "coordinates": [ 112.7772344, -7.2489185 ] } },
{ "type": "Feature", "properties": { "NPSN": 20562265, "NAMA SEKOL": "SMP NEGERI 44 SURABAYA", "JENJANG": "SMP", "STATUS": "N", "ALAMAT SEK": "JL. SIDODADI SURABAYA", "WILAYAH": "Pusat", "KECAMATAN": "SIMOKERTO", "KELURAHAN": "SIMOLAWANG", "LATITUDE": -7.230540799, "LONGITUDE": 112.7461195 }, "geometry": { "type": "Point", "coordinates": [ 112.7461195, -7.230540799 ] } },
{ "type": "Feature", "properties": { "NPSN": 20532529, "NAMA SEKOL": "SMP NURUL HUDA", "JENJANG": "SMP", "STATUS": "S", "ALAMAT SEK": "Jl .BANGKINGAN 16  SURABAYA", "WILAYAH": "Barat", "KECAMATAN": "LAKARSANTRI", "KELURAHAN": "BANGKINGAN", "LATITUDE": -7.324, "LONGITUDE": 112.6545 }, "geometry": { "type": "Point", "coordinates": [ 112.6545, -7.324 ] } },
{ "type": "Feature", "properties": { "NPSN": 20532591, "NAMA SEKOL": "SMP WACHID HASYIM 1 SURABAYA", "JENJANG": "SMP", "STATUS": "S", "ALAMAT SEK": "Jl. SIDOTOPO WETAN BARU NO. 37", "WILAYAH": "Utara", "KECAMATAN": "KENJERAN", "KELURAHAN": "SIDOTOPO WETAN", "LATITUDE": -7.232310498, "LONGITUDE": 112.7592514 }, "geometry": { "type": "Point", "coordinates": [ 112.7592514, -7.232310498 ] } },
{ "type": "Feature", "properties": { "NPSN": 20532565, "NAMA SEKOL": "SMP NEGERI 7 SURABAYA", "JENJANG": "SMP", "STATUS": "N", "ALAMAT SEK": "Jl. TANJUNG SADARI NO. 17 SURABAYA", "WILAYAH": "Utara", "KECAMATAN": "KREMBANGAN", "KELURAHAN": "PERAK BARAT", "LATITUDE": -7.223960159, "LONGITUDE": 112.7299793 }, "geometry": { "type": "Point", "coordinates": [ 112.7299793, -7.223960159 ] } },
{ "type": "Feature", "properties": { "NPSN": 20577452, "NAMA SEKOL": "SMP KARTIKA NASIONAL PLUS", "JENJANG": "SMP", "STATUS": "S", "ALAMAT SEK": "Jl. Raya Tenggilis No. 8 Surabaya", "WILAYAH": "Timur", "KECAMATAN": "TENGGILIS MEJOYO", "KELURAHAN": "KENDANGSARI", "LATITUDE": -7.3336, "LONGITUDE": 112.7495 }, "geometry": { "type": "Point", "coordinates": [ 112.7495, -7.3336 ] } },
{ "type": "Feature", "properties": { "NPSN": 20584019, "NAMA SEKOL": "SMP ANUGERAH PEKERTI", "JENJANG": "SMP", "STATUS": "S", "ALAMAT SEK": "Jl. Dinoyo 127 Surabaya", "WILAYAH": "Pusat", "KECAMATAN": "TEGALSARI", "KELURAHAN": "TEGALSARI", "LATITUDE": -7.2722, "LONGITUDE": 112.7327 }, "geometry": { "type": "Point", "coordinates": [ 112.7327, -7.2722 ] } },
{ "type": "Feature", "properties": { "NPSN": 20583890, "NAMA SEKOL": "MTSS TAHSINUL AKHLAQ BAHRUL ULUM", "JENJANG": "MTS", "STATUS": "S", "ALAMAT SEK": "Rangkah Masjid Gg Buntu  I No. 8-9A", "WILAYAH": "Timur", "KECAMATAN": "TAMBAKSARI", "KELURAHAN": "RANGKAH", "LATITUDE": -7.2460612, "LONGITUDE": 112.7618631 }, "geometry": { "type": "Point", "coordinates": [ 112.7618631, -7.2460612 ] } },
{ "type": "Feature", "properties": { "NPSN": 20532621, "NAMA SEKOL": "SMP WIJAYA PUTRA SURABAYA", "JENJANG": "SMP", "STATUS": "S", "ALAMAT SEK": "Jl. RAYA BENOWO No. 1-3 SURABAYA", "WILAYAH": "Barat", "KECAMATAN": "PAKAL", "KELURAHAN": "BABAT JERAWAT", "LATITUDE": -7.2441, "LONGITUDE": 112.6322 }, "geometry": { "type": "Point", "coordinates": [ 112.6322, -7.2441 ] } },
{ "type": "Feature", "properties": { "NPSN": 20583877, "NAMA SEKOL": "MTSN 3 KOTA SURABAYA", "JENJANG": "MTS", "STATUS": "N", "ALAMAT SEK": "Medokan Asri Tengah", "WILAYAH": "Timur", "KECAMATAN": "RUNGKUT", "KELURAHAN": "MEDOKAN AYU", "LATITUDE": -7.324391229, "LONGITUDE": 112.7962205 }, "geometry": { "type": "Point", "coordinates": [ 112.7962205, -7.324391229 ] } },
{ "type": "Feature", "properties": { "NPSN": 20532552, "NAMA SEKOL": "SMP NEGERI 14 SURABAYA", "JENJANG": "SMP", "STATUS": "N", "ALAMAT SEK": "Jl. JURANG KUPING SURABAYA", "WILAYAH": "Barat", "KECAMATAN": "PAKAL", "KELURAHAN": "BENOWO", "LATITUDE": -7.237454118, "LONGITUDE": 112.6088644 }, "geometry": { "type": "Point", "coordinates": [ 112.6088644, -7.237454118 ] } },
{ "type": "Feature", "properties": { "NPSN": 20532499, "NAMA SEKOL": "SMP MUHAMMADIYAH 10 SURABAYA", "JENJANG": "SMP", "STATUS": "S", "ALAMAT SEK": "Jl. SUTOREJO 98-100  SURABAYA", "WILAYAH": "Timur", "KECAMATAN": "MULYOREJO", "KELURAHAN": "DUKUH SUTOREJO", "LATITUDE": -7.2613, "LONGITUDE": 112.7892 }, "geometry": { "type": "Point", "coordinates": [ 112.7892, -7.2613 ] } },
{ "type": "Feature", "properties": { "NPSN": 69888839, "NAMA SEKOL": "SMP BUNGA BANGSA", "JENJANG": "SMP", "STATUS": "S", "ALAMAT SEK": "Jl. Marina Emas Timur I No. 1", "WILAYAH": "Timur", "KECAMATAN": "SUKOLILO", "KELURAHAN": "KEPUTIH", "LATITUDE": -7.285739, "LONGITUDE": 112.804927 }, "geometry": { "type": "Point", "coordinates": [ 112.804927, -7.285739 ] } },
{ "type": "Feature", "properties": { "NPSN": 20583882, "NAMA SEKOL": "MTS AL MUTTAQIN", "JENJANG": "MTS", "STATUS": "S", "ALAMAT SEK": "JL.RAYA NGEMPLAK CITRA NO.17", "WILAYAH": "Barat", "KECAMATAN": "SAMBIKEREP", "KELURAHAN": "MADE", "LATITUDE": -7.271625, "LONGITUDE": 112.644182 }, "geometry": { "type": "Point", "coordinates": [ 112.644182, -7.271625 ] } },
{ "type": "Feature", "properties": { "NPSN": 20532613, "NAMA SEKOL": "SMP NEGERI 1 SURABAYA", "JENJANG": "SMP", "STATUS": "N", "ALAMAT SEK": "Jl. PACAR No. 4-6 SURABAYA", "WILAYAH": "Pusat", "KECAMATAN": "GENTENG", "KELURAHAN": "KETABANG", "LATITUDE": -7.257354086, "LONGITUDE": 112.7478437 }, "geometry": { "type": "Point", "coordinates": [ 112.7478437, -7.257354086 ] } },
{ "type": "Feature", "properties": { "NPSN": 20583895, "NAMA SEKOL": "MTs AL-IKHLAS", "JENJANG": "MTS", "STATUS": "S", "ALAMAT SEK": "JL. DUKUH LANGKIR GG. MASJID IV. NO. 81", "WILAYAH": "Barat", "KECAMATAN": "PAKAL", "KELURAHAN": "BABAT JERAWAT", "LATITUDE": -7.257382783, "LONGITUDE": 112.6242844 }, "geometry": { "type": "Point", "coordinates": [ 112.6242844, -7.257382783 ] } },
{ "type": "Feature", "properties": { "NPSN": 20532573, "NAMA SEKOL": "SMP NEGERI 4 SURABAYA", "JENJANG": "SMP", "STATUS": "N", "ALAMAT SEK": "Jl. TANJUNG ANOM No. 12 SURABAYA", "WILAYAH": "Pusat", "KECAMATAN": "GENTENG", "KELURAHAN": "GENTENG", "LATITUDE": -7.256747467, "LONGITUDE": 112.7357528 }, "geometry": { "type": "Point", "coordinates": [ 112.7357528, -7.256747467 ] } },
{ "type": "Feature", "properties": { "NPSN": 20532477, "NAMA SEKOL": "SMP SITI AMINAH SURABAYA", "JENJANG": "SMP", "STATUS": "S", "ALAMAT SEK": "Jl. PERUM GUNUNGSARI INDAH BLOK CC  SURABAYA", "WILAYAH": "Selatan", "KECAMATAN": "KARANG PILANG", "KELURAHAN": "KEDURUS", "LATITUDE": -7.316352691, "LONGITUDE": 112.7057401 }, "geometry": { "type": "Point", "coordinates": [ 112.7057401, -7.316352691 ] } },
{ "type": "Feature", "properties": { "NPSN": 20562263, "NAMA SEKOL": "SMP NEGERI 45 SURABAYA", "JENJANG": "SMP", "STATUS": "N", "ALAMAT SEK": "JL. MULYOREJO NO. 184 SURABAYA", "WILAYAH": "Timur", "KECAMATAN": "MULYOREJO", "KELURAHAN": "MULYOREJO", "LATITUDE": -7.263287481, "LONGITUDE": 112.7853428 }, "geometry": { "type": "Point", "coordinates": [ 112.7853428, -7.263287481 ] } },
{ "type": "Feature", "properties": { "NPSN": 20532575, "NAMA SEKOL": "SMP NEGERI 33 SURABAYA", "JENJANG": "SMP", "STATUS": "N", "ALAMAT SEK": "PUTAT GEDE SELATAN NO.8", "WILAYAH": "Barat", "KECAMATAN": "SUKOMANUNGGAL", "KELURAHAN": "PUTAT GEDE", "LATITUDE": -7.290621884, "LONGITUDE": 112.6965239 }, "geometry": { "type": "Point", "coordinates": [ 112.6965239, -7.290621884 ] } },
{ "type": "Feature", "properties": { "NPSN": 69965324, "NAMA SEKOL": "SMP NEGERI 60 SURABAYA", "JENJANG": "SMP", "STATUS": "N", "ALAMAT SEK": "Jl. Kalilom Lor Indah 248", "WILAYAH": "Utara", "KECAMATAN": "KENJERAN", "KELURAHAN": "TANAH KALI KEDINDING", "LATITUDE": -7.228291448, "LONGITUDE": 112.7800052 }, "geometry": { "type": "Point", "coordinates": [ 112.7800052, -7.228291448 ] } },
{ "type": "Feature", "properties": { "NPSN": 20532783, "NAMA SEKOL": "SMP KATOLIK SANTO STANISLAUS II", "JENJANG": "SMP", "STATUS": "S", "ALAMAT SEK": "JL. KALIJUDAN 25-33 SURABAYA", "WILAYAH": "Timur", "KECAMATAN": "TAMBAKSARI", "KELURAHAN": "PACARKEMBANG", "LATITUDE": -7.2608, "LONGITUDE": 112.7743 }, "geometry": { "type": "Point", "coordinates": [ 112.7743, -7.2608 ] } },
{ "type": "Feature", "properties": { "NPSN": 69883222, "NAMA SEKOL": "SMP ISLAM AL MIZAN", "JENJANG": "SMP", "STATUS": "S", "ALAMAT SEK": "Jl. Raya Candi Lontar 106 Surabaya", "WILAYAH": "Barat", "KECAMATAN": "SAMBIKEREP", "KELURAHAN": "LONTAR", "LATITUDE": -7.2698, "LONGITUDE": 112.6711 }, "geometry": { "type": "Point", "coordinates": [ 112.6711, -7.2698 ] } },
{ "type": "Feature", "properties": { "NPSN": 20532713, "NAMA SEKOL": "SMP AL GHOZALI SURABAYA", "JENJANG": "SMP", "STATUS": "S", "ALAMAT SEK": "Jl. HANG TUAH VI/ 53 SURABAYA", "WILAYAH": "Utara", "KECAMATAN": "SEMAMPIR", "KELURAHAN": "UJUNG", "LATITUDE": -7.223351821, "LONGITUDE": 112.7435131 }, "geometry": { "type": "Point", "coordinates": [ 112.7435131, -7.223351821 ] } },
{ "type": "Feature", "properties": { "NPSN": 20532727, "NAMA SEKOL": "SMP KATOLIK ANGELUS CUSTOS II", "JENJANG": "SMP", "STATUS": "S", "ALAMAT SEK": "Jl. KEBRAON WIDYA II NO. 15-17  SURABAYA", "WILAYAH": "Selatan", "KECAMATAN": "KARANG PILANG", "KELURAHAN": "KEBRAON", "LATITUDE": -7.327303027, "LONGITUDE": 112.6956315 }, "geometry": { "type": "Point", "coordinates": [ 112.6956315, -7.327303027 ] } },
{ "type": "Feature", "properties": { "NPSN": 20532528, "NAMA SEKOL": "SMP PANCA JAYA", "JENJANG": "SMP", "STATUS": "S", "ALAMAT SEK": "Jl. RAYA DUKUH KUPANG NO. 1 SURABAYA", "WILAYAH": "Selatan", "KECAMATAN": "SAWAHAN", "KELURAHAN": "PUTAT JAYA", "LATITUDE": -7.2799, "LONGITUDE": 112.7174 }, "geometry": { "type": "Point", "coordinates": [ 112.7174, -7.2799 ] } },
{ "type": "Feature", "properties": { "NPSN": 20532739, "NAMA SEKOL": "SMP KYAI HASYIM SURABAYA", "JENJANG": "SMP", "STATUS": "S", "ALAMAT SEK": "Jl. TENGGILIS KAUMAN NO.28 SURABAYA", "WILAYAH": "Timur", "KECAMATAN": "TENGGILIS MEJOYO", "KELURAHAN": "TENGGILIS MEJOYO", "LATITUDE": -7.31791, "LONGITUDE": 112.75874 }, "geometry": { "type": "Point", "coordinates": [ 112.75874, -7.31791 ] } },
{ "type": "Feature", "properties": { "NPSN": 20532651, "NAMA SEKOL": "SMP DEWANTARA SURABAYA", "JENJANG": "SMP", "STATUS": "S", "ALAMAT SEK": "Jl. SIMO KALANGAN No.146-K SURABAYA", "WILAYAH": "Barat", "KECAMATAN": "SUKOMANUNGGAL", "KELURAHAN": "SIMOMULYO", "LATITUDE": -7.2684, "LONGITUDE": 112.7095 }, "geometry": { "type": "Point", "coordinates": [ 112.7095, -7.2684 ] } },
{ "type": "Feature", "properties": { "NPSN": 20574473, "NAMA SEKOL": "SMP CITRA BERKAT", "JENJANG": "SMP", "STATUS": "S", "ALAMAT SEK": "JL. RAYA BUKIT PALMA 2 CITRALAND SURABAYA", "WILAYAH": "Barat", "KECAMATAN": "PAKAL", "KELURAHAN": "BABAT JERAWAT", "LATITUDE": -7.2529, "LONGITUDE": 112.6304 }, "geometry": { "type": "Point", "coordinates": [ 112.6304, -7.2529 ] } },
{ "type": "Feature", "properties": { "NPSN": 20552745, "NAMA SEKOL": "SMP LABSCHOOL UNESA 2", "JENJANG": "SMP", "STATUS": "S", "ALAMAT SEK": "Kampus UNESA Ketintang", "WILAYAH": "Selatan", "KECAMATAN": "GAYUNGAN", "KELURAHAN": "KETINTANG", "LATITUDE": -7.3122059, "LONGITUDE": 112.7256094 }, "geometry": { "type": "Point", "coordinates": [ 112.7256094, -7.3122059 ] } },
{ "type": "Feature", "properties": { "NPSN": 20532500, "NAMA SEKOL": "SMP MUHAMMADIYAH 11 SURABAYA", "JENJANG": "SMP", "STATUS": "S", "ALAMAT SEK": "Jl. DUPAK BANGUNSARI 50-54  SURABAYA", "WILAYAH": "Utara", "KECAMATAN": "KREMBANGAN", "KELURAHAN": "DUPAK", "LATITUDE": -7.2438, "LONGITUDE": 112.7182 }, "geometry": { "type": "Point", "coordinates": [ 112.7182, -7.2438 ] } },
{ "type": "Feature", "properties": { "NPSN": 20532495, "NAMA SEKOL": "SMP TARUNA SURABAYA", "JENJANG": "SMP", "STATUS": "S", "ALAMAT SEK": "Jl. KALIRUNGKUT MEJOYO 1 /2 SURABAYA", "WILAYAH": "Timur", "KECAMATAN": "RUNGKUT", "KELURAHAN": "KALIRUNGKUT", "LATITUDE": -7.3192, "LONGITUDE": 112.769 }, "geometry": { "type": "Point", "coordinates": [ 112.769, -7.3192 ] } },
{ "type": "Feature", "properties": { "NPSN": 20532513, "NAMA SEKOL": "SMP MARDI SUNU SURABAYA", "JENJANG": "SMP", "STATUS": "S", "ALAMAT SEK": "Jl. PASAR KEMBANG No. 89-91 SURABAYA", "WILAYAH": "Pusat", "KECAMATAN": "TEGALSARI", "KELURAHAN": "WONOREJO", "LATITUDE": -7.2724, "LONGITUDE": 112.7278 }, "geometry": { "type": "Point", "coordinates": [ 112.7278, -7.2724 ] } },
{ "type": "Feature", "properties": { "NPSN": 20583865, "NAMA SEKOL": "MTSS ITTAQU", "JENJANG": "MTS", "STATUS": "S", "ALAMAT SEK": "Jl. Menanggal IV Gg. Moris No. 7", "WILAYAH": "Selatan", "KECAMATAN": "GAYUNGAN", "KELURAHAN": "MENANGGAL", "LATITUDE": -7.340462, "LONGITUDE": 112.7246 }, "geometry": { "type": "Point", "coordinates": [ 112.7246, -7.340462 ] } },
{ "type": "Feature", "properties": { "NPSN": 20532665, "NAMA SEKOL": "SMP BRAWIJAYASAKTA I SURABAYA", "JENJANG": "SMP", "STATUS": "S", "ALAMAT SEK": "Jl. Bratang Wetan III - A / No. 2 - 6", "WILAYAH": "Selatan", "KECAMATAN": "WONOKROMO", "KELURAHAN": "NGAGEL REJO", "LATITUDE": -7.2967, "LONGITUDE": 112.7552 }, "geometry": { "type": "Point", "coordinates": [ 112.7552, -7.2967 ] } },
{ "type": "Feature", "properties": { "NPSN": 20532659, "NAMA SEKOL": "SMP DAPENA 1 SURABAYA", "JENJANG": "SMP", "STATUS": "S", "ALAMAT SEK": "Jl. SUMATERA 112-114  SURABAYA", "WILAYAH": "Timur", "KECAMATAN": "GUBENG", "KELURAHAN": "GUBENG", "LATITUDE": -7.2748, "LONGITUDE": 112.7451 }, "geometry": { "type": "Point", "coordinates": [ 112.7451, -7.2748 ] } },
{ "type": "Feature", "properties": { "NPSN": 20532796, "NAMA SEKOL": "SMP ISLAM AL AZHAR 13 SURABAYA", "JENJANG": "SMP", "STATUS": "S", "ALAMAT SEK": "Jl. FLORENCE J4 No.31 Pakuwon City, Laguna, SURABAYA", "WILAYAH": "Timur", "KECAMATAN": "MULYOREJO", "KELURAHAN": "KALISARI", "LATITUDE": -7.2679, "LONGITUDE": 112.8024 }, "geometry": { "type": "Point", "coordinates": [ 112.8024, -7.2679 ] } },
{ "type": "Feature", "properties": { "NPSN": 20532556, "NAMA SEKOL": "SMP NEGERI 17 SURABAYA", "JENJANG": "SMP", "STATUS": "N", "ALAMAT SEK": "Jl. Raya Tenggilis Mejoyo No. 1 Surabaya", "WILAYAH": "Timur", "KECAMATAN": "RUNGKUT", "KELURAHAN": "KALIRUNGKUT", "LATITUDE": -7.3196031, "LONGITUDE": 112.7633986 }, "geometry": { "type": "Point", "coordinates": [ 112.7633986, -7.3196031 ] } },
{ "type": "Feature", "properties": { "NPSN": 20571621, "NAMA SEKOL": "SMP NEGERI 49 SURABAYA", "JENJANG": "SMP", "STATUS": "N", "ALAMAT SEK": "JL. KUTISARI INDAH SELATAN VI/2A SURABAYA", "WILAYAH": "Timur", "KECAMATAN": "TENGGILIS MEJOYO", "KELURAHAN": "KUTISARI", "LATITUDE": -7.342175197, "LONGITUDE": 112.7522564 }, "geometry": { "type": "Point", "coordinates": [ 112.7522564, -7.342175197 ] } },
{ "type": "Feature", "properties": { "NPSN": 20571625, "NAMA SEKOL": "SMP KRISTEN INTAN PERMATA HATI", "JENJANG": "SMP", "STATUS": "S", "ALAMAT SEK": "JL. RAYA KEDUNG BARUK NO.112-114 SURABAYA", "WILAYAH": "Timur", "KECAMATAN": "RUNGKUT", "KELURAHAN": "PENJARINGANSARI", "LATITUDE": -7.3102, "LONGITUDE": 112.7857 }, "geometry": { "type": "Point", "coordinates": [ 112.7857, -7.3102 ] } },
{ "type": "Feature", "properties": { "NPSN": 20532608, "NAMA SEKOL": "SMP YPPI - 3 SURABAYA", "JENJANG": "SMP", "STATUS": "S", "ALAMAT SEK": "Jl. SUTOREJO UTARA I / 2-6  SURABAYA", "WILAYAH": "Timur", "KECAMATAN": "MULYOREJO", "KELURAHAN": "DUKUH SUTOREJO", "LATITUDE": -7.2677, "LONGITUDE": 112.7958 }, "geometry": { "type": "Point", "coordinates": [ 112.7958, -7.2677 ] } },
{ "type": "Feature", "properties": { "NPSN": 20532532, "NAMA SEKOL": "SMP MUHAMMADIYAH 7 SURABAYA", "JENJANG": "SMP", "STATUS": "S", "ALAMAT SEK": "Jl. DUPAK JAYA V NO 49 - 53 SURABAYA", "WILAYAH": "Pusat", "KECAMATAN": "BUBUTAN", "KELURAHAN": "JEPARA", "LATITUDE": -7.2431, "LONGITUDE": 112.726 }, "geometry": { "type": "Point", "coordinates": [ 112.726, -7.2431 ] } },
{ "type": "Feature", "properties": { "NPSN": 20532464, "NAMA SEKOL": "SMP PGRI 5 SURABAYA", "JENJANG": "SMP", "STATUS": "S", "ALAMAT SEK": "Jl. DUPAK RUKUN V NO 34 SBY", "WILAYAH": "Utara", "KECAMATAN": "KREMBANGAN", "KELURAHAN": "DUPAK", "LATITUDE": -7.24611, "LONGITUDE": 112.71868 }, "geometry": { "type": "Point", "coordinates": [ 112.71868, -7.24611 ] } },
{ "type": "Feature", "properties": { "NPSN": 20532637, "NAMA SEKOL": "SMPK ANGELUS CUSTOS SURABAYA", "JENJANG": "SMP", "STATUS": "S", "ALAMAT SEK": "Jl. Niaga Dalam No. 5, Surabaya", "WILAYAH": "Utara", "KECAMATAN": "KREMBANGAN", "KELURAHAN": "KREMBANGAN SELATAN", "LATITUDE": -7.24079, "LONGITUDE": 112.73696 }, "geometry": { "type": "Point", "coordinates": [ 112.73696, -7.24079 ] } },
{ "type": "Feature", "properties": { "NPSN": 20532794, "NAMA SEKOL": "SMP ISKANDAR SAID SURABAYA", "JENJANG": "SMP", "STATUS": "S", "ALAMAT SEK": "Jl. KENDANGSARI NO. 33 SURABAYA", "WILAYAH": "Timur", "KECAMATAN": "TENGGILIS MEJOYO", "KELURAHAN": "KENDANGSARI", "LATITUDE": -7.3269, "LONGITUDE": 112.7493 }, "geometry": { "type": "Point", "coordinates": [ 112.7493, -7.3269 ] } },
{ "type": "Feature", "properties": { "NPSN": 20583870, "NAMA SEKOL": "MTSS WACHID HASYIM", "JENJANG": "MTS", "STATUS": "S", "ALAMAT SEK": "Jl. Kalianak Timur Gg. Lebar  No. 11", "WILAYAH": "Utara", "KECAMATAN": "KREMBANGAN", "KELURAHAN": "MOROKREMBANGAN", "LATITUDE": -7.231193, "LONGITUDE": 112.711457 }, "geometry": { "type": "Point", "coordinates": [ 112.711457, -7.231193 ] } },
{ "type": "Feature", "properties": { "NPSN": 20577072, "NAMA SEKOL": "SMP MUHAMMADIYAH 18", "JENJANG": "SMP", "STATUS": "S", "ALAMAT SEK": "Perum IKIP Gunung Anyar Indah", "WILAYAH": "Timur", "KECAMATAN": "GUNUNG ANYAR", "KELURAHAN": "GUNUNG ANYAR", "LATITUDE": -7.3341, "LONGITUDE": 112.7848 }, "geometry": { "type": "Point", "coordinates": [ 112.7848, -7.3341 ] } },
{ "type": "Feature", "properties": { "NPSN": 20532544, "NAMA SEKOL": "SMP NEGERI 27 SURABAYA", "JENJANG": "SMP", "STATUS": "N", "ALAMAT SEK": "Jl. WONOSARI BESAR UJUNG SURABAYA", "WILAYAH": "Utara", "KECAMATAN": "SEMAMPIR", "KELURAHAN": "UJUNG", "LATITUDE": -7.210321021, "LONGITUDE": 112.7569446 }, "geometry": { "type": "Point", "coordinates": [ 112.7569446, -7.210321021 ] } },
{ "type": "Feature", "properties": { "NPSN": 20532488, "NAMA SEKOL": "SMP RAHMAT SURABAYA", "JENJANG": "SMP", "STATUS": "S", "ALAMAT SEK": "Jl. KEMBANG KUNING 2 SURABAYA", "WILAYAH": "Selatan", "KECAMATAN": "SAWAHAN", "KELURAHAN": "PAKIS", "LATITUDE": -7.282095109, "LONGITUDE": 112.7291224 }, "geometry": { "type": "Point", "coordinates": [ 112.7291224, -7.282095109 ] } },
{ "type": "Feature", "properties": { "NPSN": 20532729, "NAMA SEKOL": "SMP KATOLIK PENCINTA DAMAI SURABAYA", "JENJANG": "SMP", "STATUS": "S", "ALAMAT SEK": "Jl. RANDU NO.3  SURABAYA", "WILAYAH": "Utara", "KECAMATAN": "KENJERAN", "KELURAHAN": "SIDOTOPO WETAN", "LATITUDE": -7.231062452, "LONGITUDE": 112.7635944 }, "geometry": { "type": "Point", "coordinates": [ 112.7635944, -7.231062452 ] } },
{ "type": "Feature", "properties": { "NPSN": 20532478, "NAMA SEKOL": "SMP SULTAN AGUNG SURABAYA", "JENJANG": "SMP", "STATUS": "S", "ALAMAT SEK": "TAMBAK PRING TIMUR IA NO 13", "WILAYAH": "Barat", "KECAMATAN": "ASEM ROWO", "KELURAHAN": "ASEM ROWO", "LATITUDE": -7.2516, "LONGITUDE": 112.7111 }, "geometry": { "type": "Point", "coordinates": [ 112.7111, -7.2516 ] } },
{ "type": "Feature", "properties": { "NPSN": 20532508, "NAMA SEKOL": "SMP MA`ARIF 19 SURABAYA", "JENJANG": "SMP", "STATUS": "S", "ALAMAT SEK": "Jl. MASTRIP 18 KEMLATEN  SURABAYA", "WILAYAH": "Selatan", "KECAMATAN": "KARANG PILANG", "KELURAHAN": "KARANG PILANG", "LATITUDE": -7.3253, "LONGITUDE": 112.7014 }, "geometry": { "type": "Point", "coordinates": [ 112.7014, -7.3253 ] } },
{ "type": "Feature", "properties": { "NPSN": 60727485, "NAMA SEKOL": "MTSS NAHDHATUL ATHFAL", "JENJANG": "MTS", "STATUS": "S", "ALAMAT SEK": "JL. BULAK JAYA 3/39", "WILAYAH": "Utara", "KECAMATAN": "SEMAMPIR", "KELURAHAN": "WONOKUSUMO", "LATITUDE": -7.213806, "LONGITUDE": 112.755944 }, "geometry": { "type": "Point", "coordinates": [ 112.755944, -7.213806 ] } },
{ "type": "Feature", "properties": { "NPSN": 20532632, "NAMA SEKOL": "SMP BAHRUL ULUM, SURABAYA", "JENJANG": "SMP", "STATUS": "S", "ALAMAT SEK": "Jl. Putat Jaya Sekolahan No. 11-13", "WILAYAH": "Selatan", "KECAMATAN": "SAWAHAN", "KELURAHAN": "PUTAT JAYA", "LATITUDE": -7.2762, "LONGITUDE": 112.7201 }, "geometry": { "type": "Point", "coordinates": [ 112.7201, -7.2762 ] } },
{ "type": "Feature", "properties": { "NPSN": 20532737, "NAMA SEKOL": "SMP KRISTEN YBPK 4 SURABAYA", "JENJANG": "SMP", "STATUS": "S", "ALAMAT SEK": "Jl. MENGANTI WIYUNG 42-44 SURABAYA", "WILAYAH": "Selatan", "KECAMATAN": "WIYUNG", "KELURAHAN": "WIYUNG", "LATITUDE": -7.3137, "LONGITUDE": 112.6956 }, "geometry": { "type": "Point", "coordinates": [ 112.6956, -7.3137 ] } },
{ "type": "Feature", "properties": { "NPSN": 20532536, "NAMA SEKOL": "SMP NOOR MUSHOLLA SURABAYA", "JENJANG": "SMP", "STATUS": "S", "ALAMAT SEK": "JL BOGEN II NO. 49-51", "WILAYAH": "Timur", "KECAMATAN": "TAMBAKSARI", "KELURAHAN": "PLOSO", "LATITUDE": -7.2506, "LONGITUDE": 112.7561 }, "geometry": { "type": "Point", "coordinates": [ 112.7561, -7.2506 ] } },
{ "type": "Feature", "properties": { "NPSN": 20532541, "NAMA SEKOL": "SMP NEGERI 24 SURABAYA", "JENJANG": "SMP", "STATUS": "N", "ALAMAT SEK": "Jl. KEBRAON INDAH PERMAI SURABAYA BLOK K/23 A", "WILAYAH": "Selatan", "KECAMATAN": "KARANG PILANG", "KELURAHAN": "KEBRAON", "LATITUDE": -7.326463775, "LONGITUDE": 112.6949943 }, "geometry": { "type": "Point", "coordinates": [ 112.6949943, -7.326463775 ] } },
{ "type": "Feature", "properties": { "NPSN": 20532627, "NAMA SEKOL": "SMP AL HUDA SURABAYA", "JENJANG": "SMP", "STATUS": "S", "ALAMAT SEK": "Jl. KALISARI  DAMEN 32  SURABAYA", "WILAYAH": "Timur", "KECAMATAN": "MULYOREJO", "KELURAHAN": "KALISARI", "LATITUDE": -7.2738, "LONGITUDE": 112.8016 }, "geometry": { "type": "Point", "coordinates": [ 112.8016, -7.2738 ] } },
{ "type": "Feature", "properties": { "NPSN": 20532644, "NAMA SEKOL": "SMP AL-AZHAR", "JENJANG": "SMP", "STATUS": "S", "ALAMAT SEK": "Jl. PESAREHAN BEJI No.1 SURABAYA", "WILAYAH": "Barat", "KECAMATAN": "PAKAL", "KELURAHAN": "PAKAL", "LATITUDE": -7.2419, "LONGITUDE": 112.6121 }, "geometry": { "type": "Point", "coordinates": [ 112.6121, -7.2419 ] } },
{ "type": "Feature", "properties": { "NPSN": 20583872, "NAMA SEKOL": "MTSS BINA INSANI", "JENJANG": "MTS", "STATUS": "S", "ALAMAT SEK": "Lidah Wetan VIII No. 6 - Surabaya", "WILAYAH": "Barat", "KECAMATAN": "LAKARSANTRI", "KELURAHAN": "LIDAH WETAN", "LATITUDE": -7.306391134, "LONGITUDE": 112.669527 }, "geometry": { "type": "Point", "coordinates": [ 112.669527, -7.306391134 ] } },
{ "type": "Feature", "properties": { "NPSN": 20532577, "NAMA SEKOL": "SMP NEGERI 35 SURABAYA", "JENJANG": "SMP", "STATUS": "N", "ALAMAT SEK": "Jl. RUNGKUT ASRI No. 22 SURABAYA", "WILAYAH": "Timur", "KECAMATAN": "RUNGKUT", "KELURAHAN": "RUNGKUT KIDUL", "LATITUDE": -7.327197216, "LONGITUDE": 112.772897 }, "geometry": { "type": "Point", "coordinates": [ 112.772897, -7.327197216 ] } },
{ "type": "Feature", "properties": { "NPSN": 20532617, "NAMA SEKOL": "SMP WARDHANI SURABAYA", "JENJANG": "SMP", "STATUS": "S", "ALAMAT SEK": "Jl. MANUKAN KARYA SURABAYA", "WILAYAH": "Barat", "KECAMATAN": "TANDES", "KELURAHAN": "MANUKAN KULON", "LATITUDE": -7.2622, "LONGITUDE": 112.666 }, "geometry": { "type": "Point", "coordinates": [ 112.666, -7.2622 ] } },
{ "type": "Feature", "properties": { "NPSN": 20532766, "NAMA SEKOL": "SMP GIKI 1 SURABAYA", "JENJANG": "SMP", "STATUS": "S", "ALAMAT SEK": "Jl. DUKUH KUPANG UTARA I/02 SURABAYA", "WILAYAH": "Selatan", "KECAMATAN": "DUKUH PAKIS", "KELURAHAN": "DUKUH KUPANG", "LATITUDE": -7.2762, "LONGITUDE": 112.711 }, "geometry": { "type": "Point", "coordinates": [ 112.711, -7.2762 ] } },
{ "type": "Feature", "properties": { "NPSN": 20532563, "NAMA SEKOL": "SMP NEGERI 5 SURABAYA", "JENJANG": "SMP", "STATUS": "N", "ALAMAT SEK": "Jl. RAJAWALI NO. 57 SURABAYA", "WILAYAH": "Utara", "KECAMATAN": "KREMBANGAN", "KELURAHAN": "KREMBANGAN SELATAN", "LATITUDE": -7.23478531, "LONGITUDE": 112.7313244 }, "geometry": { "type": "Point", "coordinates": [ 112.7313244, -7.23478531 ] } },
{ "type": "Feature", "properties": { "NPSN": 20532600, "NAMA SEKOL": "SMP TRI KARYA", "JENJANG": "SMP", "STATUS": "S", "ALAMAT SEK": "Jl. Sikatan III / 02, Manukan Wetan,Tandes, Surabaya", "WILAYAH": "Barat", "KECAMATAN": "TANDES", "KELURAHAN": "MANUKAN WETAN", "LATITUDE": -7.2586, "LONGITUDE": 112.6737 }, "geometry": { "type": "Point", "coordinates": [ 112.6737, -7.2586 ] } },
{ "type": "Feature", "properties": { "NPSN": 20532595, "NAMA SEKOL": "SMP TRI TUNGGAL 5 SURABAYA", "JENJANG": "SMP", "STATUS": "S", "ALAMAT SEK": "Jl. RANGKAH VI/55-57 SURABAYA", "WILAYAH": "Timur", "KECAMATAN": "TAMBAKSARI", "KELURAHAN": "RANGKAH", "LATITUDE": -7.2467, "LONGITUDE": 112.7656 }, "geometry": { "type": "Point", "coordinates": [ 112.7656, -7.2467 ] } },
{ "type": "Feature", "properties": { "NPSN": 20532731, "NAMA SEKOL": "SMP KATOLIK SANTO MIKAEL SURABAYA", "JENJANG": "SMP", "STATUS": "S", "ALAMAT SEK": "Jl. TANJUNG SADARI NO. 49  SURABAYA", "WILAYAH": "Utara", "KECAMATAN": "KREMBANGAN", "KELURAHAN": "PERAK BARAT", "LATITUDE": -7.2258, "LONGITUDE": 112.7249 }, "geometry": { "type": "Point", "coordinates": [ 112.7249, -7.2258 ] } },
{ "type": "Feature", "properties": { "NPSN": 20583889, "NAMA SEKOL": "MTS HASANAH", "JENJANG": "MTS", "STATUS": "S", "ALAMAT SEK": "Kapas Madya 1E No. 64", "WILAYAH": "Timur", "KECAMATAN": "TAMBAKSARI", "KELURAHAN": "KAPASMADYA BARU", "LATITUDE": -7.239760579, "LONGITUDE": 112.7678285 }, "geometry": { "type": "Point", "coordinates": [ 112.7678285, -7.239760579 ] } },
{ "type": "Feature", "properties": { "NPSN": 20532509, "NAMA SEKOL": "SMP MANDALA", "JENJANG": "SMP", "STATUS": "S", "ALAMAT SEK": "JL. PUTRO AGUNG II/6 SURABAYA", "WILAYAH": "Timur", "KECAMATAN": "TAMBAKSARI", "KELURAHAN": "RANGKAH", "LATITUDE": -7.2475, "LONGITUDE": 112.7677 }, "geometry": { "type": "Point", "coordinates": [ 112.7677, -7.2475 ] } },
{ "type": "Feature", "properties": { "NPSN": 20583875, "NAMA SEKOL": "MTS IMAM SYAFI`I", "JENJANG": "MTS", "STATUS": "S", "ALAMAT SEK": "Dk. Babat", "WILAYAH": "Barat", "KECAMATAN": "PAKAL", "KELURAHAN": "BABAT JERAWAT", "LATITUDE": -7.235108876, "LONGITUDE": 112.6306197 }, "geometry": { "type": "Point", "coordinates": [ 112.6306197, -7.235108876 ] } },
{ "type": "Feature", "properties": { "NPSN": 20532765, "NAMA SEKOL": "SMP HIDAYATUL UMMAH SURABAYA", "JENJANG": "SMP", "STATUS": "S", "ALAMAT SEK": "Jl. MULYOREJO 78  SURABAYA", "WILAYAH": "Timur", "KECAMATAN": "MULYOREJO", "KELURAHAN": "MULYOREJO", "LATITUDE": -7.2647, "LONGITUDE": 112.7803 }, "geometry": { "type": "Point", "coordinates": [ 112.7803, -7.2647 ] } },
{ "type": "Feature", "properties": { "NPSN": 20532601, "NAMA SEKOL": "SMP TRI SHAKTI SURABAYA", "JENJANG": "SMP", "STATUS": "S", "ALAMAT SEK": "Jl. TANDES KIDUL VI/21 SURABAYA", "WILAYAH": "Barat", "KECAMATAN": "TANDES", "KELURAHAN": "TANDES", "LATITUDE": -7.260113924, "LONGITUDE": 112.6841152 }, "geometry": { "type": "Point", "coordinates": [ 112.6841152, -7.260113924 ] } },
{ "type": "Feature", "properties": { "NPSN": 20532602, "NAMA SEKOL": "SMP TRI TUNGGAL 2", "JENJANG": "SMP", "STATUS": "S", "ALAMAT SEK": "Jl. POGOT BARU 53  SURABAYA", "WILAYAH": "Utara", "KECAMATAN": "KENJERAN", "KELURAHAN": "TANAH KALI KEDINDING", "LATITUDE": -7.2327, "LONGITUDE": 112.7685 }, "geometry": { "type": "Point", "coordinates": [ 112.7685, -7.2327 ] } },
{ "type": "Feature", "properties": { "NPSN": 20532574, "NAMA SEKOL": "SMP NEGERI 32 SURABAYA", "JENJANG": "SMP", "STATUS": "N", "ALAMAT SEK": "JL A. YANI 6 - 8 SURABAYA", "WILAYAH": "Selatan", "KECAMATAN": "WONOKROMO", "KELURAHAN": "WONOKROMO", "LATITUDE": -7.307116152, "LONGITUDE": 112.7338061 }, "geometry": { "type": "Point", "coordinates": [ 112.7338061, -7.307116152 ] } },
{ "type": "Feature", "properties": { "NPSN": 20532668, "NAMA SEKOL": "SMP CAHAYA SURABAYA", "JENJANG": "SMP", "STATUS": "S", "ALAMAT SEK": "Jl. BULAK BANTENG NO.68  SURABAYA", "WILAYAH": "Utara", "KECAMATAN": "KENJERAN", "KELURAHAN": "BULAK BANTENG", "LATITUDE": -7.2126, "LONGITUDE": 112.7613 }, "geometry": { "type": "Point", "coordinates": [ 112.7613, -7.2126 ] } },
{ "type": "Feature", "properties": { "NPSN": 69881696, "NAMA SEKOL": "MTSS BUDI DHARMA", "JENJANG": "MTS", "STATUS": "S", "ALAMAT SEK": "Jl. Pulo Wonokromo 241 Surabaya", "WILAYAH": "Selatan", "KECAMATAN": "WONOKROMO", "KELURAHAN": "WONOKROMO", "LATITUDE": -7.302070279, "LONGITUDE": 112.7294272 }, "geometry": { "type": "Point", "coordinates": [ 112.7294272, -7.302070279 ] } },
{ "type": "Feature", "properties": { "NPSN": 60727487, "NAMA SEKOL": "MTs SUNAN KALIJOGO", "JENJANG": "MTS", "STATUS": "S", "ALAMAT SEK": "SIMO KALANGAN 186", "WILAYAH": "Barat", "KECAMATAN": "SUKOMANUNGGAL", "KELURAHAN": "SIMOMULYO", "LATITUDE": -7.2673578, "LONGITUDE": 112.7057084 }, "geometry": { "type": "Point", "coordinates": [ 112.7057084, -7.2673578 ] } },
{ "type": "Feature", "properties": { "NPSN": 20532700, "NAMA SEKOL": "SMP AL - ISLAH SURABAYA", "JENJANG": "SMP", "STATUS": "S", "ALAMAT SEK": "Jl. GUNUNG ANYAR TENGAH 22-24  SURABAYA", "WILAYAH": "Timur", "KECAMATAN": "GUNUNG ANYAR", "KELURAHAN": "GUNUNG ANYAR", "LATITUDE": -7.3376, "LONGITUDE": 112.7806 }, "geometry": { "type": "Point", "coordinates": [ 112.7806, -7.3376 ] } },
{ "type": "Feature", "properties": { "NPSN": 70056391, "NAMA SEKOL": "SMP ISLAM AL AZHAR 62", "JENJANG": "SMP", "STATUS": "S", "ALAMAT SEK": "JL. MADE 235 SURABAYA", "WILAYAH": "Barat", "KECAMATAN": "SAMBIKEREP", "KELURAHAN": "BERINGIN", "LATITUDE": -7.2670084, "LONGITUDE": 112.6369169 }, "geometry": { "type": "Point", "coordinates": [ 112.6369169, -7.2670084 ] } },
{ "type": "Feature", "properties": { "NPSN": 20583891, "NAMA SEKOL": "MTSS HASYIM ASY`ARI", "JENJANG": "MTS", "STATUS": "S", "ALAMAT SEK": "Jl. Balong Sari Tama 3B/22", "WILAYAH": "Barat", "KECAMATAN": "TANDES", "KELURAHAN": "BALONGSARI", "LATITUDE": -7.2602367, "LONGITUDE": 112.6771953 }, "geometry": { "type": "Point", "coordinates": [ 112.6771953, -7.2602367 ] } },
{ "type": "Feature", "properties": { "NPSN": 20532542, "NAMA SEKOL": "SMP NEGERI 25 SURABAYA", "JENJANG": "SMP", "STATUS": "N", "ALAMAT SEK": "Jl. SIMO MULYO No.25 SURABAYA", "WILAYAH": "Barat", "KECAMATAN": "SUKOMANUNGGAL", "KELURAHAN": "SIMOMULYO", "LATITUDE": -7.262067555, "LONGITUDE": 112.711973 }, "geometry": { "type": "Point", "coordinates": [ 112.711973, -7.262067555 ] } },
{ "type": "Feature", "properties": { "NPSN": 20539220, "NAMA SEKOL": "SMPK Santa Katarina", "JENJANG": "SMP", "STATUS": "S", "ALAMAT SEK": "Jl Mojopahit 38 Surabaya", "WILAYAH": "Pusat", "KECAMATAN": "TEGALSARI", "KELURAHAN": "KEPUTRAN", "LATITUDE": -7.2814988, "LONGITUDE": 112.73982 }, "geometry": { "type": "Point", "coordinates": [ 112.73982, -7.2814988 ] } },
{ "type": "Feature", "properties": { "NPSN": 69881694, "NAMA SEKOL": "MTS BAITUR ROHMAN", "JENJANG": "MTS", "STATUS": "S", "ALAMAT SEK": "JL.Tambak MayorBaru III/201", "WILAYAH": "Barat", "KECAMATAN": "ASEM ROWO", "KELURAHAN": "ASEM ROWO", "LATITUDE": -7.251682807, "LONGITUDE": 112.7049839 }, "geometry": { "type": "Point", "coordinates": [ 112.7049839, -7.251682807 ] } },
{ "type": "Feature", "properties": { "NPSN": 20532503, "NAMA SEKOL": "SMP MUHAMMADIYAH 15 SURABAYA", "JENJANG": "SMP", "STATUS": "S", "ALAMAT SEK": "Jl. PLATUK NO.104  SURABAYA", "WILAYAH": "Utara", "KECAMATAN": "KENJERAN", "KELURAHAN": "SIDOTOPO WETAN", "LATITUDE": -7.2317, "LONGITUDE": 112.7644 }, "geometry": { "type": "Point", "coordinates": [ 112.7644, -7.2317 ] } },
{ "type": "Feature", "properties": { "NPSN": 20532769, "NAMA SEKOL": "SMP DR SOETOMO SURABAYA", "JENJANG": "SMP", "STATUS": "S", "ALAMAT SEK": "Jl. MANYAR REJO I NO. 39 SURABAYA", "WILAYAH": "Timur", "KECAMATAN": "SUKOLILO", "KELURAHAN": "MENUR PUMPUNGAN", "LATITUDE": -7.2978, "LONGITUDE": 112.7641 }, "geometry": { "type": "Point", "coordinates": [ 112.7641, -7.2978 ] } },
{ "type": "Feature", "properties": { "NPSN": 20532751, "NAMA SEKOL": "SMP CITA HATI CHRISTIAN SCHOOL", "JENJANG": "SMP", "STATUS": "S", "ALAMAT SEK": "Jl. Kejawan Putih Barat 28-30 Pakuwon City, Surabaya", "WILAYAH": "Timur", "KECAMATAN": "MULYOREJO", "KELURAHAN": "KEJAWAN PUTIH TAMBAK", "LATITUDE": -7.2796, "LONGITUDE": 112.8083 }, "geometry": { "type": "Point", "coordinates": [ 112.8083, -7.2796 ] } },
{ "type": "Feature", "properties": { "NPSN": 20532454, "NAMA SEKOL": "SMP PGRI 61 SURABAYA", "JENJANG": "SMP", "STATUS": "S", "ALAMAT SEK": "Jl. RUNGKUT MENANGGAL HARAPAN BLOK V/18", "WILAYAH": "Timur", "KECAMATAN": "GUNUNG ANYAR", "KELURAHAN": "RUNGKUT MENANGGAL", "LATITUDE": -7.3363, "LONGITUDE": 112.77 }, "geometry": { "type": "Point", "coordinates": [ 112.77, -7.3363 ] } },
{ "type": "Feature", "properties": { "NPSN": 20532800, "NAMA SEKOL": "SMP KARTIKA IV-1 SURABAYA", "JENJANG": "SMP", "STATUS": "S", "ALAMAT SEK": "Jl. BRAWIJAYA 38-A  SURABAYA", "WILAYAH": "Selatan", "KECAMATAN": "WONOKROMO", "KELURAHAN": "SAWUNGGALING", "LATITUDE": -7.2963, "LONGITUDE": 112.728 }, "geometry": { "type": "Point", "coordinates": [ 112.728, -7.2963 ] } },
{ "type": "Feature", "properties": { "NPSN": 20583869, "NAMA SEKOL": "MTSS YATABU", "JENJANG": "MTS", "STATUS": "S", "ALAMAT SEK": "KEDINDING TENGAH BARU 3 / 15-17", "WILAYAH": "Utara", "KECAMATAN": "KENJERAN", "KELURAHAN": "TANAH KALI KEDINDING", "LATITUDE": -7.226581976, "LONGITUDE": 112.7712306 }, "geometry": { "type": "Point", "coordinates": [ 112.7712306, -7.226581976 ] } },
{ "type": "Feature", "properties": { "NPSN": 69849918, "NAMA SEKOL": "SMP SURABAYA INTERCULTURAL SCHOOL", "JENJANG": "SMP", "STATUS": "S", "ALAMAT SEK": "Jl Sekolah Internasional. Citraraya International Village", "WILAYAH": "Barat", "KECAMATAN": "LAKARSANTRI", "KELURAHAN": "JERUK", "LATITUDE": -7.290216, "LONGITUDE": 112.649189 }, "geometry": { "type": "Point", "coordinates": [ 112.649189, -7.290216 ] } },
{ "type": "Feature", "properties": { "NPSN": 20539217, "NAMA SEKOL": "SMP ISLAM DARUSSALAM SURABAYA", "JENJANG": "SMP", "STATUS": "S", "ALAMAT SEK": "JL. TAMBAK MADU II/59", "WILAYAH": "Pusat", "KECAMATAN": "SIMOKERTO", "KELURAHAN": "TAMBAKREJO", "LATITUDE": -7.2467, "LONGITUDE": 112.7555 }, "geometry": { "type": "Point", "coordinates": [ 112.7555, -7.2467 ] } },
{ "type": "Feature", "properties": { "NPSN": 20532629, "NAMA SEKOL": "SMP ASSAADAH SURABAYA", "JENJANG": "SMP", "STATUS": "S", "ALAMAT SEK": "Jl. Raya Sememi No. 81", "WILAYAH": "Barat", "KECAMATAN": "BENOWO", "KELURAHAN": "SEMEMI", "LATITUDE": -7.2504, "LONGITUDE": 112.6436 }, "geometry": { "type": "Point", "coordinates": [ 112.6436, -7.2504 ] } },
{ "type": "Feature", "properties": { "NPSN": 20574693, "NAMA SEKOL": "SMP NEGERI 51 SURABAYA", "JENJANG": "SMP", "STATUS": "N", "ALAMAT SEK": "JALAN RAYA BALAS KLUMPRIK No. 125 SURABAYA", "WILAYAH": "Selatan", "KECAMATAN": "WIYUNG", "KELURAHAN": "BALAS KLUMPRIK", "LATITUDE": -7.331226075, "LONGITUDE": 112.6861663 }, "geometry": { "type": "Point", "coordinates": [ 112.6861663, -7.331226075 ] } },
{ "type": "Feature", "properties": { "NPSN": 20532643, "NAMA SEKOL": "SMP AL KARIMAH SURABAYA", "JENJANG": "SMP", "STATUS": "S", "ALAMAT SEK": "Jl. SIMO JAWAR VII/54 SURABAYA", "WILAYAH": "Barat", "KECAMATAN": "SUKOMANUNGGAL", "KELURAHAN": "SIMOMULYO BARU", "LATITUDE": -7.2691, "LONGITUDE": 112.7005 }, "geometry": { "type": "Point", "coordinates": [ 112.7005, -7.2691 ] } },
{ "type": "Feature", "properties": { "NPSN": 20554138, "NAMA SEKOL": "SMP GREAT CRYSTAL", "JENJANG": "SMP", "STATUS": "S", "ALAMAT SEK": "Jl. Raya Darmo Permai III, Puncak Permai Square surabaya", "WILAYAH": "Selatan", "KECAMATAN": "DUKUH PAKIS", "KELURAHAN": "PRADAH KALIKENDAL", "LATITUDE": -7.278538321, "LONGITUDE": 112.6942904 }, "geometry": { "type": "Point", "coordinates": [ 112.6942904, -7.278538321 ] } },
{ "type": "Feature", "properties": { "NPSN": 20532649, "NAMA SEKOL": "SMP DARUL ULUM SURABAYA", "JENJANG": "SMP", "STATUS": "S", "ALAMAT SEK": "Jl. RAYA MANUKAN KULON NO.98-100 SURABAYA", "WILAYAH": "Barat", "KECAMATAN": "TANDES", "KELURAHAN": "MANUKAN KULON", "LATITUDE": -7.256, "LONGITUDE": 112.6649 }, "geometry": { "type": "Point", "coordinates": [ 112.6649, -7.256 ] } },
{ "type": "Feature", "properties": { "NPSN": 20532716, "NAMA SEKOL": "SMP KEMALA BHAYANGKARI 8 SURABAYA", "JENJANG": "SMP", "STATUS": "S", "ALAMAT SEK": "Jl. SIDOTOPO LOR No. 22 SURABAYA", "WILAYAH": "Utara", "KECAMATAN": "SEMAMPIR", "KELURAHAN": "SIDOTOPO", "LATITUDE": -7.2328, "LONGITUDE": 112.7539 }, "geometry": { "type": "Point", "coordinates": [ 112.7539, -7.2328 ] } },
{ "type": "Feature", "properties": { "NPSN": 60727486, "NAMA SEKOL": "MTSS NURUL SALAM", "JENJANG": "MTS", "STATUS": "S", "ALAMAT SEK": "Jl. Bulak Rukem I No. 17", "WILAYAH": "Utara", "KECAMATAN": "SEMAMPIR", "KELURAHAN": "WONOKUSUMO", "LATITUDE": -7.2149279, "LONGITUDE": 112.7748002 }, "geometry": { "type": "Point", "coordinates": [ 112.7748002, -7.2149279 ] } },
{ "type": "Feature", "properties": { "NPSN": 70001806, "NAMA SEKOL": "SMP SAMPOERNA (SAMPOERNA ACADEMY)", "JENJANG": "SMP", "STATUS": "S", "ALAMAT SEK": "Jalan Banjar Sugihan (Kawasan Grand Pakuwon Nomor", "WILAYAH": "Barat", "KECAMATAN": "TANDES", "KELURAHAN": "BANJAR SUGIHAN", "LATITUDE": -7.250341293, "LONGITUDE": 112.6633114 }, "geometry": { "type": "Point", "coordinates": [ 112.6633114, -7.250341293 ] } },
{ "type": "Feature", "properties": { "NPSN": 20532553, "NAMA SEKOL": "SMP NEGERI 15 SURABAYA", "JENJANG": "SMP", "STATUS": "N", "ALAMAT SEK": "Jl. H.M.NOER  NO.352 SURABAYA", "WILAYAH": "Utara", "KECAMATAN": "KENJERAN", "KELURAHAN": "TANAH KALI KEDINDING", "LATITUDE": -7.2262685, "LONGITUDE": 112.7755399 }, "geometry": { "type": "Point", "coordinates": [ 112.7755399, -7.2262685 ] } },
{ "type": "Feature", "properties": { "NPSN": 20532521, "NAMA SEKOL": "SMP KRISTEN PETRA 3 SURABAYA", "JENJANG": "SMP", "STATUS": "S", "ALAMAT SEK": "Jl. MANYAR TIRTOASRI RAYA No. 1-3  SURABAYA", "WILAYAH": "Timur", "KECAMATAN": "MULYOREJO", "KELURAHAN": "MANYAR SABRANGAN", "LATITUDE": -7.284551893, "LONGITUDE": 112.7688036 }, "geometry": { "type": "Point", "coordinates": [ 112.7688036, -7.284551893 ] } },
{ "type": "Feature", "properties": { "NPSN": 20570673, "NAMA SEKOL": "SMP TERBUKA 12 SURABAYA", "JENJANG": "SMP", "STATUS": "N", "ALAMAT SEK": "Jl.Ngagel Kebonsari 1 Surabaya", "WILAYAH": "Selatan", "KECAMATAN": "WONOKROMO", "KELURAHAN": "NGAGEL REJO", "LATITUDE": -7.29775625, "LONGITUDE": 112.7443133 }, "geometry": { "type": "Point", "coordinates": [ 112.7443133, -7.29775625 ] } },
{ "type": "Feature", "properties": { "NPSN": 20532538, "NAMA SEKOL": "SMP PGRI 17 SURABAYA", "JENJANG": "SMP", "STATUS": "S", "ALAMAT SEK": "Jl. Karah  Agung I No. 49 Surabaya", "WILAYAH": "Selatan", "KECAMATAN": "JAMBANGAN", "KELURAHAN": "KARAH", "LATITUDE": -7.3117, "LONGITUDE": 112.7174 }, "geometry": { "type": "Point", "coordinates": [ 112.7174, -7.3117 ] } },
{ "type": "Feature", "properties": { "NPSN": 20532531, "NAMA SEKOL": "SMP MUHAMMADIYAH 6 SURABAYA", "JENJANG": "SMP", "STATUS": "S", "ALAMAT SEK": "Jl. KEMLATEN BARU 43  SURABAYA", "WILAYAH": "Selatan", "KECAMATAN": "KARANG PILANG", "KELURAHAN": "KEBRAON", "LATITUDE": -7.331, "LONGITUDE": 112.7043 }, "geometry": { "type": "Point", "coordinates": [ 112.7043, -7.331 ] } },
{ "type": "Feature", "properties": { "NPSN": 20532614, "NAMA SEKOL": "SMP YPP NURUL HUDA", "JENJANG": "SMP", "STATUS": "S", "ALAMAT SEK": "Jl .SENCAKI NO.64 SURABAYA", "WILAYAH": "Pusat", "KECAMATAN": "SIMOKERTO", "KELURAHAN": "SIMOLAWANG", "LATITUDE": -7.2343, "LONGITUDE": 112.7438 }, "geometry": { "type": "Point", "coordinates": [ 112.7438, -7.2343 ] } },
{ "type": "Feature", "properties": { "NPSN": 20532745, "NAMA SEKOL": "SMP KRISTEN PETRA 2 SURABAYA", "JENJANG": "SMP", "STATUS": "S", "ALAMAT SEK": "Jl. EMBONG WUNGU No.2 SURABAYA", "WILAYAH": "Pusat", "KECAMATAN": "GENTENG", "KELURAHAN": "EMBONG KALIASIN", "LATITUDE": -7.272, "LONGITUDE": 112.7405 }, "geometry": { "type": "Point", "coordinates": [ 112.7405, -7.272 ] } },
{ "type": "Feature", "properties": { "NPSN": 20532576, "NAMA SEKOL": "SMP NEGERI 34 SURABAYA", "JENJANG": "SMP", "STATUS": "N", "ALAMAT SEK": "Jl. MENGANTI WIYUNG SURABAYA", "WILAYAH": "Selatan", "KECAMATAN": "WIYUNG", "KELURAHAN": "WIYUNG", "LATITUDE": -7.319509434, "LONGITUDE": 112.6871314 }, "geometry": { "type": "Point", "coordinates": [ 112.6871314, -7.319509434 ] } },
{ "type": "Feature", "properties": { "NPSN": 20532559, "NAMA SEKOL": "SMP NEGERI 2 SURABAYA", "JENJANG": "SMP", "STATUS": "N", "ALAMAT SEK": "Jl. KEPANJEN NO. 1 SURABAYA", "WILAYAH": "Utara", "KECAMATAN": "KREMBANGAN", "KELURAHAN": "KREMBANGAN SELATAN", "LATITUDE": -7.242697597, "LONGITUDE": 112.7360113 }, "geometry": { "type": "Point", "coordinates": [ 112.7360113, -7.242697597 ] } },
{ "type": "Feature", "properties": { "NPSN": 20532759, "NAMA SEKOL": "SMP GIKI 3 SURABAYA", "JENJANG": "SMP", "STATUS": "S", "ALAMAT SEK": "Jl. KLAMPIS JAYA NO. 11 SURABAYA", "WILAYAH": "Timur", "KECAMATAN": "SUKOLILO", "KELURAHAN": "KLAMPIS NGASEM", "LATITUDE": -7.2874, "LONGITUDE": 112.7757 }, "geometry": { "type": "Point", "coordinates": [ 112.7757, -7.2874 ] } },
{ "type": "Feature", "properties": { "NPSN": 20532797, "NAMA SEKOL": "SMP ISLAM AL AZHAR KELAPA GADING SURABAYA", "JENJANG": "SMP", "STATUS": "S", "ALAMAT SEK": "Jl. TAMAN BHASKARA UTARA  SURABAYA", "WILAYAH": "Timur", "KECAMATAN": "MULYOREJO", "KELURAHAN": "KALISARI", "LATITUDE": -7.2676, "LONGITUDE": 112.7992 }, "geometry": { "type": "Point", "coordinates": [ 112.7992, -7.2676 ] } },
{ "type": "Feature", "properties": { "NPSN": 20584022, "NAMA SEKOL": "SMP CITA HATI CHRISTIAN SCHOOL WEST", "JENJANG": "SMP", "STATUS": "S", "ALAMAT SEK": "Jl.Bukit Golf L2 No.1, Citraland Surabaya", "WILAYAH": "Barat", "KECAMATAN": "LAKARSANTRI", "KELURAHAN": "LAKARSANTRI", "LATITUDE": -7.299238717, "LONGITUDE": 112.63559 }, "geometry": { "type": "Point", "coordinates": [ 112.63559, -7.299238717 ] } },
{ "type": "Feature", "properties": { "NPSN": 20532493, "NAMA SEKOL": "SMP SANTO CAROLUS SURABAYA", "JENJANG": "SMP", "STATUS": "S", "ALAMAT SEK": "JEMUR ANDAYANI XXI SURABAYA", "WILAYAH": "Selatan", "KECAMATAN": "WONOCOLO", "KELURAHAN": "SIWALANKERTO", "LATITUDE": -7.3307, "LONGITUDE": 112.7377 }, "geometry": { "type": "Point", "coordinates": [ 112.7377, -7.3307 ] } },
{ "type": "Feature", "properties": { "NPSN": 20532720, "NAMA SEKOL": "SMP KHADIJAH 2 SURABAYA", "JENJANG": "SMP", "STATUS": "S", "ALAMAT SEK": "Jl. DARMO PERMAI SELATAN V / 61-63 SURABAYA", "WILAYAH": "Selatan", "KECAMATAN": "DUKUH PAKIS", "KELURAHAN": "PRADAH KALIKENDAL", "LATITUDE": -7.28024, "LONGITUDE": 112.6906 }, "geometry": { "type": "Point", "coordinates": [ 112.6906, -7.28024 ] } },
{ "type": "Feature", "properties": { "NPSN": 20532798, "NAMA SEKOL": "SMP ISLAM BAITUL AMIEN SURABAYA", "JENJANG": "SMP", "STATUS": "S", "ALAMAT SEK": "Jl .KARANG EMPAT BESAR 48-50 SURABAYA", "WILAYAH": "Timur", "KECAMATAN": "TAMBAKSARI", "KELURAHAN": "PLOSO", "LATITUDE": -7.2518, "LONGITUDE": 112.7739 }, "geometry": { "type": "Point", "coordinates": [ 112.7739, -7.2518 ] } },
{ "type": "Feature", "properties": { "NPSN": 20532514, "NAMA SEKOL": "SMP MARGIE", "JENJANG": "SMP", "STATUS": "S", "ALAMAT SEK": "JL. KUPANG INDAH IX/19 SURABAYA", "WILAYAH": "Selatan", "KECAMATAN": "DUKUH PAKIS", "KELURAHAN": "DUKUH KUPANG", "LATITUDE": -7.2787, "LONGITUDE": 112.7044 }, "geometry": { "type": "Point", "coordinates": [ 112.7044, -7.2787 ] } },
{ "type": "Feature", "properties": { "NPSN": 69924581, "NAMA SEKOL": "SMPTK MORNING STAR ACADEMY", "JENJANG": "SMP", "STATUS": "S", "ALAMAT SEK": "Lenmarc Mall lt 1 unit 1-10,16, Jl. Mayjen Yono Suwoyo No.9, Kota SBY, Jawa Timur 60226", "WILAYAH": "Selatan", "KECAMATAN": "DUKUH PAKIS", "KELURAHAN": "DUKUH PAKIS", "LATITUDE": -7.290795, "LONGITUDE": 112.6716628 }, "geometry": { "type": "Point", "coordinates": [ 112.6716628, -7.290795 ] } },
{ "type": "Feature", "properties": { "NPSN": 20532732, "NAMA SEKOL": "SMP KATOLIK ST. VINCENTIUS SURABAYA", "JENJANG": "SMP", "STATUS": "S", "ALAMAT SEK": "Jl. TIDAR 115 SURABAYA", "WILAYAH": "Selatan", "KECAMATAN": "SAWAHAN", "KELURAHAN": "PETEMON", "LATITUDE": -7.257715421, "LONGITUDE": 112.7216159 }, "geometry": { "type": "Point", "coordinates": [ 112.7216159, -7.257715421 ] } },
{ "type": "Feature", "properties": { "NPSN": 20532764, "NAMA SEKOL": "SMP HANG TUAH 4 SURABAYA", "JENJANG": "SMP", "STATUS": "S", "ALAMAT SEK": "Jl. IKAN SEPAT I/1 SURABAYA", "WILAYAH": "Utara", "KECAMATAN": "KREMBANGAN", "KELURAHAN": "PERAK BARAT", "LATITUDE": -7.2342, "LONGITUDE": 112.7238 }, "geometry": { "type": "Point", "coordinates": [ 112.7238, -7.2342 ] } },
{ "type": "Feature", "properties": { "NPSN": 20532511, "NAMA SEKOL": "SMP MARDI PUTERA SURABAYA", "JENJANG": "SMP", "STATUS": "S", "ALAMAT SEK": "Jl. Pacarkembang IV / 2-4-6 Surabaya", "WILAYAH": "Timur", "KECAMATAN": "TAMBAKSARI", "KELURAHAN": "PACARKEMBANG", "LATITUDE": -7.2585, "LONGITUDE": 112.7631 }, "geometry": { "type": "Point", "coordinates": [ 112.7631, -7.2585 ] } },
{ "type": "Feature", "properties": { "NPSN": 69943157, "NAMA SEKOL": "SMP JALINAN ADISISWA CEMERLANG", "JENJANG": "SMP", "STATUS": "S", "ALAMAT SEK": "JL. PUNCAK PERMAI UTARA III/9-11", "WILAYAH": "Barat", "KECAMATAN": "SAMBIKEREP", "KELURAHAN": "LONTAR", "LATITUDE": -7.27478, "LONGITUDE": 112.6805658 }, "geometry": { "type": "Point", "coordinates": [ 112.6805658, -7.27478 ] } },
{ "type": "Feature", "properties": { "NPSN": 20532561, "NAMA SEKOL": "SMP NEGERI 31 SURABAYA", "JENJANG": "SMP", "STATUS": "N", "ALAMAT SEK": "Jl. DUKUH BULAK BANTENG SEKOLAHAN SURABAYA", "WILAYAH": "Utara", "KECAMATAN": "KENJERAN", "KELURAHAN": "BULAK BANTENG", "LATITUDE": -7.219396673, "LONGITUDE": 112.7661992 }, "geometry": { "type": "Point", "coordinates": [ 112.7661992, -7.219396673 ] } },
{ "type": "Feature", "properties": { "NPSN": 20532750, "NAMA SEKOL": "SMP KRISTEN BETHEL SURABAYA", "JENJANG": "SMP", "STATUS": "S", "ALAMAT SEK": "Jl .TAMBAK ANAKAN 9 - 11 SURABAYA", "WILAYAH": "Pusat", "KECAMATAN": "SIMOKERTO", "KELURAHAN": "TAMBAKREJO", "LATITUDE": -7.2468, "LONGITUDE": 112.7556 }, "geometry": { "type": "Point", "coordinates": [ 112.7556, -7.2468 ] } },
{ "type": "Feature", "properties": { "NPSN": 20532730, "NAMA SEKOL": "SMP KATOLIK SANTA CLARA SURABAYA", "JENJANG": "SMP", "STATUS": "S", "ALAMAT SEK": "Jl. NGAGEL MADYA NO. 1  SURABAYA", "WILAYAH": "Timur", "KECAMATAN": "GUBENG", "KELURAHAN": "BARATAJAYA", "LATITUDE": -7.2882, "LONGITUDE": 112.7602 }, "geometry": { "type": "Point", "coordinates": [ 112.7602, -7.2882 ] } },
{ "type": "Feature", "properties": { "NPSN": 20532506, "NAMA SEKOL": "SMP MIMI SURABAYA", "JENJANG": "SMP", "STATUS": "S", "ALAMAT SEK": "Jl. Bukit Telaga Golf TO 2/1-2", "WILAYAH": "Barat", "KECAMATAN": "LAKARSANTRI", "KELURAHAN": "LIDAH KULON", "LATITUDE": -7.2837, "LONGITUDE": 112.691 }, "geometry": { "type": "Point", "coordinates": [ 112.691, -7.2837 ] } },
{ "type": "Feature", "properties": { "NPSN": 20574690, "NAMA SEKOL": "SMP NEGERI 50 SURABAYA", "JENJANG": "SMP", "STATUS": "N", "ALAMAT SEK": "JL. SUKOMANUNGGAL 93 C SURABAYA", "WILAYAH": "Barat", "KECAMATAN": "SUKOMANUNGGAL", "KELURAHAN": "SUKOMANUNGGAL", "LATITUDE": -7.262188866, "LONGITUDE": 112.6964174 }, "geometry": { "type": "Point", "coordinates": [ 112.6964174, -7.262188866 ] } },
{ "type": "Feature", "properties": { "NPSN": 20532699, "NAMA SEKOL": "SMP ADVENT SURABAYA", "JENJANG": "SMP", "STATUS": "S", "ALAMAT SEK": "Jl. ANJASMORO 12 SURABAYA", "WILAYAH": "Selatan", "KECAMATAN": "SAWAHAN", "KELURAHAN": "SAWAHAN", "LATITUDE": -7.2588, "LONGITUDE": 112.7309 }, "geometry": { "type": "Point", "coordinates": [ 112.7309, -7.2588 ] } },
{ "type": "Feature", "properties": { "NPSN": 69978722, "NAMA SEKOL": "SMP NEGERI 62 SURABAYA", "JENJANG": "SMP", "STATUS": "N", "ALAMAT SEK": "Jln. Gunung Anyar Jaya Surabaya", "WILAYAH": "Timur", "KECAMATAN": "GUNUNG ANYAR", "KELURAHAN": "GUNUNG ANYAR", "LATITUDE": -7.341527688, "LONGITUDE": 112.794774 }, "geometry": { "type": "Point", "coordinates": [ 112.794774, -7.341527688 ] } },
{ "type": "Feature", "properties": { "NPSN": 69900839, "NAMA SEKOL": "SMP SURABAYA CAMBRIDGE SCHOOL", "JENJANG": "SMP", "STATUS": "S", "ALAMAT SEK": "JL RAYA JELIDRO II NO.36", "WILAYAH": "Barat", "KECAMATAN": "SAMBIKEREP", "KELURAHAN": "SAMBIKEREP", "LATITUDE": -7.2722155, "LONGITUDE": 112.652835 }, "geometry": { "type": "Point", "coordinates": [ 112.652835, -7.2722155 ] } },
{ "type": "Feature", "properties": { "NPSN": 20583896, "NAMA SEKOL": "MTSS TASWIRUL AFKAR", "JENJANG": "MTS", "STATUS": "S", "ALAMAT SEK": "Jl. Pegirian No. 238", "WILAYAH": "Utara", "KECAMATAN": "SEMAMPIR", "KELURAHAN": "SIDOTOPO", "LATITUDE": -7.230071566, "LONGITUDE": 112.7458984 }, "geometry": { "type": "Point", "coordinates": [ 112.7458984, -7.230071566 ] } },
{ "type": "Feature", "properties": { "NPSN": 20583892, "NAMA SEKOL": "MTSS SHOBRUL MA` ARIF", "JENJANG": "MTS", "STATUS": "S", "ALAMAT SEK": "Banjar  Sugihann Baru I/6", "WILAYAH": "Barat", "KECAMATAN": "TANDES", "KELURAHAN": "BANJAR SUGIHAN", "LATITUDE": -7.253985, "LONGITUDE": 112.656575 }, "geometry": { "type": "Point", "coordinates": [ 112.656575, -7.253985 ] } },
{ "type": "Feature", "properties": { "NPSN": 20583864, "NAMA SEKOL": "MTS BADRUSSALAM", "JENJANG": "MTS", "STATUS": "S", "ALAMAT SEK": "Jl. HR. Muhammad 161 Surabaya", "WILAYAH": "Selatan", "KECAMATAN": "DUKUH PAKIS", "KELURAHAN": "PRADAH KALIKENDAL", "LATITUDE": -7.284852543, "LONGITUDE": 112.6915514 }, "geometry": { "type": "Point", "coordinates": [ 112.6915514, -7.284852543 ] } },
{ "type": "Feature", "properties": { "NPSN": 20532648, "NAMA SEKOL": "SMP BINA BANGSA SURABAYA", "JENJANG": "SMP", "STATUS": "S", "ALAMAT SEK": "Jl. SIWALAN KERTO UTARA II/7 SURABAYA", "WILAYAH": "Selatan", "KECAMATAN": "WONOCOLO", "KELURAHAN": "SIWALANKERTO", "LATITUDE": -7.3362, "LONGITUDE": 112.7329 }, "geometry": { "type": "Point", "coordinates": [ 112.7329, -7.3362 ] } },
{ "type": "Feature", "properties": { "NPSN": 69888866, "NAMA SEKOL": "SMPTK Karunia Hidup", "JENJANG": "SMP", "STATUS": "S", "ALAMAT SEK": "JL. Pakis Gunung II/ 9 A", "WILAYAH": "Selatan", "KECAMATAN": "SAWAHAN", "KELURAHAN": "PAKIS", "LATITUDE": -7.273712, "LONGITUDE": 112.723789 }, "geometry": { "type": "Point", "coordinates": [ 112.723789, -7.273712 ] } },
{ "type": "Feature", "properties": { "NPSN": 20583894, "NAMA SEKOL": "MTs At-Tauhid", "JENJANG": "MTS", "STATUS": "S", "ALAMAT SEK": "Jl. Sidoresmo Dalam II/37", "WILAYAH": "Selatan", "KECAMATAN": "WONOKROMO", "KELURAHAN": "JAGIR", "LATITUDE": -7.3051637, "LONGITUDE": 112.7511855 }, "geometry": { "type": "Point", "coordinates": [ 112.7511855, -7.3051637 ] } },
{ "type": "Feature", "properties": { "NPSN": 70030685, "NAMA SEKOL": "MTS MASJID AL AKBAR SURABAYA", "JENJANG": "MTS", "STATUS": "S", "ALAMAT SEK": null, "WILAYAH": "Selatan", "KECAMATAN": "JAMBANGAN", "KELURAHAN": "PAGESANGAN", "LATITUDE": -7.336643363, "LONGITUDE": 112.7151806 }, "geometry": { "type": "Point", "coordinates": [ 112.7151806, -7.336643363 ] } },
{ "type": "Feature", "properties": { "NPSN": 69786251, "NAMA SEKOL": "SMPS KRISTEN FILADELFIA SCHOOL", "JENJANG": "SMP", "STATUS": "S", "ALAMAT SEK": "JL. BABATAN PANTAI UTARA 11 A-C", "WILAYAH": "Timur", "KECAMATAN": "MULYOREJO", "KELURAHAN": "KALIJUDAN", "LATITUDE": -7.2564, "LONGITUDE": 112.7773 }, "geometry": { "type": "Point", "coordinates": [ 112.7773, -7.2564 ] } },
{ "type": "Feature", "properties": { "NPSN": 20532634, "NAMA SEKOL": "SMP BAITUSSALAM SURABAYA", "JENJANG": "SMP", "STATUS": "S", "ALAMAT SEK": "Jl. KETINTANG MADYA  No. 94  SURABAYA", "WILAYAH": "Selatan", "KECAMATAN": "JAMBANGAN", "KELURAHAN": "KARAH", "LATITUDE": -7.317, "LONGITUDE": 112.7222 }, "geometry": { "type": "Point", "coordinates": [ 112.7222, -7.317 ] } },
{ "type": "Feature", "properties": { "NPSN": 20562450, "NAMA SEKOL": "SMP NEGERI 43 SURABAYA", "JENJANG": "SMP", "STATUS": "N", "ALAMAT SEK": "JL RADEN SALEH 12 SURABAYA", "WILAYAH": "Pusat", "KECAMATAN": "BUBUTAN", "KELURAHAN": "BUBUTAN", "LATITUDE": -7.250842778, "LONGITUDE": 112.7342084 }, "geometry": { "type": "Point", "coordinates": [ 112.7342084, -7.250842778 ] } },
{ "type": "Feature", "properties": { "NPSN": 20577497, "NAMA SEKOL": "SMP TERBUKA 21 SURABAYA", "JENJANG": "SMP", "STATUS": "N", "ALAMAT SEK": "JAMBANGAN IV", "WILAYAH": "Selatan", "KECAMATAN": "JAMBANGAN", "KELURAHAN": "JAMBANGAN", "LATITUDE": -7.319187918, "LONGITUDE": 112.713609 }, "geometry": { "type": "Point", "coordinates": [ 112.713609, -7.319187918 ] } },
{ "type": "Feature", "properties": { "NPSN": 20532630, "NAMA SEKOL": "SMP ATMA WIDYA SURABAYA", "JENJANG": "SMP", "STATUS": "S", "ALAMAT SEK": "Jl. KAPASARI No. 03-05  SURABAYA", "WILAYAH": "Pusat", "KECAMATAN": "GENTENG", "KELURAHAN": "KAPASARI", "LATITUDE": -7.2478, "LONGITUDE": 112.751 }, "geometry": { "type": "Point", "coordinates": [ 112.751, -7.2478 ] } },
{ "type": "Feature", "properties": { "NPSN": 70048593, "NAMA SEKOL": "MTS MIFTACHUS SUNNAH", "JENJANG": "MTS", "STATUS": "S", "ALAMAT SEK": null, "WILAYAH": "Pusat", "KECAMATAN": "TAMBAKSARI", "KELURAHAN": "PACAR KEMBANG", "LATITUDE": -7.2619717, "LONGITUDE": 112.7617277 }, "geometry": { "type": "Point", "coordinates": [ 112.7617277, -7.2619717 ] } },
{ "type": "Feature", "properties": { "NPSN": 70011967, "NAMA SEKOL": "SMP ISLAM TERPADU PERMATA", "JENJANG": "SMP", "STATUS": "S", "ALAMAT SEK": "Jl. Cacat Veteran No. 39 Pakal", "WILAYAH": "Barat", "KECAMATAN": "PAKAL", "KELURAHAN": "PAKAL", "LATITUDE": -7.2418801, "LONGITUDE": 112.622982 }, "geometry": { "type": "Point", "coordinates": [ 112.622982, -7.2418801 ] } },
{ "type": "Feature", "properties": { "NPSN": 20532533, "NAMA SEKOL": "SMP MUHAMMADIYAH 9 SURABAYA", "JENJANG": "SMP", "STATUS": "S", "ALAMAT SEK": "Jl. JOJORAN I/50  SURABAYA", "WILAYAH": "Timur", "KECAMATAN": "GUBENG", "KELURAHAN": "MOJO", "LATITUDE": -7.2725, "LONGITUDE": 112.7645 }, "geometry": { "type": "Point", "coordinates": [ 112.7645, -7.2725 ] } },
{ "type": "Feature", "properties": { "NPSN": 20583888, "NAMA SEKOL": "MTSS NURUL ISLAM", "JENJANG": "MTS", "STATUS": "S", "ALAMAT SEK": "Kapas Baru V Masjid No. 3", "WILAYAH": "Timur", "KECAMATAN": "TAMBAKSARI", "KELURAHAN": "KAPASMADYA BARU", "LATITUDE": -7.241114, "LONGITUDE": 112.762798 }, "geometry": { "type": "Point", "coordinates": [ 112.762798, -7.241114 ] } },
{ "type": "Feature", "properties": { "NPSN": 20532784, "NAMA SEKOL": "SMP KATOLIK SANTO STANISLAUS SURABAYA", "JENJANG": "SMP", "STATUS": "S", "ALAMAT SEK": "Jl. RESIDEN SUDIRMAN 5 SURABAYA", "WILAYAH": "Timur", "KECAMATAN": "TAMBAKSARI", "KELURAHAN": "TAMBAKSARI", "LATITUDE": -7.2566207, "LONGITUDE": 112.7549091 }, "geometry": { "type": "Point", "coordinates": [ 112.7549091, -7.2566207 ] } },
{ "type": "Feature", "properties": { "NPSN": 20583884, "NAMA SEKOL": "MTs SUNAN GIRI", "JENJANG": "MTS", "STATUS": "S", "ALAMAT SEK": "JL. WONOSARI TEGAL IV/37-39", "WILAYAH": "Utara", "KECAMATAN": "SEMAMPIR", "KELURAHAN": "WONOKUSUMO", "LATITUDE": -7.219294243, "LONGITUDE": 112.752252 }, "geometry": { "type": "Point", "coordinates": [ 112.752252, -7.219294243 ] } },
{ "type": "Feature", "properties": { "NPSN": 20574986, "NAMA SEKOL": "SMP TAMAN BELAJAR", "JENJANG": "SMP", "STATUS": "S", "ALAMAT SEK": "Jl. KEDUNG COWEK NO.220  SURABAYA", "WILAYAH": "Utara", "KECAMATAN": "KENJERAN", "KELURAHAN": "TANAH KALI KEDINDING", "LATITUDE": -7.231422, "LONGITUDE": 112.7736 }, "geometry": { "type": "Point", "coordinates": [ 112.7736, -7.231422 ] } },
{ "type": "Feature", "properties": { "NPSN": 20584027, "NAMA SEKOL": "SMP Kristen Intan Permata Hati", "JENJANG": "SMP", "STATUS": "S", "ALAMAT SEK": "JL. PATTIMURA No. 2/PLASA SEGI 8 SURABAYA", "WILAYAH": "Barat", "KECAMATAN": "SUKOMANUNGGAL", "KELURAHAN": "SONOKWIJENAN", "LATITUDE": -7.277, "LONGITUDE": 112.6969 }, "geometry": { "type": "Point", "coordinates": [ 112.6969, -7.277 ] } },
{ "type": "Feature", "properties": { "NPSN": 69881695, "NAMA SEKOL": "MTS ROUDLOTUL ULUM", "JENJANG": "MTS", "STATUS": "S", "ALAMAT SEK": "BULAK BANTENG BARU GG KAMBOJA II/44", "WILAYAH": "Utara", "KECAMATAN": "KENJERAN", "KELURAHAN": "SIDOTOPO WETAN", "LATITUDE": -7.215568684, "LONGITUDE": 112.7629752 }, "geometry": { "type": "Point", "coordinates": [ 112.7629752, -7.215568684 ] } },
{ "type": "Feature", "properties": { "NPSN": 20532558, "NAMA SEKOL": "SMP NEGERI 19 SURABAYA", "JENJANG": "SMP", "STATUS": "N", "ALAMAT SEK": "Jl. Arief Rachman Hakim 103 B Surabaya", "WILAYAH": "Timur", "KECAMATAN": "SUKOLILO", "KELURAHAN": "KLAMPIS NGASEM", "LATITUDE": -7.288209594, "LONGITUDE": 112.7804014 }, "geometry": { "type": "Point", "coordinates": [ 112.7804014, -7.288209594 ] } },
{ "type": "Feature", "properties": { "NPSN": 20554597, "NAMA SEKOL": "SMP TERBUKA 25 SURABAYA", "JENJANG": "SMP", "STATUS": "N", "ALAMAT SEK": "JL. SIMOMULYO NO 25 SURABAYA", "WILAYAH": "Barat", "KECAMATAN": "SUKOMANUNGGAL", "KELURAHAN": "SIMOMULYO", "LATITUDE": -7.262067555, "LONGITUDE": 112.711973 }, "geometry": { "type": "Point", "coordinates": [ 112.711973, -7.262067555 ] } },
{ "type": "Feature", "properties": { "NPSN": 20554361, "NAMA SEKOL": "SMP Kristen Masa Depan Cerah", "JENJANG": "SMP", "STATUS": "S", "ALAMAT SEK": "Diamond Hill DH 11 Citraland Surabaya", "WILAYAH": "Barat", "KECAMATAN": "SAMBIKEREP", "KELURAHAN": "SAMBIKEREP", "LATITUDE": -7.2804, "LONGITUDE": 112.644 }, "geometry": { "type": "Point", "coordinates": [ 112.644, -7.2804 ] } },
{ "type": "Feature", "properties": { "NPSN": 20532721, "NAMA SEKOL": "SMP KHADIJAH SURABAYA", "JENJANG": "SMP", "STATUS": "S", "ALAMAT SEK": "JL. JEND. A. YANI 2 - 4 SURABAYA", "WILAYAH": "Selatan", "KECAMATAN": "WONOKROMO", "KELURAHAN": "WONOKROMO", "LATITUDE": -7.3054, "LONGITUDE": 112.7351 }, "geometry": { "type": "Point", "coordinates": [ 112.7351, -7.3054 ] } },
{ "type": "Feature", "properties": { "NPSN": 20532519, "NAMA SEKOL": "SMP PANGLIMA SUDIRMAN SURABAYA", "JENJANG": "SMP", "STATUS": "S", "ALAMAT SEK": "Jl. NGINDEN II / 135-137 SURABAYA", "WILAYAH": "Timur", "KECAMATAN": "SUKOLILO", "KELURAHAN": "NGINDEN JANGKUNGAN", "LATITUDE": -7.3013, "LONGITUDE": 112.769 }, "geometry": { "type": "Point", "coordinates": [ 112.769, -7.3013 ] } },
{ "type": "Feature", "properties": { "NPSN": 20532656, "NAMA SEKOL": "SMP DHARMA WANITA SURABAYA", "JENJANG": "SMP", "STATUS": "S", "ALAMAT SEK": "Jl. KENDANGSARI V SURABAYA", "WILAYAH": "Timur", "KECAMATAN": "TENGGILIS MEJOYO", "KELURAHAN": "KENDANGSARI", "LATITUDE": -7.324, "LONGITUDE": 112.7463 }, "geometry": { "type": "Point", "coordinates": [ 112.7463, -7.324 ] } },
{ "type": "Feature", "properties": { "NPSN": 69787071, "NAMA SEKOL": "SMPS XIN ZHONG", "JENJANG": "SMP", "STATUS": "S", "ALAMAT SEK": "Kalisari Selatan No. 5 Pakuwon City", "WILAYAH": "Timur", "KECAMATAN": "MULYOREJO", "KELURAHAN": "KALISARI", "LATITUDE": -7.272195067, "LONGITUDE": 112.8099093 }, "geometry": { "type": "Point", "coordinates": [ 112.8099093, -7.272195067 ] } },
{ "type": "Feature", "properties": { "NPSN": 69886420, "NAMA SEKOL": "MTS USWATUN HASANAH", "JENJANG": "MTS", "STATUS": "S", "ALAMAT SEK": "DK BULAK BANTENG SUROPATI 5/38", "WILAYAH": "Utara", "KECAMATAN": "KENJERAN", "KELURAHAN": "BULAK BANTENG", "LATITUDE": -7.21508, "LONGITUDE": 112.768254 }, "geometry": { "type": "Point", "coordinates": [ 112.768254, -7.21508 ] } },
{ "type": "Feature", "properties": { "NPSN": 20532752, "NAMA SEKOL": "SMP Kristen Dharma Mulya Surabaya", "JENJANG": "SMP", "STATUS": "S", "ALAMAT SEK": "Jl. Raya Dukuh Kupang Barat 50 Surabaya", "WILAYAH": "Selatan", "KECAMATAN": "DUKUH PAKIS", "KELURAHAN": "DUKUH KUPANG", "LATITUDE": -7.278, "LONGITUDE": 112.7093 }, "geometry": { "type": "Point", "coordinates": [ 112.7093, -7.278 ] } },
{ "type": "Feature", "properties": { "NPSN": 20532548, "NAMA SEKOL": "SMP NEGERI 22 SURABAYA", "JENJANG": "SMP", "STATUS": "N", "ALAMAT SEK": "Jl. GAYUNGSARI BARAT X/38 SURABAYA", "WILAYAH": "Selatan", "KECAMATAN": "GAYUNGAN", "KELURAHAN": "GAYUNGAN", "LATITUDE": -7.336503423, "LONGITUDE": 112.7169624 }, "geometry": { "type": "Point", "coordinates": [ 112.7169624, -7.336503423 ] } },
{ "type": "Feature", "properties": { "NPSN": 20574658, "NAMA SEKOL": "SMP AL-FATAH SURABAYA", "JENJANG": "SMP", "STATUS": "S", "ALAMAT SEK": "JL. Dk. KARANGAN, gang Golongan", "WILAYAH": "Selatan", "KECAMATAN": "WIYUNG", "KELURAHAN": "BABATAN", "LATITUDE": -7.311082, "LONGITUDE": 112.687589 }, "geometry": { "type": "Point", "coordinates": [ 112.687589, -7.311082 ] } },
{ "type": "Feature", "properties": { "NPSN": 20532782, "NAMA SEKOL": "SMP KATOLIK SANTA AGNES SURABAYA", "JENJANG": "SMP", "STATUS": "S", "ALAMAT SEK": "Jl. Mendut No.7 Surabaya", "WILAYAH": "Timur", "KECAMATAN": "TAMBAKSARI", "KELURAHAN": "PACARKELING", "LATITUDE": -7.2569783, "LONGITUDE": 112.7525043 }, "geometry": { "type": "Point", "coordinates": [ 112.7525043, -7.2569783 ] } },
{ "type": "Feature", "properties": { "NPSN": 20532670, "NAMA SEKOL": "SMP AL HIKMAH", "JENJANG": "SMP", "STATUS": "S", "ALAMAT SEK": "Jl. Kebonsari Elveka V", "WILAYAH": "Selatan", "KECAMATAN": "JAMBANGAN", "KELURAHAN": "KEBONSARI", "LATITUDE": -7.325109, "LONGITUDE": 112.720284 }, "geometry": { "type": "Point", "coordinates": [ 112.720284, -7.325109 ] } },
{ "type": "Feature", "properties": { "NPSN": 69772565, "NAMA SEKOL": "SMPS KREATIF AN-NUR", "JENJANG": "SMP", "STATUS": "S", "ALAMAT SEK": "Jl. Semolowaru Selatan III-IV, Surabaya", "WILAYAH": "Timur", "KECAMATAN": "SUKOLILO", "KELURAHAN": "SEMOLOWARU", "LATITUDE": -7.2995, "LONGITUDE": 112.7651 }, "geometry": { "type": "Point", "coordinates": [ 112.7651, -7.2995 ] } },
{ "type": "Feature", "properties": { "NPSN": 70044236, "NAMA SEKOL": "MTSS UNGGULAN AL HIKMAH SURABAYA", "JENJANG": "MTS", "STATUS": "S", "ALAMAT SEK": "jl.pesantren III rejosari  pakal surabaya", "WILAYAH": "Barat", "KECAMATAN": "PAKAL", "KELURAHAN": "BENOWO", "LATITUDE": -7.243380356, "LONGITUDE": 112.6089842 }, "geometry": { "type": "Point", "coordinates": [ 112.6089842, -7.243380356 ] } },
{ "type": "Feature", "properties": { "NPSN": 20532515, "NAMA SEKOL": "SMP MARYAM SURABAYA", "JENJANG": "SMP", "STATUS": "S", "ALAMAT SEK": "Jl. MANYAR SAMBONGAN 119  SURABAYA", "WILAYAH": "Timur", "KECAMATAN": "GUBENG", "KELURAHAN": "KERTAJAYA", "LATITUDE": -7.2812, "LONGITUDE": 112.7614 }, "geometry": { "type": "Point", "coordinates": [ 112.7614, -7.2812 ] } },
{ "type": "Feature", "properties": { "NPSN": 20532564, "NAMA SEKOL": "SMP NEGERI 6 SURABAYA", "JENJANG": "SMP", "STATUS": "N", "ALAMAT SEK": "Jl. JAWA NO. 24 SURABAYA", "WILAYAH": "Timur", "KECAMATAN": "GUBENG", "KELURAHAN": "GUBENG", "LATITUDE": -7.273917099, "LONGITUDE": 112.7484949 }, "geometry": { "type": "Point", "coordinates": [ 112.7484949, -7.273917099 ] } },
{ "type": "Feature", "properties": { "NPSN": 20532581, "NAMA SEKOL": "SMP NEGERI 39 SURABAYA", "JENJANG": "SMP", "STATUS": "N", "ALAMAT SEK": "Jl. PRAPEN PANJANG JIWO SURABAYA", "WILAYAH": "Timur", "KECAMATAN": "TENGGILIS MEJOYO", "KELURAHAN": "PANJANG JIWO", "LATITUDE": -7.310049288, "LONGITUDE": 112.760624 }, "geometry": { "type": "Point", "coordinates": [ 112.760624, -7.310049288 ] } },
{ "type": "Feature", "properties": { "NPSN": 20552185, "NAMA SEKOL": "SMP TERBUKA 18 SURABAYA", "JENJANG": "SMP", "STATUS": "N", "ALAMAT SEK": "JL. BAMBANG SUTORO KOMP. TNI-AL KENJERAN", "WILAYAH": "Utara", "KECAMATAN": "BULAK", "KELURAHAN": "SUKOLILO BARU", "LATITUDE": -7.242872244, "LONGITUDE": 112.7899583 }, "geometry": { "type": "Point", "coordinates": [ 112.7899583, -7.242872244 ] } },
{ "type": "Feature", "properties": { "NPSN": 20532484, "NAMA SEKOL": "SMP SEBELAS MARET SURABAYA", "JENJANG": "SMP", "STATUS": "S", "ALAMAT SEK": "Jl. BANJARSUGIHAN II/1 SURABAYA", "WILAYAH": "Barat", "KECAMATAN": "TANDES", "KELURAHAN": "BANJAR SUGIHAN", "LATITUDE": -7.25611, "LONGITUDE": 112.664944 }, "geometry": { "type": "Point", "coordinates": [ 112.664944, -7.25611 ] } },
{ "type": "Feature", "properties": { "NPSN": 20554850, "NAMA SEKOL": "SMP TERPADU DAARUL MUTTAQIEN", "JENJANG": "SMP", "STATUS": "S", "ALAMAT SEK": "JL. MANUKAN TAMA NO.201-203 SURABAYA", "WILAYAH": "Barat", "KECAMATAN": "TANDES", "KELURAHAN": "MANUKAN KULON", "LATITUDE": -7.2634, "LONGITUDE": 112.6661 }, "geometry": { "type": "Point", "coordinates": [ 112.6661, -7.2634 ] } },
{ "type": "Feature", "properties": { "NPSN": 20532518, "NAMA SEKOL": "SMP MUHAMMADIYAH 4", "JENJANG": "SMP", "STATUS": "S", "ALAMAT SEK": "Jl  GADUNG III/7  SURABAYA", "WILAYAH": "Selatan", "KECAMATAN": "WONOKROMO", "KELURAHAN": "JAGIR", "LATITUDE": -7.3069779, "LONGITUDE": 112.738941 }, "geometry": { "type": "Point", "coordinates": [ 112.738941, -7.3069779 ] } },
{ "type": "Feature", "properties": { "NPSN": 20532662, "NAMA SEKOL": "SMP BINA TARUNA SURABAYA", "JENJANG": "SMP", "STATUS": "S", "ALAMAT SEK": "Jl. GADUNG 17-19  SURABAYA", "WILAYAH": "Selatan", "KECAMATAN": "WONOKROMO", "KELURAHAN": "JAGIR", "LATITUDE": -7.3079, "LONGITUDE": 112.7387 }, "geometry": { "type": "Point", "coordinates": [ 112.7387, -7.3079 ] } },
{ "type": "Feature", "properties": { "NPSN": 20532482, "NAMA SEKOL": "SMP TANWIR SURABAYA", "JENJANG": "SMP", "STATUS": "S", "ALAMAT SEK": "Jl. SEKOLAHAN No. 41 SURABAYA", "WILAYAH": "Barat", "KECAMATAN": "ASEM ROWO", "KELURAHAN": "ASEM ROWO", "LATITUDE": -7.248332907, "LONGITUDE": 112.7119618 }, "geometry": { "type": "Point", "coordinates": [ 112.7119618, -7.248332907 ] } },
{ "type": "Feature", "properties": { "NPSN": 20532626, "NAMA SEKOL": "SMP LUQMAN AL HAKIM SURABAYA", "JENJANG": "SMP", "STATUS": "S", "ALAMAT SEK": "Jl. KEJAWAN PUTIH TAMBAK VI/1  SURABAYA", "WILAYAH": "Timur", "KECAMATAN": "MULYOREJO", "KELURAHAN": "KEJAWAN PUTIH TAMBAK", "LATITUDE": -7.277354, "LONGITUDE": 112.801409 }, "geometry": { "type": "Point", "coordinates": [ 112.801409, -7.277354 ] } },
{ "type": "Feature", "properties": { "NPSN": 20539225, "NAMA SEKOL": "SMP TERBUKA 15 SURABAYA", "JENJANG": "SMP", "STATUS": "N", "ALAMAT SEK": "JL. H.M.NOER  NO. 352", "WILAYAH": "Utara", "KECAMATAN": "KENJERAN", "KELURAHAN": "TANAH KALI KEDINDING", "LATITUDE": -7.2262685, "LONGITUDE": 112.7755399 }, "geometry": { "type": "Point", "coordinates": [ 112.7755399, -7.2262685 ] } },
{ "type": "Feature", "properties": { "NPSN": 20532584, "NAMA SEKOL": "SMP TASBAYA SURABAYA", "JENJANG": "SMP", "STATUS": "S", "ALAMAT SEK": "Jl. PETEMON IV/42-44 SURABAYA", "WILAYAH": "Selatan", "KECAMATAN": "SAWAHAN", "KELURAHAN": "PETEMON", "LATITUDE": -7.2664, "LONGITUDE": 112.7219 }, "geometry": { "type": "Point", "coordinates": [ 112.7219, -7.2664 ] } },
{ "type": "Feature", "properties": { "NPSN": 20532560, "NAMA SEKOL": "SMP NEGERI 30 SURABAYA", "JENJANG": "SMP", "STATUS": "N", "ALAMAT SEK": "Jl. Raya Medokan Semampir Indah 119 Surabaya", "WILAYAH": "Timur", "KECAMATAN": "SUKOLILO", "KELURAHAN": "MEDOKAN SEMAMPIR", "LATITUDE": -7.307032349, "LONGITUDE": 112.7901382 }, "geometry": { "type": "Point", "coordinates": [ 112.7901382, -7.307032349 ] } },
{ "type": "Feature", "properties": { "NPSN": 20532550, "NAMA SEKOL": "SMP NEGERI 20 SURABAYA", "JENJANG": "SMP", "STATUS": "N", "ALAMAT SEK": "Jl. KAPASAN I - SAMBIKEREP SURABAYA", "WILAYAH": "Barat", "KECAMATAN": "SAMBIKEREP", "KELURAHAN": "SAMBIKEREP", "LATITUDE": -7.269024486, "LONGITUDE": 112.6530776 }, "geometry": { "type": "Point", "coordinates": [ 112.6530776, -7.269024486 ] } },
{ "type": "Feature", "properties": { "NPSN": 20532714, "NAMA SEKOL": "SMP KARTIKA IV-11 SURABAYA", "JENJANG": "SMP", "STATUS": "S", "ALAMAT SEK": "Jl. BRAWIJAYA 38.SURABAYA", "WILAYAH": "Selatan", "KECAMATAN": "WONOKROMO", "KELURAHAN": "SAWUNGGALING", "LATITUDE": -7.2977, "LONGITUDE": 112.7285 }, "geometry": { "type": "Point", "coordinates": [ 112.7285, -7.2977 ] } },
{ "type": "Feature", "properties": { "NPSN": 20539227, "NAMA SEKOL": "SMP TARUNA SAMUDERA SURABAYA", "JENJANG": "SMP", "STATUS": "S", "ALAMAT SEK": "JL. SIMO HILIR RAYA NO. 12", "WILAYAH": "Barat", "KECAMATAN": "SUKOMANUNGGAL", "KELURAHAN": "SIMOMULYO BARU", "LATITUDE": -7.274062, "LONGITUDE": 112.703617 }, "geometry": { "type": "Point", "coordinates": [ 112.703617, -7.274062 ] } },
{ "type": "Feature", "properties": { "NPSN": 20583867, "NAMA SEKOL": "MTsS KHM NOER", "JENJANG": "MTS", "STATUS": "S", "ALAMAT SEK": "Jl. Kedung Mangu Masjid No. 28 Surabaya", "WILAYAH": "Utara", "KECAMATAN": "KENJERAN", "KELURAHAN": "SIDOTOPO WETAN", "LATITUDE": -7.2629378, "LONGITUDE": 112.7303441 }, "geometry": { "type": "Point", "coordinates": [ 112.7303441, -7.2629378 ] } },
{ "type": "Feature", "properties": { "NPSN": 20532505, "NAMA SEKOL": "SMP MUHAMMADIYAH 2 SURABAYA", "JENJANG": "SMP", "STATUS": "S", "ALAMAT SEK": "Jl. GENTENG MUHAMMADIYAH 28  SURABAYA", "WILAYAH": "Pusat", "KECAMATAN": "GENTENG", "KELURAHAN": "GENTENG", "LATITUDE": -7.257924836, "LONGITUDE": 112.7413827 }, "geometry": { "type": "Point", "coordinates": [ 112.7413827, -7.257924836 ] } },
{ "type": "Feature", "properties": { "NPSN": 20539226, "NAMA SEKOL": "SMP PGRI 8 SURABAYA", "JENJANG": "SMP", "STATUS": "S", "ALAMAT SEK": "JL.CEMPAKA 27-29", "WILAYAH": "Pusat", "KECAMATAN": "GENTENG", "KELURAHAN": "EMBONG KALIASIN", "LATITUDE": -7.273, "LONGITUDE": 112.7364 }, "geometry": { "type": "Point", "coordinates": [ 112.7364, -7.273 ] } },
{ "type": "Feature", "properties": { "NPSN": 20583881, "NAMA SEKOL": "MTS NYAI H ASHFIYAH", "JENJANG": "MTS", "STATUS": "S", "ALAMAT SEK": "Jl. Raya Lontar Citra 136 -138", "WILAYAH": "Barat", "KECAMATAN": "SAMBIKEREP", "KELURAHAN": "LONTAR", "LATITUDE": -7.28389247, "LONGITUDE": 112.6686219 }, "geometry": { "type": "Point", "coordinates": [ 112.6686219, -7.28389247 ] } },
{ "type": "Feature", "properties": { "NPSN": 20583883, "NAMA SEKOL": "MTs. SUNAN AMPEL", "JENJANG": "MTS", "STATUS": "S", "ALAMAT SEK": "Tenggumung Wetan Merpati II / 1", "WILAYAH": "Utara", "KECAMATAN": "SEMAMPIR", "KELURAHAN": "WONOKUSUMO", "LATITUDE": -7.220888299, "LONGITUDE": 112.7562278 }, "geometry": { "type": "Point", "coordinates": [ 112.7562278, -7.220888299 ] } },
{ "type": "Feature", "properties": { "NPSN": 20532590, "NAMA SEKOL": "SMP WACHID HASJIM 5 SURABAYA", "JENJANG": "SMP", "STATUS": "S", "ALAMAT SEK": "Jl. MENUR II / 68 SURABAYA", "WILAYAH": "Timur", "KECAMATAN": "SUKOLILO", "KELURAHAN": "MENUR PUMPUNGAN", "LATITUDE": -7.2911, "LONGITUDE": 112.7644 }, "geometry": { "type": "Point", "coordinates": [ 112.7644, -7.2911 ] } },
{ "type": "Feature", "properties": { "NPSN": 70003145, "NAMA SEKOL": "SMPTK HARVEST CENTER SCHOOL", "JENJANG": "SMP", "STATUS": "S", "ALAMAT SEK": "Rungkut Asri Barat VI/9, Surabaya", "WILAYAH": "Timur", "KECAMATAN": "RUNGKUT", "KELURAHAN": "RUNGKUT KIDUL", "LATITUDE": -7.32956234, "LONGITUDE": 112.7713787 }, "geometry": { "type": "Point", "coordinates": [ 112.7713787, -7.32956234 ] } },
{ "type": "Feature", "properties": { "NPSN": 20574698, "NAMA SEKOL": "SMP NEGERI 52 SURABAYA", "JENJANG": "SMP", "STATUS": "N", "ALAMAT SEK": "JL. SEMAMPIR Gg. KELURAHAN NO. 124 SURABAYA", "WILAYAH": "Timur", "KECAMATAN": "SUKOLILO", "KELURAHAN": "MEDOKAN SEMAMPIR", "LATITUDE": -7.30492318, "LONGITUDE": 112.7823377 }, "geometry": { "type": "Point", "coordinates": [ 112.7823377, -7.30492318 ] } },
{ "type": "Feature", "properties": { "NPSN": 70059131, "NAMA SEKOL": "SMP BINA NUSANTARA SURABAYA", "JENJANG": "SMP", "STATUS": "S", "ALAMAT SEK": "JL. CITRA UTAMA LIDAH KULON NO. 20\n (D/H. JL. RAYA MENGANTI, LIDAH KULON) SURABAYA", "WILAYAH": "Barat", "KECAMATAN": "LAKARSANTRI", "KELURAHAN": "LIDAH KULON", "LATITUDE": -7.310716, "LONGITUDE": 112.657822 }, "geometry": { "type": "Point", "coordinates": [ 112.657822, -7.310716 ] } },
{ "type": "Feature", "properties": { "NPSN": 20532483, "NAMA SEKOL": "SMP TARUNA JAYA I SURABAYA", "JENJANG": "SMP", "STATUS": "S", "ALAMAT SEK": "Jl. KEDINDING TENGAH SEKOLAHAN NO.40  SURABAYA", "WILAYAH": "Utara", "KECAMATAN": "KENJERAN", "KELURAHAN": "TANAH KALI KEDINDING", "LATITUDE": -7.227, "LONGITUDE": 112.7781 }, "geometry": { "type": "Point", "coordinates": [ 112.7781, -7.227 ] } },
{ "type": "Feature", "properties": { "NPSN": 20570801, "NAMA SEKOL": "SMP TERBUKA 34 SURABAYA", "JENJANG": "SMP", "STATUS": "N", "ALAMAT SEK": "Jl. Menganti Wiyung Surabaya", "WILAYAH": "Selatan", "KECAMATAN": "WIYUNG", "KELURAHAN": "WIYUNG", "LATITUDE": -7.319541498, "LONGITUDE": 112.6870036 }, "geometry": { "type": "Point", "coordinates": [ 112.6870036, -7.319541498 ] } },
{ "type": "Feature", "properties": { "NPSN": 70056447, "NAMA SEKOL": "SMP SURABAYA GRAMMAR SCHOOL II", "JENJANG": "SMP", "STATUS": "S", "ALAMAT SEK": "WISATA BUKIT MAS 2, BLOK H 1-5", "WILAYAH": "Barat", "KECAMATAN": "LAKARSANTRI", "KELURAHAN": "LIDAH WETAN", "LATITUDE": -7.2501138, "LONGITUDE": 112.6570119 }, "geometry": { "type": "Point", "coordinates": [ 112.6570119, -7.2501138 ] } },
{ "type": "Feature", "properties": { "NPSN": 70010112, "NAMA SEKOL": "MADRASAHTSANAWIYAH MUHYIDDIN QURÀNIY", "JENJANG": "MTS", "STATUS": "S", "ALAMAT SEK": "Jl. Gebang Kidul No 64, Sukolilo", "WILAYAH": "Timur", "KECAMATAN": "SUKOLILO", "KELURAHAN": "GEBANG PUTIH", "LATITUDE": -7.2829419, "LONGITUDE": 112.7882339 }, "geometry": { "type": "Point", "coordinates": [ 112.7882339, -7.2829419 ] } },
{ "type": "Feature", "properties": { "NPSN": 20532635, "NAMA SEKOL": "SMP BARUNAWATI SURABAYA", "JENJANG": "SMP", "STATUS": "S", "ALAMAT SEK": "Jl. Perak Barat No. 173 Surabaya", "WILAYAH": "Utara", "KECAMATAN": "PABEAN CANTIAN", "KELURAHAN": "PERAK UTARA", "LATITUDE": -7.220181386, "LONGITUDE": 112.7317417 }, "geometry": { "type": "Point", "coordinates": [ 112.7317417, -7.220181386 ] } },
{ "type": "Feature", "properties": { "NPSN": 70041560, "NAMA SEKOL": "SMP CHUNG CHUNG CHRISTIAN SCHOOL", "JENJANG": "SMP", "STATUS": "S", "ALAMAT SEK": "JALAN RAYA GUNUNG ANYAR SAWAH, DESA /KELURAHAN GUNUNG ANYAR, KECAMATAN GUNUNG ANYAR, KOTA SURABAYA, PROVINSI JAWA TIMUR KODE POS: 60294", "WILAYAH": "Timur", "KECAMATAN": "GUNUNG ANYAR", "KELURAHAN": "GUNUNG ANYAR", "LATITUDE": -7.335410146, "LONGITUDE": 112.7910684 }, "geometry": { "type": "Point", "coordinates": [ 112.7910684, -7.335410146 ] } },
{ "type": "Feature", "properties": { "NPSN": 20532733, "NAMA SEKOL": "SMP KATOLIK STELLA MARIS SURABAYA", "JENJANG": "SMP", "STATUS": "S", "ALAMAT SEK": "Jln. Tembaan 18-22 Surabaya", "WILAYAH": "Pusat", "KECAMATAN": "BUBUTAN", "KELURAHAN": "BUBUTAN", "LATITUDE": -7.2465, "LONGITUDE": 112.7363 }, "geometry": { "type": "Point", "coordinates": [ 112.7363, -7.2465 ] } },
{ "type": "Feature", "properties": { "NPSN": 20532790, "NAMA SEKOL": "SMP ISLAM SURABAYA", "JENJANG": "SMP", "STATUS": "S", "ALAMAT SEK": "Jl. DEMAK JAYA  V/43-45 SURABAYA", "WILAYAH": "Pusat", "KECAMATAN": "BUBUTAN", "KELURAHAN": "TEMBOK DUKUH", "LATITUDE": -7.24822377, "LONGITUDE": 112.7189151 }, "geometry": { "type": "Point", "coordinates": [ 112.7189151, -7.24822377 ] } },
{ "type": "Feature", "properties": { "NPSN": 20583860, "NAMA SEKOL": "MTs TARBIYATUS SHIBYAN", "JENJANG": "MTS", "STATUS": "S", "ALAMAT SEK": "JL. TAMBAK PRING UTAMA Gg IIB NO. 8", "WILAYAH": "Barat", "KECAMATAN": "ASEM ROWO", "KELURAHAN": "ASEM ROWO", "LATITUDE": -7.2502403, "LONGITUDE": 112.7078717 }, "geometry": { "type": "Point", "coordinates": [ 112.7078717, -7.2502403 ] } },
{ "type": "Feature", "properties": { "NPSN": 70010314, "NAMA SEKOL": "MTSS TANBIHUL GHOFILIN", "JENJANG": "MTS", "STATUS": "S", "ALAMAT SEK": "JL. Tambak Asri Gading 4", "WILAYAH": "Utara", "KECAMATAN": "KREMBANGAN", "KELURAHAN": "MOROKREMBANGAN", "LATITUDE": -7.2391296, "LONGITUDE": 112.6416254 }, "geometry": { "type": "Point", "coordinates": [ 112.6416254, -7.2391296 ] } },
{ "type": "Feature", "properties": { "NPSN": 20532539, "NAMA SEKOL": "SMP NEGERI 12 SURABAYA", "JENJANG": "SMP", "STATUS": "N", "ALAMAT SEK": "Jl. NGAGEL KEBON SARI I SURABAYA", "WILAYAH": "Selatan", "KECAMATAN": "WONOKROMO", "KELURAHAN": "NGAGEL REJO", "LATITUDE": -7.297779385, "LONGITUDE": 112.7443043 }, "geometry": { "type": "Point", "coordinates": [ 112.7443043, -7.297779385 ] } },
{ "type": "Feature", "properties": { "NPSN": 69947506, "NAMA SEKOL": "SMP NEGERI 55 SURABAYA", "JENJANG": "SMP", "STATUS": "N", "ALAMAT SEK": "JL.PAGESANGAN MULIA", "WILAYAH": "Selatan", "KECAMATAN": "JAMBANGAN", "KELURAHAN": "PAGESANGAN", "LATITUDE": -7.335381583, "LONGITUDE": 112.7117392 }, "geometry": { "type": "Point", "coordinates": [ 112.7117392, -7.335381583 ] } },
{ "type": "Feature", "properties": { "NPSN": 20532698, "NAMA SEKOL": "SMP 17 AGUSTUS 1945 SURABAYA", "JENJANG": "SMP", "STATUS": "S", "ALAMAT SEK": "Jln. Semolowaru No. 45 - Surabaya", "WILAYAH": "Timur", "KECAMATAN": "SUKOLILO", "KELURAHAN": "SEMOLOWARU", "LATITUDE": -7.298121274, "LONGITUDE": 112.7679264 }, "geometry": { "type": "Point", "coordinates": [ 112.7679264, -7.298121274 ] } },
{ "type": "Feature", "properties": { "NPSN": 20532624, "NAMA SEKOL": "SMP YAMASSA SURABAYA", "JENJANG": "SMP", "STATUS": "S", "ALAMAT SEK": "Jl. KEDUNG ASEM No 80 SURABAYA", "WILAYAH": "Timur", "KECAMATAN": "RUNGKUT", "KELURAHAN": "KEDUNG BARUK", "LATITUDE": -7.30599433, "LONGITUDE": 112.7791483 }, "geometry": { "type": "Point", "coordinates": [ 112.7791483, -7.30599433 ] } },
{ "type": "Feature", "properties": { "NPSN": 20532763, "NAMA SEKOL": "SMP HANG TUAH 2 SURABAYA", "JENJANG": "SMP", "STATUS": "S", "ALAMAT SEK": "Jl. BAZOKA KARANGPILANG SURABAYA", "WILAYAH": "Selatan", "KECAMATAN": "KARANG PILANG", "KELURAHAN": "KARANG PILANG", "LATITUDE": -7.3392, "LONGITUDE": 112.6891 }, "geometry": { "type": "Point", "coordinates": [ 112.6891, -7.3392 ] } },
{ "type": "Feature", "properties": { "NPSN": 70026215, "NAMA SEKOL": "MTS AL-QUR`AN TERPADU ANNAWAWI (MTS QTA)", "JENJANG": "MTS", "STATUS": "S", "ALAMAT SEK": "Jl. Srengganan Lebar No. 30", "WILAYAH": "Pusat", "KECAMATAN": "SIMOKERTO", "KELURAHAN": "SIDODADI", "LATITUDE": -7.235686265, "LONGITUDE": 112.7449438 }, "geometry": { "type": "Point", "coordinates": [ 112.7449438, -7.235686265 ] } },
{ "type": "Feature", "properties": { "NPSN": 20532725, "NAMA SEKOL": "SMP KAWUNG 1 SURABAYA", "JENJANG": "SMP", "STATUS": "S", "ALAMAT SEK": "Jl. Kawung No.2 Surabaya", "WILAYAH": "Utara", "KECAMATAN": "KREMBANGAN", "KELURAHAN": "KEMAYORAN", "LATITUDE": -7.2417, "LONGITUDE": 112.729 }, "geometry": { "type": "Point", "coordinates": [ 112.729, -7.2417 ] } },
{ "type": "Feature", "properties": { "NPSN": 69987984, "NAMA SEKOL": "SMP NEGERI 63 SURABAYA", "JENJANG": "SMP", "STATUS": "N", "ALAMAT SEK": "TPI Rusunawa Romokalisari Surabaya", "WILAYAH": "Barat", "KECAMATAN": "BENOWO", "KELURAHAN": "ROMOKALISARI", "LATITUDE": -7.197758005, "LONGITUDE": 112.663478 }, "geometry": { "type": "Point", "coordinates": [ 112.663478, -7.197758005 ] } },
{ "type": "Feature", "properties": { "NPSN": 20583862, "NAMA SEKOL": "MTSS AL FATICH", "JENJANG": "MTS", "STATUS": "S", "ALAMAT SEK": "Jalan Tambak Osowilangun 98 Surabaya", "WILAYAH": "Barat", "KECAMATAN": "BENOWO", "KELURAHAN": "TAMBAK OSO WILANGUN", "LATITUDE": -7.210129657, "LONGITUDE": 112.6523043 }, "geometry": { "type": "Point", "coordinates": [ 112.6523043, -7.210129657 ] } },
{ "type": "Feature", "properties": { "NPSN": 20532664, "NAMA SEKOL": "SMP BRAWIJAYA 2 SURABAYA", "JENJANG": "SMP", "STATUS": "S", "ALAMAT SEK": "Jl. MANUKAN DALAM 18F SURABAYA", "WILAYAH": "Barat", "KECAMATAN": "TANDES", "KELURAHAN": "MANUKAN KULON", "LATITUDE": -7.2633, "LONGITUDE": 112.6713 }, "geometry": { "type": "Point", "coordinates": [ 112.6713, -7.2633 ] } },
{ "type": "Feature", "properties": { "NPSN": 20532792, "NAMA SEKOL": "SMP INSTITUT INDONESIA SURABAYA", "JENJANG": "SMP", "STATUS": "S", "ALAMAT SEK": "Jl. MULYOSARI UTARA I / 37-39 SURABAYA", "WILAYAH": "Timur", "KECAMATAN": "MULYOREJO", "KELURAHAN": "KALISARI", "LATITUDE": -7.2612, "LONGITUDE": 112.7961 }, "geometry": { "type": "Point", "coordinates": [ 112.7961, -7.2612 ] } },
{ "type": "Feature", "properties": { "NPSN": 69879190, "NAMA SEKOL": "SMP MAWAR SHARON CHRISTIAN SCHOOL", "JENJANG": "SMP", "STATUS": "S", "ALAMAT SEK": "JL. CEMPAKA 6 - 12", "WILAYAH": "Pusat", "KECAMATAN": "TEGALSARI", "KELURAHAN": "TEGALSARI", "LATITUDE": -7.31752, "LONGITUDE": 112.756513 }, "geometry": { "type": "Point", "coordinates": [ 112.756513, -7.31752 ] } },
{ "type": "Feature", "properties": { "NPSN": 20563912, "NAMA SEKOL": "Sekolah Menengah Pertama SIS Surabaya", "JENJANG": "SMP", "STATUS": "S", "ALAMAT SEK": "Jl. HR. Muhammad 371", "WILAYAH": "Barat", "KECAMATAN": "SUKOMANUNGGAL", "KELURAHAN": "SONOKWIJENAN", "LATITUDE": -7.2855, "LONGITUDE": 112.6955 }, "geometry": { "type": "Point", "coordinates": [ 112.6955, -7.2855 ] } },
{ "type": "Feature", "properties": { "NPSN": 20532744, "NAMA SEKOL": "SMP KRISTEN PETRA 5 SURABAYA", "JENJANG": "SMP", "STATUS": "S", "ALAMAT SEK": "Jl. JEMUR ANDAYANI XVII No. 2  SURABAYA", "WILAYAH": "Selatan", "KECAMATAN": "WONOCOLO", "KELURAHAN": "SIWALANKERTO", "LATITUDE": -7.3299, "LONGITUDE": 112.7378 }, "geometry": { "type": "Point", "coordinates": [ 112.7378, -7.3299 ] } },
{ "type": "Feature", "properties": { "NPSN": 20532586, "NAMA SEKOL": "SMP TUNAS BUANA SURABAYA", "JENJANG": "SMP", "STATUS": "S", "ALAMAT SEK": "Jl. Poliklinik no. 9 Dupak Bangunrejo", "WILAYAH": "Utara", "KECAMATAN": "KREMBANGAN", "KELURAHAN": "DUPAK", "LATITUDE": -7.2398, "LONGITUDE": 112.7177 }, "geometry": { "type": "Point", "coordinates": [ 112.7177, -7.2398 ] } },
{ "type": "Feature", "properties": { "NPSN": 20532787, "NAMA SEKOL": "SMP KATOLIK  KARITAS III SURABAYA", "JENJANG": "SMP", "STATUS": "S", "ALAMAT SEK": "Jl. SIMPANG DARMO PERMAI UTARA VII/ 11 SURABAYA", "WILAYAH": "Selatan", "KECAMATAN": "DUKUH PAKIS", "KELURAHAN": "PRADAH KALIKENDAL", "LATITUDE": -7.2787, "LONGITUDE": 112.6849 }, "geometry": { "type": "Point", "coordinates": [ 112.6849, -7.2787 ] } },
{ "type": "Feature", "properties": { "NPSN": 20532762, "NAMA SEKOL": "SMP HANG TUAH 1 SURABAYA", "JENJANG": "SMP", "STATUS": "S", "ALAMAT SEK": "Jl  BOGOWONTO 57 SURABAYA", "WILAYAH": "Selatan", "KECAMATAN": "WONOKROMO", "KELURAHAN": "DARMO", "LATITUDE": -7.2899, "LONGITUDE": 112.732 }, "geometry": { "type": "Point", "coordinates": [ 112.732, -7.2899 ] } },
{ "type": "Feature", "properties": { "NPSN": 20532476, "NAMA SEKOL": "SMP SHAFTA SURABAYA", "JENJANG": "SMP", "STATUS": "S", "ALAMAT SEK": "Jl. RAYA LONTAR 177 B SURABAYA", "WILAYAH": "Barat", "KECAMATAN": "SAMBIKEREP", "KELURAHAN": "LONTAR", "LATITUDE": -7.2841, "LONGITUDE": 112.6661 }, "geometry": { "type": "Point", "coordinates": [ 112.6661, -7.2841 ] } },
{ "type": "Feature", "properties": { "NPSN": 20532534, "NAMA SEKOL": "SMP MUJAHIDIN SURABAYA", "JENJANG": "SMP", "STATUS": "S", "ALAMAT SEK": "Jl. TANJUNG PERAK BARAT 275 SURABAYA", "WILAYAH": "Utara", "KECAMATAN": "PABEAN CANTIAN", "KELURAHAN": "PERAK UTARA", "LATITUDE": -7.21368, "LONGITUDE": 112.73294 }, "geometry": { "type": "Point", "coordinates": [ 112.73294, -7.21368 ] } },
{ "type": "Feature", "properties": { "NPSN": 20532480, "NAMA SEKOL": "SMP TAMAN PELAJAR SURABAYA", "JENJANG": "SMP", "STATUS": "S", "ALAMAT SEK": "Jl. TANGKIS TURI No.8-10 SURABAYA", "WILAYAH": "Barat", "KECAMATAN": "SUKOMANUNGGAL", "KELURAHAN": "SIMOMULYO", "LATITUDE": -7.2641, "LONGITUDE": 112.7113 }, "geometry": { "type": "Point", "coordinates": [ 112.7113, -7.2641 ] } },
{ "type": "Feature", "properties": { "NPSN": 20532546, "NAMA SEKOL": "SMP NEGERI 29 SURABAYA", "JENJANG": "SMP", "STATUS": "N", "ALAMAT SEK": "Prof. Dr. MOESTOPO 4 SURABAYA", "WILAYAH": "Timur", "KECAMATAN": "TAMBAKSARI", "KELURAHAN": "PACARKELING", "LATITUDE": -7.26644, "LONGITUDE": 112.75464 }, "geometry": { "type": "Point", "coordinates": [ 112.75464, -7.26644 ] } },
{ "type": "Feature", "properties": { "NPSN": 20532647, "NAMA SEKOL": "SMP BINA BANGSA 2 SURABAYA", "JENJANG": "SMP", "STATUS": "S", "ALAMAT SEK": "KREMBANGAN JAYA SELATAN V / 29 A", "WILAYAH": "Utara", "KECAMATAN": "KREMBANGAN", "KELURAHAN": "KEMAYORAN", "LATITUDE": -7.2381, "LONGITUDE": 112.7273 }, "geometry": { "type": "Point", "coordinates": [ 112.7273, -7.2381 ] } },
{ "type": "Feature", "properties": { "NPSN": 20532606, "NAMA SEKOL": "SMP YPPI - 1 SURABAYA", "JENJANG": "SMP", "STATUS": "S", "ALAMAT SEK": "Jl. DONOKERTO XI / 18 - 20 SURABAYA", "WILAYAH": "Pusat", "KECAMATAN": "SIMOKERTO", "KELURAHAN": "KAPASAN", "LATITUDE": -7.2437, "LONGITUDE": 112.7533 }, "geometry": { "type": "Point", "coordinates": [ 112.7533, -7.2437 ] } },
{ "type": "Feature", "properties": { "NPSN": 20532540, "NAMA SEKOL": "SMP NEGERI 23 SURABAYA", "JENJANG": "SMP", "STATUS": "N", "ALAMAT SEK": "Jl. BARUK BARAT PERMAI NO.1 SURABAYA", "WILAYAH": "Timur", "KECAMATAN": "RUNGKUT", "KELURAHAN": "KEDUNG BARUK", "LATITUDE": -7.319915871, "LONGITUDE": 112.7777604 }, "geometry": { "type": "Point", "coordinates": [ 112.7777604, -7.319915871 ] } },
{ "type": "Feature", "properties": { "NPSN": 20583893, "NAMA SEKOL": "MTSS UNGGULAN PP. AMANATUL UMMAH", "JENJANG": "MTS", "STATUS": "S", "ALAMAT SEK": "Jl. Siwalankerto Utara 56 Surabaya", "WILAYAH": "Selatan", "KECAMATAN": "WONOCOLO", "KELURAHAN": "SIWALANKERTO", "LATITUDE": -7.3349322, "LONGITUDE": 112.7321301 }, "geometry": { "type": "Point", "coordinates": [ 112.7321301, -7.3349322 ] } },
{ "type": "Feature", "properties": { "NPSN": 20532791, "NAMA SEKOL": "SMP ISLAM LIL WATHON SURABAYA", "JENJANG": "SMP", "STATUS": "S", "ALAMAT SEK": "JL. WONOKUSUMO TENGAH 53 A SURABAYA", "WILAYAH": "Utara", "KECAMATAN": "SEMAMPIR", "KELURAHAN": "WONOKUSUMO", "LATITUDE": -7.2132, "LONGITUDE": 112.7526 }, "geometry": { "type": "Point", "coordinates": [ 112.7526, -7.2132 ] } },
{ "type": "Feature", "properties": { "NPSN": 20532562, "NAMA SEKOL": "SMP NEGERI 42 SURABAYA", "JENJANG": "SMP", "STATUS": "N", "ALAMAT SEK": "Jl. DUPAK RUKUN (Psr. Loak) 63 SURABAYA", "WILAYAH": "Barat", "KECAMATAN": "ASEM ROWO", "KELURAHAN": "ASEM ROWO", "LATITUDE": -7.247186717, "LONGITUDE": 112.7140047 }, "geometry": { "type": "Point", "coordinates": [ 112.7140047, -7.247186717 ] } },
{ "type": "Feature", "properties": { "NPSN": 20569025, "NAMA SEKOL": "SMP MUHAMMADIYAH 17 SURABAYA", "JENJANG": "SMP", "STATUS": "S", "ALAMAT SEK": "Jl.Gogor Muhammadiyah IV/6-8 Wiyung - Surabaya", "WILAYAH": "Selatan", "KECAMATAN": "WIYUNG", "KELURAHAN": "JAJAR TUNGGAL", "LATITUDE": -7.3119, "LONGITUDE": 112.7092 }, "geometry": { "type": "Point", "coordinates": [ 112.7092, -7.3119 ] } },
{ "type": "Feature", "properties": { "NPSN": 69928461, "NAMA SEKOL": "SMP CIKAL", "JENJANG": "SMP", "STATUS": "S", "ALAMAT SEK": "Jl. Raya Lontar No.103", "WILAYAH": "Barat", "KECAMATAN": "SAMBIKEREP", "KELURAHAN": "LONTAR", "LATITUDE": -7.283, "LONGITUDE": 112.6634 }, "geometry": { "type": "Point", "coordinates": [ 112.6634, -7.283 ] } },
{ "type": "Feature", "properties": { "NPSN": 20532596, "NAMA SEKOL": "SMP TA`MIRIYAH SURABAYA", "JENJANG": "SMP", "STATUS": "S", "ALAMAT SEK": "Jl. INDRAPURA 2  SURABAYA", "WILAYAH": "Utara", "KECAMATAN": "KREMBANGAN", "KELURAHAN": "KREMBANGAN SELATAN", "LATITUDE": -7.2429, "LONGITUDE": 112.735 }, "geometry": { "type": "Point", "coordinates": [ 112.735, -7.2429 ] } },
{ "type": "Feature", "properties": { "NPSN": 20532756, "NAMA SEKOL": "SMP KARTIKA IV-10 SURABAYA", "JENJANG": "SMP", "STATUS": "S", "ALAMAT SEK": "Jl. BRAWIJAYA 38 SURABAYA", "WILAYAH": "Selatan", "KECAMATAN": "WONOKROMO", "KELURAHAN": "SAWUNGGALING", "LATITUDE": -7.296, "LONGITUDE": 112.7272 }, "geometry": { "type": "Point", "coordinates": [ 112.7272, -7.296 ] } },
{ "type": "Feature", "properties": { "NPSN": 20541306, "NAMA SEKOL": "SMP AL AMIN", "JENJANG": "SMP", "STATUS": "S", "ALAMAT SEK": "KYAI ABDUL KARIM NO.2", "WILAYAH": "Timur", "KECAMATAN": "GUNUNG ANYAR", "KELURAHAN": "RUNGKUT MENANGGAL", "LATITUDE": -7.3384, "LONGITUDE": 112.7687 }, "geometry": { "type": "Point", "coordinates": [ 112.7687, -7.3384 ] } },
{ "type": "Feature", "properties": { "NPSN": 20583876, "NAMA SEKOL": "MTSS ASY SYAFI`IYAH", "JENJANG": "MTS", "STATUS": "S", "ALAMAT SEK": "Jl Raya Raci No 19", "WILAYAH": "Barat", "KECAMATAN": "PAKAL", "KELURAHAN": "BENOWO", "LATITUDE": -7.235116136, "LONGITUDE": 112.6162454 }, "geometry": { "type": "Point", "coordinates": [ 112.6162454, -7.235116136 ] } },
{ "type": "Feature", "properties": { "NPSN": 69906066, "NAMA SEKOL": "SMP NEGERI 53 SURABAYA", "JENJANG": "SMP", "STATUS": "N", "ALAMAT SEK": "JL. KENDUNG NO. 110", "WILAYAH": "Barat", "KECAMATAN": "BENOWO", "KELURAHAN": "SEMEMI", "LATITUDE": -7.2557621, "LONGITUDE": 112.6326879 }, "geometry": { "type": "Point", "coordinates": [ 112.6326879, -7.2557621 ] } },
{ "type": "Feature", "properties": { "NPSN": 20532481, "NAMA SEKOL": "SMP TAMANSISWA / TAMAN DEWASA SURABAYA", "JENJANG": "SMP", "STATUS": "S", "ALAMAT SEK": "Jl. Lempung Mulya No.1A Surabaya", "WILAYAH": "Barat", "KECAMATAN": "SAMBIKEREP", "KELURAHAN": "LONTAR", "LATITUDE": -7.264, "LONGITUDE": 112.6732 }, "geometry": { "type": "Point", "coordinates": [ 112.6732, -7.264 ] } },
{ "type": "Feature", "properties": { "NPSN": 12441, "NAMA SEKOL": "SMP PIAGET LIFE ACADEMY", "JENJANG": "SMP", "STATUS": "S", "ALAMAT SEK": "JL. DARMO PERMAI II NO. 2", "WILAYAH": "Selatan", "KECAMATAN": "DUKUH PAKIS", "KELURAHAN": "PRADAH KALIKENDAL", "LATITUDE": -7.273744409, "LONGITUDE": 112.6922023 }, "geometry": { "type": "Point", "coordinates": [ 112.6922023, -7.273744409 ] } },
{ "type": "Feature", "properties": { "NPSN": 69892279, "NAMA SEKOL": "SMP KRISTEN LOGOS", "JENJANG": "SMP", "STATUS": "S", "ALAMAT SEK": "ANDHIKA PLAZA BLOK C/10-11,JL. SIMPANG DUKUH NO 38-40", "WILAYAH": "Pusat", "KECAMATAN": "GENTENG", "KELURAHAN": "GENTENG", "LATITUDE": -7.260393833, "LONGITUDE": 112.7409193 }, "geometry": { "type": "Point", "coordinates": [ 112.7409193, -7.260393833 ] } },
{ "type": "Feature", "properties": { "NPSN": 70014247, "NAMA SEKOL": "SMP SURABAYA GRAMMAR SCHOOL", "JENJANG": "SMP", "STATUS": "S", "ALAMAT SEK": "Jl. Banjar Mutiara Asri no. 1C (Lama: Jl. Banjar Nusa Indah V) Surabaya", "WILAYAH": "Barat", "KECAMATAN": "TANDES", "KELURAHAN": "BANJAR SUGIHAN", "LATITUDE": -7.249943504, "LONGITUDE": 112.6570334 }, "geometry": { "type": "Point", "coordinates": [ 112.6570334, -7.249943504 ] } },
{ "type": "Feature", "properties": { "NPSN": 20584017, "NAMA SEKOL": "SMP KRISTEN ANAK BANGSA", "JENJANG": "SMP", "STATUS": "S", "ALAMAT SEK": "Manyar Kartika Timur No.6", "WILAYAH": "Timur", "KECAMATAN": "SUKOLILO", "KELURAHAN": "MENUR PUMPUNGAN", "LATITUDE": -7.2939, "LONGITUDE": 112.7807 }, "geometry": { "type": "Point", "coordinates": [ 112.7807, -7.2939 ] } },
{ "type": "Feature", "properties": { "NPSN": 20532504, "NAMA SEKOL": "SMP MUHAMMADIYAH 16 SURABAYA", "JENJANG": "SMP", "STATUS": "S", "ALAMAT SEK": "Jl. BULAKSARI No. 33 SURABAYA", "WILAYAH": "Utara", "KECAMATAN": "SEMAMPIR", "KELURAHAN": "WONOKUSUMO", "LATITUDE": -7.21463, "LONGITUDE": 112.75387 }, "geometry": { "type": "Point", "coordinates": [ 112.75387, -7.21463 ] } },
{ "type": "Feature", "properties": { "NPSN": 20532660, "NAMA SEKOL": "SMP BINA KARYA SURABAYA", "JENJANG": "SMP", "STATUS": "S", "ALAMAT SEK": "Jl. TAMBAK ASRI NO 133 SURABAYA", "WILAYAH": "Utara", "KECAMATAN": "KREMBANGAN", "KELURAHAN": "MOROKREMBANGAN", "LATITUDE": -7.235274384, "LONGITUDE": 112.7124778 }, "geometry": { "type": "Point", "coordinates": [ 112.7124778, -7.235274384 ] } },
{ "type": "Feature", "properties": { "NPSN": 20539228, "NAMA SEKOL": "SMP WACHID HASYIM 2 SURABAYA", "JENJANG": "SMP", "STATUS": "S", "ALAMAT SEK": "JL. Tuban Raya No. 73-75 Surabaya", "WILAYAH": "Pusat", "KECAMATAN": "BUBUTAN", "KELURAHAN": "JEPARA", "LATITUDE": -7.238237339, "LONGITUDE": 112.7233652 }, "geometry": { "type": "Point", "coordinates": [ 112.7233652, -7.238237339 ] } },
{ "type": "Feature", "properties": { "NPSN": 20532587, "NAMA SEKOL": "SMP TUNAS SAWUNGGALING SURABAYA", "JENJANG": "SMP", "STATUS": "S", "ALAMAT SEK": "Jl. MASTRIP WARUGUNUNG No. 3  SURABAYA", "WILAYAH": "Selatan", "KECAMATAN": "KARANG PILANG", "KELURAHAN": "WARU GUNUNG", "LATITUDE": -7.3501, "LONGITUDE": 112.6741 }, "geometry": { "type": "Point", "coordinates": [ 112.6741, -7.3501 ] } },
{ "type": "Feature", "properties": { "NPSN": 20532771, "NAMA SEKOL": "SMP GALUH HANDAYANI SURABAYA", "JENJANG": "SMP", "STATUS": "S", "ALAMAT SEK": "Jl. Manyar Sambongan 85A", "WILAYAH": "Timur", "KECAMATAN": "GUBENG", "KELURAHAN": "KERTAJAYA", "LATITUDE": -7.2814, "LONGITUDE": 112.7598 }, "geometry": { "type": "Point", "coordinates": [ 112.7598, -7.2814 ] } },
{ "type": "Feature", "properties": { "NPSN": 70034341, "NAMA SEKOL": "MTS NURUL HUDA", "JENJANG": "MTS", "STATUS": "S", "ALAMAT SEK": "Jl. Sambisari No.5", "WILAYAH": "Barat", "KECAMATAN": "SAMBIKEREP", "KELURAHAN": "LONTAR", "LATITUDE": -7.27735, "LONGITUDE": 112.67743 }, "geometry": { "type": "Point", "coordinates": [ 112.67743, -7.27735 ] } },
{ "type": "Feature", "properties": { "NPSN": 20532545, "NAMA SEKOL": "SMP NEGERI 28 SURABAYA", "JENJANG": "SMP", "STATUS": "N", "ALAMAT SEK": "Jl .MENGANTI LIDAH WETAN 29 B SURABAYA", "WILAYAH": "Barat", "KECAMATAN": "LAKARSANTRI", "KELURAHAN": "LIDAH WETAN", "LATITUDE": -7.308751, "LONGITUDE": 112.665003 }, "geometry": { "type": "Point", "coordinates": [ 112.665003, -7.308751 ] } },
{ "type": "Feature", "properties": { "NPSN": 20532724, "NAMA SEKOL": "SMP KAWUNG 2 SURABAYA", "JENJANG": "SMP", "STATUS": "S", "ALAMAT SEK": "JALAN RAYA SIMO GUNUNG NO. 25 SURABAYA", "WILAYAH": "Selatan", "KECAMATAN": "SAWAHAN", "KELURAHAN": "BANYU URIP", "LATITUDE": -7.270616, "LONGITUDE": 112.711748 }, "geometry": { "type": "Point", "coordinates": [ 112.711748, -7.270616 ] } },
{ "type": "Feature", "properties": { "NPSN": 20532453, "NAMA SEKOL": "SMP PGRI 22 SURABAYA", "JENJANG": "SMP", "STATUS": "S", "ALAMAT SEK": "Jl. Tenggumung Wetan Gg 5 No 1 Surabaya", "WILAYAH": "Utara", "KECAMATAN": "SEMAMPIR", "KELURAHAN": "WONOKUSUMO", "LATITUDE": -7.2705, "LONGITUDE": 112.7337 }, "geometry": { "type": "Point", "coordinates": [ 112.7337, -7.2705 ] } },
{ "type": "Feature", "properties": { "NPSN": 70054548, "NAMA SEKOL": "SMP KRISTEN GLORIA 3", "JENJANG": "SMP", "STATUS": "S", "ALAMAT SEK": "JL. BANJAR NUSA INDAH, DA 02-01, GRAND PAKUWON, SURABAYA", "WILAYAH": "Barat", "KECAMATAN": "TANDES", "KELURAHAN": "BANJAR SUGIHAN", "LATITUDE": -7.249282773, "LONGITUDE": 112.6557748 }, "geometry": { "type": "Point", "coordinates": [ 112.6557748, -7.249282773 ] } },
{ "type": "Feature", "properties": { "NPSN": 20532758, "NAMA SEKOL": "SMP GIKI 2 SURABAYA", "JENJANG": "SMP", "STATUS": "S", "ALAMAT SEK": "Jl. RAYA GUBENG 45  SURABAYA", "WILAYAH": "Timur", "KECAMATAN": "GUBENG", "KELURAHAN": "GUBENG", "LATITUDE": -7.2739, "LONGITUDE": 112.7471 }, "geometry": { "type": "Point", "coordinates": [ 112.7471, -7.2739 ] } },
{ "type": "Feature", "properties": { "NPSN": 20532517, "NAMA SEKOL": "SMP MUHAMMADIYAH 3 SURABAYA", "JENJANG": "SMP", "STATUS": "S", "ALAMAT SEK": "Jl. PLEMAHAN VII/14  SURABAYA", "WILAYAH": "Pusat", "KECAMATAN": "TEGALSARI", "KELURAHAN": "KEDUNGDORO", "LATITUDE": -7.2768, "LONGITUDE": 112.7307 }, "geometry": { "type": "Point", "coordinates": [ 112.7307, -7.2768 ] } },
{ "type": "Feature", "properties": { "NPSN": 20532642, "NAMA SEKOL": "SMP ALKHAIRIYAH SURABAYA", "JENJANG": "SMP", "STATUS": "S", "ALAMAT SEK": "Jl. SULTAN ISKANDAR MUDA 36  SURABAYA", "WILAYAH": "Utara", "KECAMATAN": "SEMAMPIR", "KELURAHAN": "UJUNG", "LATITUDE": -7.225336556, "LONGITUDE": 112.7424777 }, "geometry": { "type": "Point", "coordinates": [ 112.7424777, -7.225336556 ] } },
{ "type": "Feature", "properties": { "NPSN": 20532578, "NAMA SEKOL": "SMP NEGERI 36 SURABAYA", "JENJANG": "SMP", "STATUS": "N", "ALAMAT SEK": "Jl. KEBONSARI SEKOLAHAN NO. 15 SURABAYA", "WILAYAH": "Selatan", "KECAMATAN": "JAMBANGAN", "KELURAHAN": "KEBONSARI", "LATITUDE": -7.329776, "LONGITUDE": 112.713312 }, "geometry": { "type": "Point", "coordinates": [ 112.713312, -7.329776 ] } },
{ "type": "Feature", "properties": { "NPSN": 20532645, "NAMA SEKOL": "SMP AL-IKHLASH SURABAYA", "JENJANG": "SMP", "STATUS": "S", "ALAMAT SEK": "Jl. Tanjung Sadari 59  Surabaya", "WILAYAH": "Utara", "KECAMATAN": "KREMBANGAN", "KELURAHAN": "PERAK BARAT", "LATITUDE": -7.2252, "LONGITUDE": 112.7199 }, "geometry": { "type": "Point", "coordinates": [ 112.7199, -7.2252 ] } },
{ "type": "Feature", "properties": { "NPSN": 20532619, "NAMA SEKOL": "SMP WIDYA DARMA SURABAYA", "JENJANG": "SMP", "STATUS": "S", "ALAMAT SEK": "Jl  JETIS KULON I/64  SURABAYA", "WILAYAH": "Selatan", "KECAMATAN": "WONOKROMO", "KELURAHAN": "WONOKROMO", "LATITUDE": -7.307, "LONGITUDE": 112.7304 }, "geometry": { "type": "Point", "coordinates": [ 112.7304, -7.307 ] } },
{ "type": "Feature", "properties": { "NPSN": 20532788, "NAMA SEKOL": "SMP JALAN JAWA", "JENJANG": "SMP", "STATUS": "S", "ALAMAT SEK": "Jl. NGAGEL REJO UTARA VI / 36 - 40  SURABAYA", "WILAYAH": "Selatan", "KECAMATAN": "WONOKROMO", "KELURAHAN": "NGAGEL REJO", "LATITUDE": -7.2951, "LONGITUDE": 112.7455 }, "geometry": { "type": "Point", "coordinates": [ 112.7455, -7.2951 ] } },
{ "type": "Feature", "properties": { "NPSN": 20539216, "NAMA SEKOL": "SMP KATOLIK INDRIASANA IV SURABAYA", "JENJANG": "SMP", "STATUS": "S", "ALAMAT SEK": "JL. PETEMON KALI NO. 114", "WILAYAH": "Selatan", "KECAMATAN": "SAWAHAN", "KELURAHAN": "KUPANG KRAJAN", "LATITUDE": -7.2688, "LONGITUDE": 112.7237 }, "geometry": { "type": "Point", "coordinates": [ 112.7237, -7.2688 ] } },
{ "type": "Feature", "properties": { "NPSN": 20532507, "NAMA SEKOL": "SMP MIFTAHUL ULUM SURABAYA", "JENJANG": "SMP", "STATUS": "S", "ALAMAT SEK": "Jl. RUNGKUT TENGAH III C / 9  SURABAYA", "WILAYAH": "Timur", "KECAMATAN": "GUNUNG ANYAR", "KELURAHAN": "RUNGKUT TENGAH", "LATITUDE": -7.334139254, "LONGITUDE": 112.7660113 }, "geometry": { "type": "Point", "coordinates": [ 112.7660113, -7.334139254 ] } },
{ "type": "Feature", "properties": { "NPSN": 20532767, "NAMA SEKOL": "SMP GEMA 45 SURABAYA", "JENJANG": "SMP", "STATUS": "S", "ALAMAT SEK": "Jl. May Jend Sungkono 106 Surabaya", "WILAYAH": "Selatan", "KECAMATAN": "SAWAHAN", "KELURAHAN": "PAKIS", "LATITUDE": -7.2904, "LONGITUDE": 112.7219 }, "geometry": { "type": "Point", "coordinates": [ 112.7219, -7.2904 ] } },
{ "type": "Feature", "properties": { "NPSN": 20583863, "NAMA SEKOL": "MTSS NURUL HIKMAH", "JENJANG": "MTS", "STATUS": "S", "ALAMAT SEK": "Kedung Cowek VI/38", "WILAYAH": "Utara", "KECAMATAN": "BULAK", "KELURAHAN": "KEDUNG COWEK", "LATITUDE": -7.219538, "LONGITUDE": 112.776329 }, "geometry": { "type": "Point", "coordinates": [ 112.776329, -7.219538 ] } },
{ "type": "Feature", "properties": { "NPSN": 20532501, "NAMA SEKOL": "SMP MUHAMMADIYAH 13 SURABAYA", "JENJANG": "SMP", "STATUS": "S", "ALAMAT SEK": "Jl. TAMBAK SEGARAN 27 SURABAYA", "WILAYAH": "Timur", "KECAMATAN": "TAMBAKSARI", "KELURAHAN": "RANGKAH", "LATITUDE": -7.246989203, "LONGITUDE": 112.7607197 }, "geometry": { "type": "Point", "coordinates": [ 112.7607197, -7.246989203 ] } },
{ "type": "Feature", "properties": { "NPSN": 69976788, "NAMA SEKOL": "SMP LABSCHOOL UNESA 3", "JENJANG": "SMP", "STATUS": "S", "ALAMAT SEK": "JL. CITRA RAYA UNESA RD SURABAYA", "WILAYAH": "Barat", "KECAMATAN": "LAKARSANTRI", "KELURAHAN": "LIDAH WETAN", "LATITUDE": -7.2999, "LONGITUDE": 112.6646 }, "geometry": { "type": "Point", "coordinates": [ 112.6646, -7.2999 ] } },
{ "type": "Feature", "properties": { "NPSN": 20577110, "NAMA SEKOL": "SMP KRISTEN ALFA OMEGA", "JENJANG": "SMP", "STATUS": "S", "ALAMAT SEK": "JL. DARMO PERMAI UTARA 36-38 SURABAYA", "WILAYAH": "Selatan", "KECAMATAN": "DUKUH PAKIS", "KELURAHAN": "PRADAH KALIKENDAL", "LATITUDE": -7.2771, "LONGITUDE": 112.6846 }, "geometry": { "type": "Point", "coordinates": [ 112.6846, -7.2771 ] } },
{ "type": "Feature", "properties": { "NPSN": 69965325, "NAMA SEKOL": "SMP NEGERI 61 SURABAYA", "JENJANG": "SMP", "STATUS": "N", "ALAMAT SEK": "Jl.Tengger Raya Kandangan No. 13", "WILAYAH": "Barat", "KECAMATAN": "BENOWO", "KELURAHAN": "KANDANGAN", "LATITUDE": -7.256722, "LONGITUDE": 112.656034 }, "geometry": { "type": "Point", "coordinates": [ 112.656034, -7.256722 ] } },
{ "type": "Feature", "properties": { "NPSN": 20583885, "NAMA SEKOL": "MTSS HASANUDDIN", "JENJANG": "MTS", "STATUS": "S", "ALAMAT SEK": "Jl. Simolawang Baru I/95 Surabaya", "WILAYAH": "Pusat", "KECAMATAN": "SIMOKERTO", "KELURAHAN": "SIDODADI", "LATITUDE": -7.236650305, "LONGITUDE": 112.7515215 }, "geometry": { "type": "Point", "coordinates": [ 112.7515215, -7.236650305 ] } },
{ "type": "Feature", "properties": { "NPSN": 20532599, "NAMA SEKOL": "SMP TRI GUNA BHAKTI SURABAYA", "JENJANG": "SMP", "STATUS": "S", "ALAMAT SEK": "Jl. KYAI TAMBAK DERES No. 34 SURABAYA", "WILAYAH": "Utara", "KECAMATAN": "BULAK", "KELURAHAN": "BULAK", "LATITUDE": -7.232, "LONGITUDE": 112.781 }, "geometry": { "type": "Point", "coordinates": [ 112.781, -7.232 ] } },
{ "type": "Feature", "properties": { "NPSN": 20532547, "NAMA SEKOL": "SMP NEGERI 3 SURABAYA", "JENJANG": "SMP", "STATUS": "N", "ALAMAT SEK": "Jl. PRABAN NO. 3 SURABAYA", "WILAYAH": "Pusat", "KECAMATAN": "GENTENG", "KELURAHAN": "GENTENG", "LATITUDE": -7.256060119, "LONGITUDE": 112.7363415 }, "geometry": { "type": "Point", "coordinates": [ 112.7363415, -7.256060119 ] } },
{ "type": "Feature", "properties": { "NPSN": 20532615, "NAMA SEKOL": "SMP YP 17 SURABAYA", "JENJANG": "SMP", "STATUS": "S", "ALAMAT SEK": "Jl. RANDU NO.17  SURABAYA", "WILAYAH": "Utara", "KECAMATAN": "KENJERAN", "KELURAHAN": "SIDOTOPO WETAN", "LATITUDE": -7.2279, "LONGITUDE": 112.7636 }, "geometry": { "type": "Point", "coordinates": [ 112.7636, -7.2279 ] } },
{ "type": "Feature", "properties": { "NPSN": 20532754, "NAMA SEKOL": "SMP KRISTEN KALAM KUDUS", "JENJANG": "SMP", "STATUS": "S", "ALAMAT SEK": "JL. KUPANG JAYA NO. 138 SURABAYA", "WILAYAH": "Barat", "KECAMATAN": "SUKOMANUNGGAL", "KELURAHAN": "SIMOMULYO", "LATITUDE": -7.274275217, "LONGITUDE": 112.7004789 }, "geometry": { "type": "Point", "coordinates": [ 112.7004789, -7.274275217 ] } },
{ "type": "Feature", "properties": { "NPSN": 69906067, "NAMA SEKOL": "SMP NEGERI 54 SURABAYA", "JENJANG": "SMP", "STATUS": "N", "ALAMAT SEK": "Jl. Kyai Tambak Deres 293", "WILAYAH": "Utara", "KECAMATAN": "BULAK", "KELURAHAN": "BULAK", "LATITUDE": -7.227867543, "LONGITUDE": 112.7851425 }, "geometry": { "type": "Point", "coordinates": [ 112.7851425, -7.227867543 ] } },
{ "type": "Feature", "properties": { "NPSN": 70045625, "NAMA SEKOL": "MTSS MAARIF SABILURROSYAD 7", "JENJANG": "MTS", "STATUS": "S", "ALAMAT SEK": null, "WILAYAH": "Barat", "KECAMATAN": "WIYUNG", "KELURAHAN": "WIYUNG", "LATITUDE": -7.3105077, "LONGITUDE": 112.6899312 }, "geometry": { "type": "Point", "coordinates": [ 112.6899312, -7.3105077 ] } },
{ "type": "Feature", "properties": { "NPSN": 20532736, "NAMA SEKOL": "SMP KRISTEN YBPK 1 SURABAYA", "JENJANG": "SMP", "STATUS": "S", "ALAMAT SEK": "Jl. LUNTAS 33 SURABAYA", "WILAYAH": "Timur", "KECAMATAN": "TAMBAKSARI", "KELURAHAN": "PACARKELING", "LATITUDE": -7.264374496, "LONGITUDE": 112.7559219 }, "geometry": { "type": "Point", "coordinates": [ 112.7559219, -7.264374496 ] } },
{ "type": "Feature", "properties": { "NPSN": 20532580, "NAMA SEKOL": "SMP NEGERI 38 SURABAYA", "JENJANG": "SMP", "STATUS": "N", "ALAMAT SEK": "Jl. KUTILANG NO. 9 - 11 SURABAYA", "WILAYAH": "Utara", "KECAMATAN": "KREMBANGAN", "KELURAHAN": "KREMBANGAN SELATAN", "LATITUDE": -7.234263782, "LONGITUDE": 112.7348757 }, "geometry": { "type": "Point", "coordinates": [ 112.7348757, -7.234263782 ] } },
{ "type": "Feature", "properties": { "NPSN": 69883433, "NAMA SEKOL": "SMP SURABAYA TAIPEI SCHOOL", "JENJANG": "SMP", "STATUS": "S", "ALAMAT SEK": "Jalan Diamond Hill Blok DR 1 No 15A", "WILAYAH": "Barat", "KECAMATAN": "SAMBIKEREP", "KELURAHAN": "MADE", "LATITUDE": -7.279047, "LONGITUDE": 112.639384 }, "geometry": { "type": "Point", "coordinates": [ 112.639384, -7.279047 ] } },
{ "type": "Feature", "properties": { "NPSN": 69991626, "NAMA SEKOL": "SMP LUVETA", "JENJANG": "SMP", "STATUS": "S", "ALAMAT SEK": "JL. RUNGKUT MAPAN TENGAH II DB 12 A", "WILAYAH": "Timur", "KECAMATAN": "GUNUNG ANYAR", "KELURAHAN": "RUNGKUT TENGAH", "LATITUDE": -7.331651247, "LONGITUDE": 112.7785933 }, "geometry": { "type": "Point", "coordinates": [ 112.7785933, -7.331651247 ] } },
{ "type": "Feature", "properties": { "NPSN": 69882354, "NAMA SEKOL": "SMP SPINS INTERACTIONAL SCHOOL", "JENJANG": "SMP", "STATUS": "S", "ALAMAT SEK": "Karangan PDAM No. 24", "WILAYAH": "Timur", "KECAMATAN": "GUBENG", "KELURAHAN": "AIRLANGGA", "LATITUDE": -7.308533, "LONGITUDE": 112.697723 }, "geometry": { "type": "Point", "coordinates": [ 112.697723, -7.308533 ] } },
{ "type": "Feature", "properties": { "NPSN": 20532551, "NAMA SEKOL": "SMP NEGERI 13 SURABAYA", "JENJANG": "SMP", "STATUS": "N", "ALAMAT SEK": "Jl. JEMUR SARI II SURABAYA", "WILAYAH": "Selatan", "KECAMATAN": "WONOCOLO", "KELURAHAN": "JEMUR WONOSARI", "LATITUDE": -7.320109, "LONGITUDE": 112.741716 }, "geometry": { "type": "Point", "coordinates": [ 112.741716, -7.320109 ] } },
{ "type": "Feature", "properties": { "NPSN": 69755525, "NAMA SEKOL": "MTs MUHAJIRIN", "JENJANG": "MTS", "STATUS": "S", "ALAMAT SEK": "JALAN POGOT 5 / 26 SURABAYA", "WILAYAH": "Utara", "KECAMATAN": "KENJERAN", "KELURAHAN": "TANAH KALI KEDINDING", "LATITUDE": -7.234617294, "LONGITUDE": 112.7660262 }, "geometry": { "type": "Point", "coordinates": [ 112.7660262, -7.234617294 ] } },
{ "type": "Feature", "properties": { "NPSN": 20539218, "NAMA SEKOL": "SMP ISLAM RADEN PAKU SURABAYA", "JENJANG": "SMP", "STATUS": "S", "ALAMAT SEK": "JL. KLAMPIS NGASEM 88 A", "WILAYAH": "Timur", "KECAMATAN": "SUKOLILO", "KELURAHAN": "KLAMPIS NGASEM", "LATITUDE": -7.3012, "LONGITUDE": 112.769 }, "geometry": { "type": "Point", "coordinates": [ 112.769, -7.3012 ] } },
{ "type": "Feature", "properties": { "NPSN": 20532607, "NAMA SEKOL": "SMP NATION STAR ACADEMY", "JENJANG": "SMP", "STATUS": "S", "ALAMAT SEK": "Jl. Dharmahusada Indah Barat VI/1 Surabaya", "WILAYAH": "Timur", "KECAMATAN": "GUBENG", "KELURAHAN": "MOJO", "LATITUDE": -7.2765, "LONGITUDE": 112.7715 }, "geometry": { "type": "Point", "coordinates": [ 112.7715, -7.2765 ] } },
{ "type": "Feature", "properties": { "NPSN": 20532761, "NAMA SEKOL": "SMP GRACIA FEI XIANG", "JENJANG": "SMP", "STATUS": "S", "ALAMAT SEK": "JL. PATTIMURA NO.3 SURABAYA", "WILAYAH": "Barat", "KECAMATAN": "SUKOMANUNGGAL", "KELURAHAN": "SONOKWIJENAN", "LATITUDE": -7.2752, "LONGITUDE": 112.6978 }, "geometry": { "type": "Point", "coordinates": [ 112.6978, -7.2752 ] } },
{ "type": "Feature", "properties": { "NPSN": 20570689, "NAMA SEKOL": "SMP NEGERI 46 SURABAYA", "JENJANG": "SMP", "STATUS": "N", "ALAMAT SEK": "JL. MAYJEND SUNGKONO NO 124 SURABAYA", "WILAYAH": "Selatan", "KECAMATAN": "SAWAHAN", "KELURAHAN": "PAKIS", "LATITUDE": -7.289589844, "LONGITUDE": 112.7154265 }, "geometry": { "type": "Point", "coordinates": [ 112.7154265, -7.289589844 ] } },
{ "type": "Feature", "properties": { "NPSN": 20532520, "NAMA SEKOL": "SMP PAWIYATAN SURABAYA", "JENJANG": "SMP", "STATUS": "S", "ALAMAT SEK": "Jl .TANGKIS TURI No.4-6 SURABAYA", "WILAYAH": "Barat", "KECAMATAN": "SUKOMANUNGGAL", "KELURAHAN": "SIMOMULYO", "LATITUDE": -7.2642, "LONGITUDE": 112.7117 }, "geometry": { "type": "Point", "coordinates": [ 112.7117, -7.2642 ] } },
{ "type": "Feature", "properties": { "NPSN": 20532749, "NAMA SEKOL": "SMP KRISTEN BETHEL SULUNG 3 SURABAYA", "JENJANG": "SMP", "STATUS": "S", "ALAMAT SEK": "Jl. KUTISARI UTARA V/9 SURABAYA", "WILAYAH": "Timur", "KECAMATAN": "TENGGILIS MEJOYO", "KELURAHAN": "KUTISARI", "LATITUDE": -7.331890324, "LONGITUDE": 112.7434665 }, "geometry": { "type": "Point", "coordinates": [ 112.7434665, -7.331890324 ] } },
{ "type": "Feature", "properties": { "NPSN": 20539856, "NAMA SEKOL": "SMP TERBUKA 10 SURABAYA", "JENJANG": "SMP", "STATUS": "N", "ALAMAT SEK": "Jl. Kupang Panjaan V/2", "WILAYAH": "Pusat", "KECAMATAN": "TEGALSARI", "KELURAHAN": "DR. SOETOMO", "LATITUDE": -7.277863271, "LONGITUDE": 112.7324674 }, "geometry": { "type": "Point", "coordinates": [ 112.7324674, -7.277863271 ] } },
{ "type": "Feature", "properties": { "NPSN": 20532557, "NAMA SEKOL": "SMP NEGERI 18 SURABAYA", "JENJANG": "SMP", "STATUS": "N", "ALAMAT SEK": "Jl. BAMBANG SUTORO KOMP. TNI-AL KENJERAN SURABAYA", "WILAYAH": "Utara", "KECAMATAN": "BULAK", "KELURAHAN": "SUKOLILO BARU", "LATITUDE": -7.242886231, "LONGITUDE": 112.7899611 }, "geometry": { "type": "Point", "coordinates": [ 112.7899611, -7.242886231 ] } },
{ "type": "Feature", "properties": { "NPSN": 70029041, "NAMA SEKOL": "MTS TAHFIDZ EL RAHMAH", "JENJANG": "MTS", "STATUS": "S", "ALAMAT SEK": "JL Pagesangan IV No. 23", "WILAYAH": "Selatan", "KECAMATAN": "JAMBANGAN", "KELURAHAN": "PAGESANGAN", "LATITUDE": -7.336672816, "LONGITUDE": 112.7071965 }, "geometry": { "type": "Point", "coordinates": [ 112.7071965, -7.336672816 ] } },
{ "type": "Feature", "properties": { "NPSN": 20532535, "NAMA SEKOL": "SMP NASIONAL SURABAYA", "JENJANG": "SMP", "STATUS": "S", "ALAMAT SEK": "Jl. TENGGUMUNG BARU 221 SURABAYA", "WILAYAH": "Utara", "KECAMATAN": "SEMAMPIR", "KELURAHAN": "PEGIRIAN", "LATITUDE": -7.2273, "LONGITUDE": 112.7579 }, "geometry": { "type": "Point", "coordinates": [ 112.7579, -7.2273 ] } },
{ "type": "Feature", "properties": { "NPSN": 20532640, "NAMA SEKOL": "SMP AL IRSYAD", "JENJANG": "SMP", "STATUS": "S", "ALAMAT SEK": "JL.SULTAN ISKANDAR MUDA NO 46 SURABAYA", "WILAYAH": "Utara", "KECAMATAN": "SEMAMPIR", "KELURAHAN": "UJUNG", "LATITUDE": -7.224072476, "LONGITUDE": 112.7410807 }, "geometry": { "type": "Point", "coordinates": [ 112.7410807, -7.224072476 ] } },
{ "type": "Feature", "properties": { "NPSN": 20532524, "NAMA SEKOL": "SMP PGRI 13 SURABAYA", "JENJANG": "SMP", "STATUS": "S", "ALAMAT SEK": "Jl. PETEMON III / 83 SURABAYA", "WILAYAH": "Selatan", "KECAMATAN": "SAWAHAN", "KELURAHAN": "PETEMON", "LATITUDE": -7.2652, "LONGITUDE": 112.7203 }, "geometry": { "type": "Point", "coordinates": [ 112.7203, -7.2652 ] } },
{ "type": "Feature", "properties": { "NPSN": 60725638, "NAMA SEKOL": "SMP ISLAM TERPADU AL USWAH", "JENJANG": "SMP", "STATUS": "S", "ALAMAT SEK": "NGAGEL TAMA UTARA IV NO. 1-6 & 8 SURABAYA", "WILAYAH": "Timur", "KECAMATAN": "GUBENG", "KELURAHAN": "PUCANG SEWU", "LATITUDE": -7.2869, "LONGITUDE": 112.7508 }, "geometry": { "type": "Point", "coordinates": [ 112.7508, -7.2869 ] } },
{ "type": "Feature", "properties": { "NPSN": 20532498, "NAMA SEKOL": "SMP MUHAMMADIYAH 1 SURABAYA", "JENJANG": "SMP", "STATUS": "S", "ALAMAT SEK": "Jl. Simolawang Baru 25-27 Surabaya", "WILAYAH": "Pusat", "KECAMATAN": "SIMOKERTO", "KELURAHAN": "SIMOKERTO", "LATITUDE": -7.2395, "LONGITUDE": 112.7497 }, "geometry": { "type": "Point", "coordinates": [ 112.7497, -7.2395 ] } },
{ "type": "Feature", "properties": { "NPSN": 70004031, "NAMA SEKOL": "SMP METTA SCHOOL", "JENJANG": "SMP", "STATUS": "S", "ALAMAT SEK": "Jalan Puncak Sambisari I No. 35", "WILAYAH": "Barat", "KECAMATAN": "SAMBIKEREP", "KELURAHAN": "LONTAR", "LATITUDE": -7.279806692, "LONGITUDE": 112.6750071 }, "geometry": { "type": "Point", "coordinates": [ 112.6750071, -7.279806692 ] } },
{ "type": "Feature", "properties": { "NPSN": 20532522, "NAMA SEKOL": "SMP PGRI 1 SURABAYA", "JENJANG": "SMP", "STATUS": "S", "ALAMAT SEK": "Jl. KARANG EMPAT BESAR 133 SURABAYA", "WILAYAH": "Timur", "KECAMATAN": "TAMBAKSARI", "KELURAHAN": "PLOSO", "LATITUDE": -7.2518, "LONGITUDE": 112.7739 }, "geometry": { "type": "Point", "coordinates": [ 112.7739, -7.2518 ] } },
{ "type": "Feature", "properties": { "NPSN": 20532622, "NAMA SEKOL": "SMP WIJAYA SURABAYA", "JENJANG": "SMP", "STATUS": "S", "ALAMAT SEK": "JL. GADUNG III No. 5  SURABAYA", "WILAYAH": "Selatan", "KECAMATAN": "WONOKROMO", "KELURAHAN": "JAGIR", "LATITUDE": -7.3066, "LONGITUDE": 112.7392 }, "geometry": { "type": "Point", "coordinates": [ 112.7392, -7.3066 ] } },
{ "type": "Feature", "properties": { "NPSN": 20532770, "NAMA SEKOL": "SMP ETIKA DHARMA SURABAYA", "JENJANG": "SMP", "STATUS": "S", "ALAMAT SEK": "Jl. RUNGKUT BARATA VI / 64  SURABAYA", "WILAYAH": "Timur", "KECAMATAN": "GUNUNG ANYAR", "KELURAHAN": "GUNUNG ANYAR", "LATITUDE": -7.336, "LONGITUDE": 112.7703 }, "geometry": { "type": "Point", "coordinates": [ 112.7703, -7.336 ] } },
{ "type": "Feature", "properties": { "NPSN": 20576108, "NAMA SEKOL": "SMPTK PELANGI KRISTUS", "JENJANG": "SMP", "STATUS": "S", "ALAMAT SEK": "JL. Jemur Andayani XI / 45 Surabaya", "WILAYAH": "Selatan", "KECAMATAN": "WONOCOLO", "KELURAHAN": "JEMUR WONOSARI", "LATITUDE": -7.3298, "LONGITUDE": 112.7356 }, "geometry": { "type": "Point", "coordinates": [ 112.7356, -7.3298 ] } },
{ "type": "Feature", "properties": { "NPSN": 20558611, "NAMA SEKOL": "SMP KRISTEN GLORIA 2", "JENJANG": "SMP", "STATUS": "S", "ALAMAT SEK": "JL. KALISARI SELATAN 1 KAV K-1/5 - FLORIDA PAKUWON CITY SURABAYA", "WILAYAH": "Timur", "KECAMATAN": "MULYOREJO", "KELURAHAN": "KALISARI", "LATITUDE": -7.2792, "LONGITUDE": 112.7062 }, "geometry": { "type": "Point", "coordinates": [ 112.7062, -7.2792 ] } },
{ "type": "Feature", "properties": { "NPSN": 69992508, "NAMA SEKOL": "SMPTK HAPPY FAMILY SCHOOL", "JENJANG": "SMP", "STATUS": "S", "ALAMAT SEK": "JL. T.A.I.S Nasution no. 35", "WILAYAH": "Pusat", "KECAMATAN": "GENTENG", "KELURAHAN": "EMBONG KALIASIN", "LATITUDE": -7.267762068, "LONGITUDE": 112.7435884 }, "geometry": { "type": "Point", "coordinates": [ 112.7435884, -7.267762068 ] } },
{ "type": "Feature", "properties": { "NPSN": 20583886, "NAMA SEKOL": "MTSS MIFTAHUL ULUM", "JENJANG": "MTS", "STATUS": "S", "ALAMAT SEK": "Jl. Sidonipah VII/1C / Jl. Bolodewo No. 18", "WILAYAH": "Pusat", "KECAMATAN": "SIMOKERTO", "KELURAHAN": "SIMOLAWANG", "LATITUDE": -7.2338506, "LONGITUDE": 112.7496791 }, "geometry": { "type": "Point", "coordinates": [ 112.7496791, -7.2338506 ] } },
{ "type": "Feature", "properties": { "NPSN": 20577054, "NAMA SEKOL": "SMP GHUFRON FAQIH", "JENJANG": "SMP", "STATUS": "S", "ALAMAT SEK": "Jalan  Sombo  No. 36 - 38", "WILAYAH": "Pusat", "KECAMATAN": "SIMOKERTO", "KELURAHAN": "SIMOLAWANG", "LATITUDE": -7.2327, "LONGITUDE": 112.7472 }, "geometry": { "type": "Point", "coordinates": [ 112.7472, -7.2327 ] } },
{ "type": "Feature", "properties": { "NPSN": 20532583, "NAMA SEKOL": "SMP NEGERI 11 SURABAYA", "JENJANG": "SMP", "STATUS": "N", "ALAMAT SEK": "Jl. Sawah Pulo No. 18 Surabaya", "WILAYAH": "Utara", "KECAMATAN": "SEMAMPIR", "KELURAHAN": "UJUNG", "LATITUDE": -7.223181462, "LONGITUDE": 112.7440026 }, "geometry": { "type": "Point", "coordinates": [ 112.7440026, -7.223181462 ] } },
{ "type": "Feature", "properties": { "NPSN": 70010026, "NAMA SEKOL": "MTS DARUL BAROKAH", "JENJANG": "MTS", "STATUS": "S", "ALAMAT SEK": "Jatipurwo IV/14-a", "WILAYAH": "Utara", "KECAMATAN": "SEMAMPIR", "KELURAHAN": "UJUNG", "LATITUDE": -7.222061839, "LONGITUDE": 112.7490485 }, "geometry": { "type": "Point", "coordinates": [ 112.7490485, -7.222061839 ] } },
{ "type": "Feature", "properties": { "NPSN": 69878673, "NAMA SEKOL": "SMP IVY SCHOOL", "JENJANG": "SMP", "STATUS": "S", "ALAMAT SEK": "ROYAL BABATAN UTARA 1A (C-2)", "WILAYAH": "Selatan", "KECAMATAN": "WIYUNG", "KELURAHAN": "BABATAN", "LATITUDE": -7.324238, "LONGITUDE": 112.675649 }, "geometry": { "type": "Point", "coordinates": [ 112.675649, -7.324238 ] } },
{ "type": "Feature", "properties": { "NPSN": 20532786, "NAMA SEKOL": "SMP KATOLIK KARITAS II SURABAYA", "JENJANG": "SMP", "STATUS": "S", "ALAMAT SEK": "Jl .JELIDRO 17 SURABAYA", "WILAYAH": "Barat", "KECAMATAN": "SAMBIKEREP", "KELURAHAN": "SAMBIKEREP", "LATITUDE": -7.2669, "LONGITUDE": 112.6622 }, "geometry": { "type": "Point", "coordinates": [ 112.6622, -7.2669 ] } },
{ "type": "Feature", "properties": { "NPSN": 20532492, "NAMA SEKOL": "SMP SANTA MARIA SURABAYA", "JENJANG": "SMP", "STATUS": "S", "ALAMAT SEK": "Jl. RAYA DARMO No. 49 SURABAYA", "WILAYAH": "Pusat", "KECAMATAN": "TEGALSARI", "KELURAHAN": "KEPUTRAN", "LATITUDE": -7.282021887, "LONGITUDE": 112.7404441 }, "geometry": { "type": "Point", "coordinates": [ 112.7404441, -7.282021887 ] } },
{ "type": "Feature", "properties": { "NPSN": 20532669, "NAMA SEKOL": "SMP DIPONEGORO SURABAYA", "JENJANG": "SMP", "STATUS": "S", "ALAMAT SEK": "Jl. KEDUNGSROKO V/15-21 SURABAYA", "WILAYAH": "Timur", "KECAMATAN": "TAMBAKSARI", "KELURAHAN": "PACARKEMBANG", "LATITUDE": -7.262833, "LONGITUDE": 112.757926 }, "geometry": { "type": "Point", "coordinates": [ 112.757926, -7.262833 ] } },
{ "type": "Feature", "properties": { "NPSN": 60727484, "NAMA SEKOL": "MTSS IBNU HUSAIN", "JENJANG": "MTS", "STATUS": "S", "ALAMAT SEK": "Jl. Pragoto 39-43", "WILAYAH": "Utara", "KECAMATAN": "SEMAMPIR", "KELURAHAN": "SIDOTOPO", "LATITUDE": -7.232475, "LONGITUDE": 112.7501 }, "geometry": { "type": "Point", "coordinates": [ 112.7501, -7.232475 ] } },
{ "type": "Feature", "properties": { "NPSN": 20583878, "NAMA SEKOL": "MTSN 1 KOTA SURABAYA", "JENJANG": "MTS", "STATUS": "N", "ALAMAT SEK": "Medokan Semampir Indah No. 91", "WILAYAH": "Timur", "KECAMATAN": "SUKOLILO", "KELURAHAN": "MEDOKAN SEMAMPIR", "LATITUDE": -7.3081667, "LONGITUDE": 112.7841192 }, "geometry": { "type": "Point", "coordinates": [ 112.7841192, -7.3081667 ] } },
{ "type": "Feature", "properties": { "NPSN": 20532487, "NAMA SEKOL": "SMP RADEN RAHMAT SURABAYA", "JENJANG": "SMP", "STATUS": "S", "ALAMAT SEK": "Jl. KARANGREJO IX/01", "WILAYAH": "Selatan", "KECAMATAN": "WONOKROMO", "KELURAHAN": "WONOKROMO", "LATITUDE": -7.3053, "LONGITUDE": 112.7273 }, "geometry": { "type": "Point", "coordinates": [ 112.7273, -7.3053 ] } },
{ "type": "Feature", "properties": { "NPSN": 69921262, "NAMA SEKOL": "SMP LITTLE SUN SCHOOL", "JENJANG": "SMP", "STATUS": "S", "ALAMAT SEK": "Jalan Manyar Kartika", "WILAYAH": "Timur", "KECAMATAN": "SUKOLILO", "KELURAHAN": "MENUR PUMPUNGAN", "LATITUDE": -7.2903892, "LONGITUDE": 112.7657222 }, "geometry": { "type": "Point", "coordinates": [ 112.7657222, -7.2903892 ] } },
{ "type": "Feature", "properties": { "NPSN": 20532641, "NAMA SEKOL": "SMP AL JIHAD SURABAYA", "JENJANG": "SMP", "STATUS": "S", "ALAMAT SEK": "Jl. Kalibokor II/35A", "WILAYAH": "Timur", "KECAMATAN": "GUBENG", "KELURAHAN": "PUCANG SEWU", "LATITUDE": -7.2847, "LONGITUDE": 112.7494 }, "geometry": { "type": "Point", "coordinates": [ 112.7494, -7.2847 ] } },
{ "type": "Feature", "properties": { "NPSN": 20532512, "NAMA SEKOL": "SMP MARDI SIWI SURABAYA", "JENJANG": "SMP", "STATUS": "S", "ALAMAT SEK": "Jl. TAMBAKSARI I/10 SURABAYA", "WILAYAH": "Timur", "KECAMATAN": "TAMBAKSARI", "KELURAHAN": "PLOSO", "LATITUDE": -7.2506, "LONGITUDE": 112.7562 }, "geometry": { "type": "Point", "coordinates": [ 112.7562, -7.2506 ] } },
{ "type": "Feature", "properties": { "NPSN": 20532795, "NAMA SEKOL": "SMP ISLAM AL AMAL SURABAYA", "JENJANG": "SMP", "STATUS": "S", "ALAMAT SEK": "Jl. WONOSARI LOR 98 SURABAYA", "WILAYAH": "Utara", "KECAMATAN": "SEMAMPIR", "KELURAHAN": "WONOKUSUMO", "LATITUDE": -7.2094, "LONGITUDE": 112.7529 }, "geometry": { "type": "Point", "coordinates": [ 112.7529, -7.2094 ] } },
{ "type": "Feature", "properties": { "NPSN": 20554360, "NAMA SEKOL": "SMP VITA", "JENJANG": "SMP", "STATUS": "S", "ALAMAT SEK": "Jl. Arief Rahman Hakim 189-191", "WILAYAH": "Timur", "KECAMATAN": "SUKOLILO", "KELURAHAN": "KEPUTIH", "LATITUDE": -7.2898898, "LONGITUDE": 112.7890567 }, "geometry": { "type": "Point", "coordinates": [ 112.7890567, -7.2898898 ] } },
{ "type": "Feature", "properties": { "NPSN": 20532588, "NAMA SEKOL": "SMP LABSCHOOL UNESA 1", "JENJANG": "SMP", "STATUS": "S", "ALAMAT SEK": "Jl. Kawung No. 9 Surabaya", "WILAYAH": "Utara", "KECAMATAN": "KREMBANGAN", "KELURAHAN": "KEMAYORAN", "LATITUDE": -7.234933043, "LONGITUDE": 112.7299531 }, "geometry": { "type": "Point", "coordinates": [ 112.7299531, -7.234933043 ] } }
]
}
